filename,llm_hybrid_parser_gpt_5_4_clevercsv_special_prompt_time_0
file_double_trailing_newline.csv,0.100560188293457
file_escape_char_0x00.csv,0.159801959991455
file_escape_char_0x5C.csv,0.1007981300354003
file_field_delimiter_0x20.csv,0.1618375778198242
file_field_delimiter_0x2C_0x20.csv,0.1064329147338867
file_field_delimiter_0x3B.csv,0.1003086566925048
file_field_delimiter_0x9.csv,0.1049377918243408
file_header_multirow_2.csv,1.8868703842163088
file_header_multirow_3.csv,0.1036374568939209
file_header_only.csv,1.35718035697937
file_multitable_less.csv,31.53447532653809
file_multitable_more.csv,32.22680044174194
file_multitable_same.csv,0.1320235729217529
file_no_header.csv,1.803372859954834
file_no_payload.csv,1.4563162326812744
file_no_trailing_newline.csv,0.0960679054260253
file_one_data_row.csv,1.2824225425720217
file_preamble.csv,0.6918609142303467
file_quotation_char_0x27.csv,3.5117969512939453
file_record_delimiter_0xA.csv,0.099045991897583
file_record_delimiter_0xD.csv,0.0941765308380127
row_extra_quote0_col0.csv,1.3863773345947266
row_extra_quote0_col1.csv,1.5703089237213137
row_extra_quote0_col2.csv,0.1234650611877441
row_extra_quote0_col3.csv,1.3691375255584717
row_extra_quote0_col4.csv,1.4745230674743652
row_extra_quote0_col5.csv,1.5949409008026123
row_extra_quote0_col6.csv,1.364776849746704
row_extra_quote0_col7.csv,1.5225274562835691
row_extra_quote0_col8.csv,1.640155553817749
row_extra_quote10_col0.csv,1.6794898509979248
row_extra_quote10_col1.csv,2.0778965950012207
row_extra_quote10_col2.csv,1.469071388244629
row_extra_quote10_col3.csv,1.9243485927581787
row_extra_quote10_col4.csv,1.626668930053711
row_extra_quote10_col5.csv,1.9618401527404783
row_extra_quote10_col6.csv,-2.0426042079925537
row_extra_quote10_col7.csv,1.630368947982788
row_extra_quote10_col8.csv,1.5713887214660645
row_extra_quote11_col0.csv,1.6482863426208496
row_extra_quote11_col1.csv,1.7888083457946775
row_extra_quote11_col2.csv,1.5239498615264893
row_extra_quote11_col3.csv,2.037595510482788
row_extra_quote11_col4.csv,2.761732816696167
row_extra_quote11_col5.csv,1.7829887866973877
row_extra_quote11_col6.csv,1.7514777183532717
row_extra_quote11_col7.csv,1.778181076049805
row_extra_quote11_col8.csv,-0.4499433040618896
row_extra_quote12_col0.csv,1.539078950881958
row_extra_quote12_col1.csv,1.6269357204437256
row_extra_quote12_col2.csv,1.7340257167816162
row_extra_quote12_col3.csv,2.752911329269409
row_extra_quote12_col4.csv,2.180523157119751
row_extra_quote12_col5.csv,2.090095996856689
row_extra_quote12_col6.csv,1.5653164386749268
row_extra_quote12_col7.csv,1.7557713985443115
row_extra_quote12_col8.csv,2.187291145324707
row_extra_quote13_col0.csv,1.830429553985596
row_extra_quote13_col1.csv,1.5093727111816406
row_extra_quote13_col2.csv,1.6231656074523926
row_extra_quote13_col3.csv,2.3721015453338623
row_extra_quote13_col4.csv,1.6133208274841309
row_extra_quote13_col5.csv,2.357512950897217
row_extra_quote13_col6.csv,1.620056390762329
row_extra_quote13_col7.csv,1.6093933582305908
row_extra_quote13_col8.csv,2.301866292953491
row_extra_quote14_col0.csv,1.7649495601654053
row_extra_quote14_col1.csv,1.5589923858642578
row_extra_quote14_col2.csv,1.4876062870025637
row_extra_quote14_col3.csv,1.6054260730743408
row_extra_quote14_col4.csv,2.020634651184082
row_extra_quote14_col5.csv,2.2894113063812256
row_extra_quote14_col6.csv,1.7191362380981443
row_extra_quote14_col7.csv,1.7867708206176758
row_extra_quote14_col8.csv,2.20581579208374
row_extra_quote15_col0.csv,1.5677220821380615
row_extra_quote15_col1.csv,0.9764063358306884
row_extra_quote15_col2.csv,1.6438915729522705
row_extra_quote15_col3.csv,1.7447471618652344
row_extra_quote15_col4.csv,1.6909048557281494
row_extra_quote15_col5.csv,1.6799211502075195
row_extra_quote15_col6.csv,2.108412265777588
row_extra_quote15_col7.csv,2.120640993118286
row_extra_quote15_col8.csv,3.431798458099365
row_extra_quote16_col0.csv,1.63063645362854
row_extra_quote16_col1.csv,1.6195018291473389
row_extra_quote16_col2.csv,1.6838130950927734
row_extra_quote16_col3.csv,2.122173547744751
row_extra_quote16_col4.csv,1.6941814422607422
row_extra_quote16_col5.csv,1.9936168193817136
row_extra_quote16_col6.csv,0.4429945945739746
row_extra_quote16_col7.csv,2.1830835342407227
row_extra_quote16_col8.csv,2.110299587249756
row_extra_quote17_col0.csv,1.9641876220703125
row_extra_quote17_col1.csv,1.7275822162628174
row_extra_quote17_col2.csv,1.4813876152038574
row_extra_quote17_col3.csv,1.508389234542847
row_extra_quote17_col4.csv,1.7990803718566897
row_extra_quote17_col5.csv,0.9523136615753174
row_extra_quote17_col6.csv,1.4820826053619385
row_extra_quote17_col7.csv,2.5143675804138184
row_extra_quote17_col8.csv,2.47968864440918
row_extra_quote18_col0.csv,1.908482551574707
row_extra_quote18_col1.csv,1.5198183059692385
row_extra_quote18_col2.csv,1.5493741035461426
row_extra_quote18_col3.csv,1.5994579792022705
row_extra_quote18_col4.csv,-0.7433502674102783
row_extra_quote18_col5.csv,1.6203670501708984
row_extra_quote18_col6.csv,1.8964691162109373
row_extra_quote18_col7.csv,1.8145980834960933
row_extra_quote18_col8.csv,2.359166383743286
row_extra_quote19_col0.csv,1.6794092655181885
row_extra_quote19_col1.csv,0.203942060470581
row_extra_quote19_col2.csv,1.944239616394043
row_extra_quote19_col3.csv,2.039287805557251
row_extra_quote19_col4.csv,2.0404052734375
row_extra_quote19_col5.csv,2.092653274536133
row_extra_quote19_col6.csv,2.067986249923706
row_extra_quote19_col7.csv,2.180748462677002
row_extra_quote19_col8.csv,5.048984050750732
row_extra_quote1_col0.csv,0.4932126998901367
row_extra_quote1_col1.csv,3.003939628601074
row_extra_quote1_col2.csv,2.966996669769287
row_extra_quote1_col3.csv,3.3761231899261475
row_extra_quote1_col4.csv,3.0774121284484863
row_extra_quote1_col5.csv,3.4595327377319336
row_extra_quote1_col6.csv,3.249457597732544
row_extra_quote1_col7.csv,3.0821096897125244
row_extra_quote1_col8.csv,4.716666460037232
row_extra_quote20_col0.csv,1.7704243659973145
row_extra_quote20_col1.csv,1.6174051761627195
row_extra_quote20_col2.csv,1.875994682312012
row_extra_quote20_col3.csv,1.7869997024536133
row_extra_quote20_col4.csv,1.513258457183838
row_extra_quote20_col5.csv,1.7652556896209717
row_extra_quote20_col6.csv,2.5412096977233887
row_extra_quote20_col7.csv,4.769851922988892
row_extra_quote20_col8.csv,1.978747844696045
row_extra_quote21_col0.csv,1.58463454246521
row_extra_quote21_col1.csv,-0.8536276817321777
row_extra_quote21_col2.csv,2.0837769508361816
row_extra_quote21_col3.csv,1.4809699058532717
row_extra_quote21_col4.csv,1.702704906463623
row_extra_quote21_col5.csv,2.056452989578247
row_extra_quote21_col6.csv,1.785271167755127
row_extra_quote21_col7.csv,1.665156602859497
row_extra_quote21_col8.csv,2.976151466369629
row_extra_quote22_col0.csv,1.8064351081848145
row_extra_quote22_col1.csv,1.6114451885223389
row_extra_quote22_col2.csv,2.5567283630371094
row_extra_quote22_col3.csv,2.04787540435791
row_extra_quote22_col4.csv,1.85584568977356
row_extra_quote22_col5.csv,1.6666967868804932
row_extra_quote22_col6.csv,1.682872295379639
row_extra_quote22_col7.csv,1.865395784378052
row_extra_quote22_col8.csv,2.182224035263061
row_extra_quote23_col0.csv,-0.61525559425354
row_extra_quote23_col1.csv,1.6575779914855957
row_extra_quote23_col2.csv,1.9748241901397705
row_extra_quote23_col3.csv,1.754875421524048
row_extra_quote23_col4.csv,1.6737244129180908
row_extra_quote23_col5.csv,1.6142923831939695
row_extra_quote23_col6.csv,2.49129319190979
row_extra_quote23_col7.csv,1.977287530899048
row_extra_quote23_col8.csv,2.502807140350342
row_extra_quote24_col0.csv,1.474515438079834
row_extra_quote24_col1.csv,1.8219244480133057
row_extra_quote24_col2.csv,1.5928678512573242
row_extra_quote24_col3.csv,1.945606231689453
row_extra_quote24_col4.csv,1.9007270336151123
row_extra_quote24_col5.csv,1.7523703575134275
row_extra_quote24_col6.csv,1.733189582824707
row_extra_quote24_col7.csv,1.9217817783355715
row_extra_quote24_col8.csv,2.123006820678711
row_extra_quote25_col0.csv,-0.5939602851867676
row_extra_quote25_col1.csv,1.7538580894470217
row_extra_quote25_col2.csv,1.619448184967041
row_extra_quote25_col3.csv,3.4275946617126465
row_extra_quote25_col4.csv,1.750490427017212
row_extra_quote25_col5.csv,1.9938859939575195
row_extra_quote25_col6.csv,1.5537748336791992
row_extra_quote25_col7.csv,2.255995273590088
row_extra_quote25_col8.csv,2.0988149642944336
row_extra_quote26_col0.csv,1.1886944770812988
row_extra_quote26_col1.csv,1.5502886772155762
row_extra_quote26_col2.csv,1.529460906982422
row_extra_quote26_col3.csv,1.935739517211914
row_extra_quote26_col4.csv,1.470902442932129
row_extra_quote26_col5.csv,1.5135746002197266
row_extra_quote26_col6.csv,1.5025501251220703
row_extra_quote26_col7.csv,1.5299789905548096
row_extra_quote26_col8.csv,2.8191840648651123
row_extra_quote27_col0.csv,2.38274359703064
row_extra_quote27_col1.csv,1.720984935760498
row_extra_quote27_col2.csv,1.5689048767089844
row_extra_quote27_col3.csv,2.3155322074890137
row_extra_quote27_col4.csv,1.8211913108825684
row_extra_quote27_col5.csv,1.8590099811553955
row_extra_quote27_col6.csv,-0.596585750579834
row_extra_quote27_col7.csv,-0.7706022262573242
row_extra_quote27_col8.csv,2.432323455810547
row_extra_quote28_col0.csv,2.016476631164551
row_extra_quote28_col1.csv,1.65926194190979
row_extra_quote28_col2.csv,1.523735761642456
row_extra_quote28_col3.csv,1.8147776126861568
row_extra_quote28_col4.csv,1.6381800174713137
row_extra_quote28_col5.csv,2.19080138206482
row_extra_quote28_col6.csv,1.7163629531860352
row_extra_quote28_col7.csv,1.7513697147369385
row_extra_quote28_col8.csv,2.1335561275482178
row_extra_quote29_col0.csv,1.7032201290130615
row_extra_quote29_col1.csv,1.6057798862457275
row_extra_quote29_col2.csv,1.834725379943848
row_extra_quote29_col3.csv,1.7448742389678955
row_extra_quote29_col4.csv,1.651174545288086
row_extra_quote29_col5.csv,2.152282238006592
row_extra_quote29_col6.csv,1.6947033405303955
row_extra_quote29_col7.csv,4.515843152999878
row_extra_quote29_col8.csv,2.2428183555603027
row_extra_quote2_col0.csv,3.3616206645965576
row_extra_quote2_col1.csv,3.574396848678589
row_extra_quote2_col2.csv,3.5222458839416504
row_extra_quote2_col3.csv,2.830742835998535
row_extra_quote2_col4.csv,3.053052425384521
row_extra_quote2_col5.csv,4.348370790481567
row_extra_quote2_col6.csv,3.2170772552490234
row_extra_quote2_col7.csv,3.830164194107056
row_extra_quote2_col8.csv,5.808568239212036
row_extra_quote30_col0.csv,1.7226977348327637
row_extra_quote30_col1.csv,1.8124849796295168
row_extra_quote30_col2.csv,1.7666056156158447
row_extra_quote30_col3.csv,1.7759618759155271
row_extra_quote30_col4.csv,1.5068116188049316
row_extra_quote30_col5.csv,2.152536630630493
row_extra_quote30_col6.csv,1.729633092880249
row_extra_quote30_col7.csv,1.870693922042847
row_extra_quote30_col8.csv,1.97200345993042
row_extra_quote31_col0.csv,1.6495611667633057
row_extra_quote31_col1.csv,1.6936051845550537
row_extra_quote31_col2.csv,1.5373237133026123
row_extra_quote31_col3.csv,1.5134191513061523
row_extra_quote31_col4.csv,1.6445069313049316
row_extra_quote31_col5.csv,1.6486732959747314
row_extra_quote31_col6.csv,1.8218870162963867
row_extra_quote31_col7.csv,1.7788915634155271
row_extra_quote31_col8.csv,2.663917064666748
row_extra_quote32_col0.csv,1.42938494682312
row_extra_quote32_col1.csv,1.4875099658966064
row_extra_quote32_col2.csv,1.6509582996368408
row_extra_quote32_col3.csv,1.7147207260131836
row_extra_quote32_col4.csv,0.1121270656585693
row_extra_quote32_col5.csv,1.952756404876709
row_extra_quote32_col6.csv,1.4413511753082275
row_extra_quote32_col7.csv,2.103572368621826
row_extra_quote32_col8.csv,2.11321759223938
row_extra_quote33_col0.csv,1.6046628952026367
row_extra_quote33_col1.csv,1.6187174320220947
row_extra_quote33_col2.csv,-0.8745296001434326
row_extra_quote33_col3.csv,1.582613229751587
row_extra_quote33_col4.csv,1.9477150440216064
row_extra_quote33_col5.csv,2.395158529281616
row_extra_quote33_col6.csv,1.7082757949829102
row_extra_quote33_col7.csv,1.5194222927093506
row_extra_quote33_col8.csv,2.2208046913146973
row_extra_quote34_col0.csv,1.73531174659729
row_extra_quote34_col1.csv,2.2276108264923096
row_extra_quote34_col2.csv,2.351095676422119
row_extra_quote34_col3.csv,1.74603009223938
row_extra_quote34_col4.csv,1.874450206756592
row_extra_quote34_col5.csv,1.805206298828125
row_extra_quote34_col6.csv,1.677349090576172
row_extra_quote34_col7.csv,1.934086799621582
row_extra_quote34_col8.csv,2.2559702396392822
row_extra_quote35_col0.csv,1.6538333892822266
row_extra_quote35_col1.csv,1.7117888927459717
row_extra_quote35_col2.csv,-1.0204498767852783
row_extra_quote35_col3.csv,1.6321990489959717
row_extra_quote35_col4.csv,1.7943599224090576
row_extra_quote35_col5.csv,1.6752564907073977
row_extra_quote35_col6.csv,1.0715253353118896
row_extra_quote35_col7.csv,2.4407055377960205
row_extra_quote35_col8.csv,2.449007987976074
row_extra_quote36_col0.csv,1.5875003337860107
row_extra_quote36_col1.csv,1.6416077613830566
row_extra_quote36_col2.csv,1.7229225635528564
row_extra_quote36_col3.csv,0.1516158580780029
row_extra_quote36_col4.csv,1.4728169441223145
row_extra_quote36_col5.csv,1.699171543121338
row_extra_quote36_col6.csv,1.5673713684082031
row_extra_quote36_col7.csv,1.6849687099456787
row_extra_quote36_col8.csv,2.2617881298065186
row_extra_quote37_col0.csv,2.047893762588501
row_extra_quote37_col1.csv,7.301922798156738
row_extra_quote37_col2.csv,1.69636869430542
row_extra_quote37_col3.csv,2.178386688232422
row_extra_quote37_col4.csv,1.5777199268341064
row_extra_quote37_col5.csv,1.7802653312683103
row_extra_quote37_col6.csv,1.6994297504425049
row_extra_quote37_col7.csv,1.6289949417114258
row_extra_quote37_col8.csv,1.9275319576263428
row_extra_quote38_col0.csv,1.8342101573944087
row_extra_quote38_col1.csv,1.502546310424805
row_extra_quote38_col2.csv,1.7920854091644287
row_extra_quote38_col3.csv,2.1646673679351807
row_extra_quote38_col4.csv,1.5885024070739746
row_extra_quote38_col5.csv,2.3072855472564697
row_extra_quote38_col6.csv,2.003485202789306
row_extra_quote38_col7.csv,1.70219087600708
row_extra_quote38_col8.csv,2.31493878364563
row_extra_quote39_col0.csv,1.630530834197998
row_extra_quote39_col1.csv,1.9586412906646729
row_extra_quote39_col2.csv,1.4839072227478027
row_extra_quote39_col3.csv,2.1946325302124023
row_extra_quote39_col4.csv,1.6498708724975586
row_extra_quote39_col5.csv,1.661888599395752
row_extra_quote39_col6.csv,3.2783498764038086
row_extra_quote39_col7.csv,1.8673686981201167
row_extra_quote39_col8.csv,3.078470468521118
row_extra_quote3_col0.csv,0.1523771286010742
row_extra_quote3_col1.csv,3.554853200912476
row_extra_quote3_col2.csv,2.526953935623169
row_extra_quote3_col3.csv,5.72054934501648
row_extra_quote3_col4.csv,3.132113456726074
row_extra_quote3_col5.csv,0.1542909145355224
row_extra_quote3_col6.csv,3.209714889526367
row_extra_quote3_col7.csv,3.4862959384918213
row_extra_quote3_col8.csv,3.1100375652313232
row_extra_quote40_col0.csv,1.963839292526245
row_extra_quote40_col1.csv,1.810481309890747
row_extra_quote40_col2.csv,-0.8122220039367676
row_extra_quote40_col3.csv,1.6445538997650146
row_extra_quote40_col4.csv,1.645030498504639
row_extra_quote40_col5.csv,1.943453073501587
row_extra_quote40_col6.csv,1.9647877216339111
row_extra_quote40_col7.csv,1.770846605300903
row_extra_quote40_col8.csv,2.7395355701446533
row_extra_quote41_col0.csv,2.1818058490753174
row_extra_quote41_col1.csv,2.277153968811035
row_extra_quote41_col2.csv,1.989585399627685
row_extra_quote41_col3.csv,1.7312424182891846
row_extra_quote41_col4.csv,1.6322941780090332
row_extra_quote41_col5.csv,2.2700891494750977
row_extra_quote41_col6.csv,1.8165152072906487
row_extra_quote41_col7.csv,2.101248025894165
row_extra_quote41_col8.csv,2.4194328784942627
row_extra_quote42_col0.csv,1.5876939296722412
row_extra_quote42_col1.csv,1.6021108627319336
row_extra_quote42_col2.csv,1.8380119800567627
row_extra_quote42_col3.csv,2.281334400177002
row_extra_quote42_col4.csv,2.327023983001709
row_extra_quote42_col5.csv,1.8296761512756348
row_extra_quote42_col6.csv,1.8665423393249512
row_extra_quote42_col7.csv,1.7341489791870115
row_extra_quote42_col8.csv,2.5692355632781982
row_extra_quote43_col0.csv,1.790255784988403
row_extra_quote43_col1.csv,1.6000349521636963
row_extra_quote43_col2.csv,1.399517059326172
row_extra_quote43_col3.csv,1.5913007259368896
row_extra_quote43_col4.csv,1.6539249420166016
row_extra_quote43_col5.csv,1.7799861431121826
row_extra_quote43_col6.csv,1.676246166229248
row_extra_quote43_col7.csv,1.751697063446045
row_extra_quote43_col8.csv,2.275988340377808
row_extra_quote44_col0.csv,1.76356840133667
row_extra_quote44_col1.csv,1.6750047206878662
row_extra_quote44_col2.csv,1.9115653038024905
row_extra_quote44_col3.csv,1.8905823230743408
row_extra_quote44_col4.csv,2.019876718521118
row_extra_quote44_col5.csv,1.8647112846374512
row_extra_quote44_col6.csv,2.235535860061645
row_extra_quote44_col7.csv,2.566792249679565
row_extra_quote44_col8.csv,3.31308913230896
row_extra_quote45_col0.csv,1.7729573249816897
row_extra_quote45_col1.csv,1.5613932609558103
row_extra_quote45_col2.csv,1.4729008674621582
row_extra_quote45_col3.csv,1.518364429473877
row_extra_quote45_col4.csv,1.3343181610107422
row_extra_quote45_col5.csv,1.6917729377746582
row_extra_quote45_col6.csv,1.5927412509918213
row_extra_quote45_col7.csv,2.109349012374878
row_extra_quote45_col8.csv,2.183600187301636
row_extra_quote46_col0.csv,1.5174884796142578
row_extra_quote46_col1.csv,1.8270931243896484
row_extra_quote46_col2.csv,1.7307040691375732
row_extra_quote46_col3.csv,1.9583382606506348
row_extra_quote46_col4.csv,1.973333120346069
row_extra_quote46_col5.csv,1.4861185550689695
row_extra_quote46_col6.csv,1.6375064849853516
row_extra_quote46_col7.csv,1.973829984664917
row_extra_quote46_col8.csv,1.8412117958068848
row_extra_quote47_col0.csv,1.780796766281128
row_extra_quote47_col1.csv,1.768237829208374
row_extra_quote47_col2.csv,1.5178987979888916
row_extra_quote47_col3.csv,1.4671382904052734
row_extra_quote47_col4.csv,1.970689058303833
row_extra_quote47_col5.csv,1.600362777709961
row_extra_quote47_col6.csv,1.9277713298797607
row_extra_quote47_col7.csv,-0.8479957580566406
row_extra_quote47_col8.csv,2.295019626617432
row_extra_quote48_col0.csv,2.1188995838165283
row_extra_quote48_col1.csv,1.933967113494873
row_extra_quote48_col2.csv,1.829169511795044
row_extra_quote48_col3.csv,1.936997413635254
row_extra_quote48_col4.csv,1.8037497997283936
row_extra_quote48_col5.csv,2.204129695892334
row_extra_quote48_col6.csv,2.07954216003418
row_extra_quote48_col7.csv,1.5474660396575928
row_extra_quote48_col8.csv,2.163072109222412
row_extra_quote49_col0.csv,1.8247957229614256
row_extra_quote49_col1.csv,1.664919376373291
row_extra_quote49_col2.csv,1.7174677848815918
row_extra_quote49_col3.csv,1.673673391342163
row_extra_quote49_col4.csv,1.5300445556640625
row_extra_quote49_col5.csv,2.0616555213928223
row_extra_quote49_col6.csv,1.6300973892211914
row_extra_quote49_col7.csv,2.151136636734009
row_extra_quote49_col8.csv,2.29982328414917
row_extra_quote4_col0.csv,5.9173078536987305
row_extra_quote4_col1.csv,2.851448774337769
row_extra_quote4_col2.csv,2.9971866607666016
row_extra_quote4_col3.csv,2.97160267829895
row_extra_quote4_col4.csv,2.859513998031616
row_extra_quote4_col5.csv,3.0910887718200684
row_extra_quote4_col6.csv,3.4977943897247314
row_extra_quote4_col7.csv,2.9996399879455566
row_extra_quote4_col8.csv,3.74798321723938
row_extra_quote50_col0.csv,1.6594805717468262
row_extra_quote50_col1.csv,1.8372251987457275
row_extra_quote50_col2.csv,1.676610231399536
row_extra_quote50_col3.csv,1.970050811767578
row_extra_quote50_col4.csv,1.6043462753295898
row_extra_quote50_col5.csv,-0.4906439781188965
row_extra_quote50_col6.csv,2.23447060585022
row_extra_quote50_col7.csv,2.332216024398804
row_extra_quote50_col8.csv,2.8849098682403564
row_extra_quote51_col0.csv,-0.7953078746795654
row_extra_quote51_col1.csv,3.438112258911133
row_extra_quote51_col2.csv,1.8506245613098145
row_extra_quote51_col3.csv,1.6772096157073977
row_extra_quote51_col4.csv,2.110522985458374
row_extra_quote51_col5.csv,1.92293643951416
row_extra_quote51_col6.csv,1.738978624343872
row_extra_quote51_col7.csv,1.8318843841552728
row_extra_quote51_col8.csv,1.838662385940552
row_extra_quote52_col0.csv,1.9076557159423828
row_extra_quote52_col1.csv,1.5675857067108154
row_extra_quote52_col2.csv,1.895996332168579
row_extra_quote52_col3.csv,1.6452488899230957
row_extra_quote52_col4.csv,1.8226048946380613
row_extra_quote52_col5.csv,1.5377326011657717
row_extra_quote52_col6.csv,1.1486949920654297
row_extra_quote52_col7.csv,1.741508722305298
row_extra_quote52_col8.csv,2.100841760635376
row_extra_quote53_col0.csv,1.489741325378418
row_extra_quote53_col1.csv,1.7531781196594238
row_extra_quote53_col2.csv,1.980043172836304
row_extra_quote53_col3.csv,1.939317226409912
row_extra_quote53_col4.csv,1.5306310653686523
row_extra_quote53_col5.csv,1.4208014011383057
row_extra_quote53_col6.csv,1.6623144149780271
row_extra_quote53_col7.csv,2.1467154026031494
row_extra_quote53_col8.csv,2.402435779571533
row_extra_quote54_col0.csv,1.5763590335845947
row_extra_quote54_col1.csv,1.5983989238739014
row_extra_quote54_col2.csv,1.7357664108276367
row_extra_quote54_col3.csv,2.8493542671203613
row_extra_quote54_col4.csv,1.5581817626953125
row_extra_quote54_col5.csv,1.5308113098144531
row_extra_quote54_col6.csv,1.7221477031707764
row_extra_quote54_col7.csv,1.7195656299591064
row_extra_quote54_col8.csv,2.4237396717071533
row_extra_quote55_col0.csv,1.5584630966186523
row_extra_quote55_col1.csv,1.892549753189087
row_extra_quote55_col2.csv,1.618833303451538
row_extra_quote55_col3.csv,1.6134650707244873
row_extra_quote55_col4.csv,1.6901824474334717
row_extra_quote55_col5.csv,1.855916738510132
row_extra_quote55_col6.csv,2.18143892288208
row_extra_quote55_col7.csv,2.6148838996887207
row_extra_quote55_col8.csv,1.941515684127808
row_extra_quote56_col0.csv,1.5236287117004397
row_extra_quote56_col1.csv,1.6628944873809814
row_extra_quote56_col2.csv,1.639235019683838
row_extra_quote56_col3.csv,1.631488561630249
row_extra_quote56_col4.csv,1.7506709098815918
row_extra_quote56_col5.csv,1.5438268184661863
row_extra_quote56_col6.csv,1.7857844829559326
row_extra_quote56_col7.csv,1.5200417041778564
row_extra_quote56_col8.csv,2.3769986629486084
row_extra_quote57_col0.csv,1.442697286605835
row_extra_quote57_col1.csv,1.8282790184021
row_extra_quote57_col2.csv,2.508674383163452
row_extra_quote57_col3.csv,1.445897102355957
row_extra_quote57_col4.csv,1.5013370513916016
row_extra_quote57_col5.csv,1.655287742614746
row_extra_quote57_col6.csv,1.8923804759979248
row_extra_quote57_col7.csv,1.884796380996704
row_extra_quote57_col8.csv,2.1830179691314697
row_extra_quote58_col0.csv,1.641404151916504
row_extra_quote58_col1.csv,1.5276978015899658
row_extra_quote58_col2.csv,1.674783706665039
row_extra_quote58_col3.csv,1.623534917831421
row_extra_quote58_col4.csv,2.5403921604156494
row_extra_quote58_col5.csv,1.6075153350830078
row_extra_quote58_col6.csv,1.827910661697388
row_extra_quote58_col7.csv,-0.7765634059906006
row_extra_quote58_col8.csv,2.5230774879455566
row_extra_quote59_col0.csv,1.7302591800689695
row_extra_quote59_col1.csv,1.6214282512664795
row_extra_quote59_col2.csv,1.4930801391601562
row_extra_quote59_col3.csv,1.714369297027588
row_extra_quote59_col4.csv,1.5912444591522217
row_extra_quote59_col5.csv,1.6362218856811523
row_extra_quote59_col6.csv,1.7590444087982178
row_extra_quote59_col7.csv,2.8424665927886963
row_extra_quote59_col8.csv,3.0510220527648926
row_extra_quote5_col0.csv,3.646540403366089
row_extra_quote5_col1.csv,3.0867340564727783
row_extra_quote5_col2.csv,3.268868923187256
row_extra_quote5_col3.csv,2.700627088546753
row_extra_quote5_col4.csv,2.886196613311768
row_extra_quote5_col5.csv,2.9518074989318848
row_extra_quote5_col6.csv,2.9552488327026367
row_extra_quote5_col7.csv,4.0490663051605225
row_extra_quote5_col8.csv,2.899412155151367
row_extra_quote60_col0.csv,-1.0147426128387451
row_extra_quote60_col1.csv,1.5823662281036377
row_extra_quote60_col2.csv,1.9080047607421875
row_extra_quote60_col3.csv,1.9834604263305664
row_extra_quote60_col4.csv,1.9670562744140625
row_extra_quote60_col5.csv,1.8656492233276367
row_extra_quote60_col6.csv,1.5910332202911377
row_extra_quote60_col7.csv,1.8383104801177976
row_extra_quote60_col8.csv,2.001917600631714
row_extra_quote61_col0.csv,1.4439139366149902
row_extra_quote61_col1.csv,1.957845687866211
row_extra_quote61_col2.csv,1.561854362487793
row_extra_quote61_col3.csv,1.840993404388428
row_extra_quote61_col4.csv,1.7782626152038574
row_extra_quote61_col5.csv,2.5458016395568848
row_extra_quote61_col6.csv,1.7275304794311523
row_extra_quote61_col7.csv,1.9522902965545648
row_extra_quote61_col8.csv,2.329359531402588
row_extra_quote62_col0.csv,2.177906036376953
row_extra_quote62_col1.csv,1.6582038402557373
row_extra_quote62_col2.csv,1.4730732440948486
row_extra_quote62_col3.csv,1.5943882465362549
row_extra_quote62_col4.csv,2.066896677017212
row_extra_quote62_col5.csv,1.693127155303955
row_extra_quote62_col6.csv,1.9428367614746087
row_extra_quote62_col7.csv,1.8137941360473635
row_extra_quote62_col8.csv,2.442013502120972
row_extra_quote63_col0.csv,1.969725608825684
row_extra_quote63_col1.csv,1.6103949546813965
row_extra_quote63_col2.csv,3.929537057876587
row_extra_quote63_col3.csv,1.8099422454833984
row_extra_quote63_col4.csv,1.6756653785705566
row_extra_quote63_col5.csv,1.7881479263305664
row_extra_quote63_col6.csv,1.476309061050415
row_extra_quote63_col7.csv,1.6818671226501465
row_extra_quote63_col8.csv,-0.4539382457733154
row_extra_quote64_col0.csv,1.8157904148101809
row_extra_quote64_col1.csv,1.7825989723205566
row_extra_quote64_col2.csv,1.8033041954040527
row_extra_quote64_col3.csv,1.772602081298828
row_extra_quote64_col4.csv,1.9655420780181885
row_extra_quote64_col5.csv,1.76759934425354
row_extra_quote64_col6.csv,1.6240756511688232
row_extra_quote64_col7.csv,1.7421488761901855
row_extra_quote64_col8.csv,2.328500270843506
row_extra_quote65_col0.csv,1.5685770511627195
row_extra_quote65_col1.csv,1.74281644821167
row_extra_quote65_col2.csv,1.512636661529541
row_extra_quote65_col3.csv,1.997019529342652
row_extra_quote65_col4.csv,1.6236238479614258
row_extra_quote65_col5.csv,1.8255267143249512
row_extra_quote65_col6.csv,1.7382845878601074
row_extra_quote65_col7.csv,1.912288904190064
row_extra_quote65_col8.csv,2.1840412616729736
row_extra_quote66_col0.csv,3.067020893096924
row_extra_quote66_col1.csv,1.9432566165924072
row_extra_quote66_col2.csv,2.445091724395752
row_extra_quote66_col3.csv,1.6887826919555664
row_extra_quote66_col4.csv,1.7020437717437744
row_extra_quote66_col5.csv,1.8318629264831543
row_extra_quote66_col6.csv,2.1575396060943604
row_extra_quote66_col7.csv,1.752044916152954
row_extra_quote66_col8.csv,2.214345693588257
row_extra_quote67_col0.csv,1.532819747924805
row_extra_quote67_col1.csv,2.1237006187438965
row_extra_quote67_col2.csv,1.5936620235443115
row_extra_quote67_col3.csv,1.6594955921173096
row_extra_quote67_col4.csv,11.031232833862305
row_extra_quote67_col5.csv,1.5745184421539309
row_extra_quote67_col6.csv,1.856150388717652
row_extra_quote67_col7.csv,1.7236027717590332
row_extra_quote67_col8.csv,2.1176116466522217
row_extra_quote68_col0.csv,1.4545769691467283
row_extra_quote68_col1.csv,2.468960762023926
row_extra_quote68_col2.csv,1.6034438610076904
row_extra_quote68_col3.csv,1.5236427783966064
row_extra_quote68_col4.csv,1.8827197551727293
row_extra_quote68_col5.csv,1.620553731918335
row_extra_quote68_col6.csv,2.008816719055176
row_extra_quote68_col7.csv,1.885585069656372
row_extra_quote68_col8.csv,-0.2568449974060058
row_extra_quote69_col0.csv,1.63039231300354
row_extra_quote69_col1.csv,1.6850061416625977
row_extra_quote69_col2.csv,1.8829946517944336
row_extra_quote69_col3.csv,1.6453142166137695
row_extra_quote69_col4.csv,1.6697909832000732
row_extra_quote69_col5.csv,1.958733320236206
row_extra_quote69_col6.csv,1.9543848037719729
row_extra_quote69_col7.csv,2.174479007720948
row_extra_quote69_col8.csv,2.540405750274658
row_extra_quote6_col0.csv,2.909832000732422
row_extra_quote6_col1.csv,2.723143577575684
row_extra_quote6_col2.csv,4.254044532775879
row_extra_quote6_col3.csv,2.94240403175354
row_extra_quote6_col4.csv,2.743630170822144
row_extra_quote6_col5.csv,2.778886079788208
row_extra_quote6_col6.csv,3.1089203357696533
row_extra_quote6_col7.csv,3.145458936691284
row_extra_quote6_col8.csv,3.406132221221924
row_extra_quote70_col0.csv,1.792430400848389
row_extra_quote70_col1.csv,1.769460916519165
row_extra_quote70_col2.csv,1.7727453708648682
row_extra_quote70_col3.csv,2.890376567840576
row_extra_quote70_col4.csv,2.480915069580078
row_extra_quote70_col5.csv,1.6203739643096924
row_extra_quote70_col6.csv,1.5180494785308838
row_extra_quote70_col7.csv,1.7549772262573242
row_extra_quote70_col8.csv,2.958373069763184
row_extra_quote71_col0.csv,1.4795749187469482
row_extra_quote71_col1.csv,2.168290615081787
row_extra_quote71_col2.csv,1.4994051456451416
row_extra_quote71_col3.csv,1.4302632808685305
row_extra_quote71_col4.csv,2.1504931449890137
row_extra_quote71_col5.csv,1.504413366317749
row_extra_quote71_col6.csv,1.5918121337890625
row_extra_quote71_col7.csv,1.5940091609954834
row_extra_quote71_col8.csv,1.896975040435791
row_extra_quote72_col0.csv,1.4269938468933103
row_extra_quote72_col1.csv,2.092519998550415
row_extra_quote72_col2.csv,1.6800951957702637
row_extra_quote72_col3.csv,1.940032958984375
row_extra_quote72_col4.csv,1.5395331382751465
row_extra_quote72_col5.csv,1.7424893379211426
row_extra_quote72_col6.csv,2.01886248588562
row_extra_quote72_col7.csv,1.8153860569000244
row_extra_quote72_col8.csv,2.399687528610229
row_extra_quote73_col0.csv,2.1091248989105225
row_extra_quote73_col1.csv,1.5941555500030518
row_extra_quote73_col2.csv,1.621049404144287
row_extra_quote73_col3.csv,2.0735371112823486
row_extra_quote73_col4.csv,1.6413359642028809
row_extra_quote73_col5.csv,1.4067497253417969
row_extra_quote73_col6.csv,1.6027565002441406
row_extra_quote73_col7.csv,1.229574203491211
row_extra_quote73_col8.csv,2.4087026119232178
row_extra_quote74_col0.csv,0.6600158214569092
row_extra_quote74_col1.csv,1.4754111766815186
row_extra_quote74_col2.csv,1.6682517528533936
row_extra_quote74_col3.csv,2.342437982559204
row_extra_quote74_col4.csv,1.5812551975250244
row_extra_quote74_col5.csv,0.201573371887207
row_extra_quote74_col6.csv,1.6636817455291748
row_extra_quote74_col7.csv,1.5627648830413818
row_extra_quote74_col8.csv,2.6153903007507324
row_extra_quote75_col0.csv,1.6928319931030271
row_extra_quote75_col1.csv,5.187461853027344
row_extra_quote75_col2.csv,1.7326698303222656
row_extra_quote75_col3.csv,2.1320815086364746
row_extra_quote75_col4.csv,1.6772520542144775
row_extra_quote75_col5.csv,1.7255845069885254
row_extra_quote75_col6.csv,1.6768865585327148
row_extra_quote75_col7.csv,1.8511834144592283
row_extra_quote75_col8.csv,2.545867443084717
row_extra_quote76_col0.csv,1.548802614212036
row_extra_quote76_col1.csv,-1.1612327098846436
row_extra_quote76_col2.csv,1.5545103549957275
row_extra_quote76_col3.csv,1.4881699085235596
row_extra_quote76_col4.csv,1.5285766124725342
row_extra_quote76_col5.csv,1.54378342628479
row_extra_quote76_col6.csv,1.9131619930267327
row_extra_quote76_col7.csv,1.6779053211212158
row_extra_quote76_col8.csv,2.123915195465088
row_extra_quote77_col0.csv,1.553394079208374
row_extra_quote77_col1.csv,1.7524683475494385
row_extra_quote77_col2.csv,1.6565940380096436
row_extra_quote77_col3.csv,1.6315908432006836
row_extra_quote77_col4.csv,0.8897137641906738
row_extra_quote77_col5.csv,0.7560207843780518
row_extra_quote77_col6.csv,1.7608635425567627
row_extra_quote77_col7.csv,1.67940092086792
row_extra_quote77_col8.csv,2.252351760864258
row_extra_quote78_col0.csv,2.259343147277832
row_extra_quote78_col1.csv,1.7956480979919434
row_extra_quote78_col2.csv,1.6528325080871582
row_extra_quote78_col3.csv,2.3948192596435547
row_extra_quote78_col4.csv,1.6798906326293943
row_extra_quote78_col5.csv,1.5565664768218994
row_extra_quote78_col6.csv,1.424320936203003
row_extra_quote78_col7.csv,1.6606898307800293
row_extra_quote78_col8.csv,3.108722448348999
row_extra_quote79_col0.csv,2.016013860702514
row_extra_quote79_col1.csv,1.59660005569458
row_extra_quote79_col2.csv,1.6883928775787354
row_extra_quote79_col3.csv,1.5234637260437012
row_extra_quote79_col4.csv,1.5412414073944092
row_extra_quote79_col5.csv,1.6127300262451172
row_extra_quote79_col6.csv,1.9103569984436035
row_extra_quote79_col7.csv,1.9622697830200195
row_extra_quote79_col8.csv,2.131861925125122
row_extra_quote7_col0.csv,3.5734200477600098
row_extra_quote7_col1.csv,4.125075340270996
row_extra_quote7_col2.csv,3.250584125518799
row_extra_quote7_col3.csv,4.270625114440918
row_extra_quote7_col4.csv,6.783146858215332
row_extra_quote7_col5.csv,3.3726966381073
row_extra_quote7_col6.csv,3.357779264450073
row_extra_quote7_col7.csv,3.10420036315918
row_extra_quote7_col8.csv,3.2885799407958984
row_extra_quote80_col0.csv,1.6669771671295166
row_extra_quote80_col1.csv,3.488333225250244
row_extra_quote80_col2.csv,1.9156270027160645
row_extra_quote80_col3.csv,2.171008348464966
row_extra_quote80_col4.csv,1.7124276161193848
row_extra_quote80_col5.csv,1.7903034687042236
row_extra_quote80_col6.csv,2.5402133464813232
row_extra_quote80_col7.csv,1.5368638038635254
row_extra_quote80_col8.csv,1.989602327346801
row_extra_quote81_col0.csv,1.554215669631958
row_extra_quote81_col1.csv,5.636178255081177
row_extra_quote81_col2.csv,1.7684741020202637
row_extra_quote81_col3.csv,1.4862775802612305
row_extra_quote81_col4.csv,-0.8166460990905762
row_extra_quote81_col5.csv,1.5276975631713867
row_extra_quote81_col6.csv,1.9309866428375244
row_extra_quote81_col7.csv,1.8195054531097408
row_extra_quote81_col8.csv,1.912905216217041
row_extra_quote82_col0.csv,2.817410945892334
row_extra_quote82_col1.csv,1.5222909450531006
row_extra_quote82_col2.csv,1.6608307361602783
row_extra_quote82_col3.csv,1.5997474193572998
row_extra_quote82_col4.csv,1.6696135997772217
row_extra_quote82_col5.csv,1.413106918334961
row_extra_quote82_col6.csv,1.804889678955078
row_extra_quote82_col7.csv,1.99450945854187
row_extra_quote82_col8.csv,2.1456446647644043
row_extra_quote83_col0.csv,1.805347204208374
row_extra_quote83_col1.csv,1.7498657703399658
row_extra_quote83_col2.csv,1.7623283863067627
row_extra_quote83_col3.csv,2.5347886085510254
row_extra_quote83_col4.csv,-0.6064169406890869
row_extra_quote83_col5.csv,1.8788461685180664
row_extra_quote83_col6.csv,1.6609351634979248
row_extra_quote83_col7.csv,2.0360281467437744
row_extra_quote83_col8.csv,0.0909090042114257
row_extra_quote8_col0.csv,0.3870322704315185
row_extra_quote8_col1.csv,2.9044952392578125
row_extra_quote8_col2.csv,2.7927498817443848
row_extra_quote8_col3.csv,2.748508930206299
row_extra_quote8_col4.csv,2.8845553398132324
row_extra_quote8_col5.csv,3.168168067932129
row_extra_quote8_col6.csv,4.289491653442383
row_extra_quote8_col7.csv,3.0230143070220947
row_extra_quote8_col8.csv,2.8426883220672607
row_extra_quote9_col0.csv,2.6640994548797607
row_extra_quote9_col1.csv,3.829313516616821
row_extra_quote9_col2.csv,2.808720827102661
row_extra_quote9_col3.csv,3.00570011138916
row_extra_quote9_col4.csv,3.0852601528167725
row_extra_quote9_col5.csv,2.9799745082855225
row_extra_quote9_col6.csv,2.8633511066436768
row_extra_quote9_col7.csv,3.3542370796203613
row_extra_quote9_col8.csv,2.847886085510254
row_field_delimiter_0_0x20.csv,34.15599870681763
row_field_delimiter_10_0x20.csv,1.7678439617156982
row_field_delimiter_11_0x20.csv,1.688326358795166
row_field_delimiter_12_0x20.csv,1.54837965965271
row_field_delimiter_13_0x20.csv,1.6750636100769043
row_field_delimiter_14_0x20.csv,1.7869505882263184
row_field_delimiter_15_0x20.csv,1.4835875034332275
row_field_delimiter_16_0x20.csv,1.859371900558472
row_field_delimiter_17_0x20.csv,1.4646103382110596
row_field_delimiter_18_0x20.csv,1.6474642753601074
row_field_delimiter_19_0x20.csv,2.155677795410156
row_field_delimiter_1_0x20.csv,2.9947009086608887
row_field_delimiter_20_0x20.csv,1.6591928005218506
row_field_delimiter_21_0x20.csv,1.617234230041504
row_field_delimiter_22_0x20.csv,2.0609421730041504
row_field_delimiter_23_0x20.csv,-1.0519375801086426
row_field_delimiter_24_0x20.csv,2.883781909942627
row_field_delimiter_25_0x20.csv,1.5989646911621094
row_field_delimiter_26_0x20.csv,1.778738021850586
row_field_delimiter_27_0x20.csv,1.5877208709716797
row_field_delimiter_28_0x20.csv,1.7210228443145752
row_field_delimiter_29_0x20.csv,1.971707105636597
row_field_delimiter_2_0x20.csv,4.965826511383057
row_field_delimiter_30_0x20.csv,1.7672312259674072
row_field_delimiter_31_0x20.csv,-1.1554670333862305
row_field_delimiter_32_0x20.csv,2.389317512512207
row_field_delimiter_33_0x20.csv,2.719568252563477
row_field_delimiter_34_0x20.csv,0.1536884307861328
row_field_delimiter_35_0x20.csv,1.7718040943145752
row_field_delimiter_36_0x20.csv,2.1120901107788086
row_field_delimiter_37_0x20.csv,1.74228835105896
row_field_delimiter_38_0x20.csv,1.765758752822876
row_field_delimiter_39_0x20.csv,1.527066707611084
row_field_delimiter_3_0x20.csv,0.1465663909912109
row_field_delimiter_40_0x20.csv,-0.6903998851776123
row_field_delimiter_41_0x20.csv,1.4551572799682615
row_field_delimiter_42_0x20.csv,2.283261775970459
row_field_delimiter_43_0x20.csv,1.5770556926727295
row_field_delimiter_44_0x20.csv,1.7998483180999756
row_field_delimiter_45_0x20.csv,1.6086163520812988
row_field_delimiter_46_0x20.csv,1.435791015625
row_field_delimiter_47_0x20.csv,1.5212113857269287
row_field_delimiter_48_0x20.csv,1.5952210426330566
row_field_delimiter_49_0x20.csv,1.8977692127227783
row_field_delimiter_4_0x20.csv,3.078218698501587
row_field_delimiter_50_0x20.csv,1.9076817035675049
row_field_delimiter_51_0x20.csv,1.920626640319824
row_field_delimiter_52_0x20.csv,1.5609753131866455
row_field_delimiter_53_0x20.csv,-1.004958152770996
row_field_delimiter_54_0x20.csv,2.1366655826568604
row_field_delimiter_55_0x20.csv,1.8594484329223635
row_field_delimiter_56_0x20.csv,1.9494214057922363
row_field_delimiter_57_0x20.csv,1.5330004692077637
row_field_delimiter_58_0x20.csv,-0.6785321235656738
row_field_delimiter_59_0x20.csv,1.777421951293945
row_field_delimiter_5_0x20.csv,4.4065680503845215
row_field_delimiter_60_0x20.csv,1.669501781463623
row_field_delimiter_61_0x20.csv,1.7025649547576904
row_field_delimiter_62_0x20.csv,1.5224337577819824
row_field_delimiter_63_0x20.csv,2.042696237564087
row_field_delimiter_64_0x20.csv,-0.965397834777832
row_field_delimiter_65_0x20.csv,1.8515100479125977
row_field_delimiter_66_0x20.csv,1.569596529006958
row_field_delimiter_67_0x20.csv,1.5377390384674072
row_field_delimiter_68_0x20.csv,1.697270154953003
row_field_delimiter_69_0x20.csv,2.0553228855133057
row_field_delimiter_6_0x20.csv,3.074828624725342
row_field_delimiter_70_0x20.csv,1.9286255836486816
row_field_delimiter_71_0x20.csv,2.1014974117279053
row_field_delimiter_72_0x20.csv,1.5714917182922363
row_field_delimiter_73_0x20.csv,1.6183924674987793
row_field_delimiter_74_0x20.csv,1.554161787033081
row_field_delimiter_75_0x20.csv,2.2104063034057617
row_field_delimiter_76_0x20.csv,1.471334457397461
row_field_delimiter_77_0x20.csv,7.713697910308838
row_field_delimiter_78_0x20.csv,1.5817782878875732
row_field_delimiter_79_0x20.csv,2.6886394023895264
row_field_delimiter_7_0x20.csv,3.774982690811157
row_field_delimiter_80_0x20.csv,1.9022278785705569
row_field_delimiter_81_0x20.csv,4.387044429779053
row_field_delimiter_82_0x20.csv,1.6641662120819092
row_field_delimiter_83_0x20.csv,1.690406322479248
row_field_delimiter_8_0x20.csv,0.4747152328491211
row_field_delimiter_9_0x20.csv,3.31241226196289
row_less_sep_row0_col1.csv,33.25292682647705
row_less_sep_row0_col2.csv,0.1400575637817382
row_less_sep_row0_col3.csv,1.4462413787841797
row_less_sep_row0_col4.csv,1.395036697387695
row_less_sep_row0_col5.csv,21.37725853919983
row_less_sep_row0_col6.csv,2.033111810684204
row_less_sep_row0_col7.csv,1.400303602218628
row_less_sep_row0_col8.csv,1.426849126815796
row_less_sep_row10_col1.csv,1.832261562347412
row_less_sep_row10_col2.csv,1.5810561180114746
row_less_sep_row10_col3.csv,2.079042434692383
row_less_sep_row10_col4.csv,1.6855885982513428
row_less_sep_row10_col5.csv,0.1023857593536377
row_less_sep_row10_col6.csv,1.6086809635162354
row_less_sep_row10_col7.csv,1.5677156448364258
row_less_sep_row10_col8.csv,1.6418240070343018
row_less_sep_row11_col1.csv,0.9133071899414062
row_less_sep_row11_col2.csv,1.5502572059631348
row_less_sep_row11_col3.csv,1.5498545169830322
row_less_sep_row11_col4.csv,1.9865169525146484
row_less_sep_row11_col5.csv,1.837974071502685
row_less_sep_row11_col6.csv,2.3598995208740234
row_less_sep_row11_col7.csv,1.7600853443145752
row_less_sep_row11_col8.csv,1.4746031761169434
row_less_sep_row12_col1.csv,2.085650682449341
row_less_sep_row12_col2.csv,1.794698715209961
row_less_sep_row12_col3.csv,1.6624877452850342
row_less_sep_row12_col4.csv,1.576324224472046
row_less_sep_row12_col5.csv,3.7961740493774414
row_less_sep_row12_col6.csv,0.0969161987304687
row_less_sep_row12_col7.csv,1.549945831298828
row_less_sep_row12_col8.csv,2.0345849990844727
row_less_sep_row13_col1.csv,2.4543707370758057
row_less_sep_row13_col2.csv,1.4476826190948486
row_less_sep_row13_col3.csv,1.6836955547332764
row_less_sep_row13_col4.csv,1.4345474243164062
row_less_sep_row13_col5.csv,1.592644214630127
row_less_sep_row13_col6.csv,0.0950884819030761
row_less_sep_row13_col7.csv,1.7206597328186035
row_less_sep_row13_col8.csv,1.500150203704834
row_less_sep_row14_col1.csv,1.6235668659210205
row_less_sep_row14_col2.csv,1.6836826801300049
row_less_sep_row14_col3.csv,1.9142794609069824
row_less_sep_row14_col4.csv,1.5520176887512207
row_less_sep_row14_col5.csv,-1.0333831310272217
row_less_sep_row14_col6.csv,0.0938537120819091
row_less_sep_row14_col7.csv,1.5453665256500244
row_less_sep_row14_col8.csv,1.951159954071045
row_less_sep_row15_col1.csv,2.012101650238037
row_less_sep_row15_col2.csv,1.4722082614898682
row_less_sep_row15_col3.csv,1.829416275024414
row_less_sep_row15_col4.csv,0.2986116409301758
row_less_sep_row15_col5.csv,-0.711531400680542
row_less_sep_row15_col6.csv,1.5421080589294434
row_less_sep_row15_col7.csv,2.20910906791687
row_less_sep_row15_col8.csv,1.9349565505981443
row_less_sep_row16_col1.csv,1.7883524894714355
row_less_sep_row16_col2.csv,1.9221034049987795
row_less_sep_row16_col3.csv,1.773146152496338
row_less_sep_row16_col4.csv,1.63966703414917
row_less_sep_row16_col5.csv,0.0960173606872558
row_less_sep_row16_col6.csv,1.6582653522491455
row_less_sep_row16_col7.csv,2.6679039001464844
row_less_sep_row16_col8.csv,1.4526283740997314
row_less_sep_row17_col1.csv,1.6327643394470217
row_less_sep_row17_col2.csv,1.6284511089324951
row_less_sep_row17_col3.csv,1.79296612739563
row_less_sep_row17_col4.csv,-0.465203046798706
row_less_sep_row17_col5.csv,1.3741216659545898
row_less_sep_row17_col6.csv,0.0989148616790771
row_less_sep_row17_col7.csv,1.4774878025054932
row_less_sep_row17_col8.csv,2.697317123413086
row_less_sep_row18_col1.csv,1.6136457920074463
row_less_sep_row18_col2.csv,1.809251070022583
row_less_sep_row18_col3.csv,1.6180367469787598
row_less_sep_row18_col4.csv,1.7166588306427002
row_less_sep_row18_col5.csv,0.1011488437652587
row_less_sep_row18_col6.csv,2.9853525161743164
row_less_sep_row18_col7.csv,2.199709415435791
row_less_sep_row18_col8.csv,1.556840419769287
row_less_sep_row19_col1.csv,1.6251428127288818
row_less_sep_row19_col2.csv,1.794511318206787
row_less_sep_row19_col3.csv,1.755183458328247
row_less_sep_row19_col4.csv,1.9917662143707275
row_less_sep_row19_col5.csv,0.0871164798736572
row_less_sep_row19_col6.csv,1.836419582366944
row_less_sep_row19_col7.csv,1.7126638889312744
row_less_sep_row19_col8.csv,2.693683862686157
row_less_sep_row1_col1.csv,3.480050802230835
row_less_sep_row1_col2.csv,2.9588851928710938
row_less_sep_row1_col3.csv,5.344502210617065
row_less_sep_row1_col4.csv,3.162971973419189
row_less_sep_row1_col5.csv,2.9625489711761475
row_less_sep_row1_col6.csv,3.797726631164551
row_less_sep_row1_col7.csv,3.687582731246948
row_less_sep_row1_col8.csv,3.8445465564727774
row_less_sep_row20_col1.csv,2.1200268268585205
row_less_sep_row20_col2.csv,1.9240798950195312
row_less_sep_row20_col3.csv,2.1521620750427246
row_less_sep_row20_col4.csv,1.5701165199279783
row_less_sep_row20_col5.csv,0.0974757671356201
row_less_sep_row20_col6.csv,1.8758227825164795
row_less_sep_row20_col7.csv,1.5427041053771973
row_less_sep_row20_col8.csv,1.7300803661346436
row_less_sep_row21_col1.csv,1.5959298610687256
row_less_sep_row21_col2.csv,1.7208867073059082
row_less_sep_row21_col3.csv,1.5468502044677734
row_less_sep_row21_col4.csv,0.3753399848937988
row_less_sep_row21_col5.csv,0.0924603939056396
row_less_sep_row21_col6.csv,1.7255802154541016
row_less_sep_row21_col7.csv,1.5119678974151611
row_less_sep_row21_col8.csv,1.6067895889282229
row_less_sep_row22_col1.csv,-0.5311374664306641
row_less_sep_row22_col2.csv,1.536712884902954
row_less_sep_row22_col3.csv,1.7614753246307373
row_less_sep_row22_col4.csv,1.8797998428344729
row_less_sep_row22_col5.csv,0.1036224365234375
row_less_sep_row22_col6.csv,1.6775450706481934
row_less_sep_row22_col7.csv,1.6534662246704102
row_less_sep_row22_col8.csv,1.663740634918213
row_less_sep_row23_col1.csv,1.4894232749938965
row_less_sep_row23_col2.csv,1.77260160446167
row_less_sep_row23_col3.csv,1.5515165328979492
row_less_sep_row23_col4.csv,1.735239028930664
row_less_sep_row23_col5.csv,2.84225869178772
row_less_sep_row23_col6.csv,1.4152319431304932
row_less_sep_row23_col7.csv,-1.2026801109313965
row_less_sep_row23_col8.csv,1.8041863441467283
row_less_sep_row24_col1.csv,1.6015799045562744
row_less_sep_row24_col2.csv,1.6294059753417969
row_less_sep_row24_col3.csv,1.949355840682984
row_less_sep_row24_col4.csv,1.7411980628967283
row_less_sep_row24_col5.csv,1.450629711151123
row_less_sep_row24_col6.csv,1.6926586627960205
row_less_sep_row24_col7.csv,1.8453054428100584
row_less_sep_row24_col8.csv,2.354755401611328
row_less_sep_row25_col1.csv,1.6758506298065186
row_less_sep_row25_col2.csv,1.6202867031097412
row_less_sep_row25_col3.csv,1.570744514465332
row_less_sep_row25_col4.csv,1.6015872955322266
row_less_sep_row25_col5.csv,1.5874354839324951
row_less_sep_row25_col6.csv,1.8790874481201167
row_less_sep_row25_col7.csv,1.9870917797088623
row_less_sep_row25_col8.csv,2.442028522491455
row_less_sep_row26_col1.csv,2.308983564376831
row_less_sep_row26_col2.csv,1.346968412399292
row_less_sep_row26_col3.csv,1.6098244190216064
row_less_sep_row26_col4.csv,1.5441269874572754
row_less_sep_row26_col5.csv,1.5754656791687012
row_less_sep_row26_col6.csv,0.0917127132415771
row_less_sep_row26_col7.csv,1.5494985580444336
row_less_sep_row26_col8.csv,1.7524027824401855
row_less_sep_row27_col1.csv,1.673248529434204
row_less_sep_row27_col2.csv,1.983337163925171
row_less_sep_row27_col3.csv,1.4933123588562012
row_less_sep_row27_col4.csv,1.927010536193848
row_less_sep_row27_col5.csv,1.5783090591430664
row_less_sep_row27_col6.csv,1.977521896362305
row_less_sep_row27_col7.csv,1.6170499324798584
row_less_sep_row27_col8.csv,1.6802895069122314
row_less_sep_row28_col1.csv,1.825038194656372
row_less_sep_row28_col2.csv,1.674947738647461
row_less_sep_row28_col3.csv,3.860209465026856
row_less_sep_row28_col4.csv,1.945481538772583
row_less_sep_row28_col5.csv,0.0982806682586669
row_less_sep_row28_col6.csv,1.6426184177398682
row_less_sep_row28_col7.csv,1.7791130542755127
row_less_sep_row28_col8.csv,1.5046947002410889
row_less_sep_row29_col1.csv,1.756391525268555
row_less_sep_row29_col2.csv,1.8912105560302728
row_less_sep_row29_col3.csv,2.2847912311553955
row_less_sep_row29_col4.csv,3.008085489273072
row_less_sep_row29_col5.csv,3.356588125228882
row_less_sep_row29_col6.csv,1.729856014251709
row_less_sep_row29_col7.csv,1.9944758415222168
row_less_sep_row29_col8.csv,1.9512286186218264
row_less_sep_row2_col1.csv,2.799985647201538
row_less_sep_row2_col2.csv,1.639873743057251
row_less_sep_row2_col3.csv,3.2956652641296387
row_less_sep_row2_col4.csv,2.925938129425049
row_less_sep_row2_col5.csv,3.6812689304351807
row_less_sep_row2_col6.csv,3.4071948528289795
row_less_sep_row2_col7.csv,7.986342191696167
row_less_sep_row2_col8.csv,3.448815107345581
row_less_sep_row30_col1.csv,5.444628477096558
row_less_sep_row30_col2.csv,1.6123507022857666
row_less_sep_row30_col3.csv,1.7478842735290527
row_less_sep_row30_col4.csv,1.634748935699463
row_less_sep_row30_col5.csv,0.0985975265502929
row_less_sep_row30_col6.csv,-1.0790519714355469
row_less_sep_row30_col7.csv,1.5919995307922363
row_less_sep_row30_col8.csv,1.6528968811035156
row_less_sep_row31_col1.csv,-1.5524601936340332
row_less_sep_row31_col2.csv,1.7730860710144043
row_less_sep_row31_col3.csv,3.324275255203247
row_less_sep_row31_col4.csv,2.22066330909729
row_less_sep_row31_col5.csv,1.6763005256652832
row_less_sep_row31_col6.csv,1.881032466888428
row_less_sep_row31_col7.csv,5.178035497665405
row_less_sep_row31_col8.csv,1.5406813621520996
row_less_sep_row32_col1.csv,1.5401206016540527
row_less_sep_row32_col2.csv,1.546607255935669
row_less_sep_row32_col3.csv,1.783385992050171
row_less_sep_row32_col4.csv,1.740640640258789
row_less_sep_row32_col5.csv,0.0892260074615478
row_less_sep_row32_col6.csv,1.4623007774353027
row_less_sep_row32_col7.csv,1.5368273258209229
row_less_sep_row32_col8.csv,1.4878580570220947
row_less_sep_row33_col1.csv,1.7244210243225098
row_less_sep_row33_col2.csv,-0.97542405128479
row_less_sep_row33_col3.csv,1.643909215927124
row_less_sep_row33_col4.csv,1.6395635604858398
row_less_sep_row33_col5.csv,0.0916249752044677
row_less_sep_row33_col6.csv,1.757715940475464
row_less_sep_row33_col7.csv,-1.9812402725219729
row_less_sep_row33_col8.csv,2.163072109222412
row_less_sep_row34_col1.csv,1.7214460372924805
row_less_sep_row34_col2.csv,1.4534170627593994
row_less_sep_row34_col3.csv,1.772369384765625
row_less_sep_row34_col4.csv,1.771895408630371
row_less_sep_row34_col5.csv,1.4191887378692627
row_less_sep_row34_col6.csv,2.163395643234253
row_less_sep_row34_col7.csv,2.3171963691711426
row_less_sep_row34_col8.csv,-1.0451979637145996
row_less_sep_row35_col1.csv,1.7220289707183838
row_less_sep_row35_col2.csv,1.542785406112671
row_less_sep_row35_col3.csv,1.7341089248657229
row_less_sep_row35_col4.csv,1.936974048614502
row_less_sep_row35_col5.csv,1.8292264938354488
row_less_sep_row35_col6.csv,2.165526866912842
row_less_sep_row35_col7.csv,2.058533906936645
row_less_sep_row35_col8.csv,1.6166057586669922
row_less_sep_row36_col1.csv,1.7237591743469238
row_less_sep_row36_col2.csv,1.7181313037872314
row_less_sep_row36_col3.csv,1.8023419380187988
row_less_sep_row36_col4.csv,1.7141125202178955
row_less_sep_row36_col5.csv,1.5545940399169922
row_less_sep_row36_col6.csv,1.6981656551361084
row_less_sep_row36_col7.csv,2.1093246936798096
row_less_sep_row36_col8.csv,1.6112923622131348
row_less_sep_row37_col1.csv,1.403083324432373
row_less_sep_row37_col2.csv,1.803217887878418
row_less_sep_row37_col3.csv,1.9272315502166748
row_less_sep_row37_col4.csv,1.4778685569763184
row_less_sep_row37_col5.csv,0.0950281620025634
row_less_sep_row37_col6.csv,1.8816125392913816
row_less_sep_row37_col7.csv,1.593729019165039
row_less_sep_row37_col8.csv,1.9964182376861568
row_less_sep_row38_col1.csv,1.7065680027008057
row_less_sep_row38_col2.csv,1.8212971687316888
row_less_sep_row38_col3.csv,3.7771425247192383
row_less_sep_row38_col4.csv,1.6197991371154783
row_less_sep_row38_col5.csv,0.0955898761749267
row_less_sep_row38_col6.csv,1.6154217720031738
row_less_sep_row38_col7.csv,1.4551737308502195
row_less_sep_row38_col8.csv,1.7063655853271484
row_less_sep_row39_col1.csv,2.0476410388946533
row_less_sep_row39_col2.csv,1.8797483444213867
row_less_sep_row39_col3.csv,1.867002964019776
row_less_sep_row39_col4.csv,2.219160318374634
row_less_sep_row39_col5.csv,0.1006217002868652
row_less_sep_row39_col6.csv,1.6171214580535889
row_less_sep_row39_col7.csv,1.6617448329925537
row_less_sep_row39_col8.csv,1.9692835807800293
row_less_sep_row3_col1.csv,0.1480484008789062
row_less_sep_row3_col2.csv,0.149961233139038
row_less_sep_row3_col3.csv,2.9853994846343994
row_less_sep_row3_col4.csv,2.9559686183929443
row_less_sep_row3_col5.csv,3.126720666885376
row_less_sep_row3_col6.csv,1.276153326034546
row_less_sep_row3_col7.csv,3.1934492588043213
row_less_sep_row3_col8.csv,7.780029296875
row_less_sep_row40_col1.csv,2.058375358581543
row_less_sep_row40_col2.csv,1.898871898651123
row_less_sep_row40_col3.csv,1.7094285488128662
row_less_sep_row40_col4.csv,2.6672818660736084
row_less_sep_row40_col5.csv,0.0963976383209228
row_less_sep_row40_col6.csv,1.8148927688598635
row_less_sep_row40_col7.csv,1.832491397857666
row_less_sep_row40_col8.csv,1.7048039436340332
row_less_sep_row41_col1.csv,1.583524465560913
row_less_sep_row41_col2.csv,1.7856059074401855
row_less_sep_row41_col3.csv,1.659895658493042
row_less_sep_row41_col4.csv,1.6563878059387207
row_less_sep_row41_col5.csv,1.5661520957946775
row_less_sep_row41_col6.csv,2.248539447784424
row_less_sep_row41_col7.csv,1.55267071723938
row_less_sep_row41_col8.csv,1.6785290241241455
row_less_sep_row42_col1.csv,1.4767980575561523
row_less_sep_row42_col2.csv,-1.0249671936035156
row_less_sep_row42_col3.csv,1.7214205265045166
row_less_sep_row42_col4.csv,1.5703587532043457
row_less_sep_row42_col5.csv,1.8624026775360107
row_less_sep_row42_col6.csv,1.8069214820861816
row_less_sep_row42_col7.csv,-0.9894866943359376
row_less_sep_row42_col8.csv,4.371546983718872
row_less_sep_row43_col1.csv,1.4160802364349363
row_less_sep_row43_col2.csv,1.4341802597045898
row_less_sep_row43_col3.csv,2.4625611305236816
row_less_sep_row43_col4.csv,-0.8614852428436279
row_less_sep_row43_col5.csv,1.6812872886657717
row_less_sep_row43_col6.csv,1.93735933303833
row_less_sep_row43_col7.csv,1.7221295833587646
row_less_sep_row43_col8.csv,1.5449090003967283
row_less_sep_row44_col1.csv,1.760530948638916
row_less_sep_row44_col2.csv,0.1879496574401855
row_less_sep_row44_col3.csv,1.9043402671813965
row_less_sep_row44_col4.csv,1.658987045288086
row_less_sep_row44_col5.csv,1.746124029159546
row_less_sep_row44_col6.csv,2.191979169845581
row_less_sep_row44_col7.csv,1.5791428089141846
row_less_sep_row44_col8.csv,1.840798139572144
row_less_sep_row45_col1.csv,8.1771981716156
row_less_sep_row45_col2.csv,1.5698065757751465
row_less_sep_row45_col3.csv,1.661797046661377
row_less_sep_row45_col4.csv,1.4676826000213623
row_less_sep_row45_col5.csv,0.0980293750762939
row_less_sep_row45_col6.csv,1.4027490615844729
row_less_sep_row45_col7.csv,1.720865249633789
row_less_sep_row45_col8.csv,1.4074311256408691
row_less_sep_row46_col1.csv,1.413074016571045
row_less_sep_row46_col2.csv,1.5176150798797607
row_less_sep_row46_col3.csv,1.580913543701172
row_less_sep_row46_col4.csv,1.8255884647369385
row_less_sep_row46_col5.csv,1.460165023803711
row_less_sep_row46_col6.csv,0.1004004478454589
row_less_sep_row46_col7.csv,1.3775434494018557
row_less_sep_row46_col8.csv,1.6854639053344729
row_less_sep_row47_col1.csv,3.69189977645874
row_less_sep_row47_col2.csv,5.023758411407471
row_less_sep_row47_col3.csv,1.678396463394165
row_less_sep_row47_col4.csv,2.392509937286377
row_less_sep_row47_col5.csv,2.2005465030670166
row_less_sep_row47_col6.csv,0.0884768962860107
row_less_sep_row47_col7.csv,2.093794584274292
row_less_sep_row47_col8.csv,1.6813158988952637
row_less_sep_row48_col1.csv,1.6227757930755615
row_less_sep_row48_col2.csv,1.7265384197235107
row_less_sep_row48_col3.csv,1.6522960662841797
row_less_sep_row48_col4.csv,3.19184684753418
row_less_sep_row48_col5.csv,2.0217013359069824
row_less_sep_row48_col6.csv,1.6914458274841309
row_less_sep_row48_col7.csv,2.15882420539856
row_less_sep_row48_col8.csv,1.7698149681091309
row_less_sep_row49_col1.csv,1.9083149433135984
row_less_sep_row49_col2.csv,1.8758823871612549
row_less_sep_row49_col3.csv,2.185845375061035
row_less_sep_row49_col4.csv,1.795177698135376
row_less_sep_row49_col5.csv,0.0977454185485839
row_less_sep_row49_col6.csv,1.8080105781555176
row_less_sep_row49_col7.csv,1.928740739822388
row_less_sep_row49_col8.csv,1.7472901344299316
row_less_sep_row4_col1.csv,3.26678204536438
row_less_sep_row4_col2.csv,3.1334476470947266
row_less_sep_row4_col3.csv,4.072758674621582
row_less_sep_row4_col4.csv,0.1487843990325927
row_less_sep_row4_col5.csv,2.852378845214844
row_less_sep_row4_col6.csv,3.082184076309204
row_less_sep_row4_col7.csv,3.1032204627990723
row_less_sep_row4_col8.csv,2.9821250438690186
row_less_sep_row50_col1.csv,1.770214319229126
row_less_sep_row50_col2.csv,1.847007751464844
row_less_sep_row50_col3.csv,1.658212423324585
row_less_sep_row50_col4.csv,1.7412054538726809
row_less_sep_row50_col5.csv,2.048441171646118
row_less_sep_row50_col6.csv,0.1068668365478515
row_less_sep_row50_col7.csv,1.5927910804748535
row_less_sep_row50_col8.csv,2.870591878890991
row_less_sep_row51_col1.csv,1.4344768524169922
row_less_sep_row51_col2.csv,1.4911084175109863
row_less_sep_row51_col3.csv,1.5411226749420166
row_less_sep_row51_col4.csv,2.0085551738739014
row_less_sep_row51_col5.csv,1.524266242980957
row_less_sep_row51_col6.csv,1.728821039199829
row_less_sep_row51_col7.csv,1.640284538269043
row_less_sep_row51_col8.csv,1.928663730621338
row_less_sep_row52_col1.csv,1.6049911975860596
row_less_sep_row52_col2.csv,2.540602207183838
row_less_sep_row52_col3.csv,1.6104543209075928
row_less_sep_row52_col4.csv,-0.835935115814209
row_less_sep_row52_col5.csv,1.5333197116851809
row_less_sep_row52_col6.csv,1.556586980819702
row_less_sep_row52_col7.csv,2.067207336425781
row_less_sep_row52_col8.csv,1.7834851741790771
row_less_sep_row53_col1.csv,1.6176254749298096
row_less_sep_row53_col2.csv,1.512186050415039
row_less_sep_row53_col3.csv,-0.6365549564361572
row_less_sep_row53_col4.csv,1.7532191276550293
row_less_sep_row53_col5.csv,2.078594446182251
row_less_sep_row53_col6.csv,0.1096181869506836
row_less_sep_row53_col7.csv,1.550609111785889
row_less_sep_row53_col8.csv,1.5368571281433103
row_less_sep_row54_col1.csv,1.630327224731445
row_less_sep_row54_col2.csv,-0.386838436126709
row_less_sep_row54_col3.csv,1.7657849788665771
row_less_sep_row54_col4.csv,1.7032601833343506
row_less_sep_row54_col5.csv,0.0994985103607177
row_less_sep_row54_col6.csv,1.8005321025848389
row_less_sep_row54_col7.csv,1.4420528411865234
row_less_sep_row54_col8.csv,1.985400676727295
row_less_sep_row55_col1.csv,1.700629949569702
row_less_sep_row55_col2.csv,1.4613304138183594
row_less_sep_row55_col3.csv,1.6444032192230225
row_less_sep_row55_col4.csv,1.600228786468506
row_less_sep_row55_col5.csv,1.545558214187622
row_less_sep_row55_col6.csv,0.0990185737609863
row_less_sep_row55_col7.csv,1.9221174716949463
row_less_sep_row55_col8.csv,1.6505126953125
row_less_sep_row56_col1.csv,-1.7595276832580566
row_less_sep_row56_col2.csv,2.3223979473114014
row_less_sep_row56_col3.csv,1.7363154888153076
row_less_sep_row56_col4.csv,1.4862785339355469
row_less_sep_row56_col5.csv,1.3200209140777588
row_less_sep_row56_col6.csv,1.652022123336792
row_less_sep_row56_col7.csv,1.7322592735290527
row_less_sep_row56_col8.csv,1.7525811195373535
row_less_sep_row57_col1.csv,1.605074405670166
row_less_sep_row57_col2.csv,2.511018753051758
row_less_sep_row57_col3.csv,1.466475009918213
row_less_sep_row57_col4.csv,1.409672498703003
row_less_sep_row57_col5.csv,1.6053133010864258
row_less_sep_row57_col6.csv,0.0989840030670166
row_less_sep_row57_col7.csv,1.6966886520385742
row_less_sep_row57_col8.csv,1.6781411170959473
row_less_sep_row58_col1.csv,1.930605411529541
row_less_sep_row58_col2.csv,2.031947135925293
row_less_sep_row58_col3.csv,1.91952919960022
row_less_sep_row58_col4.csv,2.316474199295044
row_less_sep_row58_col5.csv,0.0977358818054199
row_less_sep_row58_col6.csv,1.7171649932861328
row_less_sep_row58_col7.csv,1.6373028755187988
row_less_sep_row58_col8.csv,1.593080997467041
row_less_sep_row59_col1.csv,2.959923028945923
row_less_sep_row59_col2.csv,1.7536804676055908
row_less_sep_row59_col3.csv,1.8439781665802
row_less_sep_row59_col4.csv,1.553168535232544
row_less_sep_row59_col5.csv,1.6810534000396729
row_less_sep_row59_col6.csv,1.514164924621582
row_less_sep_row59_col7.csv,2.76283860206604
row_less_sep_row59_col8.csv,7.135081052780151
row_less_sep_row5_col1.csv,3.104319334030152
row_less_sep_row5_col2.csv,3.4922120571136475
row_less_sep_row5_col3.csv,2.888661623001098
row_less_sep_row5_col4.csv,3.2438788414001465
row_less_sep_row5_col5.csv,1.4741742610931396
row_less_sep_row5_col6.csv,7.313886404037476
row_less_sep_row5_col7.csv,6.907141447067261
row_less_sep_row5_col8.csv,2.9385128021240234
row_less_sep_row60_col1.csv,2.2630956172943115
row_less_sep_row60_col2.csv,-1.0208537578582764
row_less_sep_row60_col3.csv,-0.8890020847320557
row_less_sep_row60_col4.csv,1.5598976612091064
row_less_sep_row60_col5.csv,0.0988154411315918
row_less_sep_row60_col6.csv,2.52197003364563
row_less_sep_row60_col7.csv,1.672710418701172
row_less_sep_row60_col8.csv,1.5092082023620603
row_less_sep_row61_col1.csv,1.8281776905059808
row_less_sep_row61_col2.csv,1.4999401569366455
row_less_sep_row61_col3.csv,2.0280649662017822
row_less_sep_row61_col4.csv,1.7753939628601074
row_less_sep_row61_col5.csv,2.561854600906372
row_less_sep_row61_col6.csv,0.2473227977752685
row_less_sep_row61_col7.csv,1.552462100982666
row_less_sep_row61_col8.csv,1.8047008514404297
row_less_sep_row62_col1.csv,1.8940205574035645
row_less_sep_row62_col2.csv,1.598935604095459
row_less_sep_row62_col3.csv,-1.1557166576385498
row_less_sep_row62_col4.csv,1.672702074050903
row_less_sep_row62_col5.csv,1.477656364440918
row_less_sep_row62_col6.csv,0.0932676792144775
row_less_sep_row62_col7.csv,1.7538402080535889
row_less_sep_row62_col8.csv,1.526656150817871
row_less_sep_row63_col1.csv,2.639531135559082
row_less_sep_row63_col2.csv,1.882643699645996
row_less_sep_row63_col3.csv,1.6090409755706787
row_less_sep_row63_col4.csv,1.8072304725646973
row_less_sep_row63_col5.csv,1.4530043601989746
row_less_sep_row63_col6.csv,1.4814355373382568
row_less_sep_row63_col7.csv,1.592252254486084
row_less_sep_row63_col8.csv,1.8821802139282229
row_less_sep_row64_col1.csv,1.736884355545044
row_less_sep_row64_col2.csv,2.0992000102996826
row_less_sep_row64_col3.csv,1.4963526725769043
row_less_sep_row64_col4.csv,1.897816181182861
row_less_sep_row64_col5.csv,0.086329698562622
row_less_sep_row64_col6.csv,1.613550901412964
row_less_sep_row64_col7.csv,1.4472451210021973
row_less_sep_row64_col8.csv,1.4174201488494873
row_less_sep_row65_col1.csv,1.562082290649414
row_less_sep_row65_col2.csv,2.039557456970215
row_less_sep_row65_col3.csv,1.853815555572509
row_less_sep_row65_col4.csv,1.5103199481964111
row_less_sep_row65_col5.csv,2.062824249267578
row_less_sep_row65_col6.csv,0.0961058139801025
row_less_sep_row65_col7.csv,1.973810195922852
row_less_sep_row65_col8.csv,1.7183029651641846
row_less_sep_row66_col1.csv,1.5809791088104248
row_less_sep_row66_col2.csv,1.723759651184082
row_less_sep_row66_col3.csv,1.5904123783111572
row_less_sep_row66_col4.csv,1.674208402633667
row_less_sep_row66_col5.csv,1.812313318252564
row_less_sep_row66_col6.csv,1.7680609226226809
row_less_sep_row66_col7.csv,1.981193780899048
row_less_sep_row66_col8.csv,3.4886653423309326
row_less_sep_row67_col1.csv,1.4917378425598145
row_less_sep_row67_col2.csv,2.0109989643096924
row_less_sep_row67_col3.csv,1.6755259037017822
row_less_sep_row67_col4.csv,2.115319013595581
row_less_sep_row67_col5.csv,1.573673963546753
row_less_sep_row67_col6.csv,1.7461581230163574
row_less_sep_row67_col7.csv,1.7834043502807615
row_less_sep_row67_col8.csv,1.6712281703948977
row_less_sep_row68_col1.csv,1.991746425628662
row_less_sep_row68_col2.csv,1.783865213394165
row_less_sep_row68_col3.csv,2.1729559898376465
row_less_sep_row68_col4.csv,1.5982120037078855
row_less_sep_row68_col5.csv,1.7186920642852783
row_less_sep_row68_col6.csv,1.4860329627990725
row_less_sep_row68_col7.csv,1.610278844833374
row_less_sep_row68_col8.csv,1.714982032775879
row_less_sep_row69_col1.csv,1.583631992340088
row_less_sep_row69_col2.csv,1.5769987106323242
row_less_sep_row69_col3.csv,2.2934696674346924
row_less_sep_row69_col4.csv,1.8423092365264893
row_less_sep_row69_col5.csv,0.0983941555023193
row_less_sep_row69_col6.csv,1.8652632236480715
row_less_sep_row69_col7.csv,1.8472661972045896
row_less_sep_row69_col8.csv,2.156646966934204
row_less_sep_row6_col1.csv,2.880216360092163
row_less_sep_row6_col2.csv,3.037415027618408
row_less_sep_row6_col3.csv,3.115481376647949
row_less_sep_row6_col4.csv,2.866813898086548
row_less_sep_row6_col5.csv,4.5358052253723145
row_less_sep_row6_col6.csv,1.3935790061950684
row_less_sep_row6_col7.csv,2.9476726055145264
row_less_sep_row6_col8.csv,2.831237554550171
row_less_sep_row70_col1.csv,2.028518915176392
row_less_sep_row70_col2.csv,2.027724504470825
row_less_sep_row70_col3.csv,1.9209222793579104
row_less_sep_row70_col4.csv,1.855949878692627
row_less_sep_row70_col5.csv,1.919800043106079
row_less_sep_row70_col6.csv,1.6887967586517334
row_less_sep_row70_col7.csv,2.0554909706115723
row_less_sep_row70_col8.csv,2.287861585617065
row_less_sep_row71_col1.csv,1.588526964187622
row_less_sep_row71_col2.csv,1.9105939865112305
row_less_sep_row71_col3.csv,1.2920863628387451
row_less_sep_row71_col4.csv,1.7423899173736572
row_less_sep_row71_col5.csv,0.0907180309295654
row_less_sep_row71_col6.csv,1.4774510860443115
row_less_sep_row71_col7.csv,1.717353105545044
row_less_sep_row71_col8.csv,1.5545713901519775
row_less_sep_row72_col1.csv,1.8282926082611084
row_less_sep_row72_col2.csv,1.5209367275238037
row_less_sep_row72_col3.csv,4.982334613800049
row_less_sep_row72_col4.csv,1.552779197692871
row_less_sep_row72_col5.csv,2.0239572525024414
row_less_sep_row72_col6.csv,0.0904023647308349
row_less_sep_row72_col7.csv,1.6776776313781738
row_less_sep_row72_col8.csv,1.7160396575927734
row_less_sep_row73_col1.csv,1.7113993167877195
row_less_sep_row73_col2.csv,4.290475368499756
row_less_sep_row73_col3.csv,1.6366593837738037
row_less_sep_row73_col4.csv,1.5561347007751465
row_less_sep_row73_col5.csv,-1.0492660999298096
row_less_sep_row73_col6.csv,1.5524909496307373
row_less_sep_row73_col7.csv,1.98214054107666
row_less_sep_row73_col8.csv,1.8512332439422607
row_less_sep_row74_col1.csv,1.8316497802734373
row_less_sep_row74_col2.csv,-1.0714542865753174
row_less_sep_row74_col3.csv,1.6435329914093018
row_less_sep_row74_col4.csv,1.466003179550171
row_less_sep_row74_col5.csv,1.3585429191589355
row_less_sep_row74_col6.csv,1.702831506729126
row_less_sep_row74_col7.csv,2.0679850578308105
row_less_sep_row74_col8.csv,1.8712537288665767
row_less_sep_row75_col1.csv,1.599321365356445
row_less_sep_row75_col2.csv,4.00703239440918
row_less_sep_row75_col3.csv,1.8781838417053225
row_less_sep_row75_col4.csv,1.5585412979125977
row_less_sep_row75_col5.csv,1.6371259689331057
row_less_sep_row75_col6.csv,1.922843217849732
row_less_sep_row75_col7.csv,1.861668348312378
row_less_sep_row75_col8.csv,1.3959741592407229
row_less_sep_row76_col1.csv,4.100873947143555
row_less_sep_row76_col2.csv,1.692574977874756
row_less_sep_row76_col3.csv,1.7534828186035156
row_less_sep_row76_col4.csv,1.4656941890716553
row_less_sep_row76_col5.csv,1.8428921699523928
row_less_sep_row76_col6.csv,0.0972282886505127
row_less_sep_row76_col7.csv,1.9521818161010744
row_less_sep_row76_col8.csv,1.8098485469818115
row_less_sep_row77_col1.csv,1.8493404388427728
row_less_sep_row77_col2.csv,1.4900221824645996
row_less_sep_row77_col3.csv,1.4477927684783936
row_less_sep_row77_col4.csv,1.7018814086914062
row_less_sep_row77_col5.csv,3.241018533706665
row_less_sep_row77_col6.csv,0.1007513999938964
row_less_sep_row77_col7.csv,2.3649678230285645
row_less_sep_row77_col8.csv,1.5473353862762451
row_less_sep_row78_col1.csv,1.4315118789672852
row_less_sep_row78_col2.csv,3.0813794136047363
row_less_sep_row78_col3.csv,1.444383144378662
row_less_sep_row78_col4.csv,2.038733720779419
row_less_sep_row78_col5.csv,2.848517179489136
row_less_sep_row78_col6.csv,1.6980650424957275
row_less_sep_row78_col7.csv,1.4412283897399902
row_less_sep_row78_col8.csv,1.6114249229431152
row_less_sep_row79_col1.csv,1.863390684127808
row_less_sep_row79_col2.csv,2.35693883895874
row_less_sep_row79_col3.csv,1.7645924091339111
row_less_sep_row79_col4.csv,1.904665231704712
row_less_sep_row79_col5.csv,1.906313180923462
row_less_sep_row79_col6.csv,1.4536590576171875
row_less_sep_row79_col7.csv,-0.0956003665924072
row_less_sep_row79_col8.csv,1.4800961017608645
row_less_sep_row7_col1.csv,3.623746395111084
row_less_sep_row7_col2.csv,10.351780891418455
row_less_sep_row7_col3.csv,3.332866907119751
row_less_sep_row7_col4.csv,1.0238120555877686
row_less_sep_row7_col5.csv,2.813053846359253
row_less_sep_row7_col6.csv,2.970744371414185
row_less_sep_row7_col7.csv,2.824153184890747
row_less_sep_row7_col8.csv,2.833441972732544
row_less_sep_row80_col1.csv,1.5181069374084473
row_less_sep_row80_col2.csv,2.281306266784668
row_less_sep_row80_col3.csv,1.686723709106445
row_less_sep_row80_col4.csv,2.1049964427948
row_less_sep_row80_col5.csv,0.0984289646148681
row_less_sep_row80_col6.csv,1.518998622894287
row_less_sep_row80_col7.csv,1.4471166133880615
row_less_sep_row80_col8.csv,1.604344606399536
row_less_sep_row81_col1.csv,1.4966166019439695
row_less_sep_row81_col2.csv,1.6550676822662354
row_less_sep_row81_col3.csv,2.029904842376709
row_less_sep_row81_col4.csv,1.5645899772644043
row_less_sep_row81_col5.csv,2.6680264472961426
row_less_sep_row81_col6.csv,1.9736130237579343
row_less_sep_row81_col7.csv,-0.6589295864105225
row_less_sep_row81_col8.csv,1.590500831604004
row_less_sep_row82_col1.csv,1.6426541805267334
row_less_sep_row82_col2.csv,1.5785906314849854
row_less_sep_row82_col3.csv,1.5184733867645264
row_less_sep_row82_col4.csv,1.5481760501861572
row_less_sep_row82_col5.csv,1.5289876461029053
row_less_sep_row82_col6.csv,1.5274224281311035
row_less_sep_row82_col7.csv,1.6189570426940918
row_less_sep_row82_col8.csv,1.5699896812438965
row_less_sep_row83_col1.csv,1.889085292816162
row_less_sep_row83_col2.csv,1.7330632209777832
row_less_sep_row83_col3.csv,1.6621789932250977
row_less_sep_row83_col4.csv,1.5696887969970703
row_less_sep_row83_col5.csv,0.0893163681030273
row_less_sep_row83_col6.csv,2.0741546154022217
row_less_sep_row83_col7.csv,2.009938716888428
row_less_sep_row83_col8.csv,4.057510614395142
row_less_sep_row8_col1.csv,3.063455820083618
row_less_sep_row8_col2.csv,4.834259510040283
row_less_sep_row8_col3.csv,2.8905129432678223
row_less_sep_row8_col4.csv,2.844443321228028
row_less_sep_row8_col5.csv,1.324594497680664
row_less_sep_row8_col6.csv,0.4047164916992187
row_less_sep_row8_col7.csv,5.692773342132568
row_less_sep_row8_col8.csv,2.6404359340667725
row_less_sep_row9_col1.csv,2.9371261596679688
row_less_sep_row9_col2.csv,2.6269357204437256
row_less_sep_row9_col3.csv,3.841118097305298
row_less_sep_row9_col4.csv,2.803716897964477
row_less_sep_row9_col5.csv,-1.0064616203308103
row_less_sep_row9_col6.csv,3.191756010055542
row_less_sep_row9_col7.csv,2.968397617340088
row_less_sep_row9_col8.csv,3.079387187957764
row_more_sep_row0_col0.csv,33.34555625915527
row_more_sep_row0_col1.csv,37.66820573806763
row_more_sep_row0_col2.csv,33.87208366394043
row_more_sep_row0_col3.csv,1.3738126754760742
row_more_sep_row0_col4.csv,0.1034815311431884
row_more_sep_row0_col5.csv,4.716899871826172
row_more_sep_row0_col6.csv,33.177393198013306
row_more_sep_row0_col7.csv,35.34979200363159
row_more_sep_row0_col8.csv,37.683369636535645
row_more_sep_row10_col0.csv,2.26694917678833
row_more_sep_row10_col1.csv,1.7383720874786377
row_more_sep_row10_col2.csv,1.5665864944458008
row_more_sep_row10_col3.csv,1.612438440322876
row_more_sep_row10_col4.csv,1.441279649734497
row_more_sep_row10_col5.csv,1.7609431743621826
row_more_sep_row10_col6.csv,1.9054498672485352
row_more_sep_row10_col7.csv,1.7385103702545166
row_more_sep_row10_col8.csv,2.24546217918396
row_more_sep_row11_col0.csv,1.7676310539245603
row_more_sep_row11_col1.csv,-1.1078622341156006
row_more_sep_row11_col2.csv,1.4666759967803955
row_more_sep_row11_col3.csv,1.9673380851745603
row_more_sep_row11_col4.csv,1.60974383354187
row_more_sep_row11_col5.csv,1.6818883419036863
row_more_sep_row11_col6.csv,2.346985340118408
row_more_sep_row11_col7.csv,1.5553922653198242
row_more_sep_row11_col8.csv,1.4800629615783691
row_more_sep_row12_col0.csv,1.885904312133789
row_more_sep_row12_col1.csv,1.7480711936950684
row_more_sep_row12_col2.csv,1.6124732494354248
row_more_sep_row12_col3.csv,2.114156484603882
row_more_sep_row12_col4.csv,1.6141090393066406
row_more_sep_row12_col5.csv,2.3368589878082275
row_more_sep_row12_col6.csv,1.8673429489135744
row_more_sep_row12_col7.csv,1.810507774353028
row_more_sep_row12_col8.csv,1.8498942852020264
row_more_sep_row13_col0.csv,1.8254938125610352
row_more_sep_row13_col1.csv,1.7686362266540527
row_more_sep_row13_col2.csv,1.9449913501739504
row_more_sep_row13_col3.csv,1.5271449089050293
row_more_sep_row13_col4.csv,1.4399478435516355
row_more_sep_row13_col5.csv,1.36423659324646
row_more_sep_row13_col6.csv,1.8165385723114007
row_more_sep_row13_col7.csv,1.989694595336914
row_more_sep_row13_col8.csv,1.366436004638672
row_more_sep_row14_col0.csv,1.6073486804962158
row_more_sep_row14_col1.csv,1.5239791870117188
row_more_sep_row14_col2.csv,1.5322530269622805
row_more_sep_row14_col3.csv,1.534050226211548
row_more_sep_row14_col4.csv,1.614013433456421
row_more_sep_row14_col5.csv,1.891717433929444
row_more_sep_row14_col6.csv,1.652310848236084
row_more_sep_row14_col7.csv,1.827288627624512
row_more_sep_row14_col8.csv,1.889131784439087
row_more_sep_row15_col0.csv,-0.4684667587280273
row_more_sep_row15_col1.csv,1.570580244064331
row_more_sep_row15_col2.csv,1.612033128738403
row_more_sep_row15_col3.csv,1.4978253841400146
row_more_sep_row15_col4.csv,1.864309787750244
row_more_sep_row15_col5.csv,1.5896027088165283
row_more_sep_row15_col6.csv,1.4983012676239014
row_more_sep_row15_col7.csv,1.5395216941833496
row_more_sep_row15_col8.csv,1.876129388809204
row_more_sep_row16_col0.csv,1.6975421905517578
row_more_sep_row16_col1.csv,1.7526233196258545
row_more_sep_row16_col2.csv,1.6911699771881104
row_more_sep_row16_col3.csv,1.7391917705535889
row_more_sep_row16_col4.csv,1.8054313659667969
row_more_sep_row16_col5.csv,1.990661382675171
row_more_sep_row16_col6.csv,1.6622183322906494
row_more_sep_row16_col7.csv,1.7029814720153809
row_more_sep_row16_col8.csv,2.2029433250427246
row_more_sep_row17_col0.csv,1.5156304836273191
row_more_sep_row17_col1.csv,1.59922456741333
row_more_sep_row17_col2.csv,1.468745470046997
row_more_sep_row17_col3.csv,2.7960779666900635
row_more_sep_row17_col4.csv,1.5601322650909424
row_more_sep_row17_col5.csv,1.422996997833252
row_more_sep_row17_col6.csv,2.3494699001312256
row_more_sep_row17_col7.csv,1.7475910186767578
row_more_sep_row17_col8.csv,1.509776592254639
row_more_sep_row18_col0.csv,1.6566979885101318
row_more_sep_row18_col1.csv,1.6618413925170898
row_more_sep_row18_col2.csv,1.673948049545288
row_more_sep_row18_col3.csv,1.8652219772338867
row_more_sep_row18_col4.csv,1.6939480304718018
row_more_sep_row18_col5.csv,1.678307294845581
row_more_sep_row18_col6.csv,1.7869315147399902
row_more_sep_row18_col7.csv,1.9340887069702148
row_more_sep_row18_col8.csv,1.7152128219604492
row_more_sep_row19_col0.csv,2.2924599647521973
row_more_sep_row19_col1.csv,1.82910680770874
row_more_sep_row19_col2.csv,1.7105393409729004
row_more_sep_row19_col3.csv,1.777801275253296
row_more_sep_row19_col4.csv,0.1450481414794922
row_more_sep_row19_col5.csv,1.7755956649780271
row_more_sep_row19_col6.csv,1.6316149234771729
row_more_sep_row19_col7.csv,2.8622100353240967
row_more_sep_row19_col8.csv,-0.2945802211761474
row_more_sep_row1_col0.csv,3.0406031608581543
row_more_sep_row1_col1.csv,3.674495935440064
row_more_sep_row1_col2.csv,2.955329418182373
row_more_sep_row1_col3.csv,3.270517110824585
row_more_sep_row1_col4.csv,5.003079175949097
row_more_sep_row1_col5.csv,3.691592931747437
row_more_sep_row1_col6.csv,4.386902809143066
row_more_sep_row1_col7.csv,2.995168447494507
row_more_sep_row1_col8.csv,3.070145845413208
row_more_sep_row20_col0.csv,1.756866455078125
row_more_sep_row20_col1.csv,1.5694270133972168
row_more_sep_row20_col2.csv,1.6863794326782229
row_more_sep_row20_col3.csv,1.91441011428833
row_more_sep_row20_col4.csv,1.435102939605713
row_more_sep_row20_col5.csv,1.6815135478973389
row_more_sep_row20_col6.csv,1.931023120880127
row_more_sep_row20_col7.csv,2.1332004070281982
row_more_sep_row20_col8.csv,1.649677276611328
row_more_sep_row21_col0.csv,1.850414037704468
row_more_sep_row21_col1.csv,1.5043528079986572
row_more_sep_row21_col2.csv,-0.9133734703063964
row_more_sep_row21_col3.csv,1.727644443511963
row_more_sep_row21_col4.csv,3.089334487915039
row_more_sep_row21_col5.csv,1.828575134277344
row_more_sep_row21_col6.csv,1.8469374179840088
row_more_sep_row21_col7.csv,1.6757919788360596
row_more_sep_row21_col8.csv,1.7588658332824707
row_more_sep_row22_col0.csv,1.509852409362793
row_more_sep_row22_col1.csv,1.6657273769378662
row_more_sep_row22_col2.csv,1.65147066116333
row_more_sep_row22_col3.csv,1.9960360527038568
row_more_sep_row22_col4.csv,1.5448315143585205
row_more_sep_row22_col5.csv,1.4594790935516355
row_more_sep_row22_col6.csv,1.9180402755737305
row_more_sep_row22_col7.csv,2.007240533828736
row_more_sep_row22_col8.csv,1.3294763565063477
row_more_sep_row23_col0.csv,1.7408957481384275
row_more_sep_row23_col1.csv,1.8697519302368164
row_more_sep_row23_col2.csv,1.5302174091339111
row_more_sep_row23_col3.csv,1.634070634841919
row_more_sep_row23_col4.csv,1.569031000137329
row_more_sep_row23_col5.csv,1.715275526046753
row_more_sep_row23_col6.csv,2.300321102142334
row_more_sep_row23_col7.csv,1.6730055809020996
row_more_sep_row23_col8.csv,1.848099946975708
row_more_sep_row24_col0.csv,1.8861746788024905
row_more_sep_row24_col1.csv,2.488698720932007
row_more_sep_row24_col2.csv,1.6410467624664309
row_more_sep_row24_col3.csv,1.6021649837493896
row_more_sep_row24_col4.csv,2.2228355407714844
row_more_sep_row24_col5.csv,1.5288465023040771
row_more_sep_row24_col6.csv,1.7524018287658691
row_more_sep_row24_col7.csv,1.7206823825836182
row_more_sep_row24_col8.csv,1.6201260089874268
row_more_sep_row25_col0.csv,1.4167413711547852
row_more_sep_row25_col1.csv,1.7556793689727783
row_more_sep_row25_col2.csv,1.9789366722106927
row_more_sep_row25_col3.csv,2.102376699447632
row_more_sep_row25_col4.csv,1.4648151397705078
row_more_sep_row25_col5.csv,0.1429591178894043
row_more_sep_row25_col6.csv,1.8282597064971924
row_more_sep_row25_col7.csv,1.7857544422149658
row_more_sep_row25_col8.csv,1.7899315357208252
row_more_sep_row26_col0.csv,1.8953852653503416
row_more_sep_row26_col1.csv,1.757178783416748
row_more_sep_row26_col2.csv,1.774397611618042
row_more_sep_row26_col3.csv,1.8795669078826904
row_more_sep_row26_col4.csv,1.7609553337097168
row_more_sep_row26_col5.csv,1.8062646389007568
row_more_sep_row26_col6.csv,1.818962574005127
row_more_sep_row26_col7.csv,1.4982075691223145
row_more_sep_row26_col8.csv,1.689053297042847
row_more_sep_row27_col0.csv,1.49066424369812
row_more_sep_row27_col1.csv,1.749079704284668
row_more_sep_row27_col2.csv,1.723529577255249
row_more_sep_row27_col3.csv,2.112987756729126
row_more_sep_row27_col4.csv,3.882460594177246
row_more_sep_row27_col5.csv,1.7961938381195068
row_more_sep_row27_col6.csv,2.002342700958252
row_more_sep_row27_col7.csv,1.550912618637085
row_more_sep_row27_col8.csv,1.492788791656494
row_more_sep_row28_col0.csv,2.2014365196228027
row_more_sep_row28_col1.csv,2.2271902561187744
row_more_sep_row28_col2.csv,1.9256620407104488
row_more_sep_row28_col3.csv,2.4144558906555176
row_more_sep_row28_col4.csv,1.7075316905975342
row_more_sep_row28_col5.csv,1.5965557098388672
row_more_sep_row28_col6.csv,1.846902847290039
row_more_sep_row28_col7.csv,1.3809707164764404
row_more_sep_row28_col8.csv,1.4667646884918213
row_more_sep_row29_col0.csv,2.278639793395996
row_more_sep_row29_col1.csv,3.224768877029419
row_more_sep_row29_col2.csv,1.6843109130859375
row_more_sep_row29_col3.csv,1.860945463180542
row_more_sep_row29_col4.csv,2.888359546661377
row_more_sep_row29_col5.csv,1.658815860748291
row_more_sep_row29_col6.csv,3.084622621536255
row_more_sep_row29_col7.csv,1.3790805339813232
row_more_sep_row29_col8.csv,2.4196207523345947
row_more_sep_row2_col0.csv,2.764737129211426
row_more_sep_row2_col1.csv,2.911576747894287
row_more_sep_row2_col2.csv,2.1236822605133057
row_more_sep_row2_col3.csv,3.1170668601989746
row_more_sep_row2_col4.csv,4.245048522949219
row_more_sep_row2_col5.csv,2.8815042972564697
row_more_sep_row2_col6.csv,2.796922445297241
row_more_sep_row2_col7.csv,3.6509640216827393
row_more_sep_row2_col8.csv,3.299299716949463
row_more_sep_row30_col0.csv,1.5653846263885498
row_more_sep_row30_col1.csv,1.7160444259643557
row_more_sep_row30_col2.csv,1.5069994926452637
row_more_sep_row30_col3.csv,1.4496855735778809
row_more_sep_row30_col4.csv,-0.4657926559448242
row_more_sep_row30_col5.csv,1.9675965309143064
row_more_sep_row30_col6.csv,1.87766432762146
row_more_sep_row30_col7.csv,1.7409553527832031
row_more_sep_row30_col8.csv,1.8563971519470213
row_more_sep_row31_col0.csv,1.5702195167541504
row_more_sep_row31_col1.csv,1.5709714889526367
row_more_sep_row31_col2.csv,1.7659335136413574
row_more_sep_row31_col3.csv,1.6269659996032717
row_more_sep_row31_col4.csv,1.8746755123138428
row_more_sep_row31_col5.csv,2.075216054916382
row_more_sep_row31_col6.csv,1.6449956893920898
row_more_sep_row31_col7.csv,1.419299840927124
row_more_sep_row31_col8.csv,2.1536436080932617
row_more_sep_row32_col0.csv,1.4316000938415527
row_more_sep_row32_col1.csv,1.92391324043274
row_more_sep_row32_col2.csv,1.4550724029541016
row_more_sep_row32_col3.csv,1.3688976764678955
row_more_sep_row32_col4.csv,1.6149425506591797
row_more_sep_row32_col5.csv,1.6542868614196775
row_more_sep_row32_col6.csv,2.0284366607666016
row_more_sep_row32_col7.csv,1.8035979270935056
row_more_sep_row32_col8.csv,1.725602149963379
row_more_sep_row33_col0.csv,1.4034664630889893
row_more_sep_row33_col1.csv,1.8123435974121087
row_more_sep_row33_col2.csv,2.15032958984375
row_more_sep_row33_col3.csv,3.782658338546753
row_more_sep_row33_col4.csv,1.446671962738037
row_more_sep_row33_col5.csv,0.1455559730529785
row_more_sep_row33_col6.csv,2.5847887992858887
row_more_sep_row33_col7.csv,1.72523832321167
row_more_sep_row33_col8.csv,1.7582910060882568
row_more_sep_row34_col0.csv,1.693079710006714
row_more_sep_row34_col1.csv,1.742497205734253
row_more_sep_row34_col2.csv,1.723297357559204
row_more_sep_row34_col3.csv,1.3672442436218262
row_more_sep_row34_col4.csv,1.6085550785064695
row_more_sep_row34_col5.csv,1.6582512855529783
row_more_sep_row34_col6.csv,1.7360706329345703
row_more_sep_row34_col7.csv,2.260223388671875
row_more_sep_row34_col8.csv,1.968111753463745
row_more_sep_row35_col0.csv,1.9060883522033687
row_more_sep_row35_col1.csv,1.5477969646453855
row_more_sep_row35_col2.csv,2.3862526416778564
row_more_sep_row35_col3.csv,1.708330154418945
row_more_sep_row35_col4.csv,1.7718138694763184
row_more_sep_row35_col5.csv,1.837686538696289
row_more_sep_row35_col6.csv,2.09004545211792
row_more_sep_row35_col7.csv,1.7445149421691897
row_more_sep_row35_col8.csv,-0.8403537273406982
row_more_sep_row36_col0.csv,-0.6111814975738525
row_more_sep_row36_col1.csv,1.6157290935516355
row_more_sep_row36_col2.csv,1.607058048248291
row_more_sep_row36_col3.csv,3.721039056777954
row_more_sep_row36_col4.csv,1.5892186164855957
row_more_sep_row36_col5.csv,1.4965689182281494
row_more_sep_row36_col6.csv,1.4384987354278564
row_more_sep_row36_col7.csv,2.5095653533935547
row_more_sep_row36_col8.csv,1.489763259887695
row_more_sep_row37_col0.csv,1.7449259757995603
row_more_sep_row37_col1.csv,1.5592436790466309
row_more_sep_row37_col2.csv,1.8049747943878167
row_more_sep_row37_col3.csv,1.4759492874145508
row_more_sep_row37_col4.csv,1.6336572170257568
row_more_sep_row37_col5.csv,2.024499654769897
row_more_sep_row37_col6.csv,1.6518502235412598
row_more_sep_row37_col7.csv,1.4900031089782717
row_more_sep_row37_col8.csv,1.525937557220459
row_more_sep_row38_col0.csv,1.727835178375244
row_more_sep_row38_col1.csv,1.5889806747436523
row_more_sep_row38_col2.csv,1.469386100769043
row_more_sep_row38_col3.csv,1.9491915702819824
row_more_sep_row38_col4.csv,1.901838779449463
row_more_sep_row38_col5.csv,1.358879566192627
row_more_sep_row38_col6.csv,1.6237397193908691
row_more_sep_row38_col7.csv,1.6989731788635254
row_more_sep_row38_col8.csv,-1.0908527374267578
row_more_sep_row39_col0.csv,1.7291967868804932
row_more_sep_row39_col1.csv,1.873374462127685
row_more_sep_row39_col2.csv,1.5572755336761477
row_more_sep_row39_col3.csv,2.0005979537963867
row_more_sep_row39_col4.csv,1.596935510635376
row_more_sep_row39_col5.csv,3.261972427368164
row_more_sep_row39_col6.csv,2.487724542617798
row_more_sep_row39_col7.csv,1.8908758163452148
row_more_sep_row39_col8.csv,1.783715009689331
row_more_sep_row3_col0.csv,0.1439259052276611
row_more_sep_row3_col1.csv,3.7125205993652335
row_more_sep_row3_col2.csv,2.966615915298462
row_more_sep_row3_col3.csv,3.7899112701416016
row_more_sep_row3_col4.csv,0.6346619129180908
row_more_sep_row3_col5.csv,4.840767860412598
row_more_sep_row3_col6.csv,2.9382498264312744
row_more_sep_row3_col7.csv,2.999308824539185
row_more_sep_row3_col8.csv,3.928231239318848
row_more_sep_row40_col0.csv,1.818878173828125
row_more_sep_row40_col1.csv,-0.9146873950958252
row_more_sep_row40_col2.csv,1.9792485237121584
row_more_sep_row40_col3.csv,1.509753704071045
row_more_sep_row40_col4.csv,2.0925543308258057
row_more_sep_row40_col5.csv,1.8734302520751955
row_more_sep_row40_col6.csv,2.230111837387085
row_more_sep_row40_col7.csv,1.870560646057129
row_more_sep_row40_col8.csv,1.8373115062713623
row_more_sep_row41_col0.csv,1.9933784008026123
row_more_sep_row41_col1.csv,2.3910484313964844
row_more_sep_row41_col2.csv,1.7938811779022217
row_more_sep_row41_col3.csv,1.936936855316162
row_more_sep_row41_col4.csv,1.6489081382751465
row_more_sep_row41_col5.csv,1.6735851764678955
row_more_sep_row41_col6.csv,4.685208320617676
row_more_sep_row41_col7.csv,1.609283208847046
row_more_sep_row41_col8.csv,1.652761697769165
row_more_sep_row42_col0.csv,1.5632457733154297
row_more_sep_row42_col1.csv,1.497495412826538
row_more_sep_row42_col2.csv,2.455113410949707
row_more_sep_row42_col3.csv,1.8214788436889648
row_more_sep_row42_col4.csv,1.4361090660095217
row_more_sep_row42_col5.csv,1.910506010055542
row_more_sep_row42_col6.csv,1.719209909439087
row_more_sep_row42_col7.csv,1.960214376449585
row_more_sep_row42_col8.csv,1.6572561264038086
row_more_sep_row43_col0.csv,1.7392587661743164
row_more_sep_row43_col1.csv,1.7667062282562256
row_more_sep_row43_col2.csv,1.633273363113403
row_more_sep_row43_col3.csv,1.6982786655426023
row_more_sep_row43_col4.csv,1.9688575267791748
row_more_sep_row43_col5.csv,1.9054031372070312
row_more_sep_row43_col6.csv,1.9479188919067385
row_more_sep_row43_col7.csv,1.6600337028503418
row_more_sep_row43_col8.csv,1.5815331935882568
row_more_sep_row44_col0.csv,1.962202787399292
row_more_sep_row44_col1.csv,1.5646352767944336
row_more_sep_row44_col2.csv,-0.1671829223632812
row_more_sep_row44_col3.csv,1.6869125366210938
row_more_sep_row44_col4.csv,2.659576892852783
row_more_sep_row44_col5.csv,1.8573088645935056
row_more_sep_row44_col6.csv,1.600069522857666
row_more_sep_row44_col7.csv,1.6114444732666016
row_more_sep_row44_col8.csv,2.006240129470825
row_more_sep_row45_col0.csv,1.3426620960235596
row_more_sep_row45_col1.csv,1.3056983947753906
row_more_sep_row45_col2.csv,1.380342721939087
row_more_sep_row45_col3.csv,1.6583247184753418
row_more_sep_row45_col4.csv,1.7742817401885986
row_more_sep_row45_col5.csv,1.522407054901123
row_more_sep_row45_col6.csv,1.8030164241790767
row_more_sep_row45_col7.csv,1.451319694519043
row_more_sep_row45_col8.csv,1.6419410705566406
row_more_sep_row46_col0.csv,1.6284511089324951
row_more_sep_row46_col1.csv,1.3487696647644043
row_more_sep_row46_col2.csv,1.6290085315704346
row_more_sep_row46_col3.csv,1.885624885559082
row_more_sep_row46_col4.csv,1.6715543270111084
row_more_sep_row46_col5.csv,2.387183427810669
row_more_sep_row46_col6.csv,1.6963720321655271
row_more_sep_row46_col7.csv,1.5879051685333252
row_more_sep_row46_col8.csv,1.593062400817871
row_more_sep_row47_col0.csv,1.7122130393981934
row_more_sep_row47_col1.csv,1.6205763816833496
row_more_sep_row47_col2.csv,2.4728026390075684
row_more_sep_row47_col3.csv,2.0069565773010254
row_more_sep_row47_col4.csv,1.593855381011963
row_more_sep_row47_col5.csv,1.8389136791229248
row_more_sep_row47_col6.csv,1.523576259613037
row_more_sep_row47_col7.csv,1.7848303318023682
row_more_sep_row47_col8.csv,1.9329338073730469
row_more_sep_row48_col0.csv,2.2775559425354004
row_more_sep_row48_col1.csv,2.4920907020568848
row_more_sep_row48_col2.csv,1.929542064666748
row_more_sep_row48_col3.csv,1.5362873077392578
row_more_sep_row48_col4.csv,1.611938714981079
row_more_sep_row48_col5.csv,1.9300193786621087
row_more_sep_row48_col6.csv,1.5093927383422852
row_more_sep_row48_col7.csv,1.542024850845337
row_more_sep_row48_col8.csv,1.657228946685791
row_more_sep_row49_col0.csv,1.6021053791046145
row_more_sep_row49_col1.csv,1.7309119701385498
row_more_sep_row49_col2.csv,1.9616320133209229
row_more_sep_row49_col3.csv,1.6141223907470703
row_more_sep_row49_col4.csv,1.849804639816284
row_more_sep_row49_col5.csv,1.649872064590454
row_more_sep_row49_col6.csv,-0.7399654388427734
row_more_sep_row49_col7.csv,1.6060693264007568
row_more_sep_row49_col8.csv,2.001803398132324
row_more_sep_row4_col0.csv,3.225604772567749
row_more_sep_row4_col1.csv,3.7873501777648926
row_more_sep_row4_col2.csv,3.5423130989074707
row_more_sep_row4_col3.csv,3.262910842895508
row_more_sep_row4_col4.csv,3.320678234100342
row_more_sep_row4_col5.csv,3.0189554691314697
row_more_sep_row4_col6.csv,3.0070548057556152
row_more_sep_row4_col7.csv,3.1431884765625
row_more_sep_row4_col8.csv,2.988959789276123
row_more_sep_row50_col0.csv,1.851320505142212
row_more_sep_row50_col1.csv,2.039943218231201
row_more_sep_row50_col2.csv,1.8679723739624023
row_more_sep_row50_col3.csv,1.9340732097625728
row_more_sep_row50_col4.csv,1.7497282028198242
row_more_sep_row50_col5.csv,1.8603672981262207
row_more_sep_row50_col6.csv,2.5197439193725586
row_more_sep_row50_col7.csv,1.769019603729248
row_more_sep_row50_col8.csv,-0.8103532791137695
row_more_sep_row51_col0.csv,1.646144151687622
row_more_sep_row51_col1.csv,1.6983342170715332
row_more_sep_row51_col2.csv,1.8262019157409668
row_more_sep_row51_col3.csv,2.388958215713501
row_more_sep_row51_col4.csv,1.8014156818389893
row_more_sep_row51_col5.csv,1.812044382095337
row_more_sep_row51_col6.csv,2.056684732437134
row_more_sep_row51_col7.csv,1.6763720512390137
row_more_sep_row51_col8.csv,1.5200350284576416
row_more_sep_row52_col0.csv,1.5544142723083496
row_more_sep_row52_col1.csv,1.7775650024414062
row_more_sep_row52_col2.csv,-0.7287533283233643
row_more_sep_row52_col3.csv,3.0863828659057617
row_more_sep_row52_col4.csv,1.7309255599975586
row_more_sep_row52_col5.csv,2.060996532440185
row_more_sep_row52_col6.csv,1.9951014518737795
row_more_sep_row52_col7.csv,1.792070388793945
row_more_sep_row52_col8.csv,2.109194755554199
row_more_sep_row53_col0.csv,1.6236505508422852
row_more_sep_row53_col1.csv,1.506732940673828
row_more_sep_row53_col2.csv,1.471215009689331
row_more_sep_row53_col3.csv,2.142514228820801
row_more_sep_row53_col4.csv,1.5424015522003174
row_more_sep_row53_col5.csv,1.6555790901184082
row_more_sep_row53_col6.csv,1.6390244960784912
row_more_sep_row53_col7.csv,1.823874473571777
row_more_sep_row53_col8.csv,1.596846580505371
row_more_sep_row54_col0.csv,2.435283899307251
row_more_sep_row54_col1.csv,1.7196283340454102
row_more_sep_row54_col2.csv,2.347566843032837
row_more_sep_row54_col3.csv,1.5690484046936035
row_more_sep_row54_col4.csv,1.453585863113403
row_more_sep_row54_col5.csv,1.7402634620666504
row_more_sep_row54_col6.csv,1.880329132080078
row_more_sep_row54_col7.csv,1.8297064304351809
row_more_sep_row54_col8.csv,1.880360126495361
row_more_sep_row55_col0.csv,1.3498167991638184
row_more_sep_row55_col1.csv,1.4788856506347656
row_more_sep_row55_col2.csv,1.529205560684204
row_more_sep_row55_col3.csv,1.4149408340454102
row_more_sep_row55_col4.csv,1.4824597835540771
row_more_sep_row55_col5.csv,6.92479944229126
row_more_sep_row55_col6.csv,1.6144278049468994
row_more_sep_row55_col7.csv,1.781984567642212
row_more_sep_row55_col8.csv,1.4347081184387207
row_more_sep_row56_col0.csv,1.650543451309204
row_more_sep_row56_col1.csv,1.507551193237305
row_more_sep_row56_col2.csv,2.6874210834503174
row_more_sep_row56_col3.csv,1.699798583984375
row_more_sep_row56_col4.csv,1.5347764492034912
row_more_sep_row56_col5.csv,1.8936314582824707
row_more_sep_row56_col6.csv,2.561145067214966
row_more_sep_row56_col7.csv,1.531261682510376
row_more_sep_row56_col8.csv,1.5517306327819824
row_more_sep_row57_col0.csv,1.7619295120239258
row_more_sep_row57_col1.csv,1.5913166999816897
row_more_sep_row57_col2.csv,3.0741167068481445
row_more_sep_row57_col3.csv,2.1915881633758545
row_more_sep_row57_col4.csv,1.695521116256714
row_more_sep_row57_col5.csv,1.6579704284667969
row_more_sep_row57_col6.csv,1.6352083683013916
row_more_sep_row57_col7.csv,1.57328200340271
row_more_sep_row57_col8.csv,-0.9724771976470948
row_more_sep_row58_col0.csv,1.4699935913085938
row_more_sep_row58_col1.csv,1.6941897869110107
row_more_sep_row58_col2.csv,1.633420705795288
row_more_sep_row58_col3.csv,1.4966421127319336
row_more_sep_row58_col4.csv,1.723404884338379
row_more_sep_row58_col5.csv,2.0523362159729004
row_more_sep_row58_col6.csv,1.773193597793579
row_more_sep_row58_col7.csv,1.6955461502075195
row_more_sep_row58_col8.csv,1.5968399047851562
row_more_sep_row59_col0.csv,1.4196929931640625
row_more_sep_row59_col1.csv,1.6243548393249512
row_more_sep_row59_col2.csv,1.5000157356262207
row_more_sep_row59_col3.csv,1.5720973014831543
row_more_sep_row59_col4.csv,1.740297794342041
row_more_sep_row59_col5.csv,1.484504461288452
row_more_sep_row59_col6.csv,1.5100712776184082
row_more_sep_row59_col7.csv,1.7818214893341064
row_more_sep_row59_col8.csv,2.2142105102539062
row_more_sep_row5_col0.csv,3.6293110847473145
row_more_sep_row5_col1.csv,3.4831702709198
row_more_sep_row5_col2.csv,2.655531167984009
row_more_sep_row5_col3.csv,3.5369322299957275
row_more_sep_row5_col4.csv,4.370720624923706
row_more_sep_row5_col5.csv,3.2409989833831787
row_more_sep_row5_col6.csv,3.584311008453369
row_more_sep_row5_col7.csv,3.2053892612457275
row_more_sep_row5_col8.csv,3.442303419113159
row_more_sep_row60_col0.csv,3.477878332138061
row_more_sep_row60_col1.csv,1.7400178909301758
row_more_sep_row60_col2.csv,3.441662311553955
row_more_sep_row60_col3.csv,1.4774363040924072
row_more_sep_row60_col4.csv,2.7631797790527344
row_more_sep_row60_col5.csv,1.8290519714355469
row_more_sep_row60_col6.csv,1.7654616832733154
row_more_sep_row60_col7.csv,1.705075740814209
row_more_sep_row60_col8.csv,1.9173979759216309
row_more_sep_row61_col0.csv,1.8968446254730225
row_more_sep_row61_col1.csv,1.6108853816986084
row_more_sep_row61_col2.csv,1.586538791656494
row_more_sep_row61_col3.csv,1.901694297790528
row_more_sep_row61_col4.csv,-0.8430385589599609
row_more_sep_row61_col5.csv,3.4397480487823486
row_more_sep_row61_col6.csv,1.415065050125122
row_more_sep_row61_col7.csv,1.4437754154205322
row_more_sep_row61_col8.csv,1.849311113357544
row_more_sep_row62_col0.csv,1.473365306854248
row_more_sep_row62_col1.csv,1.7141246795654297
row_more_sep_row62_col2.csv,1.494574785232544
row_more_sep_row62_col3.csv,1.8544132709503167
row_more_sep_row62_col4.csv,2.1552746295928955
row_more_sep_row62_col5.csv,1.7278645038604736
row_more_sep_row62_col6.csv,2.037224531173706
row_more_sep_row62_col7.csv,1.6348083019256592
row_more_sep_row62_col8.csv,1.654728651046753
row_more_sep_row63_col0.csv,-0.3156073093414306
row_more_sep_row63_col1.csv,1.6539030075073242
row_more_sep_row63_col2.csv,1.5425841808319092
row_more_sep_row63_col3.csv,1.5021860599517822
row_more_sep_row63_col4.csv,1.6557819843292236
row_more_sep_row63_col5.csv,1.349846124649048
row_more_sep_row63_col6.csv,1.5099189281463623
row_more_sep_row63_col7.csv,1.716106414794922
row_more_sep_row63_col8.csv,2.001310110092163
row_more_sep_row64_col0.csv,1.5696046352386477
row_more_sep_row64_col1.csv,2.00810170173645
row_more_sep_row64_col2.csv,1.6168508529663086
row_more_sep_row64_col3.csv,1.629749059677124
row_more_sep_row64_col4.csv,1.5326991081237793
row_more_sep_row64_col5.csv,2.114116668701172
row_more_sep_row64_col6.csv,2.2711281776428223
row_more_sep_row64_col7.csv,1.6592111587524414
row_more_sep_row64_col8.csv,1.8559250831604004
row_more_sep_row65_col0.csv,1.6829612255096436
row_more_sep_row65_col1.csv,1.896299839019776
row_more_sep_row65_col2.csv,1.669851779937744
row_more_sep_row65_col3.csv,1.7045667171478271
row_more_sep_row65_col4.csv,1.603459119796753
row_more_sep_row65_col5.csv,1.900001764297485
row_more_sep_row65_col6.csv,1.7978103160858154
row_more_sep_row65_col7.csv,1.7196528911590576
row_more_sep_row65_col8.csv,1.8030979633331297
row_more_sep_row66_col0.csv,1.8374207019805908
row_more_sep_row66_col1.csv,1.7965703010559082
row_more_sep_row66_col2.csv,1.7647688388824463
row_more_sep_row66_col3.csv,1.6336393356323242
row_more_sep_row66_col4.csv,1.6270060539245603
row_more_sep_row66_col5.csv,2.2579591274261475
row_more_sep_row66_col6.csv,1.650052785873413
row_more_sep_row66_col7.csv,1.639885663986206
row_more_sep_row66_col8.csv,1.772049903869629
row_more_sep_row67_col0.csv,2.73630166053772
row_more_sep_row67_col1.csv,-0.9343304634094238
row_more_sep_row67_col2.csv,1.4485459327697754
row_more_sep_row67_col3.csv,1.8914263248443604
row_more_sep_row67_col4.csv,-0.8987655639648438
row_more_sep_row67_col5.csv,1.8456919193267824
row_more_sep_row67_col6.csv,1.6616578102111816
row_more_sep_row67_col7.csv,1.737565994262695
row_more_sep_row67_col8.csv,1.74880051612854
row_more_sep_row68_col0.csv,1.4040145874023438
row_more_sep_row68_col1.csv,1.4060871601104736
row_more_sep_row68_col2.csv,1.7172958850860596
row_more_sep_row68_col3.csv,-0.9622349739074708
row_more_sep_row68_col4.csv,1.6022343635559082
row_more_sep_row68_col5.csv,1.91094708442688
row_more_sep_row68_col6.csv,1.7129778861999512
row_more_sep_row68_col7.csv,1.4429652690887451
row_more_sep_row68_col8.csv,1.4920287132263184
row_more_sep_row69_col0.csv,1.628748655319214
row_more_sep_row69_col1.csv,2.0262279510498047
row_more_sep_row69_col2.csv,2.21838641166687
row_more_sep_row69_col3.csv,2.104922294616699
row_more_sep_row69_col4.csv,1.479182243347168
row_more_sep_row69_col5.csv,2.5032427310943604
row_more_sep_row69_col6.csv,2.420302629470825
row_more_sep_row69_col7.csv,1.7297577857971191
row_more_sep_row69_col8.csv,1.591996192932129
row_more_sep_row6_col0.csv,3.5960845947265625
row_more_sep_row6_col1.csv,2.986588716506958
row_more_sep_row6_col2.csv,3.25805926322937
row_more_sep_row6_col3.csv,2.8864686489105225
row_more_sep_row6_col4.csv,4.546032667160034
row_more_sep_row6_col5.csv,2.8191239833831787
row_more_sep_row6_col6.csv,3.306929111480713
row_more_sep_row6_col7.csv,3.2450602054595947
row_more_sep_row6_col8.csv,3.000715732574463
row_more_sep_row70_col0.csv,2.068303108215332
row_more_sep_row70_col1.csv,3.030968427658081
row_more_sep_row70_col2.csv,1.3834128379821775
row_more_sep_row70_col3.csv,2.1025550365448
row_more_sep_row70_col4.csv,1.6877264976501465
row_more_sep_row70_col5.csv,1.5861878395080566
row_more_sep_row70_col6.csv,1.8016297817230225
row_more_sep_row70_col7.csv,1.8360323905944824
row_more_sep_row70_col8.csv,1.6161394119262695
row_more_sep_row71_col0.csv,2.044472932815552
row_more_sep_row71_col1.csv,1.40663480758667
row_more_sep_row71_col2.csv,1.4114668369293213
row_more_sep_row71_col3.csv,8.735227108001709
row_more_sep_row71_col4.csv,1.655630350112915
row_more_sep_row71_col5.csv,1.5028445720672607
row_more_sep_row71_col6.csv,1.6416947841644287
row_more_sep_row71_col7.csv,1.9868614673614504
row_more_sep_row71_col8.csv,1.7392919063568115
row_more_sep_row72_col0.csv,2.590877056121826
row_more_sep_row72_col1.csv,1.6061184406280518
row_more_sep_row72_col2.csv,1.582550287246704
row_more_sep_row72_col3.csv,1.564969539642334
row_more_sep_row72_col4.csv,1.5016093254089355
row_more_sep_row72_col5.csv,2.682915210723877
row_more_sep_row72_col6.csv,1.837862253189087
row_more_sep_row72_col7.csv,3.027688980102539
row_more_sep_row72_col8.csv,1.6235628128051758
row_more_sep_row73_col0.csv,1.8228237628936768
row_more_sep_row73_col1.csv,1.5325677394866943
row_more_sep_row73_col2.csv,1.5302722454071045
row_more_sep_row73_col3.csv,1.602529764175415
row_more_sep_row73_col4.csv,2.4321627616882324
row_more_sep_row73_col5.csv,1.955701351165772
row_more_sep_row73_col6.csv,-0.7575998306274414
row_more_sep_row73_col7.csv,1.4794726371765137
row_more_sep_row73_col8.csv,2.0087661743164062
row_more_sep_row74_col0.csv,1.551546573638916
row_more_sep_row74_col1.csv,1.8587846755981443
row_more_sep_row74_col2.csv,1.6266157627105713
row_more_sep_row74_col3.csv,1.778728723526001
row_more_sep_row74_col4.csv,1.7780976295471191
row_more_sep_row74_col5.csv,1.811207056045532
row_more_sep_row74_col6.csv,1.583554983139038
row_more_sep_row74_col7.csv,1.7051875591278076
row_more_sep_row74_col8.csv,1.6916725635528564
row_more_sep_row75_col0.csv,-1.0601274967193604
row_more_sep_row75_col1.csv,2.331170558929444
row_more_sep_row75_col2.csv,1.6123802661895752
row_more_sep_row75_col3.csv,1.6104660034179688
row_more_sep_row75_col4.csv,1.5922119617462158
row_more_sep_row75_col5.csv,1.7290465831756592
row_more_sep_row75_col6.csv,1.946359157562256
row_more_sep_row75_col7.csv,1.7479581832885742
row_more_sep_row75_col8.csv,1.5393753051757812
row_more_sep_row76_col0.csv,1.6225872039794922
row_more_sep_row76_col1.csv,-0.3599562644958496
row_more_sep_row76_col2.csv,1.5271456241607666
row_more_sep_row76_col3.csv,1.778454303741455
row_more_sep_row76_col4.csv,1.6098010540008545
row_more_sep_row76_col5.csv,1.9749407768249512
row_more_sep_row76_col6.csv,1.812159776687622
row_more_sep_row76_col7.csv,1.607646942138672
row_more_sep_row76_col8.csv,1.702167272567749
row_more_sep_row77_col0.csv,1.593148708343506
row_more_sep_row77_col1.csv,1.637486219406128
row_more_sep_row77_col2.csv,2.114736557006836
row_more_sep_row77_col3.csv,1.4348292350769043
row_more_sep_row77_col4.csv,1.8525655269622805
row_more_sep_row77_col5.csv,1.626624584197998
row_more_sep_row77_col6.csv,9.183530569076538
row_more_sep_row77_col7.csv,1.6038689613342283
row_more_sep_row77_col8.csv,1.550936937332153
row_more_sep_row78_col0.csv,1.7930636405944824
row_more_sep_row78_col1.csv,1.7300727367401123
row_more_sep_row78_col2.csv,1.55763578414917
row_more_sep_row78_col3.csv,1.794142246246338
row_more_sep_row78_col4.csv,2.429202079772949
row_more_sep_row78_col5.csv,-1.0170016288757324
row_more_sep_row78_col6.csv,2.009711503982544
row_more_sep_row78_col7.csv,1.7067906856536863
row_more_sep_row78_col8.csv,1.6921601295471191
row_more_sep_row79_col0.csv,1.6498336791992188
row_more_sep_row79_col1.csv,1.804861307144165
row_more_sep_row79_col2.csv,2.580648422241211
row_more_sep_row79_col3.csv,3.115894794464112
row_more_sep_row79_col4.csv,1.380760908126831
row_more_sep_row79_col5.csv,1.946446418762207
row_more_sep_row79_col6.csv,3.1628904342651367
row_more_sep_row79_col7.csv,1.498674392700195
row_more_sep_row79_col8.csv,1.68406081199646
row_more_sep_row7_col0.csv,2.789716482162476
row_more_sep_row7_col1.csv,3.629126787185669
row_more_sep_row7_col2.csv,3.270164728164673
row_more_sep_row7_col3.csv,3.0629377365112305
row_more_sep_row7_col4.csv,3.052923679351806
row_more_sep_row7_col5.csv,2.9726271629333496
row_more_sep_row7_col6.csv,2.917450189590454
row_more_sep_row7_col7.csv,2.716655969619751
row_more_sep_row7_col8.csv,3.308501958847046
row_more_sep_row80_col0.csv,-0.9524044990539552
row_more_sep_row80_col1.csv,1.6333889961242676
row_more_sep_row80_col2.csv,1.59555983543396
row_more_sep_row80_col3.csv,1.6582586765289309
row_more_sep_row80_col4.csv,1.4058210849761963
row_more_sep_row80_col5.csv,1.4778814315795898
row_more_sep_row80_col6.csv,1.771451473236084
row_more_sep_row80_col7.csv,1.6131556034088137
row_more_sep_row80_col8.csv,2.2275335788726807
row_more_sep_row81_col0.csv,1.968204498291016
row_more_sep_row81_col1.csv,-0.5757417678833008
row_more_sep_row81_col2.csv,1.7304809093475342
row_more_sep_row81_col3.csv,1.538973093032837
row_more_sep_row81_col4.csv,2.319005489349365
row_more_sep_row81_col5.csv,1.8544566631317136
row_more_sep_row81_col6.csv,1.704817295074463
row_more_sep_row81_col7.csv,1.39849853515625
row_more_sep_row81_col8.csv,1.7198810577392578
row_more_sep_row82_col0.csv,1.5386602878570557
row_more_sep_row82_col1.csv,1.5346057415008545
row_more_sep_row82_col2.csv,1.7171630859375
row_more_sep_row82_col3.csv,2.1489357948303223
row_more_sep_row82_col4.csv,1.926273822784424
row_more_sep_row82_col5.csv,1.972184658050537
row_more_sep_row82_col6.csv,1.5255844593048096
row_more_sep_row82_col7.csv,1.6947259902954102
row_more_sep_row82_col8.csv,1.714892864227295
row_more_sep_row83_col0.csv,2.061284303665161
row_more_sep_row83_col1.csv,1.9321203231811523
row_more_sep_row83_col2.csv,1.5759174823760986
row_more_sep_row83_col3.csv,1.506629228591919
row_more_sep_row83_col4.csv,2.104092121124268
row_more_sep_row83_col5.csv,1.851362705230713
row_more_sep_row83_col6.csv,1.6375172138214111
row_more_sep_row83_col7.csv,-0.6359002590179443
row_more_sep_row83_col8.csv,1.6122148036956787
row_more_sep_row8_col0.csv,4.337785005569458
row_more_sep_row8_col1.csv,2.9135756492614746
row_more_sep_row8_col2.csv,3.2858569622039795
row_more_sep_row8_col3.csv,3.663075685501098
row_more_sep_row8_col4.csv,3.091471672058105
row_more_sep_row8_col5.csv,3.7944064140319824
row_more_sep_row8_col6.csv,3.5682835578918457
row_more_sep_row8_col7.csv,3.2301597595214844
row_more_sep_row8_col8.csv,3.550006866455078
row_more_sep_row9_col0.csv,2.970336675643921
row_more_sep_row9_col1.csv,3.242381811141968
row_more_sep_row9_col2.csv,3.154731512069702
row_more_sep_row9_col3.csv,3.0797603130340576
row_more_sep_row9_col4.csv,3.910487651824951
row_more_sep_row9_col5.csv,3.0873522758483887
row_more_sep_row9_col6.csv,3.144111394882202
row_more_sep_row9_col7.csv,0.5223894119262695
row_more_sep_row9_col8.csv,2.9563426971435547
source.csv,0.0979616641998291
