filename,llm_hybrid_parser_gpt_5_4_duckdb_special_prompt_time_0
file_double_trailing_newline.csv,0.09179067611694336
file_escape_char_0x00.csv,0.15197038650512695
file_escape_char_0x5C.csv,0.08892607688903809
file_field_delimiter_0x20.csv,1.5992324352264404
file_field_delimiter_0x2C_0x20.csv,4.421019792556763
file_field_delimiter_0x3B.csv,1.8097598552703857
file_field_delimiter_0x9.csv,1.6095192432403564
file_header_multirow_2.csv,1.7050433158874512
file_header_multirow_3.csv,1.7377803325653076
file_header_only.csv,1.4924523830413818
file_multitable_less.csv,0.21527814865112305
file_multitable_more.csv,0.19699454307556152
file_multitable_same.csv,0.13860297203063965
file_no_header.csv,1.9741768836975098
file_no_payload.csv,1.4288239479064941
file_no_trailing_newline.csv,0.09503936767578125
file_one_data_row.csv,1.667041301727295
file_preamble.csv,1.6088781356811523
file_quotation_char_0x27.csv,1.9509313106536865
file_record_delimiter_0xA.csv,0.10670924186706543
file_record_delimiter_0xD.csv,0.08933424949645996
row_extra_quote0_col0.csv,2.1146764755249023
row_extra_quote0_col1.csv,1.4734697341918945
row_extra_quote0_col2.csv,1.6478891372680664
row_extra_quote0_col3.csv,1.583472728729248
row_extra_quote0_col4.csv,1.7174525260925293
row_extra_quote0_col5.csv,1.980501651763916
row_extra_quote0_col6.csv,1.7612521648406982
row_extra_quote0_col7.csv,2.202472686767578
row_extra_quote0_col8.csv,1.357093095779419
row_extra_quote10_col0.csv,0.14490056037902832
row_extra_quote10_col1.csv,0.1417696475982666
row_extra_quote10_col2.csv,0.13765954971313477
row_extra_quote10_col3.csv,0.14357495307922363
row_extra_quote10_col4.csv,0.13488459587097168
row_extra_quote10_col5.csv,0.14032363891601562
row_extra_quote10_col6.csv,0.13840007781982422
row_extra_quote10_col7.csv,0.1418931484222412
row_extra_quote10_col8.csv,0.146834135055542
row_extra_quote11_col0.csv,0.14706110954284668
row_extra_quote11_col1.csv,0.16251277923583984
row_extra_quote11_col2.csv,0.13930726051330566
row_extra_quote11_col3.csv,0.13700366020202637
row_extra_quote11_col4.csv,0.14273738861083984
row_extra_quote11_col5.csv,0.14197993278503418
row_extra_quote11_col6.csv,0.13855767250061035
row_extra_quote11_col7.csv,0.13472914695739746
row_extra_quote11_col8.csv,0.13324999809265137
row_extra_quote12_col0.csv,0.1457655429840088
row_extra_quote12_col1.csv,0.13797998428344727
row_extra_quote12_col2.csv,0.14217090606689453
row_extra_quote12_col3.csv,0.1382462978363037
row_extra_quote12_col4.csv,0.1384572982788086
row_extra_quote12_col5.csv,0.1390371322631836
row_extra_quote12_col6.csv,0.13382220268249512
row_extra_quote12_col7.csv,0.1506037712097168
row_extra_quote12_col8.csv,0.15136957168579102
row_extra_quote13_col0.csv,0.14089131355285645
row_extra_quote13_col1.csv,0.13900113105773926
row_extra_quote13_col2.csv,0.15242505073547363
row_extra_quote13_col3.csv,0.13745808601379395
row_extra_quote13_col4.csv,0.13918352127075195
row_extra_quote13_col5.csv,0.14573168754577637
row_extra_quote13_col6.csv,0.15181374549865723
row_extra_quote13_col7.csv,0.16984152793884277
row_extra_quote13_col8.csv,0.14401865005493164
row_extra_quote14_col0.csv,0.14018821716308594
row_extra_quote14_col1.csv,0.14322447776794434
row_extra_quote14_col2.csv,0.14436125755310059
row_extra_quote14_col3.csv,0.13350629806518555
row_extra_quote14_col4.csv,0.18721222877502441
row_extra_quote14_col5.csv,0.14839792251586914
row_extra_quote14_col6.csv,0.13990163803100586
row_extra_quote14_col7.csv,0.13669943809509277
row_extra_quote14_col8.csv,0.14939594268798828
row_extra_quote15_col0.csv,0.13824939727783203
row_extra_quote15_col1.csv,0.13805437088012695
row_extra_quote15_col2.csv,0.15201950073242188
row_extra_quote15_col3.csv,0.15178775787353516
row_extra_quote15_col4.csv,0.14020991325378418
row_extra_quote15_col5.csv,0.14044952392578125
row_extra_quote15_col6.csv,0.1688709259033203
row_extra_quote15_col7.csv,0.1767280101776123
row_extra_quote15_col8.csv,0.14052700996398926
row_extra_quote16_col0.csv,0.1399068832397461
row_extra_quote16_col1.csv,0.14373445510864258
row_extra_quote16_col2.csv,0.13966822624206543
row_extra_quote16_col3.csv,0.14188361167907715
row_extra_quote16_col4.csv,0.1417536735534668
row_extra_quote16_col5.csv,0.14118599891662598
row_extra_quote16_col6.csv,0.13701701164245605
row_extra_quote16_col7.csv,0.15049457550048828
row_extra_quote16_col8.csv,0.14449214935302734
row_extra_quote17_col0.csv,0.16417527198791504
row_extra_quote17_col1.csv,0.1844940185546875
row_extra_quote17_col2.csv,0.14652752876281738
row_extra_quote17_col3.csv,0.14188885688781738
row_extra_quote17_col4.csv,0.13568782806396484
row_extra_quote17_col5.csv,0.13899493217468262
row_extra_quote17_col6.csv,0.13098692893981934
row_extra_quote17_col7.csv,0.16259431838989258
row_extra_quote17_col8.csv,0.13710689544677734
row_extra_quote18_col0.csv,0.14982271194458008
row_extra_quote18_col1.csv,0.13890624046325684
row_extra_quote18_col2.csv,0.1375124454498291
row_extra_quote18_col3.csv,0.13890361785888672
row_extra_quote18_col4.csv,0.13872385025024414
row_extra_quote18_col5.csv,0.13994622230529785
row_extra_quote18_col6.csv,0.14399123191833496
row_extra_quote18_col7.csv,0.14144372940063477
row_extra_quote18_col8.csv,0.1374800205230713
row_extra_quote19_col0.csv,0.1373593807220459
row_extra_quote19_col1.csv,0.15346240997314453
row_extra_quote19_col2.csv,0.17655086517333984
row_extra_quote19_col3.csv,0.14521265029907227
row_extra_quote19_col4.csv,0.19316411018371582
row_extra_quote19_col5.csv,0.14444780349731445
row_extra_quote19_col6.csv,0.14814138412475586
row_extra_quote19_col7.csv,0.14253878593444824
row_extra_quote19_col8.csv,0.15423274040222168
row_extra_quote1_col0.csv,1.544025182723999
row_extra_quote1_col1.csv,2.0861990451812744
row_extra_quote1_col2.csv,1.5778796672821045
row_extra_quote1_col3.csv,1.5410165786743164
row_extra_quote1_col4.csv,1.8373582363128662
row_extra_quote1_col5.csv,1.5965592861175537
row_extra_quote1_col6.csv,1.5280187129974365
row_extra_quote1_col7.csv,1.6275503635406494
row_extra_quote1_col8.csv,1.4743831157684326
row_extra_quote20_col0.csv,0.14882373809814453
row_extra_quote20_col1.csv,0.15351510047912598
row_extra_quote20_col2.csv,0.16651535034179688
row_extra_quote20_col3.csv,0.14032363891601562
row_extra_quote20_col4.csv,0.13767457008361816
row_extra_quote20_col5.csv,0.1899890899658203
row_extra_quote20_col6.csv,0.1521470546722412
row_extra_quote20_col7.csv,0.189680814743042
row_extra_quote20_col8.csv,0.1358957290649414
row_extra_quote21_col0.csv,0.1474752426147461
row_extra_quote21_col1.csv,0.14414119720458984
row_extra_quote21_col2.csv,0.15912389755249023
row_extra_quote21_col3.csv,0.14133501052856445
row_extra_quote21_col4.csv,0.14159035682678223
row_extra_quote21_col5.csv,0.14359760284423828
row_extra_quote21_col6.csv,0.15588641166687012
row_extra_quote21_col7.csv,0.15056610107421875
row_extra_quote21_col8.csv,0.13565301895141602
row_extra_quote22_col0.csv,0.1442108154296875
row_extra_quote22_col1.csv,0.13591504096984863
row_extra_quote22_col2.csv,0.13870763778686523
row_extra_quote22_col3.csv,0.14242935180664062
row_extra_quote22_col4.csv,0.1737961769104004
row_extra_quote22_col5.csv,0.14696288108825684
row_extra_quote22_col6.csv,0.16471195220947266
row_extra_quote22_col7.csv,0.1463329792022705
row_extra_quote22_col8.csv,0.14385747909545898
row_extra_quote23_col0.csv,0.13882803916931152
row_extra_quote23_col1.csv,0.15137529373168945
row_extra_quote23_col2.csv,0.13975191116333008
row_extra_quote23_col3.csv,0.1522819995880127
row_extra_quote23_col4.csv,0.13950514793395996
row_extra_quote23_col5.csv,0.18407797813415527
row_extra_quote23_col6.csv,0.14275503158569336
row_extra_quote23_col7.csv,0.13531947135925293
row_extra_quote23_col8.csv,0.1493091583251953
row_extra_quote24_col0.csv,0.16742849349975586
row_extra_quote24_col1.csv,0.14044904708862305
row_extra_quote24_col2.csv,0.24654674530029297
row_extra_quote24_col3.csv,0.14250516891479492
row_extra_quote24_col4.csv,0.14045405387878418
row_extra_quote24_col5.csv,0.15832877159118652
row_extra_quote24_col6.csv,0.1413416862487793
row_extra_quote24_col7.csv,0.17954182624816895
row_extra_quote24_col8.csv,0.13373470306396484
row_extra_quote25_col0.csv,0.1692826747894287
row_extra_quote25_col1.csv,0.13978314399719238
row_extra_quote25_col2.csv,0.14905595779418945
row_extra_quote25_col3.csv,0.1455082893371582
row_extra_quote25_col4.csv,0.1519911289215088
row_extra_quote25_col5.csv,0.1426832675933838
row_extra_quote25_col6.csv,0.13896536827087402
row_extra_quote25_col7.csv,0.13803482055664062
row_extra_quote25_col8.csv,0.13630056381225586
row_extra_quote26_col0.csv,0.13965177536010742
row_extra_quote26_col1.csv,0.1502366065979004
row_extra_quote26_col2.csv,0.14020562171936035
row_extra_quote26_col3.csv,0.17011022567749023
row_extra_quote26_col4.csv,0.14020419120788574
row_extra_quote26_col5.csv,0.13739609718322754
row_extra_quote26_col6.csv,0.13439273834228516
row_extra_quote26_col7.csv,0.13618946075439453
row_extra_quote26_col8.csv,0.14016175270080566
row_extra_quote27_col0.csv,0.1418144702911377
row_extra_quote27_col1.csv,0.1365816593170166
row_extra_quote27_col2.csv,0.13660693168640137
row_extra_quote27_col3.csv,0.14386558532714844
row_extra_quote27_col4.csv,0.1448678970336914
row_extra_quote27_col5.csv,0.14410829544067383
row_extra_quote27_col6.csv,0.14241528511047363
row_extra_quote27_col7.csv,0.14423632621765137
row_extra_quote27_col8.csv,0.14986848831176758
row_extra_quote28_col0.csv,0.14513063430786133
row_extra_quote28_col1.csv,0.1475667953491211
row_extra_quote28_col2.csv,0.14130806922912598
row_extra_quote28_col3.csv,0.1389918327331543
row_extra_quote28_col4.csv,0.1388096809387207
row_extra_quote28_col5.csv,0.14223337173461914
row_extra_quote28_col6.csv,0.14345765113830566
row_extra_quote28_col7.csv,0.14026451110839844
row_extra_quote28_col8.csv,0.14438366889953613
row_extra_quote29_col0.csv,0.13831877708435059
row_extra_quote29_col1.csv,0.14296650886535645
row_extra_quote29_col2.csv,0.13885045051574707
row_extra_quote29_col3.csv,0.1370699405670166
row_extra_quote29_col4.csv,0.16601824760437012
row_extra_quote29_col5.csv,0.171311616897583
row_extra_quote29_col6.csv,0.13812017440795898
row_extra_quote29_col7.csv,0.1470050811767578
row_extra_quote29_col8.csv,0.13866591453552246
row_extra_quote2_col0.csv,1.508833885192871
row_extra_quote2_col1.csv,3.394033670425415
row_extra_quote2_col2.csv,1.4160394668579102
row_extra_quote2_col3.csv,2.043504238128662
row_extra_quote2_col4.csv,1.604522705078125
row_extra_quote2_col5.csv,1.7968344688415527
row_extra_quote2_col6.csv,1.5665154457092285
row_extra_quote2_col7.csv,1.6322762966156006
row_extra_quote2_col8.csv,1.5412437915802002
row_extra_quote30_col0.csv,0.15682554244995117
row_extra_quote30_col1.csv,0.1430203914642334
row_extra_quote30_col2.csv,0.13751649856567383
row_extra_quote30_col3.csv,0.14659333229064941
row_extra_quote30_col4.csv,0.14372944831848145
row_extra_quote30_col5.csv,0.14130401611328125
row_extra_quote30_col6.csv,0.13500046730041504
row_extra_quote30_col7.csv,0.14294123649597168
row_extra_quote30_col8.csv,0.14313554763793945
row_extra_quote31_col0.csv,0.14240527153015137
row_extra_quote31_col1.csv,0.15154290199279785
row_extra_quote31_col2.csv,0.147369384765625
row_extra_quote31_col3.csv,0.14649009704589844
row_extra_quote31_col4.csv,0.14254450798034668
row_extra_quote31_col5.csv,0.15092802047729492
row_extra_quote31_col6.csv,0.13895940780639648
row_extra_quote31_col7.csv,0.1401989459991455
row_extra_quote31_col8.csv,0.13857102394104004
row_extra_quote32_col0.csv,0.14016366004943848
row_extra_quote32_col1.csv,0.15230894088745117
row_extra_quote32_col2.csv,0.14370441436767578
row_extra_quote32_col3.csv,0.1371300220489502
row_extra_quote32_col4.csv,0.15939950942993164
row_extra_quote32_col5.csv,0.15333223342895508
row_extra_quote32_col6.csv,0.13216280937194824
row_extra_quote32_col7.csv,0.14982128143310547
row_extra_quote32_col8.csv,0.13889694213867188
row_extra_quote33_col0.csv,0.13839077949523926
row_extra_quote33_col1.csv,0.14177918434143066
row_extra_quote33_col2.csv,0.21860003471374512
row_extra_quote33_col3.csv,0.14151573181152344
row_extra_quote33_col4.csv,0.13698410987854004
row_extra_quote33_col5.csv,0.1589193344116211
row_extra_quote33_col6.csv,0.14919281005859375
row_extra_quote33_col7.csv,0.1374962329864502
row_extra_quote33_col8.csv,0.1403059959411621
row_extra_quote34_col0.csv,0.13368749618530273
row_extra_quote34_col1.csv,0.15086841583251953
row_extra_quote34_col2.csv,0.1556692123413086
row_extra_quote34_col3.csv,0.13838791847229004
row_extra_quote34_col4.csv,0.1435854434967041
row_extra_quote34_col5.csv,0.14698052406311035
row_extra_quote34_col6.csv,0.13792181015014648
row_extra_quote34_col7.csv,0.1340932846069336
row_extra_quote34_col8.csv,0.13782477378845215
row_extra_quote35_col0.csv,0.14286565780639648
row_extra_quote35_col1.csv,0.14401531219482422
row_extra_quote35_col2.csv,0.16160178184509277
row_extra_quote35_col3.csv,0.13720321655273438
row_extra_quote35_col4.csv,0.14165139198303223
row_extra_quote35_col5.csv,0.14026880264282227
row_extra_quote35_col6.csv,0.14770293235778809
row_extra_quote35_col7.csv,0.14220285415649414
row_extra_quote35_col8.csv,0.13627266883850098
row_extra_quote36_col0.csv,0.14107751846313477
row_extra_quote36_col1.csv,0.15258193016052246
row_extra_quote36_col2.csv,0.1413555145263672
row_extra_quote36_col3.csv,0.15995121002197266
row_extra_quote36_col4.csv,0.16187238693237305
row_extra_quote36_col5.csv,0.14032697677612305
row_extra_quote36_col6.csv,0.13734674453735352
row_extra_quote36_col7.csv,0.13889074325561523
row_extra_quote36_col8.csv,0.1486680507659912
row_extra_quote37_col0.csv,0.21475577354431152
row_extra_quote37_col1.csv,0.1415574550628662
row_extra_quote37_col2.csv,0.14237046241760254
row_extra_quote37_col3.csv,0.14892983436584473
row_extra_quote37_col4.csv,0.13873529434204102
row_extra_quote37_col5.csv,0.14052772521972656
row_extra_quote37_col6.csv,0.15008330345153809
row_extra_quote37_col7.csv,0.16851377487182617
row_extra_quote37_col8.csv,0.13972783088684082
row_extra_quote38_col0.csv,0.1542813777923584
row_extra_quote38_col1.csv,0.13777661323547363
row_extra_quote38_col2.csv,0.13562345504760742
row_extra_quote38_col3.csv,0.1360158920288086
row_extra_quote38_col4.csv,0.14499235153198242
row_extra_quote38_col5.csv,0.13763093948364258
row_extra_quote38_col6.csv,0.14499473571777344
row_extra_quote38_col7.csv,0.1420149803161621
row_extra_quote38_col8.csv,0.13626694679260254
row_extra_quote39_col0.csv,0.13903236389160156
row_extra_quote39_col1.csv,0.1439366340637207
row_extra_quote39_col2.csv,0.14028406143188477
row_extra_quote39_col3.csv,0.140303373336792
row_extra_quote39_col4.csv,0.1364748477935791
row_extra_quote39_col5.csv,0.19505023956298828
row_extra_quote39_col6.csv,0.14547514915466309
row_extra_quote39_col7.csv,0.1349329948425293
row_extra_quote39_col8.csv,0.13704419136047363
row_extra_quote3_col0.csv,1.4886417388916016
row_extra_quote3_col1.csv,1.8101601600646973
row_extra_quote3_col2.csv,1.685163974761963
row_extra_quote3_col3.csv,2.435236692428589
row_extra_quote3_col4.csv,1.7495815753936768
row_extra_quote3_col5.csv,1.714909553527832
row_extra_quote3_col6.csv,1.739072561264038
row_extra_quote3_col7.csv,1.6349146366119385
row_extra_quote3_col8.csv,1.6589829921722412
row_extra_quote40_col0.csv,0.1345996856689453
row_extra_quote40_col1.csv,0.14667415618896484
row_extra_quote40_col2.csv,0.13985586166381836
row_extra_quote40_col3.csv,0.1393897533416748
row_extra_quote40_col4.csv,0.15644454956054688
row_extra_quote40_col5.csv,0.19572758674621582
row_extra_quote40_col6.csv,0.13898754119873047
row_extra_quote40_col7.csv,0.13758325576782227
row_extra_quote40_col8.csv,0.1429300308227539
row_extra_quote41_col0.csv,0.1514110565185547
row_extra_quote41_col1.csv,0.14496970176696777
row_extra_quote41_col2.csv,0.14187073707580566
row_extra_quote41_col3.csv,0.1455097198486328
row_extra_quote41_col4.csv,0.14029169082641602
row_extra_quote41_col5.csv,0.20962786674499512
row_extra_quote41_col6.csv,0.1396498680114746
row_extra_quote41_col7.csv,0.14532256126403809
row_extra_quote41_col8.csv,0.14346718788146973
row_extra_quote42_col0.csv,0.14238333702087402
row_extra_quote42_col1.csv,0.15136051177978516
row_extra_quote42_col2.csv,0.14364933967590332
row_extra_quote42_col3.csv,0.13963747024536133
row_extra_quote42_col4.csv,0.13691473007202148
row_extra_quote42_col5.csv,0.15131926536560059
row_extra_quote42_col6.csv,0.14025306701660156
row_extra_quote42_col7.csv,0.1412944793701172
row_extra_quote42_col8.csv,0.14122319221496582
row_extra_quote43_col0.csv,0.1396017074584961
row_extra_quote43_col1.csv,0.17638707160949707
row_extra_quote43_col2.csv,0.14501380920410156
row_extra_quote43_col3.csv,0.13502144813537598
row_extra_quote43_col4.csv,0.14198064804077148
row_extra_quote43_col5.csv,0.13915801048278809
row_extra_quote43_col6.csv,0.13911795616149902
row_extra_quote43_col7.csv,0.13941216468811035
row_extra_quote43_col8.csv,0.14043712615966797
row_extra_quote44_col0.csv,0.14677000045776367
row_extra_quote44_col1.csv,0.1442093849182129
row_extra_quote44_col2.csv,0.1362323760986328
row_extra_quote44_col3.csv,0.1365368366241455
row_extra_quote44_col4.csv,0.15940093994140625
row_extra_quote44_col5.csv,0.14096665382385254
row_extra_quote44_col6.csv,0.14606904983520508
row_extra_quote44_col7.csv,0.27666187286376953
row_extra_quote44_col8.csv,0.1415235996246338
row_extra_quote45_col0.csv,0.17591428756713867
row_extra_quote45_col1.csv,0.13860440254211426
row_extra_quote45_col2.csv,0.15671539306640625
row_extra_quote45_col3.csv,0.14252686500549316
row_extra_quote45_col4.csv,0.14281821250915527
row_extra_quote45_col5.csv,0.14145302772521973
row_extra_quote45_col6.csv,0.14236235618591309
row_extra_quote45_col7.csv,0.14190435409545898
row_extra_quote45_col8.csv,0.14065790176391602
row_extra_quote46_col0.csv,0.1386103630065918
row_extra_quote46_col1.csv,0.14225482940673828
row_extra_quote46_col2.csv,0.1349639892578125
row_extra_quote46_col3.csv,0.21068763732910156
row_extra_quote46_col4.csv,0.14011883735656738
row_extra_quote46_col5.csv,0.13741803169250488
row_extra_quote46_col6.csv,0.1369175910949707
row_extra_quote46_col7.csv,0.13892626762390137
row_extra_quote46_col8.csv,0.14292645454406738
row_extra_quote47_col0.csv,0.14847207069396973
row_extra_quote47_col1.csv,0.18422579765319824
row_extra_quote47_col2.csv,0.14295744895935059
row_extra_quote47_col3.csv,0.1387479305267334
row_extra_quote47_col4.csv,0.1423039436340332
row_extra_quote47_col5.csv,0.137709379196167
row_extra_quote47_col6.csv,0.16025733947753906
row_extra_quote47_col7.csv,0.15023398399353027
row_extra_quote47_col8.csv,0.2417600154876709
row_extra_quote48_col0.csv,0.1388530731201172
row_extra_quote48_col1.csv,0.14957332611083984
row_extra_quote48_col2.csv,0.1629347801208496
row_extra_quote48_col3.csv,0.1401677131652832
row_extra_quote48_col4.csv,0.15138673782348633
row_extra_quote48_col5.csv,0.1371777057647705
row_extra_quote48_col6.csv,0.13698577880859375
row_extra_quote48_col7.csv,0.15958881378173828
row_extra_quote48_col8.csv,0.1387779712677002
row_extra_quote49_col0.csv,0.15359234809875488
row_extra_quote49_col1.csv,0.13924288749694824
row_extra_quote49_col2.csv,0.13987040519714355
row_extra_quote49_col3.csv,0.14195752143859863
row_extra_quote49_col4.csv,0.14778828620910645
row_extra_quote49_col5.csv,0.1655585765838623
row_extra_quote49_col6.csv,0.14095354080200195
row_extra_quote49_col7.csv,0.1373920440673828
row_extra_quote49_col8.csv,0.13693666458129883
row_extra_quote4_col0.csv,1.4265849590301514
row_extra_quote4_col1.csv,1.5406990051269531
row_extra_quote4_col2.csv,2.657086133956909
row_extra_quote4_col3.csv,2.048184871673584
row_extra_quote4_col4.csv,1.4312174320220947
row_extra_quote4_col5.csv,1.4833407402038574
row_extra_quote4_col6.csv,4.014957427978516
row_extra_quote4_col7.csv,1.4898104667663574
row_extra_quote4_col8.csv,1.5112836360931396
row_extra_quote50_col0.csv,0.13660526275634766
row_extra_quote50_col1.csv,0.14084768295288086
row_extra_quote50_col2.csv,0.14089059829711914
row_extra_quote50_col3.csv,0.14211225509643555
row_extra_quote50_col4.csv,0.15031671524047852
row_extra_quote50_col5.csv,0.14128470420837402
row_extra_quote50_col6.csv,0.14319396018981934
row_extra_quote50_col7.csv,0.14486122131347656
row_extra_quote50_col8.csv,0.15666460990905762
row_extra_quote51_col0.csv,0.1413404941558838
row_extra_quote51_col1.csv,0.14064908027648926
row_extra_quote51_col2.csv,0.1499025821685791
row_extra_quote51_col3.csv,0.14360475540161133
row_extra_quote51_col4.csv,0.15897035598754883
row_extra_quote51_col5.csv,0.13782811164855957
row_extra_quote51_col6.csv,0.13336563110351562
row_extra_quote51_col7.csv,0.21380019187927246
row_extra_quote51_col8.csv,0.14172983169555664
row_extra_quote52_col0.csv,0.14073610305786133
row_extra_quote52_col1.csv,0.1389460563659668
row_extra_quote52_col2.csv,0.14006423950195312
row_extra_quote52_col3.csv,0.13757896423339844
row_extra_quote52_col4.csv,0.15110325813293457
row_extra_quote52_col5.csv,0.1591958999633789
row_extra_quote52_col6.csv,0.1414966583251953
row_extra_quote52_col7.csv,0.13927483558654785
row_extra_quote52_col8.csv,0.1372373104095459
row_extra_quote53_col0.csv,0.15279769897460938
row_extra_quote53_col1.csv,0.14977264404296875
row_extra_quote53_col2.csv,0.16558527946472168
row_extra_quote53_col3.csv,0.14003348350524902
row_extra_quote53_col4.csv,0.13658499717712402
row_extra_quote53_col5.csv,0.14174723625183105
row_extra_quote53_col6.csv,0.1395549774169922
row_extra_quote53_col7.csv,0.1536707878112793
row_extra_quote53_col8.csv,0.14514493942260742
row_extra_quote54_col0.csv,0.14258241653442383
row_extra_quote54_col1.csv,0.14460492134094238
row_extra_quote54_col2.csv,0.14606451988220215
row_extra_quote54_col3.csv,0.14459943771362305
row_extra_quote54_col4.csv,0.15150856971740723
row_extra_quote54_col5.csv,0.14074945449829102
row_extra_quote54_col6.csv,0.14125537872314453
row_extra_quote54_col7.csv,0.14000892639160156
row_extra_quote54_col8.csv,0.13746428489685059
row_extra_quote55_col0.csv,0.14915728569030762
row_extra_quote55_col1.csv,0.15955734252929688
row_extra_quote55_col2.csv,0.1583390235900879
row_extra_quote55_col3.csv,0.14853405952453613
row_extra_quote55_col4.csv,0.1493358612060547
row_extra_quote55_col5.csv,0.1442890167236328
row_extra_quote55_col6.csv,0.14151549339294434
row_extra_quote55_col7.csv,0.1624901294708252
row_extra_quote55_col8.csv,0.15421557426452637
row_extra_quote56_col0.csv,0.13370013236999512
row_extra_quote56_col1.csv,0.13668107986450195
row_extra_quote56_col2.csv,0.1638631820678711
row_extra_quote56_col3.csv,0.16090011596679688
row_extra_quote56_col4.csv,0.1512742042541504
row_extra_quote56_col5.csv,0.15205669403076172
row_extra_quote56_col6.csv,0.14100933074951172
row_extra_quote56_col7.csv,0.13727450370788574
row_extra_quote56_col8.csv,0.14925813674926758
row_extra_quote57_col0.csv,0.24836039543151855
row_extra_quote57_col1.csv,0.13926076889038086
row_extra_quote57_col2.csv,0.15108513832092285
row_extra_quote57_col3.csv,0.16500329971313477
row_extra_quote57_col4.csv,0.1390974521636963
row_extra_quote57_col5.csv,0.13948416709899902
row_extra_quote57_col6.csv,0.15426206588745117
row_extra_quote57_col7.csv,0.14101409912109375
row_extra_quote57_col8.csv,0.1358473300933838
row_extra_quote58_col0.csv,0.1386089324951172
row_extra_quote58_col1.csv,0.16317033767700195
row_extra_quote58_col2.csv,0.13897323608398438
row_extra_quote58_col3.csv,0.14261770248413086
row_extra_quote58_col4.csv,0.18398785591125488
row_extra_quote58_col5.csv,0.1503615379333496
row_extra_quote58_col6.csv,0.14461660385131836
row_extra_quote58_col7.csv,0.2627570629119873
row_extra_quote58_col8.csv,0.14793682098388672
row_extra_quote59_col0.csv,0.1374826431274414
row_extra_quote59_col1.csv,0.1580057144165039
row_extra_quote59_col2.csv,0.14101743698120117
row_extra_quote59_col3.csv,0.14141035079956055
row_extra_quote59_col4.csv,0.15503811836242676
row_extra_quote59_col5.csv,0.13829326629638672
row_extra_quote59_col6.csv,0.13928651809692383
row_extra_quote59_col7.csv,0.13347625732421875
row_extra_quote59_col8.csv,0.14434051513671875
row_extra_quote5_col0.csv,1.5022704601287842
row_extra_quote5_col1.csv,1.8647921085357666
row_extra_quote5_col2.csv,1.609602451324463
row_extra_quote5_col3.csv,1.9342656135559082
row_extra_quote5_col4.csv,2.0967531204223633
row_extra_quote5_col5.csv,1.723217487335205
row_extra_quote5_col6.csv,1.5688092708587646
row_extra_quote5_col7.csv,1.7431371212005615
row_extra_quote5_col8.csv,1.4530484676361084
row_extra_quote60_col0.csv,0.14637494087219238
row_extra_quote60_col1.csv,0.13576269149780273
row_extra_quote60_col2.csv,0.14176678657531738
row_extra_quote60_col3.csv,0.14735913276672363
row_extra_quote60_col4.csv,0.1377861499786377
row_extra_quote60_col5.csv,0.1660780906677246
row_extra_quote60_col6.csv,0.13655495643615723
row_extra_quote60_col7.csv,0.13802742958068848
row_extra_quote60_col8.csv,0.141282320022583
row_extra_quote61_col0.csv,0.14386439323425293
row_extra_quote61_col1.csv,0.14709091186523438
row_extra_quote61_col2.csv,0.16336989402770996
row_extra_quote61_col3.csv,0.14217400550842285
row_extra_quote61_col4.csv,0.15885639190673828
row_extra_quote61_col5.csv,0.13980460166931152
row_extra_quote61_col6.csv,0.14336109161376953
row_extra_quote61_col7.csv,0.15455031394958496
row_extra_quote61_col8.csv,0.1374509334564209
row_extra_quote62_col0.csv,0.14219141006469727
row_extra_quote62_col1.csv,0.1447587013244629
row_extra_quote62_col2.csv,0.1363978385925293
row_extra_quote62_col3.csv,0.1381700038909912
row_extra_quote62_col4.csv,0.14298200607299805
row_extra_quote62_col5.csv,0.1376488208770752
row_extra_quote62_col6.csv,0.13910651206970215
row_extra_quote62_col7.csv,0.1387650966644287
row_extra_quote62_col8.csv,0.15495681762695312
row_extra_quote63_col0.csv,0.14049148559570312
row_extra_quote63_col1.csv,0.1384589672088623
row_extra_quote63_col2.csv,0.13500618934631348
row_extra_quote63_col3.csv,0.17508983612060547
row_extra_quote63_col4.csv,0.1520845890045166
row_extra_quote63_col5.csv,0.1441650390625
row_extra_quote63_col6.csv,0.1341555118560791
row_extra_quote63_col7.csv,0.1342906951904297
row_extra_quote63_col8.csv,0.13872170448303223
row_extra_quote64_col0.csv,0.1777205467224121
row_extra_quote64_col1.csv,0.14200735092163086
row_extra_quote64_col2.csv,0.14468622207641602
row_extra_quote64_col3.csv,0.1361374855041504
row_extra_quote64_col4.csv,0.14274811744689941
row_extra_quote64_col5.csv,0.149932861328125
row_extra_quote64_col6.csv,0.14019536972045898
row_extra_quote64_col7.csv,0.13538217544555664
row_extra_quote64_col8.csv,0.1377120018005371
row_extra_quote65_col0.csv,0.14490962028503418
row_extra_quote65_col1.csv,0.1405165195465088
row_extra_quote65_col2.csv,0.14644575119018555
row_extra_quote65_col3.csv,0.14642763137817383
row_extra_quote65_col4.csv,0.13811445236206055
row_extra_quote65_col5.csv,0.16576671600341797
row_extra_quote65_col6.csv,0.15691804885864258
row_extra_quote65_col7.csv,0.15303325653076172
row_extra_quote65_col8.csv,0.1371455192565918
row_extra_quote66_col0.csv,0.14395356178283691
row_extra_quote66_col1.csv,0.1446235179901123
row_extra_quote66_col2.csv,0.14442038536071777
row_extra_quote66_col3.csv,0.15454411506652832
row_extra_quote66_col4.csv,0.1419682502746582
row_extra_quote66_col5.csv,0.17876338958740234
row_extra_quote66_col6.csv,0.13252520561218262
row_extra_quote66_col7.csv,0.14359760284423828
row_extra_quote66_col8.csv,0.1424860954284668
row_extra_quote67_col0.csv,0.14229249954223633
row_extra_quote67_col1.csv,0.14066028594970703
row_extra_quote67_col2.csv,0.14630460739135742
row_extra_quote67_col3.csv,0.13598847389221191
row_extra_quote67_col4.csv,0.15203380584716797
row_extra_quote67_col5.csv,0.15847468376159668
row_extra_quote67_col6.csv,0.13790225982666016
row_extra_quote67_col7.csv,0.1376941204071045
row_extra_quote67_col8.csv,0.14235830307006836
row_extra_quote68_col0.csv,0.1405162811279297
row_extra_quote68_col1.csv,0.13922405242919922
row_extra_quote68_col2.csv,0.14011573791503906
row_extra_quote68_col3.csv,0.14419126510620117
row_extra_quote68_col4.csv,0.14836430549621582
row_extra_quote68_col5.csv,0.16394281387329102
row_extra_quote68_col6.csv,0.13985466957092285
row_extra_quote68_col7.csv,0.159437894821167
row_extra_quote68_col8.csv,0.13113880157470703
row_extra_quote69_col0.csv,0.1696786880493164
row_extra_quote69_col1.csv,0.14207863807678223
row_extra_quote69_col2.csv,0.14252686500549316
row_extra_quote69_col3.csv,0.1446533203125
row_extra_quote69_col4.csv,0.1532268524169922
row_extra_quote69_col5.csv,0.18263721466064453
row_extra_quote69_col6.csv,0.14155364036560059
row_extra_quote69_col7.csv,0.14107871055603027
row_extra_quote69_col8.csv,0.1399838924407959
row_extra_quote6_col0.csv,1.6313395500183105
row_extra_quote6_col1.csv,1.8004443645477295
row_extra_quote6_col2.csv,1.522463083267212
row_extra_quote6_col3.csv,1.5696635246276855
row_extra_quote6_col4.csv,1.8621931076049805
row_extra_quote6_col5.csv,1.8299143314361572
row_extra_quote6_col6.csv,1.729835033416748
row_extra_quote6_col7.csv,1.4859027862548828
row_extra_quote6_col8.csv,1.682816743850708
row_extra_quote70_col0.csv,0.1383819580078125
row_extra_quote70_col1.csv,0.15208196640014648
row_extra_quote70_col2.csv,0.14232254028320312
row_extra_quote70_col3.csv,0.14156198501586914
row_extra_quote70_col4.csv,0.13739466667175293
row_extra_quote70_col5.csv,0.13979220390319824
row_extra_quote70_col6.csv,0.14047455787658691
row_extra_quote70_col7.csv,0.13980817794799805
row_extra_quote70_col8.csv,0.15214061737060547
row_extra_quote71_col0.csv,0.13449811935424805
row_extra_quote71_col1.csv,0.137467622756958
row_extra_quote71_col2.csv,0.13536977767944336
row_extra_quote71_col3.csv,0.14353418350219727
row_extra_quote71_col4.csv,0.15070581436157227
row_extra_quote71_col5.csv,0.14435172080993652
row_extra_quote71_col6.csv,0.1405477523803711
row_extra_quote71_col7.csv,0.14460206031799316
row_extra_quote71_col8.csv,0.13857483863830566
row_extra_quote72_col0.csv,0.14229655265808105
row_extra_quote72_col1.csv,0.14491629600524902
row_extra_quote72_col2.csv,0.1417403221130371
row_extra_quote72_col3.csv,0.1798391342163086
row_extra_quote72_col4.csv,0.16665124893188477
row_extra_quote72_col5.csv,0.14128661155700684
row_extra_quote72_col6.csv,0.13909125328063965
row_extra_quote72_col7.csv,0.14353084564208984
row_extra_quote72_col8.csv,0.14176130294799805
row_extra_quote73_col0.csv,0.15507912635803223
row_extra_quote73_col1.csv,0.1424424648284912
row_extra_quote73_col2.csv,0.14449214935302734
row_extra_quote73_col3.csv,0.13610029220581055
row_extra_quote73_col4.csv,0.14023399353027344
row_extra_quote73_col5.csv,0.13166594505310059
row_extra_quote73_col6.csv,0.14052104949951172
row_extra_quote73_col7.csv,0.1363849639892578
row_extra_quote73_col8.csv,0.1528918743133545
row_extra_quote74_col0.csv,0.13795948028564453
row_extra_quote74_col1.csv,0.146209716796875
row_extra_quote74_col2.csv,0.15155506134033203
row_extra_quote74_col3.csv,0.15381669998168945
row_extra_quote74_col4.csv,0.14226436614990234
row_extra_quote74_col5.csv,0.14468860626220703
row_extra_quote74_col6.csv,0.13781309127807617
row_extra_quote74_col7.csv,0.14356279373168945
row_extra_quote74_col8.csv,0.13831782341003418
row_extra_quote75_col0.csv,0.14837002754211426
row_extra_quote75_col1.csv,0.14475321769714355
row_extra_quote75_col2.csv,0.13698577880859375
row_extra_quote75_col3.csv,0.13902831077575684
row_extra_quote75_col4.csv,0.1423814296722412
row_extra_quote75_col5.csv,0.18583059310913086
row_extra_quote75_col6.csv,0.14758920669555664
row_extra_quote75_col7.csv,0.13824868202209473
row_extra_quote75_col8.csv,0.15666580200195312
row_extra_quote76_col0.csv,0.15998125076293945
row_extra_quote76_col1.csv,0.14162659645080566
row_extra_quote76_col2.csv,0.14751434326171875
row_extra_quote76_col3.csv,0.17279672622680664
row_extra_quote76_col4.csv,0.1422412395477295
row_extra_quote76_col5.csv,0.13828349113464355
row_extra_quote76_col6.csv,0.15625905990600586
row_extra_quote76_col7.csv,0.1490919589996338
row_extra_quote76_col8.csv,0.1454296112060547
row_extra_quote77_col0.csv,0.14560294151306152
row_extra_quote77_col1.csv,0.17755913734436035
row_extra_quote77_col2.csv,0.14157557487487793
row_extra_quote77_col3.csv,0.14134430885314941
row_extra_quote77_col4.csv,0.1639256477355957
row_extra_quote77_col5.csv,0.14223146438598633
row_extra_quote77_col6.csv,0.1412053108215332
row_extra_quote77_col7.csv,0.1399524211883545
row_extra_quote77_col8.csv,0.1461033821105957
row_extra_quote78_col0.csv,0.13923859596252441
row_extra_quote78_col1.csv,0.14457154273986816
row_extra_quote78_col2.csv,0.1554253101348877
row_extra_quote78_col3.csv,0.1452319622039795
row_extra_quote78_col4.csv,0.14050936698913574
row_extra_quote78_col5.csv,0.14007353782653809
row_extra_quote78_col6.csv,0.13337135314941406
row_extra_quote78_col7.csv,0.14734387397766113
row_extra_quote78_col8.csv,0.1454172134399414
row_extra_quote79_col0.csv,0.1561582088470459
row_extra_quote79_col1.csv,0.14390993118286133
row_extra_quote79_col2.csv,0.1407456398010254
row_extra_quote79_col3.csv,0.2209467887878418
row_extra_quote79_col4.csv,0.1423184871673584
row_extra_quote79_col5.csv,0.13846349716186523
row_extra_quote79_col6.csv,0.14208674430847168
row_extra_quote79_col7.csv,0.13905739784240723
row_extra_quote79_col8.csv,0.13754653930664062
row_extra_quote7_col0.csv,1.54227614402771
row_extra_quote7_col1.csv,1.3139703273773193
row_extra_quote7_col2.csv,1.5805225372314453
row_extra_quote7_col3.csv,1.8401727676391602
row_extra_quote7_col4.csv,1.7374255657196045
row_extra_quote7_col5.csv,1.5123865604400635
row_extra_quote7_col6.csv,1.7088935375213623
row_extra_quote7_col7.csv,1.8839471340179443
row_extra_quote7_col8.csv,1.6398899555206299
row_extra_quote80_col0.csv,0.14992666244506836
row_extra_quote80_col1.csv,3.2634437084198
row_extra_quote80_col2.csv,0.14162063598632812
row_extra_quote80_col3.csv,0.14693093299865723
row_extra_quote80_col4.csv,0.13457489013671875
row_extra_quote80_col5.csv,0.1397550106048584
row_extra_quote80_col6.csv,0.14279961585998535
row_extra_quote80_col7.csv,0.1416175365447998
row_extra_quote80_col8.csv,0.139146089553833
row_extra_quote81_col0.csv,0.14368772506713867
row_extra_quote81_col1.csv,0.1452476978302002
row_extra_quote81_col2.csv,0.13703703880310059
row_extra_quote81_col3.csv,0.15740704536437988
row_extra_quote81_col4.csv,0.15125393867492676
row_extra_quote81_col5.csv,0.1445612907409668
row_extra_quote81_col6.csv,0.14238739013671875
row_extra_quote81_col7.csv,0.14180302619934082
row_extra_quote81_col8.csv,0.13497495651245117
row_extra_quote82_col0.csv,0.14240241050720215
row_extra_quote82_col1.csv,0.14346742630004883
row_extra_quote82_col2.csv,0.14264631271362305
row_extra_quote82_col3.csv,0.13894939422607422
row_extra_quote82_col4.csv,0.14888525009155273
row_extra_quote82_col5.csv,0.15095925331115723
row_extra_quote82_col6.csv,0.14232468605041504
row_extra_quote82_col7.csv,0.15297794342041016
row_extra_quote82_col8.csv,0.1395576000213623
row_extra_quote83_col0.csv,0.17425894737243652
row_extra_quote83_col1.csv,0.13997745513916016
row_extra_quote83_col2.csv,0.14126944541931152
row_extra_quote83_col3.csv,0.139481782913208
row_extra_quote83_col4.csv,0.1434800624847412
row_extra_quote83_col5.csv,0.1418607234954834
row_extra_quote83_col6.csv,0.14922547340393066
row_extra_quote83_col7.csv,0.13952970504760742
row_extra_quote83_col8.csv,0.10483694076538086
row_extra_quote8_col0.csv,1.6482725143432617
row_extra_quote8_col1.csv,1.6409099102020264
row_extra_quote8_col2.csv,2.2258596420288086
row_extra_quote8_col3.csv,1.597458839416504
row_extra_quote8_col4.csv,1.7898130416870117
row_extra_quote8_col5.csv,1.5983972549438477
row_extra_quote8_col6.csv,1.714721918106079
row_extra_quote8_col7.csv,2.0403566360473633
row_extra_quote8_col8.csv,1.8670716285705566
row_extra_quote9_col0.csv,8.145634889602661
row_extra_quote9_col1.csv,2.0378589630126953
row_extra_quote9_col2.csv,1.6230506896972656
row_extra_quote9_col3.csv,1.7588577270507812
row_extra_quote9_col4.csv,6.233732461929321
row_extra_quote9_col5.csv,2.927847146987915
row_extra_quote9_col6.csv,2.2878220081329346
row_extra_quote9_col7.csv,1.4575104713439941
row_extra_quote9_col8.csv,1.7164158821105957
row_field_delimiter_0_0x20.csv,1.824042797088623
row_field_delimiter_10_0x20.csv,0.13790011405944824
row_field_delimiter_11_0x20.csv,0.15512800216674805
row_field_delimiter_12_0x20.csv,0.14477014541625977
row_field_delimiter_13_0x20.csv,0.15145134925842285
row_field_delimiter_14_0x20.csv,0.14208173751831055
row_field_delimiter_15_0x20.csv,0.14173674583435059
row_field_delimiter_16_0x20.csv,0.14117431640625
row_field_delimiter_17_0x20.csv,0.13619184494018555
row_field_delimiter_18_0x20.csv,0.14325332641601562
row_field_delimiter_19_0x20.csv,0.15196752548217773
row_field_delimiter_1_0x20.csv,1.5218064785003662
row_field_delimiter_20_0x20.csv,0.14039134979248047
row_field_delimiter_21_0x20.csv,0.13786602020263672
row_field_delimiter_22_0x20.csv,0.13815641403198242
row_field_delimiter_23_0x20.csv,0.18027234077453613
row_field_delimiter_24_0x20.csv,0.13431668281555176
row_field_delimiter_25_0x20.csv,0.13816285133361816
row_field_delimiter_26_0x20.csv,0.13912701606750488
row_field_delimiter_27_0x20.csv,0.15572285652160645
row_field_delimiter_28_0x20.csv,0.16093826293945312
row_field_delimiter_29_0x20.csv,0.1428525447845459
row_field_delimiter_2_0x20.csv,2.2183914184570312
row_field_delimiter_30_0x20.csv,0.14539074897766113
row_field_delimiter_31_0x20.csv,0.14001131057739258
row_field_delimiter_32_0x20.csv,0.14200830459594727
row_field_delimiter_33_0x20.csv,0.13663578033447266
row_field_delimiter_34_0x20.csv,0.1896958351135254
row_field_delimiter_35_0x20.csv,0.17090916633605957
row_field_delimiter_36_0x20.csv,0.14130187034606934
row_field_delimiter_37_0x20.csv,0.1421496868133545
row_field_delimiter_38_0x20.csv,0.14405155181884766
row_field_delimiter_39_0x20.csv,0.1401805877685547
row_field_delimiter_3_0x20.csv,1.658386468887329
row_field_delimiter_40_0x20.csv,0.1443476676940918
row_field_delimiter_41_0x20.csv,0.1371922492980957
row_field_delimiter_42_0x20.csv,0.13877153396606445
row_field_delimiter_43_0x20.csv,0.14013981819152832
row_field_delimiter_44_0x20.csv,0.1522047519683838
row_field_delimiter_45_0x20.csv,0.14153027534484863
row_field_delimiter_46_0x20.csv,0.13470244407653809
row_field_delimiter_47_0x20.csv,0.15580511093139648
row_field_delimiter_48_0x20.csv,0.14365768432617188
row_field_delimiter_49_0x20.csv,0.13604402542114258
row_field_delimiter_4_0x20.csv,1.4890573024749756
row_field_delimiter_50_0x20.csv,0.13668394088745117
row_field_delimiter_51_0x20.csv,0.1376631259918213
row_field_delimiter_52_0x20.csv,0.13569164276123047
row_field_delimiter_53_0x20.csv,0.17150139808654785
row_field_delimiter_54_0x20.csv,0.1381082534790039
row_field_delimiter_55_0x20.csv,0.14095377922058105
row_field_delimiter_56_0x20.csv,0.13969945907592773
row_field_delimiter_57_0x20.csv,0.17304182052612305
row_field_delimiter_58_0x20.csv,0.13916325569152832
row_field_delimiter_59_0x20.csv,0.13598060607910156
row_field_delimiter_5_0x20.csv,1.5800726413726807
row_field_delimiter_60_0x20.csv,0.1354076862335205
row_field_delimiter_61_0x20.csv,0.14523911476135254
row_field_delimiter_62_0x20.csv,0.15480470657348633
row_field_delimiter_63_0x20.csv,0.14649534225463867
row_field_delimiter_64_0x20.csv,0.141845703125
row_field_delimiter_65_0x20.csv,0.13852214813232422
row_field_delimiter_66_0x20.csv,0.17153358459472656
row_field_delimiter_67_0x20.csv,0.1420891284942627
row_field_delimiter_68_0x20.csv,0.13576626777648926
row_field_delimiter_69_0x20.csv,0.13627004623413086
row_field_delimiter_6_0x20.csv,1.6013832092285156
row_field_delimiter_70_0x20.csv,0.14489054679870605
row_field_delimiter_71_0x20.csv,0.15290522575378418
row_field_delimiter_72_0x20.csv,0.1398637294769287
row_field_delimiter_73_0x20.csv,0.14374113082885742
row_field_delimiter_74_0x20.csv,0.13982152938842773
row_field_delimiter_75_0x20.csv,0.174652099609375
row_field_delimiter_76_0x20.csv,0.1452176570892334
row_field_delimiter_77_0x20.csv,0.14120793342590332
row_field_delimiter_78_0x20.csv,0.15082764625549316
row_field_delimiter_79_0x20.csv,0.14720368385314941
row_field_delimiter_7_0x20.csv,1.8102715015411377
row_field_delimiter_80_0x20.csv,0.143035888671875
row_field_delimiter_81_0x20.csv,0.14097332954406738
row_field_delimiter_82_0x20.csv,0.1400165557861328
row_field_delimiter_83_0x20.csv,0.15067481994628906
row_field_delimiter_8_0x20.csv,1.8281207084655762
row_field_delimiter_9_0x20.csv,1.509782314300537
row_less_sep_row0_col1.csv,1.7002646923065186
row_less_sep_row0_col2.csv,1.6359620094299316
row_less_sep_row0_col3.csv,1.834336280822754
row_less_sep_row0_col4.csv,1.7209532260894775
row_less_sep_row0_col5.csv,3.009201765060425
row_less_sep_row0_col6.csv,1.4875857830047607
row_less_sep_row0_col7.csv,42.444692850112915
row_less_sep_row0_col8.csv,1.40970778465271
row_less_sep_row10_col1.csv,0.14554929733276367
row_less_sep_row10_col2.csv,0.14573454856872559
row_less_sep_row10_col3.csv,0.14237332344055176
row_less_sep_row10_col4.csv,0.14068102836608887
row_less_sep_row10_col5.csv,0.1206815242767334
row_less_sep_row10_col6.csv,0.14567828178405762
row_less_sep_row10_col7.csv,0.14972567558288574
row_less_sep_row10_col8.csv,0.14208650588989258
row_less_sep_row11_col1.csv,0.1337909698486328
row_less_sep_row11_col2.csv,0.21311163902282715
row_less_sep_row11_col3.csv,0.14560818672180176
row_less_sep_row11_col4.csv,0.14010071754455566
row_less_sep_row11_col5.csv,0.13974642753601074
row_less_sep_row11_col6.csv,0.13516855239868164
row_less_sep_row11_col7.csv,0.1386711597442627
row_less_sep_row11_col8.csv,0.14623737335205078
row_less_sep_row12_col1.csv,0.1341700553894043
row_less_sep_row12_col2.csv,0.13349461555480957
row_less_sep_row12_col3.csv,0.14370322227478027
row_less_sep_row12_col4.csv,0.13835430145263672
row_less_sep_row12_col5.csv,0.13889503479003906
row_less_sep_row12_col6.csv,0.08515357971191406
row_less_sep_row12_col7.csv,0.1475381851196289
row_less_sep_row12_col8.csv,0.1397705078125
row_less_sep_row13_col1.csv,0.13551688194274902
row_less_sep_row13_col2.csv,0.1431586742401123
row_less_sep_row13_col3.csv,0.15897083282470703
row_less_sep_row13_col4.csv,0.13996601104736328
row_less_sep_row13_col5.csv,0.1456289291381836
row_less_sep_row13_col6.csv,0.09518003463745117
row_less_sep_row13_col7.csv,0.1566150188446045
row_less_sep_row13_col8.csv,0.13771772384643555
row_less_sep_row14_col1.csv,0.14096713066101074
row_less_sep_row14_col2.csv,0.1708354949951172
row_less_sep_row14_col3.csv,0.14185690879821777
row_less_sep_row14_col4.csv,0.14296793937683105
row_less_sep_row14_col5.csv,0.19789671897888184
row_less_sep_row14_col6.csv,0.10111427307128906
row_less_sep_row14_col7.csv,0.14129853248596191
row_less_sep_row14_col8.csv,0.14993977546691895
row_less_sep_row15_col1.csv,0.1534712314605713
row_less_sep_row15_col2.csv,0.15323925018310547
row_less_sep_row15_col3.csv,0.13849592208862305
row_less_sep_row15_col4.csv,0.13708806037902832
row_less_sep_row15_col5.csv,0.17908930778503418
row_less_sep_row15_col6.csv,0.14486026763916016
row_less_sep_row15_col7.csv,0.13962817192077637
row_less_sep_row15_col8.csv,0.13921260833740234
row_less_sep_row16_col1.csv,0.2169663906097412
row_less_sep_row16_col2.csv,0.18302416801452637
row_less_sep_row16_col3.csv,0.15265846252441406
row_less_sep_row16_col4.csv,0.13495469093322754
row_less_sep_row16_col5.csv,0.08939552307128906
row_less_sep_row16_col6.csv,0.14387106895446777
row_less_sep_row16_col7.csv,0.14644074440002441
row_less_sep_row16_col8.csv,0.1628432273864746
row_less_sep_row17_col1.csv,0.13979053497314453
row_less_sep_row17_col2.csv,0.13795208930969238
row_less_sep_row17_col3.csv,0.13813185691833496
row_less_sep_row17_col4.csv,0.1681051254272461
row_less_sep_row17_col5.csv,0.13172173500061035
row_less_sep_row17_col6.csv,0.08936524391174316
row_less_sep_row17_col7.csv,0.15198135375976562
row_less_sep_row17_col8.csv,0.16184687614440918
row_less_sep_row18_col1.csv,0.14899921417236328
row_less_sep_row18_col2.csv,0.13962674140930176
row_less_sep_row18_col3.csv,0.14621806144714355
row_less_sep_row18_col4.csv,0.14337754249572754
row_less_sep_row18_col5.csv,0.08542990684509277
row_less_sep_row18_col6.csv,0.14152860641479492
row_less_sep_row18_col7.csv,0.14419102668762207
row_less_sep_row18_col8.csv,0.14131712913513184
row_less_sep_row19_col1.csv,0.13864779472351074
row_less_sep_row19_col2.csv,0.14159083366394043
row_less_sep_row19_col3.csv,0.13907790184020996
row_less_sep_row19_col4.csv,0.14490127563476562
row_less_sep_row19_col5.csv,0.09049439430236816
row_less_sep_row19_col6.csv,0.13750672340393066
row_less_sep_row19_col7.csv,0.14081478118896484
row_less_sep_row19_col8.csv,0.13843059539794922
row_less_sep_row1_col1.csv,1.7236676216125488
row_less_sep_row1_col2.csv,1.4334354400634766
row_less_sep_row1_col3.csv,1.5602288246154785
row_less_sep_row1_col4.csv,1.6399216651916504
row_less_sep_row1_col5.csv,1.4721510410308838
row_less_sep_row1_col6.csv,5.790122032165527
row_less_sep_row1_col7.csv,1.6377930641174316
row_less_sep_row1_col8.csv,1.8961546421051025
row_less_sep_row20_col1.csv,0.15456652641296387
row_less_sep_row20_col2.csv,0.13756537437438965
row_less_sep_row20_col3.csv,0.14801669120788574
row_less_sep_row20_col4.csv,0.13862085342407227
row_less_sep_row20_col5.csv,0.10730147361755371
row_less_sep_row20_col6.csv,0.14313817024230957
row_less_sep_row20_col7.csv,0.1364445686340332
row_less_sep_row20_col8.csv,0.14271211624145508
row_less_sep_row21_col1.csv,0.13849353790283203
row_less_sep_row21_col2.csv,0.15720558166503906
row_less_sep_row21_col3.csv,0.152940034866333
row_less_sep_row21_col4.csv,0.14798784255981445
row_less_sep_row21_col5.csv,0.10212159156799316
row_less_sep_row21_col6.csv,0.13767504692077637
row_less_sep_row21_col7.csv,0.13764405250549316
row_less_sep_row21_col8.csv,0.15318965911865234
row_less_sep_row22_col1.csv,0.14302992820739746
row_less_sep_row22_col2.csv,0.15899324417114258
row_less_sep_row22_col3.csv,0.1596217155456543
row_less_sep_row22_col4.csv,0.16643548011779785
row_less_sep_row22_col5.csv,0.08835411071777344
row_less_sep_row22_col6.csv,0.13915443420410156
row_less_sep_row22_col7.csv,0.14208316802978516
row_less_sep_row22_col8.csv,0.13640308380126953
row_less_sep_row23_col1.csv,0.15249395370483398
row_less_sep_row23_col2.csv,0.13534879684448242
row_less_sep_row23_col3.csv,0.14687776565551758
row_less_sep_row23_col4.csv,0.1455090045928955
row_less_sep_row23_col5.csv,0.13993573188781738
row_less_sep_row23_col6.csv,0.14404654502868652
row_less_sep_row23_col7.csv,0.14426255226135254
row_less_sep_row23_col8.csv,0.1374514102935791
row_less_sep_row24_col1.csv,0.1380174160003662
row_less_sep_row24_col2.csv,0.1396479606628418
row_less_sep_row24_col3.csv,0.1358034610748291
row_less_sep_row24_col4.csv,0.14182567596435547
row_less_sep_row24_col5.csv,0.14160990715026855
row_less_sep_row24_col6.csv,0.13410592079162598
row_less_sep_row24_col7.csv,0.1370246410369873
row_less_sep_row24_col8.csv,0.1399848461151123
row_less_sep_row25_col1.csv,0.13554954528808594
row_less_sep_row25_col2.csv,0.14211726188659668
row_less_sep_row25_col3.csv,0.14780211448669434
row_less_sep_row25_col4.csv,0.1427295207977295
row_less_sep_row25_col5.csv,0.1406710147857666
row_less_sep_row25_col6.csv,0.13926982879638672
row_less_sep_row25_col7.csv,0.14217281341552734
row_less_sep_row25_col8.csv,0.1551806926727295
row_less_sep_row26_col1.csv,0.13942289352416992
row_less_sep_row26_col2.csv,0.1464395523071289
row_less_sep_row26_col3.csv,0.1383068561553955
row_less_sep_row26_col4.csv,0.13972830772399902
row_less_sep_row26_col5.csv,0.14300751686096191
row_less_sep_row26_col6.csv,0.08764290809631348
row_less_sep_row26_col7.csv,0.14613890647888184
row_less_sep_row26_col8.csv,0.15831875801086426
row_less_sep_row27_col1.csv,0.15432214736938477
row_less_sep_row27_col2.csv,0.14826083183288574
row_less_sep_row27_col3.csv,0.15027475357055664
row_less_sep_row27_col4.csv,0.1718151569366455
row_less_sep_row27_col5.csv,0.14023637771606445
row_less_sep_row27_col6.csv,0.1403825283050537
row_less_sep_row27_col7.csv,0.14172744750976562
row_less_sep_row27_col8.csv,0.22719907760620117
row_less_sep_row28_col1.csv,0.13576459884643555
row_less_sep_row28_col2.csv,0.1580829620361328
row_less_sep_row28_col3.csv,0.14640212059020996
row_less_sep_row28_col4.csv,0.15749883651733398
row_less_sep_row28_col5.csv,0.08428144454956055
row_less_sep_row28_col6.csv,0.16928672790527344
row_less_sep_row28_col7.csv,0.13834190368652344
row_less_sep_row28_col8.csv,0.1427135467529297
row_less_sep_row29_col1.csv,0.14209794998168945
row_less_sep_row29_col2.csv,0.13592886924743652
row_less_sep_row29_col3.csv,0.15331530570983887
row_less_sep_row29_col4.csv,0.148850679397583
row_less_sep_row29_col5.csv,0.14536356925964355
row_less_sep_row29_col6.csv,0.1525261402130127
row_less_sep_row29_col7.csv,0.1411592960357666
row_less_sep_row29_col8.csv,0.14608359336853027
row_less_sep_row2_col1.csv,1.4498882293701172
row_less_sep_row2_col2.csv,1.7063422203063965
row_less_sep_row2_col3.csv,1.4620068073272705
row_less_sep_row2_col4.csv,1.529015064239502
row_less_sep_row2_col5.csv,1.8536956310272217
row_less_sep_row2_col6.csv,1.518599510192871
row_less_sep_row2_col7.csv,2.026984691619873
row_less_sep_row2_col8.csv,1.5926125049591064
row_less_sep_row30_col1.csv,0.1600818634033203
row_less_sep_row30_col2.csv,0.13980817794799805
row_less_sep_row30_col3.csv,0.13952302932739258
row_less_sep_row30_col4.csv,0.143355131149292
row_less_sep_row30_col5.csv,0.08804035186767578
row_less_sep_row30_col6.csv,0.13939118385314941
row_less_sep_row30_col7.csv,0.1810154914855957
row_less_sep_row30_col8.csv,0.14326119422912598
row_less_sep_row31_col1.csv,0.13565349578857422
row_less_sep_row31_col2.csv,0.1443190574645996
row_less_sep_row31_col3.csv,0.1416950225830078
row_less_sep_row31_col4.csv,0.14119601249694824
row_less_sep_row31_col5.csv,0.210282564163208
row_less_sep_row31_col6.csv,0.13832497596740723
row_less_sep_row31_col7.csv,0.13864874839782715
row_less_sep_row31_col8.csv,0.16013073921203613
row_less_sep_row32_col1.csv,0.13722777366638184
row_less_sep_row32_col2.csv,0.13996601104736328
row_less_sep_row32_col3.csv,0.1436455249786377
row_less_sep_row32_col4.csv,0.15516018867492676
row_less_sep_row32_col5.csv,0.09761428833007812
row_less_sep_row32_col6.csv,0.14446616172790527
row_less_sep_row32_col7.csv,0.14198970794677734
row_less_sep_row32_col8.csv,0.15349507331848145
row_less_sep_row33_col1.csv,0.1426703929901123
row_less_sep_row33_col2.csv,0.14600920677185059
row_less_sep_row33_col3.csv,0.13318991661071777
row_less_sep_row33_col4.csv,0.14786124229431152
row_less_sep_row33_col5.csv,0.08850836753845215
row_less_sep_row33_col6.csv,0.14144635200500488
row_less_sep_row33_col7.csv,0.1450505256652832
row_less_sep_row33_col8.csv,0.15881133079528809
row_less_sep_row34_col1.csv,0.14412140846252441
row_less_sep_row34_col2.csv,0.1403822898864746
row_less_sep_row34_col3.csv,0.17098736763000488
row_less_sep_row34_col4.csv,0.15411663055419922
row_less_sep_row34_col5.csv,0.13097143173217773
row_less_sep_row34_col6.csv,0.15166902542114258
row_less_sep_row34_col7.csv,0.14127635955810547
row_less_sep_row34_col8.csv,0.13779330253601074
row_less_sep_row35_col1.csv,0.14177370071411133
row_less_sep_row35_col2.csv,0.14992856979370117
row_less_sep_row35_col3.csv,0.1381540298461914
row_less_sep_row35_col4.csv,0.1414952278137207
row_less_sep_row35_col5.csv,0.1434464454650879
row_less_sep_row35_col6.csv,0.14202404022216797
row_less_sep_row35_col7.csv,0.13427257537841797
row_less_sep_row35_col8.csv,0.15797090530395508
row_less_sep_row36_col1.csv,0.13986992835998535
row_less_sep_row36_col2.csv,0.14307355880737305
row_less_sep_row36_col3.csv,0.14397549629211426
row_less_sep_row36_col4.csv,0.13695406913757324
row_less_sep_row36_col5.csv,0.1615447998046875
row_less_sep_row36_col6.csv,0.1375124454498291
row_less_sep_row36_col7.csv,0.14194178581237793
row_less_sep_row36_col8.csv,0.1777942180633545
row_less_sep_row37_col1.csv,0.13557887077331543
row_less_sep_row37_col2.csv,0.1458749771118164
row_less_sep_row37_col3.csv,0.1376628875732422
row_less_sep_row37_col4.csv,0.13515186309814453
row_less_sep_row37_col5.csv,0.1626110076904297
row_less_sep_row37_col6.csv,0.13953161239624023
row_less_sep_row37_col7.csv,0.14504241943359375
row_less_sep_row37_col8.csv,0.14092302322387695
row_less_sep_row38_col1.csv,0.17550992965698242
row_less_sep_row38_col2.csv,0.14244771003723145
row_less_sep_row38_col3.csv,0.14855742454528809
row_less_sep_row38_col4.csv,0.14208388328552246
row_less_sep_row38_col5.csv,0.10060310363769531
row_less_sep_row38_col6.csv,0.15055608749389648
row_less_sep_row38_col7.csv,0.1392679214477539
row_less_sep_row38_col8.csv,0.1700434684753418
row_less_sep_row39_col1.csv,0.16749191284179688
row_less_sep_row39_col2.csv,0.14659905433654785
row_less_sep_row39_col3.csv,0.14326786994934082
row_less_sep_row39_col4.csv,0.1452498435974121
row_less_sep_row39_col5.csv,0.09461164474487305
row_less_sep_row39_col6.csv,0.13561248779296875
row_less_sep_row39_col7.csv,0.13914942741394043
row_less_sep_row39_col8.csv,0.15090513229370117
row_less_sep_row3_col1.csv,1.4886245727539062
row_less_sep_row3_col2.csv,1.473517656326294
row_less_sep_row3_col3.csv,1.5648529529571533
row_less_sep_row3_col4.csv,1.4693384170532227
row_less_sep_row3_col5.csv,1.5535552501678467
row_less_sep_row3_col6.csv,1.563326358795166
row_less_sep_row3_col7.csv,1.599635124206543
row_less_sep_row3_col8.csv,1.6546711921691895
row_less_sep_row40_col1.csv,0.13579654693603516
row_less_sep_row40_col2.csv,0.14854145050048828
row_less_sep_row40_col3.csv,0.15605878829956055
row_less_sep_row40_col4.csv,0.16086721420288086
row_less_sep_row40_col5.csv,0.09132981300354004
row_less_sep_row40_col6.csv,0.1388840675354004
row_less_sep_row40_col7.csv,0.13982105255126953
row_less_sep_row40_col8.csv,0.145097017288208
row_less_sep_row41_col1.csv,0.13994622230529785
row_less_sep_row41_col2.csv,0.14071011543273926
row_less_sep_row41_col3.csv,0.1410675048828125
row_less_sep_row41_col4.csv,0.13894295692443848
row_less_sep_row41_col5.csv,0.14005136489868164
row_less_sep_row41_col6.csv,0.14770960807800293
row_less_sep_row41_col7.csv,0.13641977310180664
row_less_sep_row41_col8.csv,0.15118050575256348
row_less_sep_row42_col1.csv,0.1425037384033203
row_less_sep_row42_col2.csv,0.1366715431213379
row_less_sep_row42_col3.csv,0.13787531852722168
row_less_sep_row42_col4.csv,0.15194487571716309
row_less_sep_row42_col5.csv,0.14197587966918945
row_less_sep_row42_col6.csv,0.14166855812072754
row_less_sep_row42_col7.csv,0.14265990257263184
row_less_sep_row42_col8.csv,0.16655254364013672
row_less_sep_row43_col1.csv,0.13939309120178223
row_less_sep_row43_col2.csv,0.14293265342712402
row_less_sep_row43_col3.csv,0.13646435737609863
row_less_sep_row43_col4.csv,0.14687371253967285
row_less_sep_row43_col5.csv,0.14009547233581543
row_less_sep_row43_col6.csv,0.14870381355285645
row_less_sep_row43_col7.csv,0.13927841186523438
row_less_sep_row43_col8.csv,0.17452692985534668
row_less_sep_row44_col1.csv,0.1442577838897705
row_less_sep_row44_col2.csv,0.13942980766296387
row_less_sep_row44_col3.csv,0.20072603225708008
row_less_sep_row44_col4.csv,0.13776135444641113
row_less_sep_row44_col5.csv,0.15237975120544434
row_less_sep_row44_col6.csv,0.14330458641052246
row_less_sep_row44_col7.csv,0.13558602333068848
row_less_sep_row44_col8.csv,0.14092612266540527
row_less_sep_row45_col1.csv,0.16535663604736328
row_less_sep_row45_col2.csv,0.14779067039489746
row_less_sep_row45_col3.csv,0.14757180213928223
row_less_sep_row45_col4.csv,0.15061306953430176
row_less_sep_row45_col5.csv,0.08895444869995117
row_less_sep_row45_col6.csv,0.14530348777770996
row_less_sep_row45_col7.csv,0.14549589157104492
row_less_sep_row45_col8.csv,0.14191102981567383
row_less_sep_row46_col1.csv,0.13487839698791504
row_less_sep_row46_col2.csv,0.19468998908996582
row_less_sep_row46_col3.csv,0.1410679817199707
row_less_sep_row46_col4.csv,0.14507436752319336
row_less_sep_row46_col5.csv,0.1348705291748047
row_less_sep_row46_col6.csv,0.08426690101623535
row_less_sep_row46_col7.csv,0.13861513137817383
row_less_sep_row46_col8.csv,0.1364743709564209
row_less_sep_row47_col1.csv,0.14316177368164062
row_less_sep_row47_col2.csv,0.14410734176635742
row_less_sep_row47_col3.csv,0.14833760261535645
row_less_sep_row47_col4.csv,0.14122509956359863
row_less_sep_row47_col5.csv,0.13941621780395508
row_less_sep_row47_col6.csv,0.09124994277954102
row_less_sep_row47_col7.csv,0.15673255920410156
row_less_sep_row47_col8.csv,0.13977980613708496
row_less_sep_row48_col1.csv,0.1374797821044922
row_less_sep_row48_col2.csv,0.17189359664916992
row_less_sep_row48_col3.csv,0.13761162757873535
row_less_sep_row48_col4.csv,0.15946054458618164
row_less_sep_row48_col5.csv,0.14449548721313477
row_less_sep_row48_col6.csv,0.13977336883544922
row_less_sep_row48_col7.csv,0.1501905918121338
row_less_sep_row48_col8.csv,0.1467125415802002
row_less_sep_row49_col1.csv,0.13864588737487793
row_less_sep_row49_col2.csv,0.1424729824066162
row_less_sep_row49_col3.csv,0.13964271545410156
row_less_sep_row49_col4.csv,0.16468238830566406
row_less_sep_row49_col5.csv,0.09415388107299805
row_less_sep_row49_col6.csv,0.13672709465026855
row_less_sep_row49_col7.csv,0.1370372772216797
row_less_sep_row49_col8.csv,0.1435987949371338
row_less_sep_row4_col1.csv,1.8136961460113525
row_less_sep_row4_col2.csv,1.8716788291931152
row_less_sep_row4_col3.csv,4.169381380081177
row_less_sep_row4_col4.csv,1.6580126285552979
row_less_sep_row4_col5.csv,1.8336100578308105
row_less_sep_row4_col6.csv,1.6609845161437988
row_less_sep_row4_col7.csv,1.781907320022583
row_less_sep_row4_col8.csv,1.692122220993042
row_less_sep_row50_col1.csv,0.1883225440979004
row_less_sep_row50_col2.csv,0.14304828643798828
row_less_sep_row50_col3.csv,0.13438653945922852
row_less_sep_row50_col4.csv,0.1682581901550293
row_less_sep_row50_col5.csv,0.14224529266357422
row_less_sep_row50_col6.csv,0.09028339385986328
row_less_sep_row50_col7.csv,0.14019513130187988
row_less_sep_row50_col8.csv,0.14284777641296387
row_less_sep_row51_col1.csv,0.14192485809326172
row_less_sep_row51_col2.csv,0.139754056930542
row_less_sep_row51_col3.csv,0.14834380149841309
row_less_sep_row51_col4.csv,0.13445806503295898
row_less_sep_row51_col5.csv,0.142683744430542
row_less_sep_row51_col6.csv,0.14292526245117188
row_less_sep_row51_col7.csv,0.14078927040100098
row_less_sep_row51_col8.csv,0.1394658088684082
row_less_sep_row52_col1.csv,0.13692402839660645
row_less_sep_row52_col2.csv,0.13550496101379395
row_less_sep_row52_col3.csv,0.14770817756652832
row_less_sep_row52_col4.csv,0.15238118171691895
row_less_sep_row52_col5.csv,0.13792634010314941
row_less_sep_row52_col6.csv,0.13483929634094238
row_less_sep_row52_col7.csv,0.13843607902526855
row_less_sep_row52_col8.csv,0.15690922737121582
row_less_sep_row53_col1.csv,0.13764715194702148
row_less_sep_row53_col2.csv,0.1342775821685791
row_less_sep_row53_col3.csv,0.13555383682250977
row_less_sep_row53_col4.csv,0.13656163215637207
row_less_sep_row53_col5.csv,0.14653491973876953
row_less_sep_row53_col6.csv,0.09212040901184082
row_less_sep_row53_col7.csv,0.13910651206970215
row_less_sep_row53_col8.csv,0.1500396728515625
row_less_sep_row54_col1.csv,0.1888258457183838
row_less_sep_row54_col2.csv,0.19976329803466797
row_less_sep_row54_col3.csv,0.14258480072021484
row_less_sep_row54_col4.csv,0.14348053932189941
row_less_sep_row54_col5.csv,0.09246325492858887
row_less_sep_row54_col6.csv,0.13971376419067383
row_less_sep_row54_col7.csv,0.14326071739196777
row_less_sep_row54_col8.csv,0.14031982421875
row_less_sep_row55_col1.csv,0.1446366310119629
row_less_sep_row55_col2.csv,0.1516571044921875
row_less_sep_row55_col3.csv,0.13718676567077637
row_less_sep_row55_col4.csv,0.15621304512023926
row_less_sep_row55_col5.csv,0.14267826080322266
row_less_sep_row55_col6.csv,0.08971619606018066
row_less_sep_row55_col7.csv,0.14161205291748047
row_less_sep_row55_col8.csv,0.1343090534210205
row_less_sep_row56_col1.csv,0.14264750480651855
row_less_sep_row56_col2.csv,0.14165902137756348
row_less_sep_row56_col3.csv,0.1422579288482666
row_less_sep_row56_col4.csv,0.19456148147583008
row_less_sep_row56_col5.csv,0.13901019096374512
row_less_sep_row56_col6.csv,0.1388866901397705
row_less_sep_row56_col7.csv,0.1493380069732666
row_less_sep_row56_col8.csv,0.1442573070526123
row_less_sep_row57_col1.csv,0.14366531372070312
row_less_sep_row57_col2.csv,0.15372729301452637
row_less_sep_row57_col3.csv,0.13804364204406738
row_less_sep_row57_col4.csv,0.1420276165008545
row_less_sep_row57_col5.csv,0.15517902374267578
row_less_sep_row57_col6.csv,0.09019637107849121
row_less_sep_row57_col7.csv,0.13808250427246094
row_less_sep_row57_col8.csv,0.14174365997314453
row_less_sep_row58_col1.csv,0.17069268226623535
row_less_sep_row58_col2.csv,0.1427309513092041
row_less_sep_row58_col3.csv,0.13936781883239746
row_less_sep_row58_col4.csv,0.15422415733337402
row_less_sep_row58_col5.csv,0.08916854858398438
row_less_sep_row58_col6.csv,0.1414775848388672
row_less_sep_row58_col7.csv,0.15712571144104004
row_less_sep_row58_col8.csv,0.15281295776367188
row_less_sep_row59_col1.csv,0.14307689666748047
row_less_sep_row59_col2.csv,0.14212441444396973
row_less_sep_row59_col3.csv,0.1400737762451172
row_less_sep_row59_col4.csv,0.1619558334350586
row_less_sep_row59_col5.csv,0.14006662368774414
row_less_sep_row59_col6.csv,0.13814401626586914
row_less_sep_row59_col7.csv,0.18012714385986328
row_less_sep_row59_col8.csv,0.14086484909057617
row_less_sep_row5_col1.csv,2.073228359222412
row_less_sep_row5_col2.csv,1.6083080768585205
row_less_sep_row5_col3.csv,1.5189709663391113
row_less_sep_row5_col4.csv,1.4110665321350098
row_less_sep_row5_col5.csv,1.5702543258666992
row_less_sep_row5_col6.csv,1.8229126930236816
row_less_sep_row5_col7.csv,1.6969342231750488
row_less_sep_row5_col8.csv,1.8327417373657227
row_less_sep_row60_col1.csv,0.1406843662261963
row_less_sep_row60_col2.csv,0.14438176155090332
row_less_sep_row60_col3.csv,0.14397644996643066
row_less_sep_row60_col4.csv,0.13517975807189941
row_less_sep_row60_col5.csv,0.11798548698425293
row_less_sep_row60_col6.csv,0.15517878532409668
row_less_sep_row60_col7.csv,0.1434926986694336
row_less_sep_row60_col8.csv,0.16067075729370117
row_less_sep_row61_col1.csv,0.15482544898986816
row_less_sep_row61_col2.csv,0.14597082138061523
row_less_sep_row61_col3.csv,0.15544795989990234
row_less_sep_row61_col4.csv,0.1449754238128662
row_less_sep_row61_col5.csv,0.13171935081481934
row_less_sep_row61_col6.csv,0.09612870216369629
row_less_sep_row61_col7.csv,0.1523141860961914
row_less_sep_row61_col8.csv,0.14415383338928223
row_less_sep_row62_col1.csv,0.1505115032196045
row_less_sep_row62_col2.csv,0.14141297340393066
row_less_sep_row62_col3.csv,0.1417233943939209
row_less_sep_row62_col4.csv,0.1350116729736328
row_less_sep_row62_col5.csv,0.13953685760498047
row_less_sep_row62_col6.csv,0.09174776077270508
row_less_sep_row62_col7.csv,0.1391139030456543
row_less_sep_row62_col8.csv,0.15895843505859375
row_less_sep_row63_col1.csv,0.13881254196166992
row_less_sep_row63_col2.csv,0.13675165176391602
row_less_sep_row63_col3.csv,0.14542675018310547
row_less_sep_row63_col4.csv,0.15272116661071777
row_less_sep_row63_col5.csv,0.1356945037841797
row_less_sep_row63_col6.csv,0.13572049140930176
row_less_sep_row63_col7.csv,0.1403050422668457
row_less_sep_row63_col8.csv,0.13773155212402344
row_less_sep_row64_col1.csv,0.13984274864196777
row_less_sep_row64_col2.csv,0.1415095329284668
row_less_sep_row64_col3.csv,0.13543987274169922
row_less_sep_row64_col4.csv,0.14115142822265625
row_less_sep_row64_col5.csv,0.08744287490844727
row_less_sep_row64_col6.csv,0.16499090194702148
row_less_sep_row64_col7.csv,0.1482081413269043
row_less_sep_row64_col8.csv,0.13802385330200195
row_less_sep_row65_col1.csv,0.1405787467956543
row_less_sep_row65_col2.csv,0.13972759246826172
row_less_sep_row65_col3.csv,0.14356136322021484
row_less_sep_row65_col4.csv,0.1363527774810791
row_less_sep_row65_col5.csv,0.14084172248840332
row_less_sep_row65_col6.csv,0.08757328987121582
row_less_sep_row65_col7.csv,0.13606953620910645
row_less_sep_row65_col8.csv,0.13756585121154785
row_less_sep_row66_col1.csv,0.14442801475524902
row_less_sep_row66_col2.csv,0.15071392059326172
row_less_sep_row66_col3.csv,0.14077138900756836
row_less_sep_row66_col4.csv,0.17661666870117188
row_less_sep_row66_col5.csv,0.13953256607055664
row_less_sep_row66_col6.csv,0.1344454288482666
row_less_sep_row66_col7.csv,0.13376617431640625
row_less_sep_row66_col8.csv,0.14123868942260742
row_less_sep_row67_col1.csv,0.13696002960205078
row_less_sep_row67_col2.csv,0.13919949531555176
row_less_sep_row67_col3.csv,0.13901710510253906
row_less_sep_row67_col4.csv,0.14526581764221191
row_less_sep_row67_col5.csv,0.13992094993591309
row_less_sep_row67_col6.csv,0.14098906517028809
row_less_sep_row67_col7.csv,0.13991427421569824
row_less_sep_row67_col8.csv,0.13986444473266602
row_less_sep_row68_col1.csv,0.1419663429260254
row_less_sep_row68_col2.csv,0.1382904052734375
row_less_sep_row68_col3.csv,0.20222878456115723
row_less_sep_row68_col4.csv,0.14361977577209473
row_less_sep_row68_col5.csv,0.1728215217590332
row_less_sep_row68_col6.csv,0.13742494583129883
row_less_sep_row68_col7.csv,0.14550018310546875
row_less_sep_row68_col8.csv,0.1390235424041748
row_less_sep_row69_col1.csv,0.14701223373413086
row_less_sep_row69_col2.csv,0.14290785789489746
row_less_sep_row69_col3.csv,0.17542791366577148
row_less_sep_row69_col4.csv,0.15436840057373047
row_less_sep_row69_col5.csv,0.08995509147644043
row_less_sep_row69_col6.csv,0.14661335945129395
row_less_sep_row69_col7.csv,0.14157795906066895
row_less_sep_row69_col8.csv,0.13940024375915527
row_less_sep_row6_col1.csv,1.6726040840148926
row_less_sep_row6_col2.csv,1.8067853450775146
row_less_sep_row6_col3.csv,1.5668842792510986
row_less_sep_row6_col4.csv,1.5774331092834473
row_less_sep_row6_col5.csv,1.5395140647888184
row_less_sep_row6_col6.csv,1.4165725708007812
row_less_sep_row6_col7.csv,1.7030560970306396
row_less_sep_row6_col8.csv,2.875822067260742
row_less_sep_row70_col1.csv,0.13663101196289062
row_less_sep_row70_col2.csv,0.14084339141845703
row_less_sep_row70_col3.csv,0.14264225959777832
row_less_sep_row70_col4.csv,0.1484975814819336
row_less_sep_row70_col5.csv,0.13804960250854492
row_less_sep_row70_col6.csv,0.33124375343322754
row_less_sep_row70_col7.csv,0.1444861888885498
row_less_sep_row70_col8.csv,0.13607144355773926
row_less_sep_row71_col1.csv,0.15749502182006836
row_less_sep_row71_col2.csv,0.14023065567016602
row_less_sep_row71_col3.csv,0.14404058456420898
row_less_sep_row71_col4.csv,0.1361844539642334
row_less_sep_row71_col5.csv,0.09165477752685547
row_less_sep_row71_col6.csv,0.14939022064208984
row_less_sep_row71_col7.csv,0.14152765274047852
row_less_sep_row71_col8.csv,0.1407632827758789
row_less_sep_row72_col1.csv,0.15703988075256348
row_less_sep_row72_col2.csv,0.14923739433288574
row_less_sep_row72_col3.csv,0.13382482528686523
row_less_sep_row72_col4.csv,0.14205193519592285
row_less_sep_row72_col5.csv,0.13594794273376465
row_less_sep_row72_col6.csv,0.08787918090820312
row_less_sep_row72_col7.csv,0.13658428192138672
row_less_sep_row72_col8.csv,0.14013433456420898
row_less_sep_row73_col1.csv,0.14720988273620605
row_less_sep_row73_col2.csv,0.1385056972503662
row_less_sep_row73_col3.csv,0.14378571510314941
row_less_sep_row73_col4.csv,0.15589094161987305
row_less_sep_row73_col5.csv,0.14026832580566406
row_less_sep_row73_col6.csv,0.1296679973602295
row_less_sep_row73_col7.csv,0.1576697826385498
row_less_sep_row73_col8.csv,0.1419520378112793
row_less_sep_row74_col1.csv,0.14026784896850586
row_less_sep_row74_col2.csv,0.17108893394470215
row_less_sep_row74_col3.csv,0.15430593490600586
row_less_sep_row74_col4.csv,0.13927578926086426
row_less_sep_row74_col5.csv,0.13482069969177246
row_less_sep_row74_col6.csv,0.16008806228637695
row_less_sep_row74_col7.csv,0.14244532585144043
row_less_sep_row74_col8.csv,0.13176298141479492
row_less_sep_row75_col1.csv,0.1331791877746582
row_less_sep_row75_col2.csv,0.14127612113952637
row_less_sep_row75_col3.csv,0.14330601692199707
row_less_sep_row75_col4.csv,0.1432628631591797
row_less_sep_row75_col5.csv,0.14182829856872559
row_less_sep_row75_col6.csv,0.16437458992004395
row_less_sep_row75_col7.csv,0.17625021934509277
row_less_sep_row75_col8.csv,0.1559441089630127
row_less_sep_row76_col1.csv,0.14707183837890625
row_less_sep_row76_col2.csv,0.1381063461303711
row_less_sep_row76_col3.csv,0.1818220615386963
row_less_sep_row76_col4.csv,0.14181900024414062
row_less_sep_row76_col5.csv,0.15680646896362305
row_less_sep_row76_col6.csv,0.091400146484375
row_less_sep_row76_col7.csv,0.1456594467163086
row_less_sep_row76_col8.csv,0.14764666557312012
row_less_sep_row77_col1.csv,0.1433088779449463
row_less_sep_row77_col2.csv,0.13986754417419434
row_less_sep_row77_col3.csv,0.13700199127197266
row_less_sep_row77_col4.csv,0.13677668571472168
row_less_sep_row77_col5.csv,0.15445590019226074
row_less_sep_row77_col6.csv,0.08676719665527344
row_less_sep_row77_col7.csv,0.14460968971252441
row_less_sep_row77_col8.csv,0.1415853500366211
row_less_sep_row78_col1.csv,0.1371614933013916
row_less_sep_row78_col2.csv,0.1427750587463379
row_less_sep_row78_col3.csv,0.14342784881591797
row_less_sep_row78_col4.csv,0.14196395874023438
row_less_sep_row78_col5.csv,0.1351618766784668
row_less_sep_row78_col6.csv,0.1442723274230957
row_less_sep_row78_col7.csv,0.15258407592773438
row_less_sep_row78_col8.csv,0.1441178321838379
row_less_sep_row79_col1.csv,0.17855477333068848
row_less_sep_row79_col2.csv,0.19170904159545898
row_less_sep_row79_col3.csv,0.13730478286743164
row_less_sep_row79_col4.csv,0.1376020908355713
row_less_sep_row79_col5.csv,0.13782835006713867
row_less_sep_row79_col6.csv,0.1373748779296875
row_less_sep_row79_col7.csv,0.1461167335510254
row_less_sep_row79_col8.csv,0.19111084938049316
row_less_sep_row7_col1.csv,1.4235589504241943
row_less_sep_row7_col2.csv,1.7288262844085693
row_less_sep_row7_col3.csv,1.6584546566009521
row_less_sep_row7_col4.csv,1.5861425399780273
row_less_sep_row7_col5.csv,1.576979637145996
row_less_sep_row7_col6.csv,1.7854876518249512
row_less_sep_row7_col7.csv,2.210577964782715
row_less_sep_row7_col8.csv,1.4151833057403564
row_less_sep_row80_col1.csv,0.13688945770263672
row_less_sep_row80_col2.csv,0.14196181297302246
row_less_sep_row80_col3.csv,0.13947272300720215
row_less_sep_row80_col4.csv,0.1435847282409668
row_less_sep_row80_col5.csv,0.09392094612121582
row_less_sep_row80_col6.csv,0.1425495147705078
row_less_sep_row80_col7.csv,0.15551018714904785
row_less_sep_row80_col8.csv,0.142533540725708
row_less_sep_row81_col1.csv,0.14175105094909668
row_less_sep_row81_col2.csv,0.14060091972351074
row_less_sep_row81_col3.csv,0.1407175064086914
row_less_sep_row81_col4.csv,0.17313241958618164
row_less_sep_row81_col5.csv,0.14697599411010742
row_less_sep_row81_col6.csv,0.13854718208312988
row_less_sep_row81_col7.csv,0.13740229606628418
row_less_sep_row81_col8.csv,0.13830232620239258
row_less_sep_row82_col1.csv,0.16545510292053223
row_less_sep_row82_col2.csv,0.13919973373413086
row_less_sep_row82_col3.csv,0.1410837173461914
row_less_sep_row82_col4.csv,0.14712190628051758
row_less_sep_row82_col5.csv,0.14050960540771484
row_less_sep_row82_col6.csv,0.14334392547607422
row_less_sep_row82_col7.csv,0.14390778541564941
row_less_sep_row82_col8.csv,0.15244388580322266
row_less_sep_row83_col1.csv,0.1385180950164795
row_less_sep_row83_col2.csv,0.15269947052001953
row_less_sep_row83_col3.csv,0.15787434577941895
row_less_sep_row83_col4.csv,0.14176058769226074
row_less_sep_row83_col5.csv,0.08889651298522949
row_less_sep_row83_col6.csv,0.14562511444091797
row_less_sep_row83_col7.csv,0.1434319019317627
row_less_sep_row83_col8.csv,0.15725946426391602
row_less_sep_row8_col1.csv,1.9308345317840576
row_less_sep_row8_col2.csv,1.5227124691009521
row_less_sep_row8_col3.csv,1.7878351211547852
row_less_sep_row8_col4.csv,1.5519320964813232
row_less_sep_row8_col5.csv,1.7491405010223389
row_less_sep_row8_col6.csv,1.4535243511199951
row_less_sep_row8_col7.csv,4.614960193634033
row_less_sep_row8_col8.csv,1.54866623878479
row_less_sep_row9_col1.csv,1.7728233337402344
row_less_sep_row9_col2.csv,2.010042905807495
row_less_sep_row9_col3.csv,1.5022037029266357
row_less_sep_row9_col4.csv,1.4512667655944824
row_less_sep_row9_col5.csv,1.8083584308624268
row_less_sep_row9_col6.csv,1.6274940967559814
row_less_sep_row9_col7.csv,1.7930891513824463
row_less_sep_row9_col8.csv,1.8259339332580566
row_more_sep_row0_col0.csv,2.5201315879821777
row_more_sep_row0_col1.csv,1.485558271408081
row_more_sep_row0_col2.csv,2.133714199066162
row_more_sep_row0_col3.csv,2.9779727458953857
row_more_sep_row0_col4.csv,1.4289546012878418
row_more_sep_row0_col5.csv,44.28685927391052
row_more_sep_row0_col6.csv,1.86845064163208
row_more_sep_row0_col7.csv,4.2808661460876465
row_more_sep_row0_col8.csv,2.2102489471435547
row_more_sep_row10_col0.csv,0.14084506034851074
row_more_sep_row10_col1.csv,0.13339567184448242
row_more_sep_row10_col2.csv,0.13721323013305664
row_more_sep_row10_col3.csv,0.14915013313293457
row_more_sep_row10_col4.csv,0.14200782775878906
row_more_sep_row10_col5.csv,0.13348793983459473
row_more_sep_row10_col6.csv,0.13226628303527832
row_more_sep_row10_col7.csv,0.14336228370666504
row_more_sep_row10_col8.csv,0.13353681564331055
row_more_sep_row11_col0.csv,0.151275634765625
row_more_sep_row11_col1.csv,0.13181376457214355
row_more_sep_row11_col2.csv,0.1453869342803955
row_more_sep_row11_col3.csv,0.1489849090576172
row_more_sep_row11_col4.csv,0.1364448070526123
row_more_sep_row11_col5.csv,0.13439393043518066
row_more_sep_row11_col6.csv,0.13421034812927246
row_more_sep_row11_col7.csv,0.14050889015197754
row_more_sep_row11_col8.csv,0.14231514930725098
row_more_sep_row12_col0.csv,0.13257312774658203
row_more_sep_row12_col1.csv,0.13451766967773438
row_more_sep_row12_col2.csv,0.12909674644470215
row_more_sep_row12_col3.csv,0.14212441444396973
row_more_sep_row12_col4.csv,0.1354846954345703
row_more_sep_row12_col5.csv,0.13099074363708496
row_more_sep_row12_col6.csv,0.12892842292785645
row_more_sep_row12_col7.csv,0.14162540435791016
row_more_sep_row12_col8.csv,0.10606598854064941
row_more_sep_row13_col0.csv,0.1344921588897705
row_more_sep_row13_col1.csv,0.1430220603942871
row_more_sep_row13_col2.csv,0.1378774642944336
row_more_sep_row13_col3.csv,0.13514971733093262
row_more_sep_row13_col4.csv,0.13057374954223633
row_more_sep_row13_col5.csv,0.14020061492919922
row_more_sep_row13_col6.csv,0.13181495666503906
row_more_sep_row13_col7.csv,0.17432713508605957
row_more_sep_row13_col8.csv,0.13115882873535156
row_more_sep_row14_col0.csv,0.13809871673583984
row_more_sep_row14_col1.csv,0.14206719398498535
row_more_sep_row14_col2.csv,0.13397789001464844
row_more_sep_row14_col3.csv,0.13292241096496582
row_more_sep_row14_col4.csv,0.14345812797546387
row_more_sep_row14_col5.csv,0.13339900970458984
row_more_sep_row14_col6.csv,0.13401365280151367
row_more_sep_row14_col7.csv,0.13367247581481934
row_more_sep_row14_col8.csv,0.18614602088928223
row_more_sep_row15_col0.csv,0.13392138481140137
row_more_sep_row15_col1.csv,0.13597774505615234
row_more_sep_row15_col2.csv,0.16242337226867676
row_more_sep_row15_col3.csv,0.14040160179138184
row_more_sep_row15_col4.csv,0.15160536766052246
row_more_sep_row15_col5.csv,0.15147018432617188
row_more_sep_row15_col6.csv,0.14334750175476074
row_more_sep_row15_col7.csv,0.13710713386535645
row_more_sep_row15_col8.csv,0.13420438766479492
row_more_sep_row16_col0.csv,0.13825392723083496
row_more_sep_row16_col1.csv,0.13681817054748535
row_more_sep_row16_col2.csv,0.15365123748779297
row_more_sep_row16_col3.csv,0.1369023323059082
row_more_sep_row16_col4.csv,0.1321408748626709
row_more_sep_row16_col5.csv,0.13445162773132324
row_more_sep_row16_col6.csv,0.1313614845275879
row_more_sep_row16_col7.csv,0.13190698623657227
row_more_sep_row16_col8.csv,0.19276762008666992
row_more_sep_row17_col0.csv,0.13526272773742676
row_more_sep_row17_col1.csv,0.14380121231079102
row_more_sep_row17_col2.csv,0.1527247428894043
row_more_sep_row17_col3.csv,0.13123488426208496
row_more_sep_row17_col4.csv,0.1414785385131836
row_more_sep_row17_col5.csv,0.13031768798828125
row_more_sep_row17_col6.csv,0.13903164863586426
row_more_sep_row17_col7.csv,0.13281011581420898
row_more_sep_row17_col8.csv,0.13597321510314941
row_more_sep_row18_col0.csv,0.14252924919128418
row_more_sep_row18_col1.csv,0.13576555252075195
row_more_sep_row18_col2.csv,0.13606786727905273
row_more_sep_row18_col3.csv,0.15399384498596191
row_more_sep_row18_col4.csv,0.13757061958312988
row_more_sep_row18_col5.csv,0.13770103454589844
row_more_sep_row18_col6.csv,0.1364593505859375
row_more_sep_row18_col7.csv,0.14414143562316895
row_more_sep_row18_col8.csv,0.15042328834533691
row_more_sep_row19_col0.csv,0.14246296882629395
row_more_sep_row19_col1.csv,0.16015863418579102
row_more_sep_row19_col2.csv,0.13139581680297852
row_more_sep_row19_col3.csv,0.1478271484375
row_more_sep_row19_col4.csv,0.14072251319885254
row_more_sep_row19_col5.csv,0.13423705101013184
row_more_sep_row19_col6.csv,0.1389918327331543
row_more_sep_row19_col7.csv,0.13234686851501465
row_more_sep_row19_col8.csv,0.13392901420593262
row_more_sep_row1_col0.csv,1.5190927982330322
row_more_sep_row1_col1.csv,1.4326317310333252
row_more_sep_row1_col2.csv,1.605933427810669
row_more_sep_row1_col3.csv,1.4252815246582031
row_more_sep_row1_col4.csv,4.287603378295898
row_more_sep_row1_col5.csv,1.911210060119629
row_more_sep_row1_col6.csv,1.9245173931121826
row_more_sep_row1_col7.csv,1.7061986923217773
row_more_sep_row1_col8.csv,1.413924217224121
row_more_sep_row20_col0.csv,0.1337273120880127
row_more_sep_row20_col1.csv,0.15036535263061523
row_more_sep_row20_col2.csv,0.14485478401184082
row_more_sep_row20_col3.csv,0.14549899101257324
row_more_sep_row20_col4.csv,0.13402986526489258
row_more_sep_row20_col5.csv,0.15491604804992676
row_more_sep_row20_col6.csv,0.13469552993774414
row_more_sep_row20_col7.csv,0.13903546333312988
row_more_sep_row20_col8.csv,0.13818001747131348
row_more_sep_row21_col0.csv,0.1443326473236084
row_more_sep_row21_col1.csv,0.13168120384216309
row_more_sep_row21_col2.csv,0.1347355842590332
row_more_sep_row21_col3.csv,0.1354968547821045
row_more_sep_row21_col4.csv,0.13256239891052246
row_more_sep_row21_col5.csv,0.13387417793273926
row_more_sep_row21_col6.csv,0.135026216506958
row_more_sep_row21_col7.csv,0.14279437065124512
row_more_sep_row21_col8.csv,0.13565611839294434
row_more_sep_row22_col0.csv,0.13677978515625
row_more_sep_row22_col1.csv,0.1344308853149414
row_more_sep_row22_col2.csv,0.13324475288391113
row_more_sep_row22_col3.csv,0.13182926177978516
row_more_sep_row22_col4.csv,0.1386885643005371
row_more_sep_row22_col5.csv,0.13937067985534668
row_more_sep_row22_col6.csv,0.1354198455810547
row_more_sep_row22_col7.csv,0.1371138095855713
row_more_sep_row22_col8.csv,0.12739849090576172
row_more_sep_row23_col0.csv,0.1490025520324707
row_more_sep_row23_col1.csv,0.15146160125732422
row_more_sep_row23_col2.csv,0.13277888298034668
row_more_sep_row23_col3.csv,0.13829612731933594
row_more_sep_row23_col4.csv,0.13791823387145996
row_more_sep_row23_col5.csv,0.1299591064453125
row_more_sep_row23_col6.csv,0.16382312774658203
row_more_sep_row23_col7.csv,0.13095736503601074
row_more_sep_row23_col8.csv,0.13521456718444824
row_more_sep_row24_col0.csv,0.1403946876525879
row_more_sep_row24_col1.csv,0.14144301414489746
row_more_sep_row24_col2.csv,0.1421196460723877
row_more_sep_row24_col3.csv,0.14860320091247559
row_more_sep_row24_col4.csv,0.13118338584899902
row_more_sep_row24_col5.csv,0.13072896003723145
row_more_sep_row24_col6.csv,0.14506936073303223
row_more_sep_row24_col7.csv,0.13079500198364258
row_more_sep_row24_col8.csv,0.13304448127746582
row_more_sep_row25_col0.csv,0.1331346035003662
row_more_sep_row25_col1.csv,0.1336824893951416
row_more_sep_row25_col2.csv,0.13177180290222168
row_more_sep_row25_col3.csv,0.1299271583557129
row_more_sep_row25_col4.csv,0.13293814659118652
row_more_sep_row25_col5.csv,0.1385946273803711
row_more_sep_row25_col6.csv,0.15916681289672852
row_more_sep_row25_col7.csv,0.13951349258422852
row_more_sep_row25_col8.csv,0.13977646827697754
row_more_sep_row26_col0.csv,0.13018584251403809
row_more_sep_row26_col1.csv,0.13233208656311035
row_more_sep_row26_col2.csv,0.13504457473754883
row_more_sep_row26_col3.csv,0.14273405075073242
row_more_sep_row26_col4.csv,0.14311480522155762
row_more_sep_row26_col5.csv,0.13417291641235352
row_more_sep_row26_col6.csv,0.14652419090270996
row_more_sep_row26_col7.csv,0.14068078994750977
row_more_sep_row26_col8.csv,0.13875126838684082
row_more_sep_row27_col0.csv,0.13208937644958496
row_more_sep_row27_col1.csv,0.13224530220031738
row_more_sep_row27_col2.csv,0.1520686149597168
row_more_sep_row27_col3.csv,0.1368100643157959
row_more_sep_row27_col4.csv,0.1328268051147461
row_more_sep_row27_col5.csv,0.1405627727508545
row_more_sep_row27_col6.csv,0.1397993564605713
row_more_sep_row27_col7.csv,0.12599420547485352
row_more_sep_row27_col8.csv,0.13906288146972656
row_more_sep_row28_col0.csv,0.13717126846313477
row_more_sep_row28_col1.csv,0.13705801963806152
row_more_sep_row28_col2.csv,0.1419060230255127
row_more_sep_row28_col3.csv,0.14977693557739258
row_more_sep_row28_col4.csv,0.17917227745056152
row_more_sep_row28_col5.csv,0.1707911491394043
row_more_sep_row28_col6.csv,0.13754487037658691
row_more_sep_row28_col7.csv,0.1334543228149414
row_more_sep_row28_col8.csv,0.13686728477478027
row_more_sep_row29_col0.csv,0.1828451156616211
row_more_sep_row29_col1.csv,0.1342473030090332
row_more_sep_row29_col2.csv,0.14196157455444336
row_more_sep_row29_col3.csv,0.1350719928741455
row_more_sep_row29_col4.csv,0.132216215133667
row_more_sep_row29_col5.csv,0.12917852401733398
row_more_sep_row29_col6.csv,0.13831663131713867
row_more_sep_row29_col7.csv,0.13640737533569336
row_more_sep_row29_col8.csv,0.13282060623168945
row_more_sep_row2_col0.csv,1.6085751056671143
row_more_sep_row2_col1.csv,1.6853516101837158
row_more_sep_row2_col2.csv,1.6118700504302979
row_more_sep_row2_col3.csv,1.5785822868347168
row_more_sep_row2_col4.csv,2.4891157150268555
row_more_sep_row2_col5.csv,1.5149705410003662
row_more_sep_row2_col6.csv,1.85780668258667
row_more_sep_row2_col7.csv,1.6870052814483643
row_more_sep_row2_col8.csv,1.4426283836364746
row_more_sep_row30_col0.csv,0.1408376693725586
row_more_sep_row30_col1.csv,0.13709115982055664
row_more_sep_row30_col2.csv,0.20398187637329102
row_more_sep_row30_col3.csv,0.1344592571258545
row_more_sep_row30_col4.csv,0.15358495712280273
row_more_sep_row30_col5.csv,0.140106201171875
row_more_sep_row30_col6.csv,0.15172219276428223
row_more_sep_row30_col7.csv,0.1425797939300537
row_more_sep_row30_col8.csv,0.12586116790771484
row_more_sep_row31_col0.csv,0.1284043788909912
row_more_sep_row31_col1.csv,0.1560811996459961
row_more_sep_row31_col2.csv,0.1322495937347412
row_more_sep_row31_col3.csv,0.13576579093933105
row_more_sep_row31_col4.csv,0.13138818740844727
row_more_sep_row31_col5.csv,0.13173985481262207
row_more_sep_row31_col6.csv,0.1373441219329834
row_more_sep_row31_col7.csv,0.1306905746459961
row_more_sep_row31_col8.csv,0.13895392417907715
row_more_sep_row32_col0.csv,0.16280078887939453
row_more_sep_row32_col1.csv,0.1862492561340332
row_more_sep_row32_col2.csv,0.13544130325317383
row_more_sep_row32_col3.csv,0.13050270080566406
row_more_sep_row32_col4.csv,0.19061708450317383
row_more_sep_row32_col5.csv,0.13998079299926758
row_more_sep_row32_col6.csv,0.1300361156463623
row_more_sep_row32_col7.csv,0.13547325134277344
row_more_sep_row32_col8.csv,0.13112735748291016
row_more_sep_row33_col0.csv,0.1350860595703125
row_more_sep_row33_col1.csv,0.1366100311279297
row_more_sep_row33_col2.csv,0.1353316307067871
row_more_sep_row33_col3.csv,0.18058991432189941
row_more_sep_row33_col4.csv,0.13959002494812012
row_more_sep_row33_col5.csv,0.13756680488586426
row_more_sep_row33_col6.csv,0.13792157173156738
row_more_sep_row33_col7.csv,0.14346051216125488
row_more_sep_row33_col8.csv,0.15366697311401367
row_more_sep_row34_col0.csv,0.13294577598571777
row_more_sep_row34_col1.csv,0.1318378448486328
row_more_sep_row34_col2.csv,0.14347529411315918
row_more_sep_row34_col3.csv,0.12957143783569336
row_more_sep_row34_col4.csv,0.13530850410461426
row_more_sep_row34_col5.csv,0.16015148162841797
row_more_sep_row34_col6.csv,0.134507417678833
row_more_sep_row34_col7.csv,0.13683843612670898
row_more_sep_row34_col8.csv,0.13089823722839355
row_more_sep_row35_col0.csv,0.13994956016540527
row_more_sep_row35_col1.csv,0.1510779857635498
row_more_sep_row35_col2.csv,0.13796472549438477
row_more_sep_row35_col3.csv,0.14739418029785156
row_more_sep_row35_col4.csv,0.13254046440124512
row_more_sep_row35_col5.csv,0.13767671585083008
row_more_sep_row35_col6.csv,0.13899636268615723
row_more_sep_row35_col7.csv,0.13784193992614746
row_more_sep_row35_col8.csv,0.1318833827972412
row_more_sep_row36_col0.csv,0.137176513671875
row_more_sep_row36_col1.csv,0.131148099899292
row_more_sep_row36_col2.csv,0.13210391998291016
row_more_sep_row36_col3.csv,0.13201379776000977
row_more_sep_row36_col4.csv,0.1605374813079834
row_more_sep_row36_col5.csv,0.13146090507507324
row_more_sep_row36_col6.csv,0.13968372344970703
row_more_sep_row36_col7.csv,0.17572808265686035
row_more_sep_row36_col8.csv,0.1606588363647461
row_more_sep_row37_col0.csv,0.13449692726135254
row_more_sep_row37_col1.csv,0.14992594718933105
row_more_sep_row37_col2.csv,0.14219307899475098
row_more_sep_row37_col3.csv,0.13228297233581543
row_more_sep_row37_col4.csv,0.1328577995300293
row_more_sep_row37_col5.csv,0.1348705291748047
row_more_sep_row37_col6.csv,0.13312911987304688
row_more_sep_row37_col7.csv,0.1327810287475586
row_more_sep_row37_col8.csv,0.13265681266784668
row_more_sep_row38_col0.csv,0.14057493209838867
row_more_sep_row38_col1.csv,0.13442635536193848
row_more_sep_row38_col2.csv,0.13542604446411133
row_more_sep_row38_col3.csv,0.12949037551879883
row_more_sep_row38_col4.csv,0.13835573196411133
row_more_sep_row38_col5.csv,0.13354945182800293
row_more_sep_row38_col6.csv,0.13126730918884277
row_more_sep_row38_col7.csv,0.13242149353027344
row_more_sep_row38_col8.csv,0.13052630424499512
row_more_sep_row39_col0.csv,0.1353921890258789
row_more_sep_row39_col1.csv,0.13645672798156738
row_more_sep_row39_col2.csv,0.13273096084594727
row_more_sep_row39_col3.csv,0.1329946517944336
row_more_sep_row39_col4.csv,0.13673639297485352
row_more_sep_row39_col5.csv,0.136688232421875
row_more_sep_row39_col6.csv,0.1380617618560791
row_more_sep_row39_col7.csv,0.13245749473571777
row_more_sep_row39_col8.csv,0.13306117057800293
row_more_sep_row3_col0.csv,1.6652922630310059
row_more_sep_row3_col1.csv,1.9174160957336426
row_more_sep_row3_col2.csv,1.4299190044403076
row_more_sep_row3_col3.csv,1.501460075378418
row_more_sep_row3_col4.csv,1.6113669872283936
row_more_sep_row3_col5.csv,1.4241292476654053
row_more_sep_row3_col6.csv,1.5055725574493408
row_more_sep_row3_col7.csv,1.5032460689544678
row_more_sep_row3_col8.csv,1.8572492599487305
row_more_sep_row40_col0.csv,0.13315773010253906
row_more_sep_row40_col1.csv,0.14534401893615723
row_more_sep_row40_col2.csv,0.12996792793273926
row_more_sep_row40_col3.csv,0.13431501388549805
row_more_sep_row40_col4.csv,0.13785052299499512
row_more_sep_row40_col5.csv,0.1334092617034912
row_more_sep_row40_col6.csv,0.13363170623779297
row_more_sep_row40_col7.csv,0.13486099243164062
row_more_sep_row40_col8.csv,0.13742589950561523
row_more_sep_row41_col0.csv,0.17165398597717285
row_more_sep_row41_col1.csv,0.13327717781066895
row_more_sep_row41_col2.csv,0.13757896423339844
row_more_sep_row41_col3.csv,0.12922239303588867
row_more_sep_row41_col4.csv,0.13359284400939941
row_more_sep_row41_col5.csv,0.1291666030883789
row_more_sep_row41_col6.csv,0.15792560577392578
row_more_sep_row41_col7.csv,0.12892675399780273
row_more_sep_row41_col8.csv,0.13366985321044922
row_more_sep_row42_col0.csv,0.14717435836791992
row_more_sep_row42_col1.csv,0.13442397117614746
row_more_sep_row42_col2.csv,0.13739585876464844
row_more_sep_row42_col3.csv,0.14096713066101074
row_more_sep_row42_col4.csv,0.13505196571350098
row_more_sep_row42_col5.csv,0.13954496383666992
row_more_sep_row42_col6.csv,0.18559503555297852
row_more_sep_row42_col7.csv,0.129014253616333
row_more_sep_row42_col8.csv,0.1332077980041504
row_more_sep_row43_col0.csv,0.13983631134033203
row_more_sep_row43_col1.csv,0.1308908462524414
row_more_sep_row43_col2.csv,0.15761518478393555
row_more_sep_row43_col3.csv,0.13369393348693848
row_more_sep_row43_col4.csv,0.1299455165863037
row_more_sep_row43_col5.csv,0.1508936882019043
row_more_sep_row43_col6.csv,0.13147377967834473
row_more_sep_row43_col7.csv,0.13266801834106445
row_more_sep_row43_col8.csv,0.1358017921447754
row_more_sep_row44_col0.csv,0.13587498664855957
row_more_sep_row44_col1.csv,0.13263726234436035
row_more_sep_row44_col2.csv,0.16676759719848633
row_more_sep_row44_col3.csv,0.14287948608398438
row_more_sep_row44_col4.csv,0.13468194007873535
row_more_sep_row44_col5.csv,0.13088679313659668
row_more_sep_row44_col6.csv,0.13523244857788086
row_more_sep_row44_col7.csv,0.14926481246948242
row_more_sep_row44_col8.csv,0.14705586433410645
row_more_sep_row45_col0.csv,0.14774131774902344
row_more_sep_row45_col1.csv,0.13042640686035156
row_more_sep_row45_col2.csv,0.1336078643798828
row_more_sep_row45_col3.csv,0.1419227123260498
row_more_sep_row45_col4.csv,0.13725876808166504
row_more_sep_row45_col5.csv,0.13861298561096191
row_more_sep_row45_col6.csv,0.14693760871887207
row_more_sep_row45_col7.csv,0.13208389282226562
row_more_sep_row45_col8.csv,0.1572883129119873
row_more_sep_row46_col0.csv,0.13589715957641602
row_more_sep_row46_col1.csv,0.1451122760772705
row_more_sep_row46_col2.csv,0.13464045524597168
row_more_sep_row46_col3.csv,0.14097213745117188
row_more_sep_row46_col4.csv,0.1339883804321289
row_more_sep_row46_col5.csv,0.14191603660583496
row_more_sep_row46_col6.csv,0.1324784755706787
row_more_sep_row46_col7.csv,0.13622617721557617
row_more_sep_row46_col8.csv,0.13170981407165527
row_more_sep_row47_col0.csv,0.1403951644897461
row_more_sep_row47_col1.csv,0.14732933044433594
row_more_sep_row47_col2.csv,0.13186359405517578
row_more_sep_row47_col3.csv,0.14812326431274414
row_more_sep_row47_col4.csv,0.13233184814453125
row_more_sep_row47_col5.csv,0.14510798454284668
row_more_sep_row47_col6.csv,0.13159775733947754
row_more_sep_row47_col7.csv,0.15394067764282227
row_more_sep_row47_col8.csv,0.16573119163513184
row_more_sep_row48_col0.csv,0.13897967338562012
row_more_sep_row48_col1.csv,0.1331470012664795
row_more_sep_row48_col2.csv,0.13721132278442383
row_more_sep_row48_col3.csv,0.13557767868041992
row_more_sep_row48_col4.csv,0.12883424758911133
row_more_sep_row48_col5.csv,0.14508986473083496
row_more_sep_row48_col6.csv,0.14004898071289062
row_more_sep_row48_col7.csv,0.14720463752746582
row_more_sep_row48_col8.csv,0.15066170692443848
row_more_sep_row49_col0.csv,0.14346551895141602
row_more_sep_row49_col1.csv,0.13137459754943848
row_more_sep_row49_col2.csv,0.13620758056640625
row_more_sep_row49_col3.csv,0.12993693351745605
row_more_sep_row49_col4.csv,0.13123726844787598
row_more_sep_row49_col5.csv,0.13454270362854004
row_more_sep_row49_col6.csv,0.1338486671447754
row_more_sep_row49_col7.csv,0.13683605194091797
row_more_sep_row49_col8.csv,0.13627886772155762
row_more_sep_row4_col0.csv,1.7941880226135254
row_more_sep_row4_col1.csv,2.4309144020080566
row_more_sep_row4_col2.csv,1.5880022048950195
row_more_sep_row4_col3.csv,1.774895191192627
row_more_sep_row4_col4.csv,1.5705649852752686
row_more_sep_row4_col5.csv,1.525865077972412
row_more_sep_row4_col6.csv,1.7984411716461182
row_more_sep_row4_col7.csv,1.415905475616455
row_more_sep_row4_col8.csv,1.5409643650054932
row_more_sep_row50_col0.csv,0.13392853736877441
row_more_sep_row50_col1.csv,0.1719954013824463
row_more_sep_row50_col2.csv,0.14170241355895996
row_more_sep_row50_col3.csv,0.13612008094787598
row_more_sep_row50_col4.csv,0.13557839393615723
row_more_sep_row50_col5.csv,0.15052294731140137
row_more_sep_row50_col6.csv,0.1512157917022705
row_more_sep_row50_col7.csv,0.136885404586792
row_more_sep_row50_col8.csv,0.1331021785736084
row_more_sep_row51_col0.csv,0.1363520622253418
row_more_sep_row51_col1.csv,0.1396794319152832
row_more_sep_row51_col2.csv,0.13485479354858398
row_more_sep_row51_col3.csv,0.13841938972473145
row_more_sep_row51_col4.csv,0.13152098655700684
row_more_sep_row51_col5.csv,0.16489100456237793
row_more_sep_row51_col6.csv,0.1443789005279541
row_more_sep_row51_col7.csv,0.13070058822631836
row_more_sep_row51_col8.csv,0.1321263313293457
row_more_sep_row52_col0.csv,0.15330886840820312
row_more_sep_row52_col1.csv,0.13570499420166016
row_more_sep_row52_col2.csv,0.13625001907348633
row_more_sep_row52_col3.csv,0.138502836227417
row_more_sep_row52_col4.csv,0.1351621150970459
row_more_sep_row52_col5.csv,0.15484881401062012
row_more_sep_row52_col6.csv,0.16269516944885254
row_more_sep_row52_col7.csv,0.13371801376342773
row_more_sep_row52_col8.csv,0.13952159881591797
row_more_sep_row53_col0.csv,0.14310932159423828
row_more_sep_row53_col1.csv,0.13281679153442383
row_more_sep_row53_col2.csv,0.13739776611328125
row_more_sep_row53_col3.csv,0.1376047134399414
row_more_sep_row53_col4.csv,0.13454198837280273
row_more_sep_row53_col5.csv,0.10105776786804199
row_more_sep_row53_col6.csv,0.1431410312652588
row_more_sep_row53_col7.csv,0.15463018417358398
row_more_sep_row53_col8.csv,0.13713955879211426
row_more_sep_row54_col0.csv,0.1328129768371582
row_more_sep_row54_col1.csv,0.13757848739624023
row_more_sep_row54_col2.csv,0.13997840881347656
row_more_sep_row54_col3.csv,0.13292646408081055
row_more_sep_row54_col4.csv,0.13556551933288574
row_more_sep_row54_col5.csv,0.13643479347229004
row_more_sep_row54_col6.csv,0.13091278076171875
row_more_sep_row54_col7.csv,0.15253067016601562
row_more_sep_row54_col8.csv,0.13391995429992676
row_more_sep_row55_col0.csv,0.1645493507385254
row_more_sep_row55_col1.csv,0.15815091133117676
row_more_sep_row55_col2.csv,0.15380454063415527
row_more_sep_row55_col3.csv,0.13225579261779785
row_more_sep_row55_col4.csv,0.198775053024292
row_more_sep_row55_col5.csv,0.13182353973388672
row_more_sep_row55_col6.csv,0.1361079216003418
row_more_sep_row55_col7.csv,0.13195300102233887
row_more_sep_row55_col8.csv,0.1539759635925293
row_more_sep_row56_col0.csv,0.13973593711853027
row_more_sep_row56_col1.csv,0.13405394554138184
row_more_sep_row56_col2.csv,0.14694905281066895
row_more_sep_row56_col3.csv,0.13335919380187988
row_more_sep_row56_col4.csv,0.139481782913208
row_more_sep_row56_col5.csv,0.13832807540893555
row_more_sep_row56_col6.csv,0.13544726371765137
row_more_sep_row56_col7.csv,0.13633489608764648
row_more_sep_row56_col8.csv,0.14458751678466797
row_more_sep_row57_col0.csv,0.13344979286193848
row_more_sep_row57_col1.csv,0.15795183181762695
row_more_sep_row57_col2.csv,0.14942312240600586
row_more_sep_row57_col3.csv,0.1488819122314453
row_more_sep_row57_col4.csv,0.19801831245422363
row_more_sep_row57_col5.csv,0.13521480560302734
row_more_sep_row57_col6.csv,0.15245342254638672
row_more_sep_row57_col7.csv,0.1423816680908203
row_more_sep_row57_col8.csv,0.13352513313293457
row_more_sep_row58_col0.csv,0.1353757381439209
row_more_sep_row58_col1.csv,0.13730454444885254
row_more_sep_row58_col2.csv,0.1343214511871338
row_more_sep_row58_col3.csv,0.14698171615600586
row_more_sep_row58_col4.csv,0.1404876708984375
row_more_sep_row58_col5.csv,0.14353394508361816
row_more_sep_row58_col6.csv,0.1317744255065918
row_more_sep_row58_col7.csv,0.12803006172180176
row_more_sep_row58_col8.csv,0.13936734199523926
row_more_sep_row59_col0.csv,0.13353896141052246
row_more_sep_row59_col1.csv,0.13254332542419434
row_more_sep_row59_col2.csv,0.14460372924804688
row_more_sep_row59_col3.csv,0.13589143753051758
row_more_sep_row59_col4.csv,0.13443517684936523
row_more_sep_row59_col5.csv,0.13098883628845215
row_more_sep_row59_col6.csv,0.1277000904083252
row_more_sep_row59_col7.csv,0.15868139266967773
row_more_sep_row59_col8.csv,0.14555120468139648
row_more_sep_row5_col0.csv,1.4323060512542725
row_more_sep_row5_col1.csv,1.6626191139221191
row_more_sep_row5_col2.csv,1.3836565017700195
row_more_sep_row5_col3.csv,1.4748280048370361
row_more_sep_row5_col4.csv,1.4496548175811768
row_more_sep_row5_col5.csv,1.421616554260254
row_more_sep_row5_col6.csv,1.6207172870635986
row_more_sep_row5_col7.csv,1.959110975265503
row_more_sep_row5_col8.csv,1.5051283836364746
row_more_sep_row60_col0.csv,0.15078115463256836
row_more_sep_row60_col1.csv,0.14191913604736328
row_more_sep_row60_col2.csv,0.13273072242736816
row_more_sep_row60_col3.csv,0.13574647903442383
row_more_sep_row60_col4.csv,0.1334688663482666
row_more_sep_row60_col5.csv,0.14412307739257812
row_more_sep_row60_col6.csv,0.14632892608642578
row_more_sep_row60_col7.csv,0.1411728858947754
row_more_sep_row60_col8.csv,0.14602327346801758
row_more_sep_row61_col0.csv,0.16391777992248535
row_more_sep_row61_col1.csv,0.14191102981567383
row_more_sep_row61_col2.csv,0.1457352638244629
row_more_sep_row61_col3.csv,0.1305248737335205
row_more_sep_row61_col4.csv,0.1624011993408203
row_more_sep_row61_col5.csv,0.15521240234375
row_more_sep_row61_col6.csv,0.136793851852417
row_more_sep_row61_col7.csv,0.1537017822265625
row_more_sep_row61_col8.csv,0.12923979759216309
row_more_sep_row62_col0.csv,0.1663191318511963
row_more_sep_row62_col1.csv,0.15264153480529785
row_more_sep_row62_col2.csv,0.13576865196228027
row_more_sep_row62_col3.csv,0.14101862907409668
row_more_sep_row62_col4.csv,0.13403677940368652
row_more_sep_row62_col5.csv,0.13556647300720215
row_more_sep_row62_col6.csv,0.13411569595336914
row_more_sep_row62_col7.csv,0.13685345649719238
row_more_sep_row62_col8.csv,0.14567923545837402
row_more_sep_row63_col0.csv,0.13911771774291992
row_more_sep_row63_col1.csv,0.1286327838897705
row_more_sep_row63_col2.csv,0.15874338150024414
row_more_sep_row63_col3.csv,0.1389176845550537
row_more_sep_row63_col4.csv,0.13550806045532227
row_more_sep_row63_col5.csv,0.1306779384613037
row_more_sep_row63_col6.csv,0.13030433654785156
row_more_sep_row63_col7.csv,0.14481377601623535
row_more_sep_row63_col8.csv,0.09828329086303711
row_more_sep_row64_col0.csv,0.13355755805969238
row_more_sep_row64_col1.csv,0.14072465896606445
row_more_sep_row64_col2.csv,0.20313048362731934
row_more_sep_row64_col3.csv,0.1409139633178711
row_more_sep_row64_col4.csv,0.1325080394744873
row_more_sep_row64_col5.csv,0.16112041473388672
row_more_sep_row64_col6.csv,0.13341951370239258
row_more_sep_row64_col7.csv,0.13677668571472168
row_more_sep_row64_col8.csv,0.14844131469726562
row_more_sep_row65_col0.csv,0.1350712776184082
row_more_sep_row65_col1.csv,0.15443992614746094
row_more_sep_row65_col2.csv,0.1309366226196289
row_more_sep_row65_col3.csv,0.1585547924041748
row_more_sep_row65_col4.csv,0.13220548629760742
row_more_sep_row65_col5.csv,0.1561717987060547
row_more_sep_row65_col6.csv,0.1312246322631836
row_more_sep_row65_col7.csv,0.144317626953125
row_more_sep_row65_col8.csv,0.15569305419921875
row_more_sep_row66_col0.csv,0.13425445556640625
row_more_sep_row66_col1.csv,0.13833308219909668
row_more_sep_row66_col2.csv,0.14809393882751465
row_more_sep_row66_col3.csv,0.13636088371276855
row_more_sep_row66_col4.csv,0.13986849784851074
row_more_sep_row66_col5.csv,0.16457390785217285
row_more_sep_row66_col6.csv,0.14187288284301758
row_more_sep_row66_col7.csv,0.1459827423095703
row_more_sep_row66_col8.csv,0.13399553298950195
row_more_sep_row67_col0.csv,0.13142061233520508
row_more_sep_row67_col1.csv,0.13560986518859863
row_more_sep_row67_col2.csv,0.14086008071899414
row_more_sep_row67_col3.csv,0.1546916961669922
row_more_sep_row67_col4.csv,0.1398453712463379
row_more_sep_row67_col5.csv,0.1353316307067871
row_more_sep_row67_col6.csv,0.13167762756347656
row_more_sep_row67_col7.csv,0.13343238830566406
row_more_sep_row67_col8.csv,0.13622021675109863
row_more_sep_row68_col0.csv,0.12851786613464355
row_more_sep_row68_col1.csv,0.12836956977844238
row_more_sep_row68_col2.csv,0.13138723373413086
row_more_sep_row68_col3.csv,0.15517902374267578
row_more_sep_row68_col4.csv,0.1345367431640625
row_more_sep_row68_col5.csv,0.13404250144958496
row_more_sep_row68_col6.csv,0.14081358909606934
row_more_sep_row68_col7.csv,0.15083813667297363
row_more_sep_row68_col8.csv,0.13530611991882324
row_more_sep_row69_col0.csv,0.13437557220458984
row_more_sep_row69_col1.csv,0.137620210647583
row_more_sep_row69_col2.csv,0.1519179344177246
row_more_sep_row69_col3.csv,0.134566068649292
row_more_sep_row69_col4.csv,0.1375136375427246
row_more_sep_row69_col5.csv,0.13822388648986816
row_more_sep_row69_col6.csv,0.13177895545959473
row_more_sep_row69_col7.csv,0.14853930473327637
row_more_sep_row69_col8.csv,0.13354229927062988
row_more_sep_row6_col0.csv,1.5258476734161377
row_more_sep_row6_col1.csv,1.4666903018951416
row_more_sep_row6_col2.csv,1.4839401245117188
row_more_sep_row6_col3.csv,1.6627697944641113
row_more_sep_row6_col4.csv,2.2590043544769287
row_more_sep_row6_col5.csv,1.5290215015411377
row_more_sep_row6_col6.csv,1.4296371936798096
row_more_sep_row6_col7.csv,1.7535572052001953
row_more_sep_row6_col8.csv,1.9201321601867676
row_more_sep_row70_col0.csv,0.13981318473815918
row_more_sep_row70_col1.csv,0.13500094413757324
row_more_sep_row70_col2.csv,0.1315898895263672
row_more_sep_row70_col3.csv,0.13550281524658203
row_more_sep_row70_col4.csv,0.13639283180236816
row_more_sep_row70_col5.csv,0.13375115394592285
row_more_sep_row70_col6.csv,0.13467192649841309
row_more_sep_row70_col7.csv,0.13654112815856934
row_more_sep_row70_col8.csv,0.12954401969909668
row_more_sep_row71_col0.csv,0.14222383499145508
row_more_sep_row71_col1.csv,0.12862539291381836
row_more_sep_row71_col2.csv,0.16825103759765625
row_more_sep_row71_col3.csv,0.12994027137756348
row_more_sep_row71_col4.csv,0.13686394691467285
row_more_sep_row71_col5.csv,0.13434553146362305
row_more_sep_row71_col6.csv,0.13482046127319336
row_more_sep_row71_col7.csv,0.1378018856048584
row_more_sep_row71_col8.csv,0.1457233428955078
row_more_sep_row72_col0.csv,0.14377117156982422
row_more_sep_row72_col1.csv,0.13924670219421387
row_more_sep_row72_col2.csv,0.12826919555664062
row_more_sep_row72_col3.csv,0.13371968269348145
row_more_sep_row72_col4.csv,0.13985323905944824
row_more_sep_row72_col5.csv,0.1335594654083252
row_more_sep_row72_col6.csv,0.1461784839630127
row_more_sep_row72_col7.csv,0.13030505180358887
row_more_sep_row72_col8.csv,0.14989733695983887
row_more_sep_row73_col0.csv,0.13145112991333008
row_more_sep_row73_col1.csv,0.13478899002075195
row_more_sep_row73_col2.csv,0.13707900047302246
row_more_sep_row73_col3.csv,0.1334235668182373
row_more_sep_row73_col4.csv,0.1462845802307129
row_more_sep_row73_col5.csv,0.15570378303527832
row_more_sep_row73_col6.csv,0.13729023933410645
row_more_sep_row73_col7.csv,0.12859773635864258
row_more_sep_row73_col8.csv,0.14040112495422363
row_more_sep_row74_col0.csv,0.139207124710083
row_more_sep_row74_col1.csv,0.13870453834533691
row_more_sep_row74_col2.csv,0.1385183334350586
row_more_sep_row74_col3.csv,0.13399910926818848
row_more_sep_row74_col4.csv,0.13300514221191406
row_more_sep_row74_col5.csv,0.1435534954071045
row_more_sep_row74_col6.csv,0.16113948822021484
row_more_sep_row74_col7.csv,0.13461518287658691
row_more_sep_row74_col8.csv,0.1398308277130127
row_more_sep_row75_col0.csv,0.14361000061035156
row_more_sep_row75_col1.csv,0.1326906681060791
row_more_sep_row75_col2.csv,0.13373303413391113
row_more_sep_row75_col3.csv,0.12846660614013672
row_more_sep_row75_col4.csv,0.13799738883972168
row_more_sep_row75_col5.csv,0.144073486328125
row_more_sep_row75_col6.csv,0.13116002082824707
row_more_sep_row75_col7.csv,0.13565325736999512
row_more_sep_row75_col8.csv,0.1477365493774414
row_more_sep_row76_col0.csv,0.13742756843566895
row_more_sep_row76_col1.csv,0.12960338592529297
row_more_sep_row76_col2.csv,0.13329768180847168
row_more_sep_row76_col3.csv,0.14171838760375977
row_more_sep_row76_col4.csv,0.1375870704650879
row_more_sep_row76_col5.csv,0.13941383361816406
row_more_sep_row76_col6.csv,0.145310640335083
row_more_sep_row76_col7.csv,0.16542625427246094
row_more_sep_row76_col8.csv,0.18194246292114258
row_more_sep_row77_col0.csv,0.13852262496948242
row_more_sep_row77_col1.csv,0.13395977020263672
row_more_sep_row77_col2.csv,0.16100502014160156
row_more_sep_row77_col3.csv,0.1312251091003418
row_more_sep_row77_col4.csv,0.15703535079956055
row_more_sep_row77_col5.csv,0.12827301025390625
row_more_sep_row77_col6.csv,0.13379883766174316
row_more_sep_row77_col7.csv,0.13421177864074707
row_more_sep_row77_col8.csv,0.13563251495361328
row_more_sep_row78_col0.csv,0.13820791244506836
row_more_sep_row78_col1.csv,0.1370694637298584
row_more_sep_row78_col2.csv,0.1473546028137207
row_more_sep_row78_col3.csv,0.13775920867919922
row_more_sep_row78_col4.csv,0.13632798194885254
row_more_sep_row78_col5.csv,0.1364881992340088
row_more_sep_row78_col6.csv,0.19684457778930664
row_more_sep_row78_col7.csv,0.1335289478302002
row_more_sep_row78_col8.csv,0.09972047805786133
row_more_sep_row79_col0.csv,0.15684080123901367
row_more_sep_row79_col1.csv,0.1347060203552246
row_more_sep_row79_col2.csv,0.1468038558959961
row_more_sep_row79_col3.csv,0.13202261924743652
row_more_sep_row79_col4.csv,0.13098716735839844
row_more_sep_row79_col5.csv,0.13461661338806152
row_more_sep_row79_col6.csv,0.15080738067626953
row_more_sep_row79_col7.csv,0.13690567016601562
row_more_sep_row79_col8.csv,0.14211225509643555
row_more_sep_row7_col0.csv,4.60534405708313
row_more_sep_row7_col1.csv,1.4730806350708008
row_more_sep_row7_col2.csv,1.5482807159423828
row_more_sep_row7_col3.csv,1.6919870376586914
row_more_sep_row7_col4.csv,1.5716707706451416
row_more_sep_row7_col5.csv,1.5393781661987305
row_more_sep_row7_col6.csv,1.671588659286499
row_more_sep_row7_col7.csv,2.2936792373657227
row_more_sep_row7_col8.csv,1.5981481075286865
row_more_sep_row80_col0.csv,0.13504743576049805
row_more_sep_row80_col1.csv,0.14356064796447754
row_more_sep_row80_col2.csv,0.13476824760437012
row_more_sep_row80_col3.csv,0.13368844985961914
row_more_sep_row80_col4.csv,0.13336467742919922
row_more_sep_row80_col5.csv,0.13417983055114746
row_more_sep_row80_col6.csv,0.14391851425170898
row_more_sep_row80_col7.csv,0.16383862495422363
row_more_sep_row80_col8.csv,0.1422736644744873
row_more_sep_row81_col0.csv,0.16422224044799805
row_more_sep_row81_col1.csv,0.14996051788330078
row_more_sep_row81_col2.csv,0.15154576301574707
row_more_sep_row81_col3.csv,0.13371753692626953
row_more_sep_row81_col4.csv,0.13445210456848145
row_more_sep_row81_col5.csv,0.13353323936462402
row_more_sep_row81_col6.csv,0.1374058723449707
row_more_sep_row81_col7.csv,0.13349342346191406
row_more_sep_row81_col8.csv,0.14510178565979004
row_more_sep_row82_col0.csv,0.15034103393554688
row_more_sep_row82_col1.csv,0.14117860794067383
row_more_sep_row82_col2.csv,0.13408875465393066
row_more_sep_row82_col3.csv,0.13719725608825684
row_more_sep_row82_col4.csv,0.15832209587097168
row_more_sep_row82_col5.csv,0.13454604148864746
row_more_sep_row82_col6.csv,0.13546299934387207
row_more_sep_row82_col7.csv,0.157700777053833
row_more_sep_row82_col8.csv,0.1320056915283203
row_more_sep_row83_col0.csv,0.13227605819702148
row_more_sep_row83_col1.csv,0.1303873062133789
row_more_sep_row83_col2.csv,0.13250422477722168
row_more_sep_row83_col3.csv,0.13882064819335938
row_more_sep_row83_col4.csv,0.1385810375213623
row_more_sep_row83_col5.csv,0.1362919807434082
row_more_sep_row83_col6.csv,0.15618467330932617
row_more_sep_row83_col7.csv,0.13772368431091309
row_more_sep_row83_col8.csv,0.14803194999694824
row_more_sep_row8_col0.csv,2.018726348876953
row_more_sep_row8_col1.csv,1.600881576538086
row_more_sep_row8_col2.csv,1.6615500450134277
row_more_sep_row8_col3.csv,1.4706940650939941
row_more_sep_row8_col4.csv,1.4768972396850586
row_more_sep_row8_col5.csv,1.6179418563842773
row_more_sep_row8_col6.csv,1.7390925884246826
row_more_sep_row8_col7.csv,1.581592082977295
row_more_sep_row8_col8.csv,1.7025573253631592
row_more_sep_row9_col0.csv,1.832629919052124
row_more_sep_row9_col1.csv,1.7596688270568848
row_more_sep_row9_col2.csv,1.4541146755218506
row_more_sep_row9_col3.csv,1.5447192192077637
row_more_sep_row9_col4.csv,3.2422173023223877
row_more_sep_row9_col5.csv,1.6620993614196777
row_more_sep_row9_col6.csv,1.7315685749053955
row_more_sep_row9_col7.csv,1.4907939434051514
row_more_sep_row9_col8.csv,1.5395073890686035
source.csv,0.0900721549987793
