filename,pandas_time_0,pandas_time_1,pandas_time_2
row_extra_quote80_col1.csv,0.0076694488525390625,0.002004861831665039,0.0018494129180908203
row_less_sep_row57_col2.csv,0.001956462860107422,0.0016107559204101562,0.0018978118896484375
row_extra_quote57_col2.csv,0.0017557144165039062,0.0031507015228271484,0.0015985965728759766
row_extra_quote33_col5.csv,0.001312255859375,0.0016214847564697266,0.0023305416107177734
row_less_sep_row81_col5.csv,0.0015130043029785156,0.0015370845794677734,0.00136566162109375
row_less_sep_row2_col7.csv,0.0020051002502441406,0.0018198490142822266,0.0015964508056640625
row_less_sep_row67_col4.csv,0.001455068588256836,0.0014069080352783203,0.0015673637390136719
row_less_sep_row21_col4.csv,0.0017497539520263672,0.001964569091796875,0.0017273426055908203
row_more_sep_row17_col6.csv,0.0015666484832763672,0.0013527870178222656,0.0015251636505126953
row_less_sep_row56_col2.csv,0.0015749931335449219,0.001600503921508789,0.003010988235473633
row_more_sep_row57_col2.csv,0.0014214515686035156,0.0014579296112060547,0.0014293193817138672
row_extra_quote14_col4.csv,0.0015480518341064453,0.0016617774963378906,0.0017821788787841797
row_less_sep_row61_col6.csv,0.00196075439453125,0.0013990402221679688,0.0018887519836425781
row_extra_quote20_col6.csv,0.0018885135650634766,0.002419710159301758,0.001767873764038086
row_extra_quote74_col3.csv,0.0016732215881347656,0.0012249946594238281,0.0015518665313720703
row_extra_quote53_col7.csv,0.0015938282012939453,0.0016367435455322266,0.0020313262939453125
row_less_sep_row34_col6.csv,0.0013420581817626953,0.0015056133270263672,0.00164794921875
row_more_sep_row5_col3.csv,0.002560853958129883,0.0014145374298095703,0.001567840576171875
row_more_sep_row10_col0.csv,0.0013666152954101562,0.0012524127960205078,0.0014331340789794922
row_less_sep_row2_col2.csv,0.0021219253540039062,0.0019230842590332031,0.0017213821411132812
row_more_sep_row61_col5.csv,0.0017497539520263672,0.0013916492462158203,0.0020771026611328125
row_extra_quote12_col5.csv,0.0020165443420410156,0.0016438961029052734,0.001413583755493164
row_less_sep_row47_col2.csv,0.0017824172973632812,0.0023431777954101562,0.002800464630126953
row_more_sep_row13_col2.csv,0.0017828941345214844,0.0013587474822998047,0.0015265941619873047
row_extra_quote41_col1.csv,0.001481771469116211,0.001352548599243164,0.002095937728881836
row_more_sep_row37_col5.csv,0.0019421577453613281,0.0017790794372558594,0.001529693603515625
row_extra_quote58_col4.csv,0.001506805419921875,0.0016355514526367188,0.002315044403076172
row_extra_quote6_col8.csv,0.0019867420196533203,0.0017724037170410156,0.0018162727355957031
row_more_sep_row2_col4.csv,0.0021677017211914062,0.0016124248504638672,0.0016286373138427734
row_more_sep_row76_col5.csv,0.0017237663269042969,0.0012440681457519531,0.0017063617706298828
row_extra_quote75_col8.csv,0.0017130374908447266,0.0022237300872802734,0.0019559860229492188
row_extra_quote16_col6.csv,0.0015604496002197266,0.0015120506286621094,0.0024275779724121094
row_less_sep_row25_col7.csv,0.0023546218872070312,0.0015070438385009766,0.0014119148254394531
row_extra_quote3_col1.csv,0.0013818740844726562,0.001348733901977539,0.0018825531005859375
row_less_sep_row44_col6.csv,0.0021924972534179688,0.0013098716735839844,0.0014967918395996094
row_more_sep_row8_col5.csv,0.0014693737030029297,0.0014874935150146484,0.0016632080078125
row_more_sep_row31_col8.csv,0.0016281604766845703,0.0015797615051269531,0.0024552345275878906
row_more_sep_row5_col6.csv,0.0017712116241455078,0.001519918441772461,0.0014064311981201172
row_extra_quote59_col8.csv,0.0017011165618896484,0.0018773078918457031,0.001856088638305664
row_less_sep_row41_col6.csv,0.0016326904296875,0.0017094612121582031,0.0014684200286865234
row_extra_quote53_col8.csv,0.001735687255859375,0.001180887222290039,0.0016870498657226562
row_more_sep_row3_col1.csv,0.0019288063049316406,0.002015829086303711,0.0019807815551757812
row_more_sep_row81_col1.csv,0.0019156932830810547,0.0014030933380126953,0.0015575885772705078
row_extra_quote44_col7.csv,0.00164794921875,0.0017516613006591797,0.0016973018646240234
row_extra_quote41_col5.csv,0.0019462108612060547,0.0015349388122558594,0.001794576644897461
row_more_sep_row74_col5.csv,0.0015685558319091797,0.001361846923828125,0.0013577938079833984
row_more_sep_row28_col0.csv,0.0016908645629882812,0.002207040786743164,0.0016143321990966797
row_more_sep_row47_col5.csv,0.002070188522338867,0.0018017292022705078,0.0016937255859375
row_more_sep_row44_col4.csv,0.0014138221740722656,0.0012125968933105469,0.001718759536743164
row_more_sep_row51_col6.csv,0.001903533935546875,0.0017893314361572266,0.0019125938415527344
row_more_sep_row32_col1.csv,0.001901388168334961,0.0011906623840332031,0.0015146732330322266
row_extra_quote46_col3.csv,0.0019466876983642578,0.0013692378997802734,0.0017154216766357422
row_extra_quote56_col2.csv,0.001791238784790039,0.0015783309936523438,0.0020406246185302734
row_more_sep_row30_col6.csv,0.002276897430419922,0.002348661422729492,0.0020799636840820312
row_less_sep_row69_col4.csv,0.002120494842529297,0.0014705657958984375,0.0017054080963134766
row_extra_quote0_col0.csv,0.013970613479614258,0.0031325817108154297,0.0027446746826171875
row_more_sep_row30_col2.csv,0.0014290809631347656,0.0016927719116210938,0.0014336109161376953
row_more_sep_row14_col8.csv,0.0015566349029541016,0.0014696121215820312,0.0018222332000732422
row_less_sep_row54_col2.csv,0.0014801025390625,0.0013794898986816406,0.005911827087402344
row_less_sep_row31_col5.csv,0.002796649932861328,0.0029048919677734375,0.003087759017944336
row_extra_quote30_col0.csv,0.0020885467529296875,0.0025260448455810547,0.0032470226287841797
row_more_sep_row60_col1.csv,0.002742767333984375,0.002439737319946289,0.0024607181549072266
row_extra_quote10_col3.csv,0.00238800048828125,0.001550912857055664,0.0015947818756103516
row_less_sep_row6_col5.csv,0.0019092559814453125,0.0017490386962890625,0.0034189224243164062
row_less_sep_row39_col2.csv,0.002518177032470703,0.002429962158203125,0.0024132728576660156
row_less_sep_row46_col8.csv,0.0018391609191894531,0.0016756057739257812,0.0015990734100341797
row_extra_quote76_col5.csv,0.0016863346099853516,0.001363992691040039,0.0017805099487304688
row_extra_quote31_col8.csv,0.001440286636352539,0.0015523433685302734,0.0020499229431152344
row_extra_quote56_col8.csv,0.0016646385192871094,0.001897573471069336,0.0017430782318115234
row_less_sep_row48_col7.csv,0.0017743110656738281,0.0012590885162353516,0.0016837120056152344
row_more_sep_row8_col2.csv,0.0015895366668701172,0.0017368793487548828,0.0015952587127685547
row_less_sep_row83_col8.csv,0.0017497539520263672,0.0013852119445800781,0.0018298625946044922
row_more_sep_row68_col3.csv,0.0013949871063232422,0.001256704330444336,0.0018112659454345703
row_more_sep_row0_col7.csv,0.0016503334045410156,0.0017311573028564453,0.0015993118286132812
row_less_sep_row79_col2.csv,0.001988649368286133,0.00128173828125,0.0018935203552246094
row_less_sep_row4_col7.csv,0.0015430450439453125,0.0015366077423095703,0.0019271373748779297
row_more_sep_row80_col1.csv,0.001989603042602539,0.0014088153839111328,0.0014576911926269531
row_less_sep_row13_col5.csv,0.0017726421356201172,0.001249074935913086,0.0018982887268066406
row_more_sep_row22_col3.csv,0.0021555423736572266,0.0024361610412597656,0.0016880035400390625
row_less_sep_row58_col2.csv,0.002296924591064453,0.001481771469116211,0.0016734600067138672
row_more_sep_row43_col5.csv,0.0015416145324707031,0.0019104480743408203,0.0017151832580566406
row_extra_quote37_col0.csv,0.002010345458984375,0.0014417171478271484,0.0017826557159423828
row_extra_quote17_col1.csv,0.0015273094177246094,0.0015494823455810547,0.0017063617706298828
row_extra_quote38_col0.csv,0.0016021728515625,0.0016417503356933594,0.0014939308166503906
row_less_sep_row37_col6.csv,0.0016036033630371094,0.0015246868133544922,0.001642465591430664
row_extra_quote16_col8.csv,0.0019063949584960938,0.0015559196472167969,0.002245664596557617
row_less_sep_row15_col5.csv,0.001608133316040039,0.002027750015258789,0.0016863346099853516
row_less_sep_row15_col1.csv,0.0017209053039550781,0.0011620521545410156,0.0015001296997070312
row_less_sep_row67_col5.csv,0.001615285873413086,0.0017676353454589844,0.0019698143005371094
row_less_sep_row12_col8.csv,0.0017642974853515625,0.0015385150909423828,0.0020036697387695312
row_extra_quote45_col8.csv,0.0015535354614257812,0.001382589340209961,0.0016810894012451172
row_field_delimiter_29_0x20.csv,0.0018739700317382812,0.0019292831420898438,0.0019466876983642578
row_field_delimiter_67_0x20.csv,0.0014977455139160156,0.0016350746154785156,0.0020651817321777344
row_less_sep_row53_col6.csv,0.0018787384033203125,0.002111673355102539,0.0018796920776367188
row_more_sep_row60_col0.csv,0.0020432472229003906,0.0015783309936523438,0.002164125442504883
row_extra_quote70_col8.csv,0.0017511844635009766,0.0021026134490966797,0.0015239715576171875
row_extra_quote22_col6.csv,0.002939462661743164,0.0014798641204833984,0.0023615360260009766
row_extra_quote20_col5.csv,0.001764535903930664,0.002414703369140625,0.001909494400024414
row_less_sep_row68_col3.csv,0.00208282470703125,0.0018503665924072266,0.0031499862670898438
row_less_sep_row59_col7.csv,0.001865386962890625,0.0015168190002441406,0.0017402172088623047
row_more_sep_row77_col2.csv,0.002460002899169922,0.0015916824340820312,0.002050638198852539
row_more_sep_row82_col4.csv,0.0014333724975585938,0.0017809867858886719,0.00188446044921875
row_more_sep_row61_col4.csv,0.0023314952850341797,0.0013310909271240234,0.002146482467651367
row_less_sep_row54_col1.csv,0.0014989376068115234,0.0015499591827392578,0.0015082359313964844
row_extra_quote56_col4.csv,0.001971721649169922,0.001239776611328125,0.001737833023071289
row_more_sep_row33_col3.csv,0.0014069080352783203,0.002324342727661133,0.004071712493896484
row_extra_quote57_col6.csv,0.0014820098876953125,0.0016598701477050781,0.001672506332397461
row_more_sep_row19_col0.csv,0.001882314682006836,0.0016322135925292969,0.0014531612396240234
row_more_sep_row23_col6.csv,0.0019605159759521484,0.0012469291687011719,0.0016770362854003906
row_less_sep_row21_col2.csv,0.0016052722930908203,0.0022745132446289062,0.0015225410461425781
row_more_sep_row66_col5.csv,0.002023458480834961,0.0013096332550048828,0.0018875598907470703
row_extra_quote5_col2.csv,0.0014317035675048828,0.001833200454711914,0.0016095638275146484
row_less_sep_row4_col2.csv,0.0022640228271484375,0.0013058185577392578,0.0020253658294677734
row_less_sep_row10_col1.csv,0.0014307498931884766,0.0017962455749511719,0.001766204833984375
row_extra_quote1_col3.csv,0.002111673355102539,0.0012347698211669922,0.0019223690032958984
row_extra_quote69_col3.csv,0.0013701915740966797,0.0015125274658203125,0.0019092559814453125
row_more_sep_row38_col8.csv,0.0019297599792480469,0.0015106201171875,0.0016331672668457031
row_extra_quote32_col8.csv,0.002135038375854492,0.001798868179321289,0.002547025680541992
row_extra_quote58_col3.csv,0.0017981529235839844,0.0020143985748291016,0.002065896987915039
row_extra_quote79_col0.csv,0.0017905235290527344,0.0015006065368652344,0.002221345901489258
row_extra_quote68_col2.csv,0.0016524791717529297,0.0021486282348632812,0.0017960071563720703
row_more_sep_row80_col5.csv,0.0022406578063964844,0.001607656478881836,0.0022008419036865234
row_extra_quote33_col8.csv,0.0015208721160888672,0.0021452903747558594,0.0015921592712402344
row_less_sep_row37_col7.csv,0.002280712127685547,0.001238107681274414,0.0017218589782714844
row_field_delimiter_38_0x20.csv,0.0015976428985595703,0.0018346309661865234,0.0016417503356933594
row_field_delimiter_5_0x20.csv,0.001977682113647461,0.0012044906616210938,0.0018002986907958984
row_extra_quote32_col1.csv,0.001451253890991211,0.0018165111541748047,0.0023040771484375
row_more_sep_row81_col2.csv,0.0019431114196777344,0.0022788047790527344,0.0020575523376464844
row_more_sep_row21_col5.csv,0.0017809867858886719,0.0016887187957763672,0.0019905567169189453
row_extra_quote41_col0.csv,0.0022308826446533203,0.0015881061553955078,0.0018169879913330078
row_less_sep_row30_col8.csv,0.002192258834838867,0.001791238784790039,0.0016417503356933594
row_less_sep_row74_col3.csv,0.0026962757110595703,0.0013842582702636719,0.002524852752685547
row_more_sep_row53_col6.csv,0.0013742446899414062,0.002024412155151367,0.001438140869140625
row_less_sep_row9_col5.csv,0.0017817020416259766,0.0012319087982177734,0.001708984375
row_extra_quote34_col4.csv,0.0018076896667480469,0.0019185543060302734,0.0023412704467773438
row_more_sep_row68_col5.csv,0.0020971298217773438,0.0013995170593261719,0.002298593521118164
row_extra_quote71_col6.csv,0.0014812946319580078,0.002318143844604492,0.001608133316040039
row_extra_quote9_col6.csv,0.0018045902252197266,0.00138092041015625,0.0015392303466796875
row_more_sep_row80_col8.csv,0.001682281494140625,0.0016586780548095703,0.0019006729125976562
row_more_sep_row4_col6.csv,0.0018737316131591797,0.001500844955444336,0.0018825531005859375
row_extra_quote61_col3.csv,0.001468658447265625,0.0018079280853271484,0.0017504692077636719
row_less_sep_row4_col4.csv,0.002425670623779297,0.001592874526977539,0.002298116683959961
row_more_sep_row67_col8.csv,0.0016851425170898438,0.002131223678588867,0.002234220504760742
row_more_sep_row61_col8.csv,0.001486063003540039,0.0021810531616210938,0.0018074512481689453
row_more_sep_row47_col2.csv,0.0017011165618896484,0.0015010833740234375,0.002020597457885742
row_field_delimiter_21_0x20.csv,0.0015332698822021484,0.0019350051879882812,0.0016014575958251953
row_extra_quote28_col7.csv,0.0019431114196777344,0.0018115043640136719,0.002795696258544922
row_less_sep_row36_col4.csv,0.0018131732940673828,0.0022635459899902344,0.0019369125366210938
row_extra_quote36_col7.csv,0.0022172927856445312,0.0018544197082519531,0.0023322105407714844
row_more_sep_row82_col8.csv,0.0017316341400146484,0.0019173622131347656,0.0020415782928466797
row_more_sep_row9_col7.csv,0.0021343231201171875,0.001603841781616211,0.0022706985473632812
row_extra_quote7_col5.csv,0.0016281604766845703,0.0019161701202392578,0.001619577407836914
row_more_sep_row31_col3.csv,0.0022020339965820312,0.0012969970703125,0.0018093585968017578
row_less_sep_row28_col8.csv,0.0015146732330322266,0.0014710426330566406,0.0016090869903564453
row_less_sep_row65_col2.csv,0.0016841888427734375,0.001268625259399414,0.0017273426055908203
row_more_sep_row34_col4.csv,0.0017228126525878906,0.0017380714416503906,0.002292156219482422
row_less_sep_row23_col4.csv,0.0015633106231689453,0.0026073455810546875,0.0019092559814453125
row_more_sep_row66_col0.csv,0.001916646957397461,0.0012145042419433594,0.0018167495727539062
row_less_sep_row15_col7.csv,0.0014615058898925781,0.0015583038330078125,0.0015637874603271484
row_less_sep_row18_col5.csv,0.0019905567169189453,0.0013573169708251953,0.001508474349975586
row_field_delimiter_55_0x20.csv,0.0018305778503417969,0.0014808177947998047,0.0019381046295166016
row_less_sep_row56_col6.csv,0.001367807388305664,0.0017459392547607422,0.0014867782592773438
row_field_delimiter_22_0x20.csv,0.0020639896392822266,0.0014181137084960938,0.0015065670013427734
row_less_sep_row36_col3.csv,0.0016095638275146484,0.0013277530670166016,0.002071380615234375
row_less_sep_row3_col5.csv,0.0013301372528076172,0.0019500255584716797,0.0014336109161376953
row_more_sep_row10_col7.csv,0.0017223358154296875,0.0013377666473388672,0.0017383098602294922
row_extra_quote63_col8.csv,0.0016388893127441406,0.0019309520721435547,0.0023925304412841797
row_less_sep_row82_col5.csv,0.0017359256744384766,0.0021855831146240234,0.0018563270568847656
row_less_sep_row19_col4.csv,0.0016374588012695312,0.0012292861938476562,0.001649618148803711
row_more_sep_row79_col5.csv,0.0015888214111328125,0.0017910003662109375,0.0020172595977783203
row_extra_quote79_col8.csv,0.002310037612915039,0.00156402587890625,0.0018551349639892578
row_less_sep_row49_col7.csv,0.0013234615325927734,0.0014824867248535156,0.002232074737548828
row_extra_quote30_col3.csv,0.0018315315246582031,0.0019638538360595703,0.0014219284057617188
row_less_sep_row5_col1.csv,0.0021932125091552734,0.0013973712921142578,0.002117633819580078
row_less_sep_row76_col1.csv,0.0018854141235351562,0.002253293991088867,0.0017771720886230469
row_more_sep_row80_col7.csv,0.002231597900390625,0.0013971328735351562,0.0020170211791992188
row_less_sep_row75_col6.csv,0.0016214847564697266,0.002074003219604492,0.0017147064208984375
row_more_sep_row64_col5.csv,0.002473592758178711,0.0016548633575439453,0.0023026466369628906
row_extra_quote23_col5.csv,0.0017881393432617188,0.002053976058959961,0.0014500617980957031
row_more_sep_row11_col0.csv,0.0020859241485595703,0.0012753009796142578,0.0022554397583007812
row_more_sep_row30_col7.csv,0.0013997554779052734,0.00229644775390625,0.001588582992553711
row_less_sep_row82_col8.csv,0.0022351741790771484,0.0012059211730957031,0.0016720294952392578
row_less_sep_row33_col2.csv,0.0015010833740234375,0.0017848014831542969,0.001804351806640625
row_extra_quote46_col5.csv,0.0018765926361083984,0.001348733901977539,0.0017464160919189453
row_field_delimiter_44_0x20.csv,0.0016808509826660156,0.0015778541564941406,0.0018682479858398438
row_less_sep_row69_col1.csv,0.0015382766723632812,0.0016400814056396484,0.0015053749084472656
row_extra_quote4_col3.csv,0.0019123554229736328,0.0012738704681396484,0.0016167163848876953
row_more_sep_row69_col2.csv,0.0015740394592285156,0.001605987548828125,0.0019295215606689453
row_more_sep_row45_col8.csv,0.001519918441772461,0.002518892288208008,0.0021800994873046875
row_field_delimiter_1_0x20.csv,0.0019314289093017578,0.001871347427368164,0.001975536346435547
row_more_sep_row50_col5.csv,0.0017542839050292969,0.0017545223236083984,0.0037696361541748047
row_less_sep_row16_col3.csv,0.001810312271118164,0.001554727554321289,0.0014729499816894531
row_more_sep_row28_col1.csv,0.0019299983978271484,0.001341104507446289,0.0015919208526611328
row_more_sep_row82_col0.csv,0.001384735107421875,0.0011785030364990234,0.001941680908203125
row_less_sep_row22_col5.csv,0.0014748573303222656,0.001708984375,0.0018582344055175781
row_less_sep_row51_col5.csv,0.0015192031860351562,0.001405954360961914,0.001432180404663086
row_extra_quote83_col7.csv,0.0017158985137939453,0.001148223876953125,0.0015349388122558594
row_extra_quote41_col7.csv,0.0015826225280761719,0.0016558170318603516,0.0017545223236083984
row_more_sep_row62_col3.csv,0.0015087127685546875,0.0019383430480957031,0.0012919902801513672
row_more_sep_row73_col6.csv,0.0018715858459472656,0.0012362003326416016,0.0017135143280029297
row_more_sep_row71_col4.csv,0.001605987548828125,0.0012426376342773438,0.0017426013946533203
row_less_sep_row20_col3.csv,0.0014934539794921875,0.0017142295837402344,0.001653432846069336
row_less_sep_row70_col7.csv,0.0018358230590820312,0.0012199878692626953,0.0017528533935546875
row_less_sep_row78_col6.csv,0.0017910003662109375,0.001561880111694336,0.002061128616333008
row_less_sep_row18_col7.csv,0.0016527175903320312,0.0017821788787841797,0.001619100570678711
row_extra_quote55_col0.csv,0.0020117759704589844,0.0012867450714111328,0.002454042434692383
row_extra_quote71_col5.csv,0.0016179084777832031,0.0018389225006103516,0.0016498565673828125
row_less_sep_row35_col4.csv,0.001903533935546875,0.0012793540954589844,0.0015399456024169922
row_extra_quote19_col5.csv,0.001630544662475586,0.0011985301971435547,0.0016243457794189453
row_extra_quote41_col4.csv,0.0014874935150146484,0.0015077590942382812,0.001924276351928711
row_more_sep_row58_col8.csv,0.0018405914306640625,0.0013608932495117188,0.0013041496276855469
row_more_sep_row46_col4.csv,0.0017156600952148438,0.0017902851104736328,0.0014896392822265625
row_more_sep_row13_col3.csv,0.0016832351684570312,0.0011782646179199219,0.0017342567443847656
row_extra_quote78_col1.csv,0.001523733139038086,0.0016810894012451172,0.0014171600341796875
row_extra_quote57_col7.csv,0.0016832351684570312,0.0012538433074951172,0.0014655590057373047
row_extra_quote59_col3.csv,0.0021300315856933594,0.0012676715850830078,0.001875162124633789
row_more_sep_row29_col2.csv,0.0015337467193603516,0.0015676021575927734,0.0014238357543945312
row_more_sep_row57_col8.csv,0.0017728805541992188,0.0012013912200927734,0.0012717247009277344
row_more_sep_row80_col6.csv,0.0017735958099365234,0.0012693405151367188,0.0016894340515136719
row_more_sep_row52_col6.csv,0.0015940666198730469,0.001520395278930664,0.0020089149475097656
row_extra_quote80_col0.csv,0.0015537738800048828,0.0017621517181396484,0.001537322998046875
row_extra_quote66_col3.csv,0.0017218589782714844,0.00130462646484375,0.0016124248504638672
row_more_sep_row83_col8.csv,0.0016663074493408203,0.0012886524200439453,0.0016636848449707031
row_less_sep_row37_col2.csv,0.0014431476593017578,0.001622915267944336,0.0016262531280517578
row_less_sep_row78_col8.csv,0.0020503997802734375,0.0023412704467773438,0.0017900466918945312
row_more_sep_row26_col4.csv,0.0014188289642333984,0.0012214183807373047,0.0018115043640136719
row_extra_quote67_col2.csv,0.0014560222625732422,0.0014922618865966797,0.0020227432250976562
row_less_sep_row69_col6.csv,0.0015718936920166016,0.0016002655029296875,0.0015683174133300781
row_extra_quote3_col4.csv,0.0019147396087646484,0.0012352466583251953,0.0014882087707519531
row_more_sep_row74_col1.csv,0.0015556812286376953,0.0017004013061523438,0.0021660327911376953
row_extra_quote47_col4.csv,0.0017499923706054688,0.0017278194427490234,0.001561880111694336
row_extra_quote53_col3.csv,0.0017247200012207031,0.0012176036834716797,0.0016999244689941406
row_extra_quote79_col1.csv,0.001630544662475586,0.0015091896057128906,0.0018608570098876953
row_more_sep_row53_col5.csv,0.0015063285827636719,0.0018172264099121094,0.0013885498046875
row_less_sep_row79_col7.csv,0.0017125606536865234,0.0013387203216552734,0.0015642642974853516
row_extra_quote1_col6.csv,0.0017690658569335938,0.0012598037719726562,0.0018239021301269531
row_less_sep_row62_col8.csv,0.0015273094177246094,0.0015132427215576172,0.0016205310821533203
row_more_sep_row25_col6.csv,0.0018253326416015625,0.0016109943389892578,0.0015649795532226562
row_extra_quote56_col3.csv,0.0018498897552490234,0.0013568401336669922,0.0018448829650878906
row_extra_quote32_col2.csv,0.0017209053039550781,0.0022292137145996094,0.0017125606536865234
row_more_sep_row25_col5.csv,0.0025217533111572266,0.002476215362548828,0.002269268035888672
row_more_sep_row6_col0.csv,0.002119302749633789,0.0014510154724121094,0.002167940139770508
row_extra_quote62_col7.csv,0.0013298988342285156,0.0019674301147460938,0.0014109611511230469
row_more_sep_row38_col0.csv,0.0019061565399169922,0.0013265609741210938,0.0016810894012451172
row_less_sep_row71_col2.csv,0.0017852783203125,0.001741170883178711,0.0020868778228759766
row_more_sep_row28_col6.csv,0.0015101432800292969,0.002008676528930664,0.0015594959259033203
row_extra_quote58_col2.csv,0.0023698806762695312,0.001440286636352539,0.0017590522766113281
row_extra_quote11_col4.csv,0.001435995101928711,0.0015697479248046875,0.0017809867858886719
row_extra_quote11_col2.csv,0.0016300678253173828,0.0015239715576171875,0.001405954360961914
row_more_sep_row25_col7.csv,0.00197601318359375,0.0014934539794921875,0.0017261505126953125
row_extra_quote30_col7.csv,0.0015270709991455078,0.0015439987182617188,0.001695871353149414
row_less_sep_row13_col2.csv,0.0015778541564941406,0.0016307830810546875,0.0014255046844482422
row_field_delimiter_31_0x20.csv,0.0019249916076660156,0.001268148422241211,0.0014371871948242188
row_field_delimiter_4_0x20.csv,0.00177764892578125,0.0015721321105957031,0.0018970966339111328
row_more_sep_row18_col8.csv,0.0013706684112548828,0.0015995502471923828,0.0015130043029785156
row_more_sep_row48_col0.csv,0.002287149429321289,0.001436471939086914,0.0015690326690673828
row_more_sep_row2_col3.csv,0.0017023086547851562,0.001352071762084961,0.0019507408142089844
row_less_sep_row51_col4.csv,0.0019516944885253906,0.002172708511352539,0.0015001296997070312
row_less_sep_row24_col8.csv,0.0018477439880371094,0.0012297630310058594,0.0018928050994873047
row_more_sep_row7_col7.csv,0.001371622085571289,0.0017230510711669922,0.0016829967498779297
row_more_sep_row37_col4.csv,0.0016760826110839844,0.0019404888153076172,0.0011746883392333984
row_more_sep_row67_col7.csv,0.0018155574798583984,0.0013055801391601562,0.0016322135925292969
row_less_sep_row30_col5.csv,0.00156402587890625,0.0013277530670166016,0.0016467571258544922
row_less_sep_row80_col6.csv,0.0015120506286621094,0.0015230178833007812,0.001592397689819336
row_extra_quote37_col5.csv,0.0022389888763427734,0.0014226436614990234,0.0015993118286132812
row_more_sep_row15_col2.csv,0.0012896060943603516,0.001734018325805664,0.0015234947204589844
row_more_sep_row5_col5.csv,0.0017235279083251953,0.0017271041870117188,0.0012617111206054688
row_more_sep_row15_col0.csv,0.0016984939575195312,0.0014688968658447266,0.0012598037719726562
row_more_sep_row63_col4.csv,0.0020554065704345703,0.001306295394897461,0.0016429424285888672
row_more_sep_row83_col2.csv,0.0016674995422363281,0.0016217231750488281,0.0017147064208984375
row_extra_quote47_col5.csv,0.0016989707946777344,0.0016307830810546875,0.0014026165008544922
row_less_sep_row11_col6.csv,0.0019502639770507812,0.0012993812561035156,0.0016291141510009766
row_more_sep_row14_col7.csv,0.0015423297882080078,0.0015718936920166016,0.001913309097290039
row_less_sep_row60_col1.csv,0.0015454292297363281,0.002025127410888672,0.0014619827270507812
row_extra_quote64_col8.csv,0.0018658638000488281,0.0012125968933105469,0.0016891956329345703
row_less_sep_row77_col1.csv,0.001544952392578125,0.0012669563293457031,0.0017173290252685547
row_extra_quote23_col1.csv,0.001758575439453125,0.0015711784362792969,0.0016100406646728516
row_extra_quote70_col3.csv,0.0018036365509033203,0.0012798309326171875,0.0015740394592285156
row_more_sep_row50_col4.csv,0.0015926361083984375,0.001477956771850586,0.0019567012786865234
row_less_sep_row2_col4.csv,0.0013759136199951172,0.0018832683563232422,0.0014111995697021484
row_more_sep_row44_col3.csv,0.001737356185913086,0.0014657974243164062,0.0015268325805664062
row_less_sep_row76_col6.csv,0.0017783641815185547,0.0012638568878173828,0.002105236053466797
row_less_sep_row38_col3.csv,0.0016422271728515625,0.0016357898712158203,0.0012857913970947266
row_extra_quote83_col4.csv,0.0017116069793701172,0.0012874603271484375,0.001500844955444336
row_less_sep_row82_col1.csv,0.0016849040985107422,0.0011701583862304688,0.0016086101531982422
row_more_sep_row47_col7.csv,0.0015113353729248047,0.0016574859619140625,0.0015630722045898438
row_extra_quote63_col4.csv,0.0015761852264404297,0.0016651153564453125,0.0013415813446044922
row_more_sep_row4_col3.csv,0.0017960071563720703,0.0013890266418457031,0.0016379356384277344
row_more_sep_row53_col3.csv,0.0015034675598144531,0.001439809799194336,0.002281665802001953
row_extra_quote59_col5.csv,0.0018305778503417969,0.0019927024841308594,0.0014467239379882812
row_more_sep_row23_col4.csv,0.002048969268798828,0.0015277862548828125,0.0017917156219482422
row_less_sep_row78_col3.csv,0.0013623237609863281,0.0015904903411865234,0.0016336441040039062
row_extra_quote42_col0.csv,0.0017306804656982422,0.0016126632690429688,0.0013267993927001953
row_field_delimiter_73_0x20.csv,0.0017898082733154297,0.001646280288696289,0.0019986629486083984
row_more_sep_row5_col8.csv,0.0017600059509277344,0.0015652179718017578,0.001970052719116211
row_extra_quote1_col4.csv,0.0016551017761230469,0.001645803451538086,0.001617431640625
row_less_sep_row15_col2.csv,0.0019071102142333984,0.0013132095336914062,0.0015571117401123047
row_more_sep_row74_col0.csv,0.0014739036560058594,0.0017244815826416016,0.001779317855834961
row_less_sep_row1_col1.csv,0.001852273941040039,0.0017852783203125,0.0011334419250488281
row_field_delimiter_23_0x20.csv,0.0018308162689208984,0.0013010501861572266,0.0015783309936523438
row_extra_quote28_col0.csv,0.0015332698822021484,0.0012664794921875,0.0021245479583740234
row_more_sep_row39_col0.csv,0.0018520355224609375,0.0017049312591552734,0.0012362003326416016
row_more_sep_row56_col0.csv,0.0019080638885498047,0.0011703968048095703,0.0015003681182861328
row_more_sep_row60_col8.csv,0.0016231536865234375,0.0014348030090332031,0.0018279552459716797
row_more_sep_row9_col5.csv,0.0014870166778564453,0.0016531944274902344,0.001428365707397461
row_less_sep_row30_col1.csv,0.0015981197357177734,0.0016927719116210938,0.0014095306396484375
row_more_sep_row79_col8.csv,0.001863718032836914,0.001188039779663086,0.0018932819366455078
row_less_sep_row25_col8.csv,0.0015823841094970703,0.0014128684997558594,0.0018770694732666016
row_extra_quote77_col7.csv,0.0017027854919433594,0.0019392967224121094,0.001466989517211914
row_more_sep_row37_col3.csv,0.0015633106231689453,0.0013027191162109375,0.0014727115631103516
row_less_sep_row16_col7.csv,0.0017886161804199219,0.0012705326080322266,0.001592874526977539
row_less_sep_row9_col3.csv,0.0015635490417480469,0.0017495155334472656,0.0017762184143066406
row_less_sep_row39_col8.csv,0.0017626285552978516,0.001741170883178711,0.0013573169708251953
row_extra_quote25_col3.csv,0.0017864704132080078,0.0014190673828125,0.0018053054809570312
row_more_sep_row55_col6.csv,0.0015938282012939453,0.001300811767578125,0.0017902851104736328
row_more_sep_row25_col4.csv,0.0017161369323730469,0.0015673637390136719,0.0016739368438720703
row_extra_quote0_col5.csv,0.0015289783477783203,0.0017673969268798828,0.0017375946044921875
row_more_sep_row31_col6.csv,0.0017981529235839844,0.0018458366394042969,0.0014011859893798828
row_more_sep_row77_col4.csv,0.0020933151245117188,0.0014605522155761719,0.0013964176177978516
row_field_delimiter_3_0x20.csv,0.001828908920288086,0.001287698745727539,0.001912832260131836
row_more_sep_row6_col5.csv,0.0014557838439941406,0.001714944839477539,0.001836538314819336
row_extra_quote10_col6.csv,0.0016236305236816406,0.0015869140625,0.0015425682067871094
row_more_sep_row18_col4.csv,0.002019643783569336,0.0013499259948730469,0.0016319751739501953
row_more_sep_row66_col4.csv,0.0014233589172363281,0.0016355514526367188,0.0016486644744873047
row_extra_quote26_col2.csv,0.0018684864044189453,0.001661062240600586,0.0013179779052734375
row_more_sep_row58_col0.csv,0.0017650127410888672,0.0017788410186767578,0.0019578933715820312
row_less_sep_row56_col8.csv,0.001522064208984375,0.0016307830810546875,0.0017230510711669922
row_less_sep_row48_col6.csv,0.0018188953399658203,0.0013575553894042969,0.0013170242309570312
row_less_sep_row31_col4.csv,0.001889944076538086,0.0013022422790527344,0.0015873908996582031
row_extra_quote19_col0.csv,0.0017158985137939453,0.0015530586242675781,0.0026900768280029297
row_extra_quote7_col8.csv,0.0015010833740234375,0.0016565322875976562,0.0012814998626708984
row_less_sep_row29_col7.csv,0.0017840862274169922,0.0014438629150390625,0.0015788078308105469
row_extra_quote66_col0.csv,0.0016717910766601562,0.0012331008911132812,0.0019767284393310547
row_extra_quote48_col3.csv,0.0015485286712646484,0.0018224716186523438,0.001617431640625
row_more_sep_row18_col6.csv,0.0018990039825439453,0.0012390613555908203,0.0013682842254638672
row_more_sep_row50_col7.csv,0.0018475055694580078,0.0013053417205810547,0.0016338825225830078
row_extra_quote13_col8.csv,0.0015211105346679688,0.0015211105346679688,0.00165557861328125
row_less_sep_row15_col4.csv,0.0021886825561523438,0.0013499259948730469,0.0014417171478271484
row_less_sep_row67_col7.csv,0.0019054412841796875,0.0014319419860839844,0.0020003318786621094
row_extra_quote2_col2.csv,0.0015881061553955078,0.0017402172088623047,0.00170135498046875
row_extra_quote44_col6.csv,0.0022766590118408203,0.0013270378112792969,0.0016930103302001953
row_extra_quote42_col4.csv,0.0016791820526123047,0.0015621185302734375,0.002093076705932617
row_extra_quote11_col7.csv,0.0017659664154052734,0.0019154548645019531,0.0013434886932373047
row_more_sep_row48_col4.csv,0.0020074844360351562,0.001336812973022461,0.0021338462829589844
row_extra_quote66_col6.csv,0.0013353824615478516,0.0018451213836669922,0.0016760826110839844
row_more_sep_row78_col4.csv,0.002180814743041992,0.0015523433685302734,0.0017130374908447266
row_more_sep_row12_col0.csv,0.0017383098602294922,0.0016529560089111328,0.0024542808532714844
row_extra_quote0_col3.csv,0.002280712127685547,0.002488851547241211,0.0028705596923828125
row_extra_quote64_col1.csv,0.0015385150909423828,0.0016176700592041016,0.0016095638275146484
row_less_sep_row62_col7.csv,0.0017466545104980469,0.00189208984375,0.0014314651489257812
row_extra_quote62_col1.csv,0.0018579959869384766,0.0012798309326171875,0.0017101764678955078
row_less_sep_row73_col8.csv,0.0015630722045898438,0.0013134479522705078,0.0022182464599609375
row_extra_quote44_col5.csv,0.0017845630645751953,0.001935720443725586,0.0016434192657470703
row_less_sep_row42_col7.csv,0.0015501976013183594,0.0018734931945800781,0.0018072128295898438
row_extra_quote64_col5.csv,0.0014448165893554688,0.0016710758209228516,0.001802682876586914
row_extra_quote31_col2.csv,0.0017676353454589844,0.0016863346099853516,0.0015978813171386719
row_less_sep_row10_col3.csv,0.0022597312927246094,0.0014252662658691406,0.0019712448120117188
row_extra_quote27_col4.csv,0.0015306472778320312,0.002030611038208008,0.0016722679138183594
row_extra_quote54_col4.csv,0.0021944046020507812,0.0015213489532470703,0.0022988319396972656
file_header_multirow_2.csv,0.0015535354614257812,0.00185394287109375,0.001627206802368164
row_field_delimiter_82_0x20.csv,0.0019795894622802734,0.0017278194427490234,0.0019435882568359375
row_less_sep_row83_col1.csv,0.0016469955444335938,0.0012974739074707031,0.002290010452270508
row_extra_quote50_col0.csv,0.0015482902526855469,0.0017490386962890625,0.001707315444946289
row_more_sep_row77_col7.csv,0.0020389556884765625,0.0016214847564697266,0.0023033618927001953
row_more_sep_row8_col1.csv,0.0020551681518554688,0.001810312271118164,0.002589702606201172
row_more_sep_row54_col1.csv,0.0015120506286621094,0.002106189727783203,0.0016803741455078125
row_more_sep_row29_col6.csv,0.00240325927734375,0.0016849040985107422,0.003049135208129883
row_more_sep_row24_col1.csv,0.0014712810516357422,0.002107381820678711,0.0016753673553466797
row_field_delimiter_48_0x20.csv,0.001901388168334961,0.0013968944549560547,0.003573894500732422
row_less_sep_row65_col3.csv,0.0016660690307617188,0.0014684200286865234,0.00205230712890625
row_more_sep_row83_col7.csv,0.0014200210571289062,0.0011334419250488281,0.0026094913482666016
row_less_sep_row7_col8.csv,0.0017731189727783203,0.0016863346099853516,0.0014221668243408203
row_less_sep_row10_col8.csv,0.002559661865234375,0.0014197826385498047,0.0018303394317626953
row_extra_quote7_col0.csv,0.0016984939575195312,0.0014848709106445312,0.001615762710571289
row_more_sep_row15_col1.csv,0.0013859272003173828,0.0016367435455322266,0.0017771720886230469
row_extra_quote16_col7.csv,0.0019259452819824219,0.0014348030090332031,0.0018498897552490234
row_extra_quote52_col7.csv,0.0017273426055908203,0.001737356185913086,0.0016946792602539062
row_extra_quote13_col5.csv,0.0016887187957763672,0.0017027854919433594,0.0014314651489257812
row_less_sep_row60_col5.csv,0.0015611648559570312,0.0013043880462646484,0.002351522445678711
row_more_sep_row42_col0.csv,0.0016832351684570312,0.0017504692077636719,0.001306772232055664
row_field_delimiter_78_0x20.csv,0.0015251636505126953,0.0018157958984375,0.00150299072265625
row_extra_quote59_col1.csv,0.0017447471618652344,0.0013720989227294922,0.0023567676544189453
row_less_sep_row58_col7.csv,0.0014634132385253906,0.0019185543060302734,0.0016624927520751953
row_more_sep_row21_col8.csv,0.002162456512451172,0.0015523433685302734,0.001583099365234375
row_less_sep_row20_col8.csv,0.0015113353729248047,0.0012867450714111328,0.0017979145050048828
row_more_sep_row64_col1.csv,0.0016171932220458984,0.0017595291137695312,0.0022475719451904297
row_extra_quote41_col3.csv,0.0016772747039794922,0.001596689224243164,0.001859903335571289
row_less_sep_row43_col4.csv,0.002138853073120117,0.00164794921875,0.0016884803771972656
row_extra_quote53_col1.csv,0.0013535022735595703,0.001275777816772461,0.0018682479858398438
row_more_sep_row19_col4.csv,0.0014257431030273438,0.0017800331115722656,0.001499176025390625
row_more_sep_row12_col7.csv,0.0020971298217773438,0.0013022422790527344,0.001491546630859375
row_less_sep_row61_col8.csv,0.0016024112701416016,0.0017590522766113281,0.0021893978118896484
row_more_sep_row2_col7.csv,0.0016262531280517578,0.0016789436340332031,0.0016021728515625
row_less_sep_row41_col4.csv,0.0017595291137695312,0.0014920234680175781,0.001596212387084961
row_less_sep_row39_col3.csv,0.002057313919067383,0.0012698173522949219,0.0017688274383544922
row_extra_quote71_col3.csv,0.001650094985961914,0.0018458366394042969,0.0015223026275634766
row_extra_quote22_col0.csv,0.0015821456909179688,0.0018188953399658203,0.0015153884887695312
row_more_sep_row51_col1.csv,0.0018699169158935547,0.0012629032135009766,0.0020651817321777344
row_extra_quote30_col5.csv,0.0017368793487548828,0.0014843940734863281,0.0016620159149169922
row_extra_quote39_col3.csv,0.0015668869018554688,0.0018279552459716797,0.001775503158569336
row_field_delimiter_37_0x20.csv,0.0018157958984375,0.0012791156768798828,0.0019915103912353516
row_less_sep_row74_col1.csv,0.0015034675598144531,0.0018057823181152344,0.0017459392547607422
row_extra_quote31_col7.csv,0.0017025470733642578,0.0017039775848388672,0.0016493797302246094
row_field_delimiter_70_0x20.csv,0.0019540786743164062,0.0013043880462646484,0.0021834373474121094
row_more_sep_row44_col2.csv,0.0015797615051269531,0.002050638198852539,0.001615762710571289
row_less_sep_row66_col4.csv,0.0017256736755371094,0.0015149116516113281,0.001398324966430664
row_less_sep_row71_col6.csv,0.0016548633575439453,0.0014600753784179688,0.002051830291748047
row_extra_quote20_col1.csv,0.001497507095336914,0.0017955303192138672,0.0016703605651855469
row_less_sep_row42_col5.csv,0.002279043197631836,0.0015494823455810547,0.0021038055419921875
row_extra_quote22_col7.csv,0.0013735294342041016,0.0012407302856445312,0.0017545223236083984
row_more_sep_row83_col4.csv,0.0015740394592285156,0.0017349720001220703,0.0014629364013671875
row_more_sep_row72_col1.csv,0.0035486221313476562,0.0016095638275146484,0.0019271373748779297
row_extra_quote31_col3.csv,0.0014219284057617188,0.0016472339630126953,0.0015866756439208984
row_field_delimiter_61_0x20.csv,0.0024766921997070312,0.0012745857238769531,0.0019829273223876953
row_more_sep_row3_col5.csv,0.001628875732421875,0.0021457672119140625,0.0016193389892578125
row_more_sep_row63_col8.csv,0.0017375946044921875,0.0016326904296875,0.001402139663696289
row_less_sep_row50_col5.csv,0.0015735626220703125,0.0013172626495361328,0.0021772384643554688
file_preamble.csv,0.0018010139465332031,0.0021224021911621094,0.0015087127685546875
row_extra_quote67_col0.csv,0.001542806625366211,0.0018219947814941406,0.0014922618865966797
row_more_sep_row5_col1.csv,0.0023152828216552734,0.0012874603271484375,0.0021429061889648438
row_less_sep_row39_col5.csv,0.0015628337860107422,0.0019903182983398438,0.0018110275268554688
row_more_sep_row76_col4.csv,0.0020880699157714844,0.0013537406921386719,0.0018491744995117188
row_less_sep_row21_col8.csv,0.0017328262329101562,0.0019202232360839844,0.0016057491302490234
row_more_sep_row61_col1.csv,0.001970529556274414,0.001546621322631836,0.001477956771850586
row_more_sep_row82_col3.csv,0.0021343231201171875,0.0013730525970458984,0.0022559165954589844
row_more_sep_row16_col3.csv,0.0016186237335205078,0.0017807483673095703,0.0015065670013427734
row_less_sep_row23_col6.csv,0.0030257701873779297,0.0012156963348388672,0.0020270347595214844
row_more_sep_row82_col2.csv,0.0014357566833496094,0.0019118785858154297,0.0019123554229736328
row_more_sep_row1_col5.csv,0.0021848678588867188,0.0017328262329101562,0.0023500919342041016
row_less_sep_row33_col7.csv,0.0013840198516845703,0.001369476318359375,0.0017049312591552734
row_more_sep_row52_col1.csv,0.001554250717163086,0.0018422603607177734,0.0015647411346435547
row_less_sep_row78_col4.csv,0.002151012420654297,0.0011639595031738281,0.0018346309661865234
row_more_sep_row32_col7.csv,0.0017452239990234375,0.0017349720001220703,0.0017561912536621094
row_less_sep_row0_col1.csv,0.0022406578063964844,0.0015704631805419922,0.0020470619201660156
row_more_sep_row22_col7.csv,0.0017614364624023438,0.0018873214721679688,0.0016968250274658203
row_extra_quote42_col8.csv,0.002427339553833008,0.0016446113586425781,0.002323150634765625
row_more_sep_row70_col3.csv,0.001699686050415039,0.0018837451934814453,0.0015096664428710938
row_extra_quote29_col7.csv,0.00228118896484375,0.0015215873718261719,0.001720428466796875
row_extra_quote74_col8.csv,0.001735687255859375,0.0013649463653564453,0.0016107559204101562
row_less_sep_row65_col8.csv,0.0015647411346435547,0.0018360614776611328,0.0015478134155273438
row_more_sep_row49_col1.csv,0.0023870468139648438,0.0012960433959960938,0.0031058788299560547
row_less_sep_row42_col6.csv,0.0017094612121582031,0.0018992424011230469,0.0017330646514892578
row_more_sep_row72_col2.csv,0.0016617774963378906,0.00128936767578125,0.002046346664428711
row_less_sep_row81_col7.csv,0.0018422603607177734,0.0016677379608154297,0.0014858245849609375
row_extra_quote54_col8.csv,0.0024576187133789062,0.0012443065643310547,0.00199127197265625
row_less_sep_row70_col1.csv,0.0017659664154052734,0.0019576549530029297,0.001712799072265625
row_extra_quote60_col4.csv,0.001973390579223633,0.0016868114471435547,0.0016374588012695312
row_more_sep_row65_col2.csv,0.0014615058898925781,0.0013592243194580078,0.0019423961639404297
row_less_sep_row52_col1.csv,0.001737833023071289,0.0017919540405273438,0.0016460418701171875
row_extra_quote4_col5.csv,0.002287149429321289,0.001422882080078125,0.0026123523712158203
row_less_sep_row50_col4.csv,0.001476287841796875,0.0019638538360595703,0.0018455982208251953
row_field_delimiter_6_0x20.csv,0.002027750015258789,0.0015456676483154297,0.0019063949584960938
row_more_sep_row79_col6.csv,0.001697540283203125,0.0012784004211425781,0.0017955303192138672
row_less_sep_row53_col8.csv,0.0016772747039794922,0.0017261505126953125,0.0016412734985351562
row_extra_quote24_col7.csv,0.0016977787017822266,0.0013170242309570312,0.002428770065307617
row_less_sep_row40_col4.csv,0.0017833709716796875,0.0018548965454101562,0.001524209976196289
row_less_sep_row43_col8.csv,0.0023682117462158203,0.0011730194091796875,0.002482175827026367
row_more_sep_row56_col2.csv,0.0017063617706298828,0.0018503665924072266,0.0016782283782958984
row_less_sep_row74_col2.csv,0.002529621124267578,0.0013535022735595703,0.001760244369506836
row_extra_quote25_col4.csv,0.0016391277313232422,0.0019648075103759766,0.0016951560974121094
row_less_sep_row71_col7.csv,0.0013549327850341797,0.0014657974243164062,0.0017940998077392578
row_more_sep_row65_col5.csv,0.00212860107421875,0.001522064208984375,0.0014858245849609375
row_extra_quote8_col3.csv,0.0014884471893310547,0.0015211105346679688,0.0016491413116455078
row_more_sep_row22_col5.csv,0.0016100406646728516,0.0016484260559082031,0.001512289047241211
row_extra_quote44_col1.csv,0.002156972885131836,0.0019397735595703125,0.0023345947265625
row_extra_quote72_col6.csv,0.001928091049194336,0.0020313262939453125,0.0018160343170166016
row_extra_quote65_col5.csv,0.0018029212951660156,0.001318216323852539,0.0020825862884521484
row_more_sep_row26_col3.csv,0.0014805793762207031,0.0018725395202636719,0.0018079280853271484
row_extra_quote12_col7.csv,0.002363443374633789,0.001703023910522461,0.0030100345611572266
row_less_sep_row77_col7.csv,0.0019307136535644531,0.002024412155151367,0.0026540756225585938
row_less_sep_row61_col3.csv,0.0018544197082519531,0.002378225326538086,0.0016558170318603516
row_more_sep_row55_col2.csv,0.0022745132446289062,0.0015337467193603516,0.0026216506958007812
row_more_sep_row37_col2.csv,0.002190113067626953,0.001920938491821289,0.002711772918701172
file_record_delimiter_0xA.csv,0.0016720294952392578,0.0022878646850585938,0.0018873214721679688
row_more_sep_row21_col0.csv,0.00212860107421875,0.0018587112426757812,0.0021495819091796875
row_less_sep_row79_col1.csv,0.0017843246459960938,-2.477308988571167,0.002349376678466797
row_more_sep_row67_col4.csv,0.0016388893127441406,0.0019311904907226562,0.0018815994262695312
row_less_sep_row60_col8.csv,0.0020601749420166016,0.0017752647399902344,0.0017750263214111328
row_more_sep_row65_col8.csv,0.001741170883178711,0.0013282299041748047,0.001726388931274414
row_extra_quote50_col4.csv,0.0024149417877197266,0.0016286373138427734,0.0018458366394042969
row_less_sep_row58_col4.csv,0.0016582012176513672,0.0014920234680175781,0.001697540283203125
row_more_sep_row1_col4.csv,0.0015573501586914062,0.0018858909606933594,0.0014908313751220703
row_extra_quote61_col2.csv,0.0021610260009765625,0.0011148452758789062,0.0013737678527832031
row_more_sep_row36_col4.csv,0.0019452571868896484,0.0013654232025146484,0.001855611801147461
row_less_sep_row73_col7.csv,0.0015382766723632812,0.0022139549255371094,0.0019905567169189453
row_more_sep_row28_col2.csv,0.0014879703521728516,0.001256704330444336,0.0021469593048095703
row_more_sep_row72_col6.csv,0.001734018325805664,0.001607656478881836,0.0016965866088867188
row_extra_quote2_col7.csv,0.0023980140686035156,0.0015156269073486328,0.001966714859008789
row_extra_quote47_col1.csv,0.0014791488647460938,0.0012569427490234375,0.0017197132110595703
row_less_sep_row7_col6.csv,0.0016224384307861328,0.0016129016876220703,0.0015513896942138672
row_more_sep_row31_col1.csv,0.0025811195373535156,0.0012214183807373047,0.0017848014831542969
row_extra_quote8_col0.csv,0.0017049312591552734,0.001417398452758789,0.0017271041870117188
row_extra_quote81_col3.csv,0.0017001628875732422,0.0017240047454833984,0.0015616416931152344
row_more_sep_row59_col8.csv,0.002676725387573242,0.0012235641479492188,0.0014612674713134766
row_more_sep_row58_col4.csv,0.0016524791717529297,0.001318216323852539,0.0020148754119873047
row_extra_quote36_col8.csv,0.0017039775848388672,0.0017511844635009766,0.0014481544494628906
row_less_sep_row1_col5.csv,0.0022344589233398438,0.0013082027435302734,0.0019335746765136719
row_less_sep_row31_col8.csv,0.001741647720336914,0.0014982223510742188,0.001547098159790039
row_less_sep_row32_col4.csv,0.0017154216766357422,0.0017008781433105469,0.0013954639434814453
row_less_sep_row42_col8.csv,0.0020804405212402344,0.0012197494506835938,0.0016493797302246094
row_extra_quote31_col1.csv,0.0017380714416503906,0.0013225078582763672,0.0018362998962402344
row_extra_quote62_col8.csv,0.001628875732421875,0.0014810562133789062,0.0015158653259277344
row_more_sep_row32_col0.csv,0.0023190975189208984,0.0012462139129638672,0.00128936767578125
row_less_sep_row4_col3.csv,0.0018646717071533203,0.0012967586517333984,0.002008199691772461
row_less_sep_row17_col4.csv,0.0018231868743896484,0.002202272415161133,0.0018837451934814453
row_extra_quote0_col4.csv,0.002845287322998047,0.0019025802612304688,0.0032978057861328125
row_extra_quote55_col1.csv,0.0018548965454101562,0.0014998912811279297,0.0014698505401611328
row_more_sep_row11_col2.csv,0.0016963481903076172,0.0012819766998291016,0.00176239013671875
row_extra_quote60_col5.csv,0.0017936229705810547,0.0014820098876953125,0.0014557838439941406
row_more_sep_row8_col6.csv,0.0017600059509277344,0.0017046928405761719,0.0016846656799316406
row_field_delimiter_28_0x20.csv,0.0019948482513427734,0.0013420581817626953,0.0019176006317138672
row_extra_quote79_col3.csv,0.0018401145935058594,0.0016465187072753906,0.001538991928100586
row_less_sep_row44_col3.csv,0.0017895698547363281,0.0016834735870361328,0.0013318061828613281
row_less_sep_row48_col4.csv,0.0023069381713867188,0.0011954307556152344,0.001409769058227539
row_more_sep_row65_col3.csv,0.0018541812896728516,0.001463174819946289,0.0017507076263427734
row_more_sep_row78_col6.csv,0.0016260147094726562,0.0019338130950927734,0.0016968250274658203
row_more_sep_row16_col8.csv,0.0016939640045166016,0.0012660026550292969,0.0018219947814941406
row_more_sep_row41_col0.csv,0.0017778873443603516,0.0018000602722167969,0.0015513896942138672
row_extra_quote39_col5.csv,0.003083467483520508,0.0015270709991455078,0.0035238265991210938
row_extra_quote55_col4.csv,0.0018587112426757812,0.0017209053039550781,0.0019297599792480469
row_less_sep_row81_col4.csv,0.0014719963073730469,0.0012674331665039062,0.0022797584533691406
row_less_sep_row42_col2.csv,0.001600503921508789,0.0017383098602294922,0.0016252994537353516
row_extra_quote55_col7.csv,0.0019335746765136719,0.0013668537139892578,0.002293825149536133
row_less_sep_row51_col3.csv,0.0019524097442626953,0.001972198486328125,0.0016558170318603516
row_more_sep_row71_col2.csv,0.0025250911712646484,0.001422882080078125,0.0026693344116210938
row_less_sep_row11_col2.csv,0.001531362533569336,0.002189159393310547,0.0014677047729492188
row_more_sep_row50_col1.csv,0.002356290817260742,0.0016522407531738281,0.0028722286224365234
row_more_sep_row51_col5.csv,0.0021238327026367188,0.0016677379608154297,0.0020699501037597656
row_more_sep_row8_col8.csv,0.001674652099609375,0.001795053482055664,0.0018382072448730469
row_more_sep_row18_col3.csv,0.0017600059509277344,0.0014240741729736328,0.0016181468963623047
row_extra_quote17_col0.csv,0.00218963623046875,0.0012271404266357422,0.0019960403442382812
row_extra_quote45_col0.csv,0.0017905235290527344,0.001600027084350586,0.0016968250274658203
row_extra_quote19_col4.csv,0.0021643638610839844,0.0015230178833007812,0.0015711784362792969
row_less_sep_row46_col4.csv,0.0014348030090332031,0.0012123584747314453,0.002043008804321289
row_more_sep_row65_col1.csv,0.0016949176788330078,0.0017397403717041016,0.0014734268188476562
row_less_sep_row76_col3.csv,0.0019702911376953125,0.0015513896942138672,0.0015804767608642578
row_less_sep_row75_col7.csv,0.0016851425170898438,0.0011799335479736328,0.0019221305847167969
row_extra_quote33_col2.csv,0.0015785694122314453,0.0017461776733398438,0.0014138221740722656
row_extra_quote24_col2.csv,0.0018494129180908203,0.001773834228515625,0.0015034675598144531
row_less_sep_row69_col3.csv,0.002501964569091797,0.0015180110931396484,0.0017132759094238281
row_extra_quote69_col0.csv,0.0017406940460205078,0.0015354156494140625,0.0015840530395507812
row_extra_quote68_col5.csv,0.0024042129516601562,0.0011413097381591797,0.0013747215270996094
row_less_sep_row36_col8.csv,0.0017504692077636719,0.0015308856964111328,0.0018966197967529297
row_extra_quote51_col7.csv,0.0015473365783691406,0.0017004013061523438,0.0013880729675292969
row_less_sep_row48_col2.csv,0.0024309158325195312,0.0013332366943359375,0.0015864372253417969
row_more_sep_row34_col2.csv,0.0016214847564697266,0.0013780593872070312,0.0018460750579833984
row_extra_quote82_col7.csv,0.0014078617095947266,0.001984834671020508,0.0015077590942382812
row_more_sep_row57_col6.csv,0.002380847930908203,0.0011715888977050781,0.0014655590057373047
row_more_sep_row52_col0.csv,0.0018963813781738281,0.0014061927795410156,0.0018737316131591797
row_extra_quote69_col5.csv,0.001638650894165039,0.0017654895782470703,0.0014286041259765625
row_less_sep_row10_col7.csv,0.0020079612731933594,0.0013775825500488281,0.0013363361358642578
row_less_sep_row34_col3.csv,0.001682281494140625,0.0012056827545166016,0.002058267593383789
row_extra_quote72_col3.csv,0.0017347335815429688,0.002550363540649414,0.0015482902526855469
row_extra_quote72_col4.csv,0.001726388931274414,0.0014007091522216797,0.001988649368286133
row_more_sep_row8_col7.csv,0.0015132427215576172,0.0014979839324951172,0.0016832351684570312
row_less_sep_row52_col4.csv,0.0017557144165039062,0.001401662826538086,0.001506805419921875
row_more_sep_row6_col4.csv,0.002096891403198242,0.0013132095336914062,0.0015752315521240234
row_less_sep_row56_col4.csv,0.0014977455139160156,0.0013501644134521484,0.00174713134765625
row_more_sep_row55_col1.csv,0.0015950202941894531,0.0020682811737060547,0.0016779899597167969
row_more_sep_row36_col8.csv,0.002220630645751953,0.001264333724975586,0.0017371177673339844
row_more_sep_row63_col2.csv,0.0015501976013183594,0.0013427734375,0.0016803741455078125
row_extra_quote53_col2.csv,0.0016677379608154297,0.0021734237670898438,0.0016210079193115234
row_extra_quote32_col5.csv,0.0020189285278320312,0.0018033981323242188,0.0015201568603515625
row_extra_quote75_col5.csv,0.001622915267944336,0.001711130142211914,0.0014982223510742188
row_more_sep_row55_col4.csv,0.0017061233520507812,0.0013670921325683594,0.0021750926971435547
row_more_sep_row2_col0.csv,0.0017795562744140625,0.0018608570098876953,0.0015864372253417969
row_more_sep_row32_col5.csv,0.002068758010864258,0.0014505386352539062,0.0015091896057128906
row_less_sep_row45_col7.csv,0.0015044212341308594,0.0012416839599609375,0.0018889904022216797
row_extra_quote10_col7.csv,0.0019314289093017578,0.001619100570678711,0.0014450550079345703
row_extra_quote27_col3.csv,0.002233266830444336,0.0011892318725585938,0.0019390583038330078
row_extra_quote66_col7.csv,0.0015306472778320312,0.0015702247619628906,0.0017113685607910156
row_extra_quote51_col0.csv,0.002171039581298828,0.0016102790832519531,0.002140522003173828
row_more_sep_row13_col1.csv,0.0013666152954101562,0.001367330551147461,0.0020093917846679688
row_more_sep_row71_col8.csv,0.0017306804656982422,0.001771688461303711,0.0018393993377685547
row_less_sep_row16_col5.csv,0.0016770362854003906,0.0016629695892333984,0.0017421245574951172
row_more_sep_row9_col6.csv,0.002110004425048828,0.001379251480102539,0.0018813610076904297
row_extra_quote66_col5.csv,0.0015859603881835938,0.002139568328857422,0.0017404556274414062
row_extra_quote63_col3.csv,0.0018544197082519531,0.0014829635620117188,0.0016205310821533203
row_less_sep_row3_col7.csv,0.0021605491638183594,0.0014438629150390625,0.002046346664428711
row_extra_quote54_col2.csv,0.0017039775848388672,0.0016357898712158203,0.0016446113586425781
row_more_sep_row6_col1.csv,0.0022020339965820312,0.0014650821685791016,0.0024466514587402344
row_extra_quote27_col0.csv,0.0014636516571044922,0.0018324851989746094,0.0016660690307617188
row_more_sep_row16_col5.csv,0.0018188953399658203,0.001463174819946289,0.001407623291015625
row_extra_quote42_col7.csv,0.0021376609802246094,0.0014524459838867188,0.0019769668579101562
row_less_sep_row31_col6.csv,0.0015528202056884766,0.0014488697052001953,0.001829385757446289
row_less_sep_row73_col1.csv,0.002714872360229492,0.0012183189392089844,0.0018074512481689453
row_extra_quote18_col7.csv,0.0017406940460205078,0.0018429756164550781,0.0016977787017822266
row_more_sep_row31_col2.csv,0.0021898746490478516,0.0016031265258789062,0.0017743110656738281
row_extra_quote74_col5.csv,0.001497030258178711,0.0012290477752685547,0.0016760826110839844
row_less_sep_row0_col3.csv,0.0016036033630371094,0.002014636993408203,0.0015573501586914062
row_extra_quote35_col4.csv,0.0022149085998535156,0.0013861656188964844,0.002064943313598633
row_less_sep_row25_col3.csv,0.0016486644744873047,0.0018224716186523438,0.0017306804656982422
row_extra_quote74_col2.csv,0.0018193721771240234,0.0019631385803222656,0.0016222000122070312
row_extra_quote9_col5.csv,0.0014045238494873047,0.0012564659118652344,0.0022683143615722656
row_extra_quote21_col0.csv,0.0016474723815917969,0.00188446044921875,0.0015802383422851562
row_field_delimiter_27_0x20.csv,0.0019969940185546875,0.0014786720275878906,0.0015974044799804688
row_more_sep_row25_col1.csv,0.0014803409576416016,0.0012722015380859375,0.00199127197265625
row_more_sep_row53_col8.csv,0.001565694808959961,0.0017330646514892578,0.0016586780548095703
row_less_sep_row12_col5.csv,0.0016956329345703125,0.001953125,0.001544952392578125
row_less_sep_row69_col2.csv,0.0016541481018066406,0.0011630058288574219,0.0019290447235107422
row_extra_quote7_col4.csv,0.00182342529296875,0.001986265182495117,0.0017137527465820312
row_less_sep_row53_col3.csv,0.001874685287475586,0.0013964176177978516,0.0017442703247070312
row_field_delimiter_45_0x20.csv,0.0019237995147705078,0.0012562274932861328,0.002001047134399414
row_extra_quote17_col4.csv,0.0015807151794433594,0.0016672611236572266,0.0015821456909179688
row_less_sep_row12_col2.csv,0.0015735626220703125,0.0017864704132080078,0.001451730728149414
row_extra_quote39_col4.csv,0.0026159286499023438,0.0014052391052246094,0.0021059513092041016
row_extra_quote0_col8.csv,0.0018699169158935547,0.0019910335540771484,0.001874685287475586
row_less_sep_row25_col6.csv,0.0022165775299072266,0.0015294551849365234,0.0018498897552490234
row_more_sep_row26_col0.csv,0.0013742446899414062,0.0015788078308105469,0.0017194747924804688
row_extra_quote28_col2.csv,0.0017292499542236328,0.001603841781616211,0.0014901161193847656
row_more_sep_row36_col3.csv,0.002144336700439453,0.0012569427490234375,0.0019142627716064453
row_more_sep_row38_col6.csv,0.0017201900482177734,0.001996278762817383,0.002243518829345703
row_extra_quote64_col3.csv,0.002102375030517578,0.0013954639434814453,0.0023965835571289062
row_extra_quote12_col4.csv,0.0014085769653320312,0.001886606216430664,0.0014955997467041016
row_less_sep_row6_col3.csv,0.002129077911376953,0.0014176368713378906,0.0018236637115478516
row_more_sep_row17_col4.csv,0.0015201568603515625,0.0015833377838134766,0.0016400814056396484
row_less_sep_row54_col5.csv,0.0017855167388916016,0.0018014907836914062,0.0015435218811035156
row_less_sep_row32_col1.csv,0.0015692710876464844,0.0013320446014404297,0.002061605453491211
row_extra_quote24_col1.csv,0.0017597675323486328,0.0020685195922851562,0.0017082691192626953
row_field_delimiter_64_0x20.csv,0.0020236968994140625,0.0017468929290771484,0.0020270347595214844
row_less_sep_row41_col2.csv,0.0013589859008789062,0.0014681816101074219,0.0016672611236572266
row_extra_quote7_col6.csv,0.002347707748413086,0.0013074874877929688,0.0013217926025390625
row_extra_quote62_col4.csv,0.002379179000854492,0.0015037059783935547,0.001986980438232422
row_extra_quote34_col3.csv,0.0016283988952636719,0.0019011497497558594,0.001898050308227539
row_more_sep_row39_col1.csv,0.002397775650024414,0.001434326171875,0.0022232532501220703
row_extra_quote34_col6.csv,0.0014679431915283203,0.0014598369598388672,0.0016262531280517578
row_extra_quote42_col6.csv,0.0014159679412841797,0.0016679763793945312,0.0013537406921386719
row_extra_quote40_col6.csv,0.0022194385528564453,0.0012052059173583984,0.0016274452209472656
row_extra_quote53_col6.csv,0.0017113685607910156,0.0012462139129638672,0.002285480499267578
row_less_sep_row59_col3.csv,0.0013842582702636719,0.0017898082733154297,0.001550912857055664
row_more_sep_row4_col2.csv,0.0022869110107421875,0.0016429424285888672,0.0018510818481445312
row_extra_quote81_col0.csv,0.0015978813171386719,0.0018031597137451172,0.0016188621520996094
row_extra_quote15_col4.csv,0.001729726791381836,0.0017824172973632812,0.0014805793762207031
row_less_sep_row23_col8.csv,0.002279043197631836,0.0012950897216796875,0.0019388198852539062
row_field_delimiter_59_0x20.csv,0.0015904903411865234,0.0013725757598876953,0.0018596649169921875
row_more_sep_row78_col5.csv,0.001667022705078125,0.0017142295837402344,0.0014815330505371094
row_more_sep_row63_col3.csv,0.002044677734375,0.0012695789337158203,0.0016436576843261719
row_less_sep_row68_col7.csv,0.0016074180603027344,0.0012249946594238281,0.0018534660339355469
row_less_sep_row66_col2.csv,0.0015120506286621094,0.0018749237060546875,0.0013060569763183594
row_less_sep_row4_col1.csv,0.002062082290649414,0.0012035369873046875,0.0012614727020263672
row_less_sep_row72_col4.csv,0.0018684864044189453,0.001294851303100586,0.0018982887268066406
row_extra_quote21_col5.csv,0.0017251968383789062,0.0016942024230957031,0.001588582992553711
row_more_sep_row29_col8.csv,0.0017600059509277344,0.0013871192932128906,0.0014843940734863281
row_less_sep_row57_col6.csv,0.001940011978149414,0.001367330551147461,0.0014221668243408203
row_extra_quote49_col7.csv,0.0016951560974121094,0.0013353824615478516,0.0019071102142333984
row_more_sep_row0_col3.csv,0.0017359256744384766,0.0021877288818359375,0.0017774105072021484
row_more_sep_row7_col6.csv,0.0021593570709228516,0.0017154216766357422,0.0018761157989501953
row_extra_quote58_col8.csv,0.0014386177062988281,0.0012063980102539062,0.0016491413116455078
row_extra_quote80_col2.csv,0.001558065414428711,0.001650094985961914,0.001711130142211914
row_extra_quote63_col5.csv,0.002395153045654297,0.0013284683227539062,0.0016698837280273438
file_field_delimiter_0x2C_0x20.csv,0.0012733936309814453,0.0011081695556640625,0.001814126968383789
row_extra_quote81_col7.csv,0.0016279220581054688,0.001459360122680664,0.0019028186798095703
row_more_sep_row75_col4.csv,0.0015215873718261719,0.001986265182495117,0.0015268325805664062
row_less_sep_row23_col7.csv,0.0017998218536376953,0.0012118816375732422,0.0015659332275390625
row_extra_quote46_col7.csv,0.0016827583312988281,0.001508951187133789,0.0016565322875976562
row_extra_quote19_col7.csv,0.001302480697631836,0.0018279552459716797,0.0016126632690429688
row_less_sep_row83_col4.csv,0.0017712116241455078,0.0012919902801513672,0.0019605159759521484
row_more_sep_row71_col7.csv,0.0016751289367675781,0.0014193058013916016,0.0017309188842773438
row_more_sep_row52_col7.csv,0.00156402587890625,0.0018720626831054688,0.001329660415649414
row_less_sep_row60_col7.csv,0.0021889209747314453,0.0012485980987548828,0.0021543502807617188
row_more_sep_row57_col5.csv,0.001661539077758789,0.0013751983642578125,0.0018532276153564453
row_less_sep_row11_col3.csv,0.0015113353729248047,0.0018985271453857422,0.0013782978057861328
row_less_sep_row18_col4.csv,0.0021691322326660156,0.0013530254364013672,0.0013728141784667969
row_more_sep_row40_col6.csv,0.0017745494842529297,0.001336812973022461,0.0016236305236816406
row_extra_quote44_col8.csv,0.0016362667083740234,0.0020754337310791016,0.0015797615051269531
row_extra_quote76_col2.csv,0.0019638538360595703,0.0011947154998779297,0.0014319419860839844
row_more_sep_row78_col1.csv,0.001749277114868164,0.001489400863647461,0.0016720294952392578
row_more_sep_row9_col1.csv,0.0014634132385253906,0.0017268657684326172,0.0014445781707763672
row_field_delimiter_76_0x20.csv,0.0019392967224121094,0.0012905597686767578,0.0015249252319335938
row_extra_quote19_col6.csv,0.0015499591827392578,0.0014832019805908203,0.0017418861389160156
row_more_sep_row21_col2.csv,0.0014827251434326172,0.001750946044921875,0.001434326171875
row_more_sep_row40_col7.csv,0.0021216869354248047,0.0012004375457763672,0.001489400863647461
row_more_sep_row76_col0.csv,0.001795053482055664,0.0021638870239257812,0.002040386199951172
row_extra_quote75_col3.csv,0.0021009445190429688,0.0013167858123779297,0.0021266937255859375
row_extra_quote29_col2.csv,0.0018248558044433594,0.0018749237060546875,0.0015208721160888672
row_more_sep_row30_col5.csv,0.0017292499542236328,0.0015048980712890625,0.0015597343444824219
row_extra_quote54_col1.csv,0.0015552043914794922,0.0013201236724853516,0.0019309520721435547
row_extra_quote45_col3.csv,0.0016372203826904297,0.0018570423126220703,0.0014674663543701172
row_more_sep_row83_col3.csv,0.001993894577026367,0.0015411376953125,0.002153158187866211
row_more_sep_row11_col6.csv,0.0014696121215820312,0.0017933845520019531,0.001935720443725586
row_less_sep_row35_col6.csv,0.0016865730285644531,0.0014786720275878906,0.0013875961303710938
row_extra_quote43_col7.csv,0.0022454261779785156,0.0013577938079833984,0.0022346973419189453
row_more_sep_row9_col8.csv,0.0016188621520996094,0.0016698837280273438,0.0016965866088867188
row_less_sep_row6_col8.csv,0.0015957355499267578,0.0015804767608642578,0.0014810562133789062
row_less_sep_row7_col1.csv,0.0020554065704345703,0.0011925697326660156,0.0019063949584960938
row_more_sep_row52_col2.csv,0.0013992786407470703,0.001523733139038086,0.0017511844635009766
row_extra_quote45_col6.csv,0.0016376972198486328,0.0016946792602539062,0.0015823841094970703
row_less_sep_row21_col1.csv,0.0021071434020996094,0.001233816146850586,0.0019516944885253906
row_more_sep_row70_col7.csv,0.0015482902526855469,0.001852273941040039,0.0017385482788085938
row_extra_quote53_col4.csv,0.0017294883728027344,0.001613616943359375,0.001531839370727539
row_more_sep_row40_col0.csv,0.0021042823791503906,0.0012154579162597656,0.0016884803771972656
row_less_sep_row35_col3.csv,0.0016317367553710938,0.0013659000396728516,0.002366781234741211
row_extra_quote5_col5.csv,0.0017535686492919922,0.002032756805419922,0.001834869384765625
row_less_sep_row80_col2.csv,0.001481771469116211,0.0012679100036621094,0.0017328262329101562
row_less_sep_row2_col8.csv,0.001688241958618164,0.002016305923461914,0.0015456676483154297
row_more_sep_row62_col5.csv,0.002438783645629883,0.0014710426330566406,0.002401113510131836
row_more_sep_row78_col7.csv,0.0017552375793457031,0.0020225048065185547,0.0018620491027832031
row_extra_quote0_col6.csv,0.0024602413177490234,0.002126455307006836,0.0018129348754882812
row_less_sep_row17_col2.csv,0.0020513534545898438,0.0016891956329345703,0.0022029876708984375
row_more_sep_row7_col5.csv,0.0014433860778808594,0.0016717910766601562,0.0017426013946533203
row_less_sep_row6_col1.csv,0.002013683319091797,0.0016770362854003906,0.002011537551879883
row_extra_quote21_col1.csv,0.0014874935150146484,0.0019199848175048828,0.0020792484283447266
row_less_sep_row54_col6.csv,0.0021271705627441406,0.001476287841796875,0.0021970272064208984
row_less_sep_row72_col8.csv,0.001438140869140625,0.0015671253204345703,0.0016820430755615234
row_extra_quote78_col8.csv,0.0017154216766357422,0.0017957687377929688,0.0017116069793701172
row_more_sep_row67_col6.csv,0.0015320777893066406,0.001241445541381836,0.0018613338470458984
row_more_sep_row56_col3.csv,0.0015692710876464844,0.0019497871398925781,0.0015704631805419922
row_less_sep_row40_col5.csv,0.0021393299102783203,0.0013349056243896484,0.0021903514862060547
row_less_sep_row78_col2.csv,0.0014159679412841797,0.0015017986297607422,0.0019443035125732422
row_more_sep_row10_col8.csv,0.001867055892944336,0.001951456069946289,0.001783609390258789
row_more_sep_row19_col7.csv,0.0015306472778320312,0.0011873245239257812,0.002385377883911133
row_less_sep_row54_col8.csv,0.0016849040985107422,0.001728057861328125,0.0016036033630371094
row_less_sep_row69_col5.csv,0.0017638206481933594,0.0021076202392578125,0.0018694400787353516
row_extra_quote83_col1.csv,0.0014297962188720703,0.0012683868408203125,0.0018801689147949219
row_less_sep_row78_col5.csv,0.0015912055969238281,0.0017669200897216797,0.0015909671783447266
row_less_sep_row59_col6.csv,0.0019698143005371094,0.0017697811126708984,0.001295328140258789
row_less_sep_row45_col2.csv,0.0017790794372558594,0.0014591217041015625,0.0019860267639160156
row_extra_quote50_col1.csv,0.0016791820526123047,0.0019185543060302734,0.00159454345703125
row_less_sep_row22_col1.csv,0.001550436019897461,0.0014910697937011719,0.001373291015625
row_less_sep_row52_col6.csv,0.0020363330841064453,0.0012791156768798828,0.00194549560546875
row_more_sep_row56_col1.csv,0.0014629364013671875,0.0017547607421875,0.001996755599975586
row_more_sep_row14_col5.csv,0.0018956661224365234,0.00188446044921875,0.0017516613006591797
row_extra_quote47_col2.csv,0.0014576911926269531,0.0012018680572509766,0.002211332321166992
row_extra_quote16_col0.csv,0.0015251636505126953,0.0018405914306640625,0.0014331340789794922
row_extra_quote42_col2.csv,0.0018770694732666016,0.001382589340209961,0.0013916492462158203
row_extra_quote29_col8.csv,0.0018074512481689453,0.0011439323425292969,0.001918792724609375
row_extra_quote45_col7.csv,0.0017762184143066406,0.0014209747314453125,0.0015752315521240234
row_less_sep_row24_col4.csv,0.0014815330505371094,0.001760244369506836,0.0014050006866455078
row_less_sep_row70_col2.csv,0.002041339874267578,0.0012784004211425781,0.002226591110229492
row_extra_quote54_col6.csv,0.0014870166778564453,0.001837015151977539,0.001592397689819336
row_extra_quote82_col4.csv,0.0018668174743652344,0.0017533302307128906,0.0015115737915039062
row_extra_quote12_col0.csv,0.0018200874328613281,0.001312255859375,0.001989603042602539
row_extra_quote61_col8.csv,0.0017096996307373047,0.002303600311279297,0.0015857219696044922
row_field_delimiter_18_0x20.csv,0.0022656917572021484,0.0018417835235595703,0.0021245479583740234
row_less_sep_row36_col7.csv,0.0013566017150878906,0.0013005733489990234,0.0018780231475830078
row_more_sep_row35_col8.csv,0.0014965534210205078,0.001669168472290039,0.0015368461608886719
row_extra_quote68_col0.csv,0.002384662628173828,0.0013396739959716797,0.0020170211791992188
row_less_sep_row59_col5.csv,0.0015649795532226562,0.0020787715911865234,0.0016880035400390625
row_more_sep_row43_col8.csv,0.002046823501586914,0.0016865730285644531,0.0016677379608154297
row_less_sep_row54_col4.csv,0.0014998912811279297,0.001295328140258789,0.0016713142395019531
row_less_sep_row13_col6.csv,0.001659393310546875,0.0015561580657958984,0.0015130043029785156
row_more_sep_row70_col6.csv,0.0024263858795166016,0.0012812614440917969,0.002027273178100586
row_more_sep_row38_col7.csv,0.0016236305236816406,0.0017881393432617188,0.0017352104187011719
row_extra_quote41_col8.csv,0.0018758773803710938,0.0017740726470947266,0.002061128616333008
row_less_sep_row46_col6.csv,0.0013914108276367188,0.0013434886932373047,0.0018639564514160156
row_extra_quote69_col1.csv,0.001894235610961914,0.0018398761749267578,0.0014529228210449219
row_more_sep_row81_col5.csv,0.0019965171813964844,0.001293182373046875,0.002168893814086914
row_field_delimiter_54_0x20.csv,0.0014717578887939453,0.0013926029205322266,0.0017466545104980469
row_more_sep_row8_col3.csv,0.0016379356384277344,0.00148773193359375,0.001725912094116211
row_more_sep_row17_col8.csv,0.0020287036895751953,0.0013849735260009766,0.0021042823791503906
row_more_sep_row59_col1.csv,0.001499176025390625,0.00203704833984375,0.0015082359313964844
row_extra_quote75_col4.csv,0.002199411392211914,0.001466512680053711,0.0018038749694824219
row_less_sep_row58_col3.csv,0.0016574859619140625,0.0012722015380859375,0.0017430782318115234
row_less_sep_row33_col4.csv,0.0018622875213623047,0.001476287841796875,0.0013835430145263672
row_more_sep_row75_col7.csv,0.0023965835571289062,0.0013391971588134766,0.0016887187957763672
row_extra_quote60_col0.csv,0.0017142295837402344,0.0016937255859375,0.0015728473663330078
row_more_sep_row49_col8.csv,0.0014731884002685547,0.0017371177673339844,0.0015721321105957031
row_extra_quote66_col4.csv,0.0016934871673583984,0.0012192726135253906,0.0020799636840820312
row_extra_quote49_col1.csv,0.001703500747680664,0.0019295215606689453,0.0019123554229736328
row_less_sep_row14_col7.csv,0.001802206039428711,0.0016696453094482422,0.0015900135040283203
row_more_sep_row81_col4.csv,0.002093076705932617,0.001272439956665039,0.001806497573852539
row_more_sep_row26_col8.csv,0.0015888214111328125,0.0019254684448242188,0.0015437602996826172
row_more_sep_row4_col8.csv,0.0020291805267333984,0.0013089179992675781,0.0014295578002929688
row_more_sep_row15_col7.csv,0.0018682479858398438,0.0017457008361816406,0.0017964839935302734
row_less_sep_row31_col3.csv,0.0014600753784179688,0.0018191337585449219,0.0014264583587646484
row_more_sep_row16_col1.csv,0.001916646957397461,0.0011513233184814453,0.0018811225891113281
row_more_sep_row81_col3.csv,0.001623392105102539,0.001531839370727539,0.0018286705017089844
row_extra_quote70_col2.csv,0.001592874526977539,0.00168609619140625,0.0013518333435058594
row_extra_quote23_col4.csv,0.0020780563354492188,0.0013074874877929688,0.0015130043029785156
row_extra_quote5_col1.csv,0.0017480850219726562,0.0020072460174560547,0.0018160343170166016
row_less_sep_row12_col7.csv,0.001646280288696289,0.0017902851104736328,0.0016009807586669922
row_less_sep_row62_col3.csv,0.0020554065704345703,0.0017015933990478516,0.002196073532104492
row_less_sep_row50_col7.csv,0.0024907588958740234,0.001790761947631836,0.0024406909942626953
row_less_sep_row50_col8.csv,0.0014452934265136719,0.0020232200622558594,0.0017266273498535156
row_less_sep_row6_col7.csv,0.002663135528564453,0.0015649795532226562,0.0027289390563964844
row_extra_quote77_col1.csv,0.001322031021118164,0.002026796340942383,0.0016896724700927734
row_extra_quote42_col5.csv,0.0013175010681152344,0.0013916492462158203,0.001461029052734375
row_more_sep_row24_col3.csv,0.001527547836303711,0.001397848129272461,0.0017626285552978516
row_extra_quote13_col2.csv,0.002442598342895508,0.0015215873718261719,0.0017747879028320312
row_extra_quote77_col8.csv,0.001737833023071289,0.0012505054473876953,0.001359701156616211
row_extra_quote37_col3.csv,0.0021648406982421875,0.0016007423400878906,0.0013957023620605469
row_more_sep_row20_col3.csv,0.0020592212677001953,0.001444101333618164,0.0016887187957763672
row_extra_quote65_col3.csv,0.0022475719451904297,0.0013651847839355469,0.0016586780548095703
row_extra_quote78_col2.csv,0.0019617080688476562,0.0018057823181152344,0.0017158985137939453
row_less_sep_row16_col2.csv,0.0020318031311035156,0.0014224052429199219,0.002002239227294922
row_extra_quote4_col6.csv,0.0015783309936523438,0.001337289810180664,0.00165557861328125
row_more_sep_row40_col1.csv,0.001773834228515625,0.0013835430145263672,0.0019223690032958984
row_less_sep_row21_col3.csv,0.002321481704711914,0.001390695571899414,0.001617431640625
row_extra_quote6_col7.csv,0.001859426498413086,0.0014643669128417969,0.0016772747039794922
row_extra_quote16_col1.csv,0.0013709068298339844,0.0015234947204589844,0.0018858909606933594
row_extra_quote32_col3.csv,0.0015473365783691406,0.0017771720886230469,0.0020401477813720703
row_extra_quote16_col5.csv,0.0014681816101074219,0.0017015933990478516,0.001814126968383789
row_less_sep_row82_col7.csv,0.0018231868743896484,0.001781463623046875,0.002599000930786133
row_less_sep_row10_col2.csv,0.0016155242919921875,0.001981019973754883,0.002357006072998047
row_more_sep_row69_col6.csv,0.002213001251220703,0.0021321773529052734,0.0018241405487060547
row_more_sep_row59_col3.csv,0.0014805793762207031,0.0017859935760498047,0.002012491226196289
row_extra_quote27_col1.csv,0.0019605159759521484,0.0015692710876464844,0.0019326210021972656
row_more_sep_row34_col0.csv,0.001943826675415039,0.0022230148315429688,0.0029060840606689453
row_extra_quote73_col6.csv,0.0014569759368896484,0.0016562938690185547,0.0023822784423828125
row_more_sep_row77_col1.csv,0.0020303726196289062,0.0015025138854980469,0.0018305778503417969
row_extra_quote22_col3.csv,0.0023801326751708984,0.002562284469604492,0.0022835731506347656
row_less_sep_row35_col1.csv,0.0018439292907714844,0.002316713333129883,0.002039194107055664
row_extra_quote83_col5.csv,0.0026137828826904297,0.001726388931274414,0.0020127296447753906
row_more_sep_row12_col4.csv,0.0013012886047363281,0.0017168521881103516,0.0015959739685058594
row_more_sep_row67_col1.csv,0.002115488052368164,0.0016443729400634766,0.0017197132110595703
row_more_sep_row42_col2.csv,0.0015435218811035156,0.0012958049774169922,0.0017538070678710938
row_extra_quote28_col5.csv,0.001817941665649414,0.0017862319946289062,0.001634359359741211
row_extra_quote56_col1.csv,0.0019271373748779297,0.001367330551147461,0.001748800277709961
row_less_sep_row17_col7.csv,0.0018126964569091797,0.0018494129180908203,0.001730203628540039
row_extra_quote56_col7.csv,0.002141237258911133,0.0014307498931884766,0.002002239227294922
row_more_sep_row8_col4.csv,0.0015246868133544922,0.0012848377227783203,0.001827239990234375
row_less_sep_row68_col5.csv,0.0019266605377197266,0.0015981197357177734,0.0018270015716552734
row_more_sep_row57_col3.csv,0.002164602279663086,0.001367807388305664,0.0018050670623779297
row_more_sep_row12_col8.csv,0.0016331672668457031,0.0019350051879882812,0.001971721649169922
row_less_sep_row20_col6.csv,0.0020782947540283203,0.0020706653594970703,0.0020494461059570312
row_less_sep_row32_col7.csv,0.0015037059783935547,0.0014078617095947266,0.0017132759094238281
row_extra_quote49_col2.csv,0.001613616943359375,0.0013959407806396484,0.0018553733825683594
row_more_sep_row83_col5.csv,0.0019779205322265625,0.00138092041015625,0.0019328594207763672
row_more_sep_row37_col7.csv,0.0017533302307128906,0.0013992786407470703,0.001596212387084961
row_less_sep_row38_col4.csv,0.0018129348754882812,0.001833200454711914,0.0016326904296875
row_extra_quote53_col0.csv,0.001678466796875,0.001291036605834961,0.0016829967498779297
row_more_sep_row36_col0.csv,0.0020020008087158203,0.0017402172088623047,0.0017502307891845703
row_extra_quote18_col6.csv,0.0018489360809326172,0.00140380859375,0.0014498233795166016
row_more_sep_row23_col8.csv,0.0017256736755371094,0.0012712478637695312,0.001619100570678711
row_more_sep_row22_col0.csv,0.001680135726928711,0.0017800331115722656,0.0014591217041015625
row_more_sep_row75_col2.csv,0.0016248226165771484,0.001283884048461914,0.001783132553100586
row_less_sep_row83_col7.csv,0.001832723617553711,0.001409769058227539,0.0014340877532958984
row_more_sep_row49_col0.csv,0.0014374256134033203,0.001440286636352539,0.0014157295227050781
row_more_sep_row42_col1.csv,0.0018742084503173828,0.0017879009246826172,0.0020034313201904297
row_more_sep_row18_col0.csv,0.0022919178009033203,0.0017151832580566406,0.0018122196197509766
row_less_sep_row12_col4.csv,0.0012745857238769531,0.001203775405883789,0.0019462108612060547
row_more_sep_row6_col8.csv,0.0017032623291015625,0.0016117095947265625,0.0016510486602783203
row_less_sep_row40_col2.csv,0.0017442703247070312,0.001653432846069336,0.0017192363739013672
row_more_sep_row40_col8.csv,0.0016336441040039062,0.0012412071228027344,0.0014917850494384766
row_extra_quote71_col8.csv,0.0017516613006591797,0.0014674663543701172,0.0016820430755615234
row_less_sep_row28_col7.csv,0.0018167495727539062,0.0012814998626708984,0.001720428466796875
row_more_sep_row3_col2.csv,0.0018117427825927734,0.0012936592102050781,0.001354217529296875
row_less_sep_row26_col5.csv,0.0018384456634521484,0.0014510154724121094,0.0015997886657714844
row_more_sep_row49_col6.csv,0.002101421356201172,0.0014812946319580078,0.0018527507781982422
row_less_sep_row69_col8.csv,0.0017733573913574219,0.0014884471893310547,0.0014955997467041016
row_extra_quote80_col6.csv,0.0017480850219726562,0.0016987323760986328,0.0019063949584960938
row_extra_quote52_col4.csv,0.0020008087158203125,0.001631021499633789,0.0015454292297363281
row_extra_quote25_col7.csv,0.0015878677368164062,0.0012145042419433594,0.0015819072723388672
row_more_sep_row62_col7.csv,0.001997709274291992,0.0022072792053222656,0.0019779205322265625
row_more_sep_row13_col0.csv,0.0019757747650146484,0.0016465187072753906,0.002408742904663086
row_less_sep_row70_col3.csv,0.001382589340209961,0.0019168853759765625,0.0017917156219482422
row_more_sep_row50_col3.csv,0.0022802352905273438,0.001604318618774414,0.0020873546600341797
row_extra_quote80_col5.csv,0.0013484954833984375,0.0013990402221679688,0.001750946044921875
row_less_sep_row1_col8.csv,0.0021042823791503906,0.0016977787017822266,0.0020084381103515625
row_extra_quote54_col0.csv,0.001678466796875,0.0013458728790283203,0.001659393310546875
row_less_sep_row36_col2.csv,0.0021038055419921875,0.001445770263671875,0.0025272369384765625
row_less_sep_row77_col4.csv,0.0016591548919677734,0.0012309551239013672,0.0014238357543945312
row_more_sep_row41_col2.csv,0.002053976058959961,0.0015304088592529297,0.0024335384368896484
row_less_sep_row79_col3.csv,0.0017473697662353516,0.0018682479858398438,0.0015835762023925781
row_less_sep_row43_col5.csv,0.001687765121459961,0.0016756057739257812,0.0016939640045166016
row_less_sep_row44_col2.csv,0.0015635490417480469,0.0012121200561523438,0.0018377304077148438
row_less_sep_row34_col1.csv,0.001993417739868164,0.0017511844635009766,0.002254962921142578
row_extra_quote78_col4.csv,0.00144195556640625,0.0017960071563720703,0.0017271041870117188
row_more_sep_row43_col3.csv,0.0014684200286865234,0.0017642974853515625,0.0019388198852539062
row_extra_quote45_col5.csv,0.001718759536743164,0.0012745857238769531,0.0016782283782958984
row_more_sep_row4_col5.csv,0.0018537044525146484,0.0024428367614746094,0.0018968582153320312
row_extra_quote56_col6.csv,0.002366781234741211,0.0018815994262695312,0.0021708011627197266
row_less_sep_row82_col2.csv,0.0016307830810546875,0.0016810894012451172,0.0019409656524658203
row_less_sep_row35_col5.csv,0.001992464065551758,0.0016262531280517578,0.0022840499877929688
row_less_sep_row49_col3.csv,0.0013866424560546875,0.0019702911376953125,0.0021016597747802734
row_extra_quote23_col6.csv,0.0016636848449707031,0.0016176700592041016,0.0022783279418945312
row_more_sep_row68_col8.csv,0.0014431476593017578,0.001634359359741211,0.0019164085388183594
row_extra_quote8_col2.csv,0.0022089481353759766,0.0019593238830566406,0.0019905567169189453
row_extra_quote9_col3.csv,0.0016467571258544922,0.0012717247009277344,0.0014584064483642578
row_more_sep_row78_col2.csv,0.0018341541290283203,0.0016202926635742188,0.0019326210021972656
row_extra_quote47_col7.csv,0.0016696453094482422,0.001867532730102539,0.0023126602172851562
row_less_sep_row66_col1.csv,0.0014252662658691406,0.0013885498046875,0.0016834735870361328
row_extra_quote19_col8.csv,0.0017292499542236328,0.001455545425415039,0.0016908645629882812
row_extra_quote61_col1.csv,0.0018277168273925781,0.001241922378540039,0.0017120838165283203
row_extra_quote36_col1.csv,0.0026047229766845703,0.0019686222076416016,0.0020105838775634766
row_more_sep_row60_col5.csv,0.002110719680786133,0.0024271011352539062,0.002301454544067383
row_less_sep_row12_col3.csv,0.0013921260833740234,0.0015769004821777344,0.0020220279693603516
row_less_sep_row42_col4.csv,0.0019314289093017578,0.0014977455139160156,0.0015101432800292969
row_more_sep_row70_col0.csv,0.0018088817596435547,0.0017547607421875,0.0021805763244628906
row_extra_quote78_col7.csv,0.0022728443145751953,0.001520395278930664,0.0017893314361572266
row_extra_quote51_col4.csv,0.0016105175018310547,0.001409292221069336,0.0015799999237060547
row_extra_quote5_col6.csv,0.001999378204345703,0.0013432502746582031,0.0011496543884277344
row_extra_quote68_col7.csv,0.0014069080352783203,0.001863241195678711,0.001657247543334961
row_less_sep_row22_col2.csv,0.0020008087158203125,0.0018863677978515625,0.0016088485717773438
row_more_sep_row28_col3.csv,0.002012491226196289,0.0017724037170410156,0.0019845962524414062
row_extra_quote26_col4.csv,0.001329183578491211,0.0013108253479003906,0.0016667842864990234
row_less_sep_row73_col5.csv,0.0018858909606933594,0.0015571117401123047,0.0017592906951904297
row_less_sep_row14_col1.csv,0.0017533302307128906,0.0012993812561035156,0.0014858245849609375
row_less_sep_row38_col2.csv,0.0015821456909179688,0.0014910697937011719,0.0014030933380126953
file_field_delimiter_0x9.csv,0.001306295394897461,0.0012156963348388672,0.000911712646484375
row_field_delimiter_24_0x20.csv,0.001760721206665039,0.0017664432525634766,0.0012502670288085938
row_extra_quote71_col2.csv,0.0017364025115966797,0.0014646053314208984,0.0016133785247802734
row_more_sep_row62_col8.csv,0.0019063949584960938,0.0013115406036376953,0.0016925334930419922
row_more_sep_row5_col4.csv,0.001956462860107422,0.0017228126525878906,0.0013587474822998047
row_less_sep_row45_col5.csv,0.0016429424285888672,0.0014913082122802734,0.0018987655639648438
row_less_sep_row70_col8.csv,0.0019161701202392578,0.0012500286102294922,0.0015206336975097656
row_more_sep_row34_col8.csv,0.0015358924865722656,0.0015592575073242188,0.001476287841796875
row_more_sep_row33_col2.csv,0.0019445419311523438,0.001476287841796875,0.001750946044921875
row_more_sep_row49_col4.csv,0.0021834373474121094,0.001703023910522461,0.001936197280883789
row_field_delimiter_30_0x20.csv,0.0014867782592773438,0.0014040470123291016,0.0015401840209960938
row_more_sep_row74_col4.csv,0.001875162124633789,0.0015671253204345703,0.002024412155151367
row_less_sep_row50_col2.csv,0.0017783641815185547,0.0015795230865478516,0.0019974708557128906
row_less_sep_row36_col1.csv,0.0018825531005859375,0.0018925666809082031,0.0015747547149658203
row_more_sep_row76_col1.csv,0.0013561248779296875,0.0012776851654052734,0.0013604164123535156
row_extra_quote16_col3.csv,0.0017421245574951172,0.0017347335815429688,0.001699686050415039
row_less_sep_row28_col5.csv,0.001880645751953125,0.0015325546264648438,0.002110719680786133
row_more_sep_row26_col5.csv,0.0016067028045654297,0.0012824535369873047,0.0014548301696777344
row_extra_quote33_col1.csv,0.001768350601196289,0.0017347335815429688,0.00168609619140625
row_more_sep_row60_col4.csv,0.001760721206665039,0.0016045570373535156,0.0014960765838623047
row_more_sep_row69_col3.csv,0.0019464492797851562,0.0012974739074707031,0.0017762184143066406
row_more_sep_row41_col4.csv,0.001990079879760742,0.0015187263488769531,0.0017936229705810547
row_less_sep_row40_col6.csv,0.0018124580383300781,0.0017614364624023438,0.001497030258178711
row_less_sep_row21_col7.csv,0.0014595985412597656,0.0012671947479248047,0.001617431640625
row_field_delimiter_56_0x20.csv,0.001941680908203125,0.0013735294342041016,0.002032041549682617
row_more_sep_row79_col1.csv,0.0018219947814941406,0.0017170906066894531,0.0013256072998046875
row_more_sep_row50_col0.csv,0.0017268657684326172,0.0013723373413085938,0.0014734268188476562
row_more_sep_row59_col4.csv,0.0018572807312011719,0.0017845630645751953,0.0017118453979492188
row_less_sep_row54_col3.csv,0.0018892288208007812,0.0016694068908691406,0.00153350830078125
row_more_sep_row35_col7.csv,0.0018460750579833984,0.0013186931610107422,0.0018150806427001953
row_extra_quote16_col4.csv,0.0019278526306152344,0.002042055130004883,0.001962900161743164
row_extra_quote71_col1.csv,0.0021615028381347656,0.0020563602447509766,0.0019176006317138672
row_less_sep_row60_col2.csv,0.0014793872833251953,0.0016264915466308594,0.002121448516845703
row_more_sep_row34_col1.csv,0.0016834735870361328,0.0013041496276855469,0.001912832260131836
row_more_sep_row38_col1.csv,0.0020475387573242188,0.001768350601196289,0.0017285346984863281
row_less_sep_row57_col7.csv,0.001987934112548828,0.0015070438385009766,0.001611948013305664
row_extra_quote66_col8.csv,0.0015797615051269531,0.0015597343444824219,0.0020728111267089844
row_less_sep_row77_col6.csv,0.0018534660339355469,0.0013785362243652344,0.0015423297882080078
row_extra_quote63_col0.csv,0.0017135143280029297,0.0013279914855957031,0.0016255378723144531
row_field_delimiter_33_0x20.csv,0.0019598007202148438,0.0017175674438476562,0.0014371871948242188
file_no_payload.csv,0.0003769397735595703,0.00021409988403320312,0.00029015541076660156
row_more_sep_row54_col8.csv,0.0017709732055664062,0.0018048286437988281,0.0017504692077636719
row_extra_quote13_col0.csv,0.0014355182647705078,0.001560211181640625,0.0013337135314941406
row_extra_quote68_col6.csv,0.0020515918731689453,0.0014452934265136719,0.0014874935150146484
row_extra_quote1_col2.csv,0.0019636154174804688,0.001291513442993164,0.0016176700592041016
row_less_sep_row49_col2.csv,0.0016961097717285156,0.0013887882232666016,0.0017147064208984375
row_more_sep_row51_col0.csv,0.001573801040649414,0.0013189315795898438,0.0018649101257324219
row_more_sep_row54_col3.csv,0.0017688274383544922,0.0013129711151123047,0.0017294883728027344
row_extra_quote58_col1.csv,0.002045869827270508,0.002209186553955078,0.0017740726470947266
row_less_sep_row76_col5.csv,0.0018889904022216797,0.0013146400451660156,0.0017590522766113281
row_extra_quote27_col6.csv,0.0015306472778320312,0.0012784004211425781,0.0017135143280029297
row_extra_quote77_col0.csv,0.001748800277709961,0.001743316650390625,0.0016279220581054688
row_extra_quote12_col2.csv,0.0018455982208251953,0.0015044212341308594,0.0016591548919677734
row_extra_quote12_col8.csv,0.0016970634460449219,0.0013275146484375,0.0015935897827148438
row_extra_quote3_col6.csv,0.0018596649169921875,0.0015416145324707031,0.0016317367553710938
row_less_sep_row30_col4.csv,0.0015032291412353516,0.0014564990997314453,0.0016727447509765625
row_less_sep_row2_col3.csv,0.001508474349975586,0.0015854835510253906,0.0015213489532470703
row_more_sep_row35_col0.csv,0.0016443729400634766,0.0015189647674560547,0.0018732547760009766
row_more_sep_row62_col6.csv,0.002003908157348633,0.0013458728790283203,0.001718282699584961
row_more_sep_row39_col7.csv,0.0018684864044189453,0.0018222332000732422,0.0018756389617919922
row_more_sep_row48_col2.csv,0.0019342899322509766,0.0022559165954589844,0.0021131038665771484
row_more_sep_row25_col8.csv,0.0014836788177490234,0.0014698505401611328,0.0018668174743652344
row_extra_quote34_col5.csv,0.0017981529235839844,0.0016448497772216797,0.0016732215881347656
row_less_sep_row25_col2.csv,0.0019457340240478516,0.0015854835510253906,0.001644134521484375
row_more_sep_row21_col7.csv,0.001940011978149414,0.001817464828491211,0.0019378662109375
row_less_sep_row81_col6.csv,0.0018641948699951172,0.0019347667694091797,0.0017905235290527344
row_field_delimiter_40_0x20.csv,0.0015795230865478516,0.0012526512145996094,0.0014729499816894531
row_extra_quote57_col4.csv,0.0019464492797851562,0.0017096996307373047,0.0013370513916015625
row_extra_quote50_col6.csv,0.002001047134399414,0.0015604496002197266,0.0013842582702636719
row_more_sep_row74_col3.csv,0.0014691352844238281,0.0013155937194824219,0.0016803741455078125
row_extra_quote79_col6.csv,0.0019276142120361328,0.0018062591552734375,0.0018732547760009766
row_less_sep_row44_col8.csv,0.0019843578338623047,0.0018877983093261719,0.002040386199951172
row_less_sep_row56_col3.csv,0.00139617919921875,0.0012316703796386719,0.0015442371368408203
row_extra_quote60_col1.csv,0.0016937255859375,0.0015914440155029297,0.0019047260284423828
file_header_only.csv,0.0017757415771484375,0.0013613700866699219,0.0012557506561279297
file_escape_char_0x5C.csv,0.0016376972198486328,0.0018336772918701172,0.0018095970153808594
row_less_sep_row27_col2.csv,0.0024535655975341797,0.0019001960754394531,0.0021514892578125
row_less_sep_row47_col8.csv,0.001962900161743164,0.0019528865814208984,0.002099275588989258
row_extra_quote60_col2.csv,0.0013611316680908203,0.001428365707397461,0.001367330551147461
row_less_sep_row29_col1.csv,0.0018515586853027344,0.0014715194702148438,0.0017147064208984375
row_extra_quote39_col7.csv,0.002092599868774414,0.0012316703796386719,0.0015261173248291016
row_extra_quote76_col6.csv,0.0021979808807373047,0.0018007755279541016,0.0019207000732421875
row_less_sep_row28_col3.csv,0.0019199848175048828,0.0016849040985107422,0.0016553401947021484
row_more_sep_row14_col0.csv,0.0017333030700683594,0.0012354850769042969,0.001584768295288086
row_field_delimiter_58_0x20.csv,0.0019261837005615234,0.0017962455749511719,0.0017163753509521484
row_more_sep_row1_col6.csv,0.002177000045776367,0.0013794898986816406,0.002264261245727539
row_more_sep_row21_col6.csv,0.001453399658203125,0.0011870861053466797,0.0013909339904785156
row_extra_quote61_col5.csv,0.001961231231689453,0.0019130706787109375,0.002044200897216797
row_extra_quote15_col8.csv,0.0020189285278320312,0.0012385845184326172,0.0017557144165039062
row_more_sep_row12_col3.csv,0.0015969276428222656,0.0013573169708251953,0.001428365707397461
row_less_sep_row3_col8.csv,0.0021371841430664062,0.0016510486602783203,0.0015223026275634766
row_less_sep_row47_col3.csv,0.0018875598907470703,0.0013089179992675781,0.0015621185302734375
row_less_sep_row83_col6.csv,0.0022606849670410156,0.0015635490417480469,0.0019121170043945312
row_extra_quote77_col3.csv,0.0018210411071777344,0.001922607421875,0.001924753189086914
row_extra_quote31_col0.csv,0.001737833023071289,0.0015032291412353516,0.002167940139770508
row_more_sep_row28_col8.csv,0.0016853809356689453,0.0014073848724365234,0.0018584728240966797
row_more_sep_row19_col8.csv,0.0027399063110351562,0.0019283294677734375,0.0032682418823242188
row_less_sep_row30_col3.csv,0.0015647411346435547,0.0012164115905761719,0.001636505126953125
row_less_sep_row14_col3.csv,0.0021584033966064453,0.001291513442993164,0.0016291141510009766
row_more_sep_row79_col7.csv,0.0018913745880126953,0.0013737678527832031,0.0013425350189208984
row_more_sep_row70_col5.csv,0.0018112659454345703,0.0012867450714111328,0.001861572265625
row_less_sep_row37_col3.csv,0.0018453598022460938,0.001321554183959961,0.0013926029205322266
row_extra_quote73_col2.csv,0.0017368793487548828,0.0014655590057373047,0.0017955303192138672
row_extra_quote24_col3.csv,0.0015816688537597656,0.0015540122985839844,0.0017871856689453125
row_extra_quote9_col7.csv,0.001961946487426758,0.0012938976287841797,0.004935026168823242
row_less_sep_row61_col4.csv,0.001950979232788086,0.0013744831085205078,0.0020415782928466797
row_less_sep_row16_col6.csv,0.0015654563903808594,0.0013391971588134766,0.0015151500701904297
row_extra_quote37_col2.csv,0.0018696784973144531,0.0015902519226074219,0.0024662017822265625
row_extra_quote81_col1.csv,0.0016551017761230469,0.0016169548034667969,0.0018613338470458984
row_less_sep_row73_col3.csv,0.0014553070068359375,0.0012824535369873047,0.0013267993927001953
row_extra_quote75_col2.csv,0.0021028518676757812,0.0020165443420410156,0.001791238784790039
row_more_sep_row63_col0.csv,0.0018420219421386719,0.0011987686157226562,0.0017535686492919922
row_extra_quote12_col1.csv,0.0018682479858398438,0.0013027191162109375,0.0015735626220703125
row_less_sep_row76_col4.csv,0.00177001953125,0.0017397403717041016,0.0016911029815673828
row_more_sep_row82_col5.csv,0.0019497871398925781,0.0012955665588378906,0.0016684532165527344
row_more_sep_row24_col6.csv,0.0016911029815673828,0.0013892650604248047,0.0016036033630371094
row_more_sep_row4_col1.csv,0.001886129379272461,0.0015096664428710938,0.0014498233795166016
row_more_sep_row7_col1.csv,0.0015194416046142578,0.0013191699981689453,0.002317667007446289
row_extra_quote4_col0.csv,0.0018925666809082031,0.0012869834899902344,0.0016796588897705078
row_less_sep_row67_col2.csv,0.0019724369049072266,0.0019235610961914062,0.0017313957214355469
row_extra_quote38_col3.csv,0.002301931381225586,0.0019266605377197266,0.0023148059844970703
row_extra_quote16_col2.csv,0.0015001296997070312,0.0015842914581298828,0.001508474349975586
row_extra_quote5_col0.csv,0.0023522377014160156,0.0014224052429199219,0.0017328262329101562
row_extra_quote40_col2.csv,0.0016512870788574219,0.0013065338134765625,0.002070903778076172
row_more_sep_row54_col6.csv,0.0016021728515625,0.0015401840209960938,0.0016841888427734375
row_extra_quote6_col2.csv,0.0021970272064208984,0.0013947486877441406,0.0014986991882324219
file_multitable_more.csv,0.0026912689208984375,0.002317190170288086,0.002182483673095703
row_less_sep_row18_col6.csv,0.0019135475158691406,0.001956462860107422,0.0021295547485351562
row_more_sep_row12_col5.csv,0.0015125274658203125,0.0014848709106445312,0.0014798641204833984
row_extra_quote2_col6.csv,0.001779317855834961,0.0015745162963867188,0.0017969608306884766
row_extra_quote10_col0.csv,0.001636505126953125,0.0016562938690185547,0.001979351043701172
row_field_delimiter_69_0x20.csv,0.0014472007751464844,0.0014307498931884766,0.0017626285552978516
row_more_sep_row3_col8.csv,0.001847982406616211,0.0013890266418457031,0.0021219253540039062
row_more_sep_row38_col4.csv,0.0018148422241210938,0.001550912857055664,0.001409769058227539
row_extra_quote28_col6.csv,0.0017194747924804688,0.0013492107391357422,0.0015740394592285156
row_extra_quote38_col8.csv,0.0016307830810546875,0.0014879703521728516,0.0014379024505615234
row_less_sep_row8_col6.csv,0.0018146038055419922,0.0013523101806640625,0.0016851425170898438
row_extra_quote32_col7.csv,0.0017001628875732422,0.0014386177062988281,0.0016674995422363281
row_less_sep_row35_col8.csv,0.0017881393432617188,0.0014545917510986328,0.0012373924255371094
row_less_sep_row19_col1.csv,0.0014083385467529297,0.0016937255859375,0.0018312931060791016
row_more_sep_row16_col0.csv,0.0017626285552978516,0.0013318061828613281,0.0014324188232421875
row_field_delimiter_14_0x20.csv,0.001726388931274414,0.0014367103576660156,0.0015964508056640625
row_extra_quote35_col5.csv,0.0015017986297607422,0.0018897056579589844,0.0019230842590332031
row_extra_quote14_col0.csv,0.0016095638275146484,0.0013988018035888672,0.0023725032806396484
row_extra_quote59_col6.csv,0.0018029212951660156,0.0019190311431884766,0.0018279552459716797
row_more_sep_row14_col6.csv,0.0015761852264404297,0.0011441707611083984,0.0013856887817382812
row_extra_quote82_col6.csv,0.0018200874328613281,0.0013885498046875,0.0019550323486328125
row_less_sep_row17_col3.csv,0.001699209213256836,0.0016429424285888672,0.0017969608306884766
row_less_sep_row31_col7.csv,0.0017032623291015625,0.001239776611328125,0.0014910697937011719
row_less_sep_row48_col5.csv,0.0027463436126708984,0.0014641284942626953,0.0021038055419921875
row_more_sep_row34_col7.csv,0.0016160011291503906,0.002211332321166992,0.0018477439880371094
row_extra_quote60_col8.csv,0.0013897418975830078,0.0013453960418701172,0.0018897056579589844
row_less_sep_row29_col5.csv,0.0013949871063232422,0.001787424087524414,0.0018701553344726562
row_extra_quote69_col6.csv,0.001760244369506836,0.0015635490417480469,0.0019829273223876953
row_extra_quote36_col0.csv,0.0016074180603027344,0.0022597312927246094,0.0021419525146484375
row_extra_quote18_col1.csv,0.0015411376953125,0.0013043880462646484,0.001977682113647461
row_less_sep_row1_col3.csv,0.0017507076263427734,0.0013153553009033203,0.001577138900756836
row_less_sep_row56_col1.csv,0.0020456314086914062,0.0018455982208251953,0.0021905899047851562
row_more_sep_row77_col6.csv,0.0017244815826416016,0.001538991928100586,0.001543283462524414
row_more_sep_row5_col7.csv,0.0016818046569824219,0.001338958740234375,0.0015003681182861328
row_extra_quote19_col3.csv,0.0017323493957519531,0.0016644001007080078,0.0014886856079101562
row_more_sep_row4_col0.csv,0.002060413360595703,0.0012562274932861328,0.0017647743225097656
row_more_sep_row68_col6.csv,0.0014758110046386719,0.0014467239379882812,0.00128936767578125
row_more_sep_row25_col3.csv,0.0015859603881835938,0.0016503334045410156,0.001516103744506836
row_more_sep_row73_col1.csv,0.001957416534423828,0.0015723705291748047,0.0018718242645263672
row_less_sep_row33_col1.csv,0.0017981529235839844,0.001390218734741211,0.0021448135375976562
row_less_sep_row43_col6.csv,0.001661539077758789,0.0012521743774414062,0.0015861988067626953
row_more_sep_row3_col6.csv,0.002018451690673828,0.0016400814056396484,0.001598358154296875
row_extra_quote19_col1.csv,0.0015308856964111328,0.001840829849243164,0.001806497573852539
row_less_sep_row26_col7.csv,0.001983642578125,0.0014836788177490234,0.0016930103302001953
row_field_delimiter_57_0x20.csv,0.0018146038055419922,0.0018091201782226562,0.0014653205871582031
row_extra_quote76_col4.csv,0.0015816688537597656,0.0011632442474365234,0.0016551017761230469
row_less_sep_row61_col7.csv,0.0021533966064453125,0.0013666152954101562,0.0015385150909423828
row_more_sep_row20_col8.csv,0.0014505386352539062,0.0014042854309082031,0.0019555091857910156
row_extra_quote33_col3.csv,0.001958608627319336,0.0012476444244384766,0.0012385845184326172
row_more_sep_row44_col7.csv,0.0016813278198242188,0.0014641284942626953,0.0016934871673583984
row_less_sep_row34_col4.csv,0.0018355846405029297,0.001829385757446289,0.0016875267028808594
row_extra_quote68_col4.csv,0.0019428730010986328,0.0011339187622070312,0.0015025138854980469
row_less_sep_row68_col4.csv,0.002040863037109375,0.0012536048889160156,0.0013344287872314453
row_more_sep_row48_col5.csv,0.001485586166381836,0.0013813972473144531,0.002110719680786133
row_extra_quote46_col1.csv,0.0019235610961914062,0.0016324520111083984,0.0019681453704833984
row_more_sep_row48_col1.csv,0.0018031597137451172,0.0017223358154296875,0.0014066696166992188
row_extra_quote69_col2.csv,0.002031087875366211,0.0012433528900146484,0.0014646053314208984
row_less_sep_row65_col7.csv,0.0017650127410888672,0.0016431808471679688,0.0018200874328613281
row_extra_quote35_col7.csv,0.0018968582153320312,0.0013523101806640625,0.0016567707061767578
row_more_sep_row23_col0.csv,0.0017452239990234375,0.0014259815216064453,0.0016040802001953125
row_field_delimiter_8_0x20.csv,0.0017609596252441406,0.0014913082122802734,0.0015647411346435547
row_extra_quote75_col6.csv,0.0018372535705566406,0.001478433609008789,0.0016744136810302734
row_more_sep_row50_col2.csv,0.0017223358154296875,0.001493215560913086,0.002096414566040039
file_field_delimiter_0x3B.csv,0.0010123252868652344,0.0007569789886474609,0.0008919239044189453
row_extra_quote62_col5.csv,0.0012850761413574219,0.001657724380493164,0.0018155574798583984
row_less_sep_row52_col7.csv,0.001794576644897461,0.0011916160583496094,0.0016946792602539062
row_extra_quote80_col3.csv,0.0013422966003417969,0.0014300346374511719,0.0016281604766845703
row_extra_quote41_col6.csv,0.0018839836120605469,0.0013880729675292969,0.0013055801391601562
row_extra_quote35_col3.csv,0.0016112327575683594,0.0016105175018310547,0.0022306442260742188
row_extra_quote51_col3.csv,0.0018885135650634766,0.0016608238220214844,0.0017650127410888672
row_less_sep_row15_col8.csv,0.0018832683563232422,0.0012392997741699219,0.001505136489868164
row_more_sep_row56_col7.csv,0.0017981529235839844,0.0012097358703613281,0.0015506744384765625
row_extra_quote50_col3.csv,0.0017826557159423828,0.0012509822845458984,0.0013747215270996094
row_more_sep_row21_col4.csv,0.0017502307891845703,0.0016036033630371094,0.0015292167663574219
row_more_sep_row3_col3.csv,0.001871347427368164,0.0017135143280029297,0.0016942024230957031
row_more_sep_row73_col0.csv,0.0016376972198486328,0.0013072490692138672,0.0014204978942871094
row_less_sep_row30_col6.csv,0.001958608627319336,0.0017230510711669922,0.0016522407531738281
row_extra_quote46_col2.csv,0.0019388198852539062,0.0017592906951904297,0.0018002986907958984
source.csv,0.0015914440155029297,0.0011594295501708984,0.0016660690307617188
row_extra_quote40_col0.csv,0.0019309520721435547,0.0016796588897705078,0.0015218257904052734
row_more_sep_row32_col6.csv,0.0015418529510498047,0.0012969970703125,0.001631021499633789
row_less_sep_row70_col5.csv,0.002145528793334961,0.0014505386352539062,0.0017535686492919922
row_less_sep_row55_col6.csv,0.0018191337585449219,0.0017423629760742188,0.0017535686492919922
row_less_sep_row53_col4.csv,0.0016849040985107422,0.0013184547424316406,0.0017833709716796875
row_more_sep_row68_col2.csv,0.0017075538635253906,0.001295328140258789,0.0015277862548828125
row_more_sep_row31_col4.csv,0.0019011497497558594,0.0017600059509277344,0.001855611801147461
row_more_sep_row74_col7.csv,0.0017316341400146484,0.0015382766723632812,0.0015330314636230469
row_more_sep_row14_col3.csv,0.001965761184692383,0.0015246868133544922,0.0014472007751464844
row_more_sep_row41_col1.csv,0.002047300338745117,0.0016222000122070312,0.0017328262329101562
row_less_sep_row62_col2.csv,0.0020248889923095703,0.001626729965209961,0.0020248889923095703
row_less_sep_row42_col3.csv,0.0016083717346191406,0.0012197494506835938,0.0016090869903564453
row_field_delimiter_10_0x20.csv,0.0021703243255615234,0.0017769336700439453,0.0016849040985107422
row_less_sep_row73_col2.csv,0.0015399456024169922,0.00128173828125,0.0022165775299072266
row_more_sep_row13_col4.csv,0.0016145706176757812,0.0016369819641113281,0.0018956661224365234
row_extra_quote50_col5.csv,0.0016782283782958984,0.0016620159149169922,0.001680612564086914
row_more_sep_row69_col8.csv,0.0016853809356689453,0.0013365745544433594,0.0016570091247558594
row_field_delimiter_74_0x20.csv,0.0017898082733154297,0.0015413761138916016,0.001458883285522461
row_extra_quote7_col2.csv,0.001512289047241211,0.0016341209411621094,0.0017609596252441406
row_less_sep_row11_col4.csv,0.0016827583312988281,0.0012831687927246094,0.0014374256134033203
row_extra_quote13_col3.csv,0.0019130706787109375,0.001354217529296875,0.0016608238220214844
row_less_sep_row65_col6.csv,0.0018460750579833984,0.0014634132385253906,0.002112865447998047
row_extra_quote69_col7.csv,0.0013728141784667969,0.001638174057006836,0.001764059066772461
row_more_sep_row40_col2.csv,0.0016417503356933594,0.0014386177062988281,0.0013632774353027344
row_extra_quote51_col1.csv,0.0017430782318115234,0.001802206039428711,0.0016388893127441406
row_field_delimiter_32_0x20.csv,0.002060413360595703,0.0016856193542480469,0.0016391277313232422
row_more_sep_row10_col6.csv,0.0013279914855957031,0.001280069351196289,0.0014543533325195312
row_more_sep_row27_col3.csv,0.0017018318176269531,0.001600503921508789,0.0016331672668457031
row_extra_quote6_col3.csv,0.0017642974853515625,0.001501321792602539,0.001840829849243164
row_more_sep_row33_col6.csv,0.0018377304077148438,0.0012204647064208984,0.0017375946044921875
row_extra_quote23_col0.csv,0.0019116401672363281,0.0018892288208007812,0.0016140937805175781
row_less_sep_row24_col3.csv,0.0016312599182128906,0.0014083385467529297,0.0018153190612792969
row_more_sep_row23_col2.csv,0.0017697811126708984,0.001323699951171875,0.0014157295227050781
row_extra_quote14_col2.csv,0.0016338825225830078,0.001425027847290039,0.0014576911926269531
row_more_sep_row70_col4.csv,0.0017652511596679688,0.0014851093292236328,0.0017600059509277344
row_more_sep_row42_col8.csv,0.0018393993377685547,0.0012710094451904297,0.0016393661499023438
row_less_sep_row58_col6.csv,0.0018718242645263672,0.0012531280517578125,0.0015263557434082031
row_more_sep_row73_col2.csv,0.0018858909606933594,0.001653432846069336,0.001596689224243164
row_more_sep_row1_col8.csv,0.002071380615234375,0.0016410350799560547,0.0017213821411132812
row_field_delimiter_16_0x20.csv,0.0016963481903076172,0.0013408660888671875,0.0031163692474365234
row_field_delimiter_51_0x20.csv,0.002554655075073242,0.0017931461334228516,0.002145051956176758
row_extra_quote13_col1.csv,0.0013492107391357422,0.00135040283203125,0.0014142990112304688
row_more_sep_row18_col1.csv,0.0017375946044921875,0.0017046928405761719,0.0017697811126708984
row_extra_quote72_col1.csv,0.0019180774688720703,0.0013751983642578125,0.0014107227325439453
row_extra_quote46_col0.csv,0.0014257431030273438,0.0014750957489013672,0.0018663406372070312
row_extra_quote52_col3.csv,0.0018448829650878906,0.001968860626220703,0.001476287841796875
row_less_sep_row71_col4.csv,0.00202178955078125,0.001356363296508789,0.0017900466918945312
row_more_sep_row78_col3.csv,0.0015900135040283203,0.0013878345489501953,0.0012402534484863281
row_more_sep_row80_col0.csv,0.0018353462219238281,0.0014832019805908203,0.0018608570098876953
row_extra_quote33_col7.csv,0.002003192901611328,0.001739501953125,0.001386880874633789
row_extra_quote73_col3.csv,0.0016887187957763672,0.0012164115905761719,0.0016241073608398438
row_less_sep_row18_col8.csv,0.001802206039428711,0.001710653305053711,0.00128173828125
row_more_sep_row45_col4.csv,0.0016090869903564453,0.0013685226440429688,0.0017957687377929688
row_extra_quote83_col3.csv,0.0016717910766601562,0.0012369155883789062,0.0014500617980957031
row_more_sep_row44_col6.csv,0.0015103816986083984,0.0016145706176757812,0.0013599395751953125
row_field_delimiter_72_0x20.csv,0.0020475387573242188,0.0015420913696289062,0.0019834041595458984
row_more_sep_row42_col4.csv,0.0015916824340820312,0.001996755599975586,0.0024890899658203125
row_less_sep_row30_col2.csv,0.0015206336975097656,0.0015273094177246094,0.0025873184204101562
row_extra_quote35_col0.csv,0.0020127296447753906,0.0017108917236328125,0.0021734237670898438
row_extra_quote82_col1.csv,0.001802682876586914,0.001833200454711914,0.0024356842041015625
row_extra_quote83_col6.csv,0.0018434524536132812,0.0018165111541748047,0.002518892288208008
row_extra_quote83_col2.csv,0.0025177001953125,0.0019085407257080078,0.0020225048065185547
row_less_sep_row55_col7.csv,0.0017096996307373047,0.00202178955078125,0.002434253692626953
row_more_sep_row29_col1.csv,0.001695394515991211,0.0018417835235595703,0.002609729766845703
row_more_sep_row41_col5.csv,0.001983642578125,0.0017864704132080078,0.001989603042602539
row_extra_quote73_col7.csv,0.0014829635620117188,0.0013675689697265625,0.0017406940460205078
row_more_sep_row27_col4.csv,0.001627206802368164,0.0013315677642822266,0.0017619132995605469
row_less_sep_row19_col3.csv,0.0017561912536621094,0.0013818740844726562,0.0016486644744873047
row_extra_quote73_col1.csv,0.0016014575958251953,0.0018966197967529297,0.0015349388122558594
row_more_sep_row5_col0.csv,0.0018033981323242188,0.0014705657958984375,0.0016787052154541016
row_extra_quote31_col6.csv,0.001974344253540039,0.0018014907836914062,0.0019516944885253906
row_less_sep_row63_col7.csv,0.001977205276489258,0.0015630722045898438,0.0018243789672851562
row_less_sep_row24_col1.csv,0.0015609264373779297,0.0013036727905273438,0.0015952587127685547
row_extra_quote36_col6.csv,0.0017399787902832031,0.0017092227935791016,0.002665281295776367
row_more_sep_row54_col2.csv,0.001779317855834961,0.0030066967010498047,0.0028235912322998047
row_more_sep_row13_col6.csv,0.0018813610076904297,0.0018417835235595703,0.0018610954284667969
row_less_sep_row55_col5.csv,0.0018777847290039062,0.0019304752349853516,0.0018279552459716797
row_less_sep_row18_col2.csv,0.002552032470703125,0.0028755664825439453,0.0019702911376953125
row_less_sep_row5_col5.csv,0.002146482467651367,0.0018324851989746094,0.0019066333770751953
row_more_sep_row10_col5.csv,0.0019211769104003906,0.0013072490692138672,0.0016274452209472656
row_more_sep_row3_col4.csv,0.0018138885498046875,0.0016169548034667969,0.0018973350524902344
row_more_sep_row81_col6.csv,0.0014379024505615234,0.0014896392822265625,0.002131223678588867
row_extra_quote23_col2.csv,0.0013816356658935547,0.0016505718231201172,0.0017271041870117188
row_extra_quote8_col4.csv,0.0016739368438720703,0.00148773193359375,0.0013895034790039062
row_more_sep_row22_col6.csv,0.0022499561309814453,0.0013341903686523438,0.0016751289367675781
row_more_sep_row39_col5.csv,0.0018711090087890625,0.0016889572143554688,0.0016040802001953125
row_extra_quote12_col3.csv,0.002196788787841797,0.001461029052734375,0.0017557144165039062
row_extra_quote38_col5.csv,0.0017955303192138672,0.0012547969818115234,0.0015943050384521484
row_more_sep_row6_col7.csv,0.0019376277923583984,0.0017676353454589844,0.0015206336975097656
row_more_sep_row37_col0.csv,0.0016231536865234375,0.0013031959533691406,0.0021605491638183594
row_extra_quote82_col3.csv,0.0014827251434326172,0.001352071762084961,0.0015263557434082031
row_extra_quote41_col2.csv,0.0016927719116210938,0.0016705989837646484,0.0018017292022705078
row_extra_quote10_col1.csv,0.0020482540130615234,0.0013761520385742188,0.001657724380493164
row_extra_quote36_col5.csv,0.0018973350524902344,0.0012536048889160156,0.001592397689819336
row_less_sep_row53_col1.csv,0.001821756362915039,0.0015926361083984375,0.0014004707336425781
row_extra_quote18_col4.csv,0.0017762184143066406,0.0015909671783447266,0.001791238784790039
row_extra_quote44_col4.csv,0.0017611980438232422,0.0012264251708984375,0.001707315444946289
row_more_sep_row67_col3.csv,0.001966238021850586,0.001529693603515625,0.0015857219696044922
row_less_sep_row22_col4.csv,0.001611471176147461,0.0014424324035644531,0.0018699169158935547
row_more_sep_row27_col5.csv,0.0019025802612304688,0.0015246868133544922,0.0017731189727783203
row_extra_quote76_col8.csv,0.0021796226501464844,0.0017669200897216797,0.0015842914581298828
row_less_sep_row22_col3.csv,0.002028226852416992,0.001653432846069336,0.0014841556549072266
row_extra_quote27_col5.csv,0.0016739368438720703,0.0012853145599365234,0.0017352104187011719
row_extra_quote61_col7.csv,0.0018079280853271484,0.0015709400177001953,0.002382516860961914
row_more_sep_row44_col8.csv,0.0025234222412109375,0.001798391342163086,0.002434968948364258
row_more_sep_row19_col3.csv,0.001375436782836914,0.001953601837158203,0.0026907920837402344
row_field_delimiter_62_0x20.csv,0.0018415451049804688,0.0017242431640625,0.0018787384033203125
row_extra_quote28_col1.csv,0.0015933513641357422,0.0011763572692871094,0.0014576911926269531
row_less_sep_row74_col7.csv,0.001931905746459961,0.001756906509399414,0.002165079116821289
row_extra_quote37_col6.csv,0.002161264419555664,0.0016994476318359375,0.0019497871398925781
row_extra_quote68_col3.csv,0.0014157295227050781,0.0014960765838623047,0.0013837814331054688
row_more_sep_row7_col2.csv,0.0018837451934814453,0.001554250717163086,0.0027246475219726562
row_less_sep_row14_col5.csv,0.0018153190612792969,0.0019648075103759766,0.0017809867858886719
row_more_sep_row32_col4.csv,0.0014553070068359375,0.0012621879577636719,0.0016591548919677734
row_more_sep_row76_col8.csv,0.0017881393432617188,0.00141143798828125,0.0012624263763427734
row_field_delimiter_34_0x20.csv,0.0014171600341796875,0.0018384456634521484,0.00168609619140625
row_less_sep_row38_col1.csv,0.0017507076263427734,0.0014605522155761719,0.0013883113861083984
row_more_sep_row28_col5.csv,0.0019271373748779297,0.0013175010681152344,0.0018718242645263672
row_extra_quote20_col7.csv,0.0015337467193603516,0.0017516613006591797,0.001966238021850586
row_less_sep_row9_col6.csv,0.0013780593872070312,0.0014417171478271484,0.0014009475708007812
row_extra_quote23_col3.csv,0.0016584396362304688,0.0012664794921875,0.0017130374908447266
row_less_sep_row45_col1.csv,0.00203704833984375,0.001401662826538086,0.0012650489807128906
row_more_sep_row82_col7.csv,0.001505136489868164,0.001708984375,0.0016541481018066406
row_more_sep_row36_col7.csv,0.00196075439453125,0.0021772384643554688,0.002411365509033203
row_extra_quote19_col2.csv,0.0016999244689941406,0.0015532970428466797,0.0020651817321777344
row_extra_quote32_col4.csv,0.0014853477478027344,0.0016014575958251953,0.0017142295837402344
row_less_sep_row49_col5.csv,0.0015943050384521484,0.0014858245849609375,0.001453399658203125
row_extra_quote76_col7.csv,0.0017251968383789062,0.0018589496612548828,0.0018985271453857422
row_more_sep_row62_col2.csv,0.0016548633575439453,0.001417398452758789,0.0014472007751464844
row_less_sep_row80_col5.csv,0.0016756057739257812,0.0013527870178222656,0.0018320083618164062
row_extra_quote25_col2.csv,0.0019202232360839844,0.0012331008911132812,0.0015840530395507812
row_extra_quote55_col2.csv,0.001920938491821289,0.0015285015106201172,0.00128936767578125
row_more_sep_row29_col0.csv,0.0021181106567382812,0.0011746883392333984,0.0018243789672851562
row_more_sep_row81_col8.csv,0.0018475055694580078,0.0013532638549804688,0.0014417171478271484
row_extra_quote2_col1.csv,0.0018851757049560547,0.0014204978942871094,0.0015151500701904297
row_more_sep_row35_col6.csv,0.0017940998077392578,0.0017197132110595703,0.0017707347869873047
row_field_delimiter_80_0x20.csv,0.0017175674438476562,0.0014247894287109375,0.002098560333251953
row_extra_quote51_col2.csv,0.0014312267303466797,0.0014660358428955078,0.0017459392547607422
row_less_sep_row20_col1.csv,0.0018939971923828125,0.0016238689422607422,0.0015437602996826172
row_more_sep_row36_col2.csv,0.0015480518341064453,0.0017020702362060547,0.0016369819641113281
row_extra_quote67_col7.csv,0.0022194385528564453,0.0017199516296386719,0.002397775650024414
row_less_sep_row25_col4.csv,0.0015931129455566406,0.0019307136535644531,0.0020475387573242188
row_more_sep_row20_col6.csv,0.0015554428100585938,0.001573801040649414,0.0019466876983642578
row_extra_quote27_col7.csv,0.0017108917236328125,0.0016455650329589844,0.002196073532104492
row_extra_quote8_col7.csv,0.0015687942504882812,0.0017347335815429688,0.0020575523376464844
row_more_sep_row17_col2.csv,0.002070188522338867,0.002132415771484375,0.001960277557373047
row_extra_quote22_col5.csv,0.0015869140625,0.0014841556549072266,0.0016565322875976562
row_more_sep_row33_col1.csv,0.0018048286437988281,0.00171661376953125,0.0018310546875
row_extra_quote74_col4.csv,0.0017349720001220703,0.001508951187133789,0.0017828941345214844
row_extra_quote77_col6.csv,0.0019228458404541016,0.0015583038330078125,0.0016796588897705078
row_more_sep_row12_col1.csv,0.0017447471618652344,0.0014748573303222656,0.0021109580993652344
row_less_sep_row31_col2.csv,0.0017724037170410156,0.002332925796508789,0.0020470619201660156
row_less_sep_row19_col7.csv,0.0019714832305908203,0.0016338825225830078,0.0022034645080566406
row_extra_quote10_col5.csv,0.0013849735260009766,0.0013365745544433594,0.0015790462493896484
row_less_sep_row75_col3.csv,0.0018317699432373047,0.0013666152954101562,0.0016636848449707031
row_extra_quote54_col7.csv,0.0023195743560791016,0.0013480186462402344,0.0019941329956054688
row_more_sep_row58_col6.csv,0.002001047134399414,0.0016222000122070312,0.0014789104461669922
row_less_sep_row5_col7.csv,0.0015194416046142578,0.0014286041259765625,0.0018622875213623047
row_less_sep_row3_col1.csv,0.0026035308837890625,0.0018754005432128906,0.0018894672393798828
row_less_sep_row7_col4.csv,0.0020515918731689453,0.0017230510711669922,0.0018460750579833984
row_field_delimiter_79_0x20.csv,0.002129793167114258,0.0022056102752685547,0.0014834403991699219
row_field_delimiter_63_0x20.csv,0.0017704963684082031,0.0015988349914550781,0.0013298988342285156
row_less_sep_row75_col4.csv,0.001753091812133789,0.0013141632080078125,0.0017113685607910156
row_more_sep_row33_col5.csv,0.0019505023956298828,0.0014388561248779297,0.001607656478881836
row_less_sep_row82_col6.csv,0.001941680908203125,0.0016689300537109375,0.0015244483947753906
row_extra_quote21_col4.csv,0.0015804767608642578,0.0013403892517089844,0.001590728759765625
row_less_sep_row57_col1.csv,0.0019521713256835938,0.0017528533935546875,0.0016808509826660156
row_less_sep_row64_col2.csv,0.0019652843475341797,0.001692056655883789,0.0017037391662597656
row_less_sep_row51_col7.csv,0.0015871524810791016,0.001302480697631836,0.001646280288696289
row_extra_quote24_col4.csv,0.001916646957397461,0.0019304752349853516,0.001707315444946289
row_extra_quote46_col4.csv,0.001743316650390625,0.0013492107391357422,0.001668691635131836
row_more_sep_row0_col5.csv,0.0016040802001953125,0.00140380859375,0.0015113353729248047
row_less_sep_row28_col4.csv,0.001968860626220703,0.0019412040710449219,0.0017724037170410156
row_less_sep_row10_col5.csv,0.0017535686492919922,0.0014576911926269531,0.0015823841094970703
row_more_sep_row52_col5.csv,0.0018377304077148438,0.0012700557708740234,0.0016982555389404297
row_extra_quote81_col4.csv,0.0019185543060302734,0.0016102790832519531,0.0013670921325683594
row_extra_quote73_col8.csv,0.00182342529296875,0.0014448165893554688,0.0015952587127685547
row_extra_quote73_col0.csv,0.0016837120056152344,0.001291036605834961,0.0016422271728515625
row_more_sep_row56_col4.csv,0.0017619132995605469,0.0018384456634521484,0.0019099712371826172
row_extra_quote39_col6.csv,0.0016820430755615234,0.0014545917510986328,0.001720428466796875
row_extra_quote3_col8.csv,0.0017905235290527344,0.0012769699096679688,0.0017023086547851562
row_more_sep_row57_col1.csv,0.0019919872283935547,0.001583099365234375,0.0014662742614746094
row_more_sep_row45_col5.csv,0.0017135143280029297,0.0014591217041015625,0.0018115043640136719
row_extra_quote75_col0.csv,0.0021262168884277344,0.0017342567443847656,0.0018086433410644531
row_extra_quote11_col5.csv,0.0018532276153564453,0.0018205642700195312,0.0015730857849121094
row_more_sep_row19_col5.csv,0.0018007755279541016,0.0016505718231201172,0.0015881061553955078
row_more_sep_row11_col4.csv,0.0019648075103759766,0.0012972354888916016,0.0015573501586914062
row_more_sep_row30_col1.csv,0.0018107891082763672,0.0014200210571289062,0.002197265625
row_extra_quote43_col5.csv,0.0017478466033935547,0.0019600391387939453,0.002147674560546875
row_less_sep_row71_col1.csv,0.0015273094177246094,0.0014259815216064453,0.001810312271118164
row_less_sep_row81_col1.csv,0.0015497207641601562,0.0014035701751708984,0.0017011165618896484
row_less_sep_row63_col3.csv,0.0019545555114746094,0.0015871524810791016,0.001863718032836914
row_more_sep_row7_col4.csv,0.0014278888702392578,0.00125885009765625,0.001367330551147461
row_extra_quote20_col0.csv,0.002076387405395508,0.001897573471069336,0.0021657943725585938
row_extra_quote6_col0.csv,0.0019183158874511719,0.0016684532165527344,0.0013806819915771484
row_extra_quote83_col0.csv,0.0018129348754882812,0.0014166831970214844,0.0018093585968017578
row_less_sep_row38_col5.csv,0.0019600391387939453,0.0017862319946289062,0.0017957687377929688
row_extra_quote21_col7.csv,0.0017099380493164062,0.0018095970153808594,0.002336263656616211
row_more_sep_row75_col8.csv,0.001367807388305664,0.0014636516571044922,0.0019125938415527344
row_extra_quote5_col8.csv,0.0018591880798339844,0.0015971660614013672,0.0014896392822265625
row_less_sep_row72_col1.csv,0.0022733211517333984,0.001302480697631836,0.001538991928100586
row_less_sep_row4_col6.csv,0.0021028518676757812,0.001847982406616211,0.002341032028198242
row_more_sep_row20_col5.csv,0.0017583370208740234,0.001783132553100586,0.0024492740631103516
row_extra_quote47_col6.csv,0.0013287067413330078,0.001398324966430664,0.0019023418426513672
row_less_sep_row30_col7.csv,0.002040386199951172,0.0013689994812011719,0.0014984607696533203
row_less_sep_row79_col8.csv,0.002165079116821289,0.0013294219970703125,0.0018529891967773438
row_more_sep_row50_col6.csv,0.0018317699432373047,0.002051115036010742,0.0031402111053466797
row_more_sep_row30_col4.csv,0.0020074844360351562,0.0018601417541503906,0.003017902374267578
row_extra_quote17_col7.csv,0.0017559528350830078,0.0018672943115234375,0.0016078948974609375
row_less_sep_row57_col5.csv,0.0020475387573242188,0.0018584728240966797,0.0024318695068359375
row_more_sep_row48_col8.csv,0.0014345645904541016,0.0014951229095458984,0.0014271736145019531
row_field_delimiter_83_0x20.csv,0.0017516613006591797,0.0014986991882324219,0.0017614364624023438
row_extra_quote40_col5.csv,0.0015532970428466797,0.001383066177368164,0.0019252300262451172
row_less_sep_row16_col1.csv,0.0019254684448242188,0.0018429756164550781,0.0020568370819091797
row_more_sep_row42_col6.csv,0.0015058517456054688,0.0016140937805175781,0.001993894577026367
row_extra_quote49_col5.csv,0.0014681816101074219,0.0016062259674072266,0.0018308162689208984
row_extra_quote13_col7.csv,0.002110004425048828,0.0015642642974853516,0.0016255378723144531
row_less_sep_row28_col6.csv,0.0016345977783203125,0.0014777183532714844,0.0017566680908203125
row_less_sep_row20_col5.csv,0.0019888877868652344,0.0019268989562988281,0.0019490718841552734
row_extra_quote64_col0.csv,0.0018455982208251953,0.0015845298767089844,0.0015952587127685547
row_less_sep_row27_col4.csv,0.0013136863708496094,0.0015611648559570312,0.001725912094116211
row_more_sep_row1_col1.csv,0.0021505355834960938,0.0013802051544189453,0.0018110275268554688
row_less_sep_row2_col6.csv,0.002105236053466797,0.0017702579498291016,0.0017986297607421875
row_more_sep_row52_col8.csv,0.0018842220306396484,0.0017178058624267578,0.0015292167663574219
row_more_sep_row11_col1.csv,0.001485586166381836,0.0011904239654541016,0.0015933513641357422
row_more_sep_row1_col0.csv,0.0018682479858398438,0.001779794692993164,0.0017769336700439453
row_more_sep_row26_col7.csv,0.0019965171813964844,0.0016820430755615234,0.001722097396850586
row_more_sep_row73_col8.csv,0.0014119148254394531,0.0012080669403076172,0.0016443729400634766
row_extra_quote50_col7.csv,0.0015704631805419922,0.0018668174743652344,0.0021648406982421875
row_more_sep_row46_col7.csv,0.0021216869354248047,0.0018472671508789062,0.002283811569213867
row_less_sep_row39_col4.csv,0.0014231204986572266,0.001638650894165039,0.002040386199951172
row_more_sep_row30_col0.csv,0.0018305778503417969,0.0016553401947021484,0.0016434192657470703
row_extra_quote30_col1.csv,0.0016238689422607422,0.0020236968994140625,0.0015561580657958984
row_more_sep_row49_col2.csv,0.0022704601287841797,0.001894235610961914,0.0017993450164794922
row_extra_quote35_col1.csv,0.0015935897827148438,0.0016186237335205078,0.001459360122680664
row_extra_quote17_col3.csv,0.001796722412109375,0.0012965202331542969,0.0015959739685058594
row_extra_quote49_col8.csv,0.0017273426055908203,0.0014412403106689453,0.0016598701477050781
row_less_sep_row58_col1.csv,0.0014538764953613281,0.0019156932830810547,0.0018990039825439453
row_more_sep_row4_col7.csv,0.0016009807586669922,0.001222848892211914,0.001781463623046875
row_extra_quote1_col0.csv,0.0019404888153076172,0.0017483234405517578,0.0019176006317138672
row_less_sep_row21_col5.csv,0.0018231868743896484,0.0016486644744873047,0.0016281604766845703
row_more_sep_row15_col4.csv,0.0015301704406738281,0.0012013912200927734,0.001676797866821289
row_extra_quote50_col8.csv,0.0020148754119873047,0.00160980224609375,0.0014514923095703125
row_more_sep_row13_col7.csv,0.0019516944885253906,0.0016582012176513672,0.0015306472778320312
row_extra_quote22_col4.csv,0.001836538314819336,0.001194000244140625,0.0016722679138183594
row_field_delimiter_75_0x20.csv,0.002116680145263672,0.0017046928405761719,0.0017409324645996094
row_more_sep_row59_col7.csv,0.001737356185913086,0.0012669563293457031,0.001760244369506836
row_more_sep_row47_col8.csv,0.0018849372863769531,0.001260995864868164,0.0016617774963378906
row_more_sep_row54_col7.csv,0.0019114017486572266,0.0014123916625976562,0.0014977455139160156
row_extra_quote29_col4.csv,0.0017375946044921875,0.0014183521270751953,0.001985311508178711
row_more_sep_row24_col2.csv,0.0017852783203125,0.001299142837524414,0.0015704631805419922
row_more_sep_row78_col0.csv,0.0017008781433105469,0.0015110969543457031,0.0017049312591552734
row_less_sep_row39_col1.csv,0.0015499591827392578,0.0013537406921386719,0.0017142295837402344
row_less_sep_row70_col6.csv,0.002050161361694336,0.0016891956329345703,0.0018985271453857422
row_more_sep_row3_col0.csv,0.0014104843139648438,0.001997232437133789,0.0019674301147460938
row_extra_quote57_col0.csv,0.0015914440155029297,0.0016360282897949219,0.0016970634460449219
row_extra_quote6_col5.csv,0.001874685287475586,0.0014455318450927734,0.0016019344329833984
row_less_sep_row46_col2.csv,0.0015120506286621094,0.0014202594757080078,0.001703500747680664
row_extra_quote58_col7.csv,0.001865386962890625,0.0012569427490234375,0.0014231204986572266
row_less_sep_row37_col5.csv,0.0016624927520751953,0.0013697147369384766,0.0020647048950195312
row_more_sep_row43_col2.csv,0.0017201900482177734,0.0016293525695800781,0.0016269683837890625
row_less_sep_row33_col8.csv,0.0015940666198730469,0.0014586448669433594,0.0017900466918945312
row_more_sep_row57_col4.csv,0.001569509506225586,0.001495361328125,0.0014805793762207031
row_extra_quote47_col8.csv,0.0023581981658935547,0.0014595985412597656,0.001689910888671875
row_less_sep_row27_col8.csv,0.0017199516296386719,0.001285552978515625,0.0016567707061767578
row_more_sep_row61_col0.csv,0.0018453598022460938,0.0017333030700683594,0.0017108917236328125
row_less_sep_row28_col2.csv,0.001856088638305664,0.0015285015106201172,0.0015065670013427734
row_more_sep_row28_col4.csv,0.0017817020416259766,0.001293182373046875,0.0016911029815673828
row_more_sep_row64_col2.csv,0.0017228126525878906,0.001461029052734375,0.0016241073608398438
row_extra_quote0_col1.csv,0.0029942989349365234,0.003274202346801758,0.003108501434326172
row_extra_quote15_col3.csv,0.001569986343383789,0.001466989517211914,0.0016198158264160156
row_extra_quote15_col6.csv,0.0021550655364990234,0.0012638568878173828,0.0017766952514648438
row_extra_quote21_col6.csv,0.0016434192657470703,0.0015594959259033203,0.0016818046569824219
row_extra_quote21_col2.csv,0.001674652099609375,0.001329183578491211,0.00183868408203125
row_more_sep_row46_col2.csv,0.0017461776733398438,0.0015630722045898438,0.0016741752624511719
row_extra_quote18_col0.csv,0.0020651817321777344,0.0017156600952148438,0.0020415782928466797
row_field_delimiter_53_0x20.csv,0.0020020008087158203,0.0018019676208496094,0.001993894577026367
row_extra_quote27_col8.csv,0.0014939308166503906,0.0012693405151367188,0.0014271736145019531
row_extra_quote76_col3.csv,0.0018193721771240234,0.001283407211303711,0.0015635490417480469
row_less_sep_row3_col2.csv,0.002221345901489258,0.0014526844024658203,0.0018923282623291016
row_more_sep_row52_col3.csv,0.0018274784088134766,0.0017819404602050781,0.0015330314636230469
row_extra_quote22_col8.csv,0.0018086433410644531,0.001420736312866211,0.0016431808471679688
row_more_sep_row17_col1.csv,0.0019676685333251953,0.0012199878692626953,0.0017056465148925781
row_extra_quote65_col7.csv,0.0019083023071289062,0.0015909671783447266,0.0017516613006591797
row_more_sep_row17_col0.csv,0.0015125274658203125,0.0013668537139892578,0.0020253658294677734
row_less_sep_row49_col6.csv,0.0017552375793457031,0.0016384124755859375,0.0019345283508300781
row_extra_quote49_col3.csv,0.0016942024230957031,0.0018606185913085938,0.002344846725463867
row_more_sep_row55_col7.csv,0.0015726089477539062,0.0018379688262939453,0.001874685287475586
row_less_sep_row17_col1.csv,0.0020751953125,0.0018086433410644531,0.001661062240600586
row_less_sep_row17_col6.csv,0.0017516613006591797,0.0013854503631591797,0.0017442703247070312
row_more_sep_row20_col2.csv,0.001699686050415039,0.001678466796875,0.0020055770874023438
row_extra_quote4_col4.csv,0.0016570091247558594,0.0012102127075195312,0.0015704631805419922
row_extra_quote79_col7.csv,0.0018990039825439453,0.0016131401062011719,0.00180816650390625
row_less_sep_row1_col2.csv,0.0019745826721191406,0.0017058849334716797,0.0018742084503173828
row_extra_quote35_col6.csv,0.001581430435180664,0.0012221336364746094,0.0014324188232421875
row_more_sep_row66_col7.csv,0.0017511844635009766,0.0017528533935546875,0.0018782615661621094
row_less_sep_row55_col1.csv,0.002079486846923828,0.0018351078033447266,0.002035379409790039
row_extra_quote21_col3.csv,0.0014657974243164062,0.0012555122375488281,0.0015676021575927734
row_less_sep_row82_col4.csv,0.0018177032470703125,0.0015132427215576172,0.001661539077758789
row_extra_quote67_col5.csv,0.0018150806427001953,0.001287698745727539,0.0015444755554199219
row_more_sep_row6_col6.csv,0.0015437602996826172,0.0017087459564208984,0.002127408981323242
row_extra_quote48_col2.csv,0.0018889904022216797,0.001947164535522461,0.0020873546600341797
row_extra_quote20_col2.csv,0.0019915103912353516,0.0016856193542480469,0.0016837120056152344
row_less_sep_row19_col2.csv,0.001795053482055664,0.0014798641204833984,0.0017473697662353516
row_extra_quote49_col0.csv,0.0016558170318603516,0.0012829303741455078,0.0018312931060791016
row_less_sep_row76_col8.csv,0.001875162124633789,0.001466989517211914,0.0017457008361816406
row_less_sep_row23_col3.csv,0.0016133785247802734,0.0017004013061523438,0.0013861656188964844
row_more_sep_row71_col0.csv,0.0017023086547851562,0.0012998580932617188,0.0019614696502685547
row_more_sep_row67_col5.csv,0.0020940303802490234,0.001968860626220703,0.0020918846130371094
row_less_sep_row59_col2.csv,0.0027222633361816406,0.0024793148040771484,0.002383708953857422
row_more_sep_row79_col0.csv,0.002097606658935547,0.002405405044555664,0.0026099681854248047
row_extra_quote77_col4.csv,0.0018069744110107422,0.0013463497161865234,0.0020241737365722656
row_extra_quote29_col5.csv,0.0019578933715820312,0.0012423992156982422,0.0016677379608154297
row_more_sep_row10_col3.csv,0.0019295215606689453,0.0019898414611816406,0.0018162727355957031
row_extra_quote44_col0.csv,0.0018644332885742188,0.0017235279083251953,0.0016324520111083984
row_more_sep_row19_col1.csv,0.0014102458953857422,0.0013158321380615234,0.0017066001892089844
row_more_sep_row66_col2.csv,0.001888275146484375,0.0014462471008300781,0.0018537044525146484
row_less_sep_row14_col4.csv,0.0015933513641357422,0.0018572807312011719,0.0022420883178710938
row_extra_quote55_col3.csv,0.0013663768768310547,0.00165557861328125,0.0018246173858642578
row_less_sep_row27_col6.csv,0.0018274784088134766,0.0014698505401611328,0.0014493465423583984
row_extra_quote9_col4.csv,0.0020570755004882812,0.0013277530670166016,0.0018057823181152344
row_extra_quote13_col6.csv,0.0018584728240966797,0.002181529998779297,0.0019009113311767578
row_extra_quote38_col4.csv,0.0016543865203857422,0.0013453960418701172,0.001711130142211914
row_more_sep_row69_col1.csv,0.0018215179443359375,0.0012023448944091797,0.0016484260559082031
row_more_sep_row79_col2.csv,0.0019974708557128906,0.0017523765563964844,0.001500844955444336
row_extra_quote15_col0.csv,0.001421213150024414,0.001443624496459961,0.0017752647399902344
row_less_sep_row24_col6.csv,0.0018510818481445312,0.0016906261444091797,0.0019931793212890625
row_more_sep_row50_col8.csv,0.0015032291412353516,0.0015416145324707031,0.0015323162078857422
row_more_sep_row25_col2.csv,0.001750946044921875,0.0014233589172363281,0.0014622211456298828
row_extra_quote72_col2.csv,0.0016872882843017578,0.0017719268798828125,0.0018548965454101562
row_more_sep_row15_col8.csv,0.0017116069793701172,0.0014083385467529297,0.0014536380767822266
row_less_sep_row5_col6.csv,0.0029227733612060547,0.0013687610626220703,0.0017514228820800781
row_less_sep_row9_col8.csv,0.0018000602722167969,0.0014281272888183594,0.0016922950744628906
file_header_multirow_3.csv,0.00164794921875,0.0013382434844970703,0.0017571449279785156
row_less_sep_row73_col4.csv,0.0019474029541015625,0.0014460086822509766,0.0016088485717773438
row_less_sep_row49_col4.csv,0.0019276142120361328,0.00177001953125,0.0018591880798339844
row_more_sep_row83_col6.csv,0.0019140243530273438,0.0013575553894042969,0.003073453903198242
row_extra_quote47_col0.csv,0.0017004013061523438,0.001592397689819336,0.002262592315673828
row_more_sep_row53_col7.csv,0.002415895462036133,0.0017113685607910156,0.0017037391662597656
row_more_sep_row15_col3.csv,0.0017371177673339844,0.002056598663330078,0.0019276142120361328
row_extra_quote34_col2.csv,0.0018558502197265625,0.0013468265533447266,0.0016257762908935547
row_less_sep_row50_col1.csv,0.0020325183868408203,0.0016427040100097656,0.002591848373413086
row_extra_quote35_col2.csv,0.0016949176788330078,0.0016582012176513672,0.0019381046295166016
row_less_sep_row26_col8.csv,0.0013821125030517578,0.0014505386352539062,0.0020368099212646484
row_less_sep_row29_col3.csv,0.002215862274169922,0.0013060569763183594,0.0016202926635742188
row_extra_quote11_col1.csv,0.0016777515411376953,0.001603841781616211,0.0015869140625
row_more_sep_row18_col7.csv,0.001870870590209961,0.001405477523803711,0.0018124580383300781
file_quotation_char_0x27.csv,0.0018002986907958984,0.0013527870178222656,0.0016622543334960938
file_double_trailing_newline.csv,0.0019686222076416016,0.0015892982482910156,0.002219676971435547
row_less_sep_row4_col5.csv,0.002482175827026367,0.0013773441314697266,0.0019807815551757812
row_extra_quote40_col8.csv,0.0018486976623535156,0.001211404800415039,0.0014240741729736328
row_extra_quote38_col6.csv,0.0017812252044677734,0.0016658306121826172,0.0018591880798339844
row_less_sep_row25_col1.csv,0.0017511844635009766,0.0016939640045166016,0.0018055438995361328
row_less_sep_row63_col8.csv,0.0013914108276367188,0.0016942024230957031,0.0017898082733154297
row_more_sep_row76_col7.csv,0.0028388500213623047,0.002197265625,0.002691030502319336
row_extra_quote7_col1.csv,0.001383066177368164,0.0014719963073730469,0.0016977787017822266
row_extra_quote82_col0.csv,0.0020906925201416016,0.0014262199401855469,0.0017459392547607422
row_more_sep_row72_col4.csv,0.0020644664764404297,0.0017931461334228516,0.0018374919891357422
row_more_sep_row74_col6.csv,0.002899646759033203,0.002687692642211914,0.0019474029541015625
row_more_sep_row75_col0.csv,0.0018048286437988281,0.0017611980438232422,0.0018858909606933594
row_extra_quote22_col1.csv,0.0015850067138671875,0.0012862682342529297,0.0017163753509521484
row_extra_quote44_col2.csv,0.0018582344055175781,0.0019354820251464844,0.0021698474884033203
row_extra_quote0_col7.csv,0.001554727554321289,0.0013000965118408203,0.0017173290252685547
row_less_sep_row55_col8.csv,0.002118825912475586,0.0020580291748046875,0.0019233226776123047
row_extra_quote52_col0.csv,0.0015287399291992188,0.0014421939849853516,0.0015914440155029297
row_extra_quote44_col3.csv,0.001796722412109375,0.0016181468963623047,0.0022788047790527344
row_more_sep_row7_col0.csv,0.0016341209411621094,0.0012881755828857422,0.0017399787902832031
row_extra_quote74_col6.csv,0.0016891956329345703,0.0017948150634765625,0.0019185543060302734
row_field_delimiter_7_0x20.csv,0.0020172595977783203,0.001810312271118164,0.00189208984375
row_extra_quote61_col4.csv,0.001422882080078125,0.0013670921325683594,0.0015759468078613281
row_less_sep_row77_col5.csv,0.0016350746154785156,0.0013966560363769531,0.0015583038330078125
row_more_sep_row22_col1.csv,0.0021123886108398438,0.0014126300811767578,0.002159595489501953
row_more_sep_row47_col4.csv,0.001969575881958008,0.0020186901092529297,0.0017344951629638672
row_more_sep_row64_col7.csv,0.001787424087524414,0.001405477523803711,0.0017077922821044922
row_more_sep_row20_col7.csv,0.0015208721160888672,0.0013499259948730469,0.001554250717163086
row_less_sep_row60_col3.csv,0.0018620491027832031,0.00189971923828125,0.0014922618865966797
row_more_sep_row47_col0.csv,0.001955747604370117,0.0014128684997558594,0.0016486644744873047
row_more_sep_row56_col5.csv,0.0016760826110839844,0.0012996196746826172,0.0015196800231933594
row_more_sep_row58_col1.csv,0.0018703937530517578,0.0018651485443115234,0.0015370845794677734
row_more_sep_row43_col7.csv,0.001834869384765625,0.0014293193817138672,0.001476287841796875
row_more_sep_row78_col8.csv,0.0016543865203857422,0.001354217529296875,0.0017087459564208984
row_less_sep_row50_col6.csv,0.001905679702758789,0.0016922950744628906,0.0014922618865966797
row_more_sep_row17_col7.csv,0.0020766258239746094,0.001538991928100586,0.0017254352569580078
row_extra_quote5_col7.csv,0.0019478797912597656,0.0012278556823730469,0.0017628669738769531
row_more_sep_row18_col5.csv,0.0016984939575195312,0.001506805419921875,0.0015063285827636719
row_extra_quote1_col5.csv,0.0019664764404296875,0.001413106918334961,0.0015463829040527344
row_more_sep_row81_col0.csv,0.0019342899322509766,0.0012977123260498047,0.0016965866088867188
row_field_delimiter_19_0x20.csv,0.001920938491821289,0.0016160011291503906,0.0017285346984863281
row_field_delimiter_35_0x20.csv,0.0020017623901367188,0.0016560554504394531,0.0020825862884521484
row_more_sep_row35_col5.csv,0.0013709068298339844,0.0016260147094726562,0.0019330978393554688
row_more_sep_row76_col2.csv,0.0020787715911865234,0.0018372535705566406,0.0018050670623779297
row_less_sep_row8_col5.csv,0.0015811920166015625,0.0013377666473388672,0.0015041828155517578
row_less_sep_row34_col8.csv,0.001825571060180664,0.0013968944549560547,0.0018908977508544922
row_field_delimiter_42_0x20.csv,0.0016608238220214844,0.001651763916015625,0.002400636672973633
row_less_sep_row51_col6.csv,0.0014994144439697266,0.0016493797302246094,0.0021085739135742188
row_field_delimiter_50_0x20.csv,0.0019299983978271484,0.0017502307891845703,0.002283811569213867
row_more_sep_row24_col8.csv,0.0016524791717529297,0.001653432846069336,0.0015523433685302734
row_extra_quote34_col0.csv,0.002846956253051758,0.0021088123321533203,0.002674102783203125
row_extra_quote55_col6.csv,0.0014810562133789062,0.0022721290588378906,0.0016911029815673828
row_less_sep_row26_col3.csv,0.00218963623046875,0.0013985633850097656,0.0019216537475585938
row_less_sep_row40_col1.csv,0.0013933181762695312,0.0012946128845214844,0.0016331672668457031
row_extra_quote8_col1.csv,0.0018296241760253906,0.0016560554504394531,0.0019137859344482422
row_more_sep_row48_col7.csv,0.001749277114868164,0.001226186752319336,0.002165079116821289
row_more_sep_row60_col6.csv,0.002173185348510742,0.002035856246948242,0.001878499984741211
row_less_sep_row0_col7.csv,0.002228260040283203,0.001697540283203125,0.0022673606872558594
row_more_sep_row1_col2.csv,0.0015094280242919922,0.0015320777893066406,0.0023186206817626953
row_less_sep_row78_col7.csv,0.0023040771484375,0.0016834735870361328,0.0018553733825683594
row_more_sep_row15_col5.csv,0.0014019012451171875,0.0011489391326904297,0.0016918182373046875
row_more_sep_row47_col1.csv,0.001981496810913086,0.0015311241149902344,0.0017218589782714844
row_extra_quote76_col1.csv,0.0016582012176513672,0.001459360122680664,0.0014462471008300781
row_less_sep_row75_col5.csv,0.0018312931060791016,0.0017864704132080078,0.0016999244689941406
row_less_sep_row40_col7.csv,0.0018856525421142578,0.001973390579223633,0.0024666786193847656
row_extra_quote3_col5.csv,0.001958131790161133,0.002335071563720703,0.0016150474548339844
row_extra_quote17_col8.csv,0.0015666484832763672,0.0017330646514892578,0.0016961097717285156
row_more_sep_row72_col5.csv,0.0017428398132324219,0.001209259033203125,0.0017154216766357422
row_more_sep_row34_col6.csv,0.002134084701538086,0.0017719268798828125,0.0018434524536132812
row_more_sep_row38_col3.csv,0.001817464828491211,0.0018570423126220703,0.0017406940460205078
row_extra_quote35_col8.csv,0.0014650821685791016,0.0014946460723876953,0.0019216537475585938
row_more_sep_row63_col1.csv,0.0023162364959716797,0.0018401145935058594,0.0020835399627685547
row_more_sep_row31_col5.csv,0.002216815948486328,0.0025522708892822266,0.001722097396850586
row_less_sep_row23_col2.csv,0.001974821090698242,0.0017812252044677734,0.0020301342010498047
row_more_sep_row62_col4.csv,0.0014352798461914062,0.0014264583587646484,0.0024209022521972656
row_more_sep_row41_col3.csv,0.0019311904907226562,0.0017080307006835938,0.0016541481018066406
row_extra_quote14_col7.csv,0.0018606185913085938,0.0012047290802001953,0.0016760826110839844
row_less_sep_row60_col6.csv,0.001992464065551758,0.0016674995422363281,0.0014133453369140625
row_extra_quote79_col2.csv,0.0017025470733642578,0.0014126300811767578,0.001638650894165039
row_extra_quote11_col8.csv,0.0015723705291748047,0.001325845718383789,0.0017757415771484375
row_more_sep_row32_col8.csv,0.002048015594482422,0.0016596317291259766,0.0015294551849365234
row_extra_quote34_col8.csv,0.0018646717071533203,0.0015745162963867188,0.001470804214477539
row_extra_quote71_col0.csv,0.0017125606536865234,0.0012731552124023438,0.0016493797302246094
row_extra_quote15_col2.csv,0.001983165740966797,0.001659393310546875,0.0018579959869384766
file_escape_char_0x00.csv,0.0018138885498046875,0.0015039443969726562,0.0020515918731689453
row_less_sep_row61_col1.csv,0.0013675689697265625,0.0011911392211914062,0.0015590190887451172
row_extra_quote81_col5.csv,0.0020427703857421875,0.0017292499542236328,0.0018143653869628906
row_less_sep_row32_col8.csv,0.001987934112548828,0.0014340877532958984,0.001476287841796875
row_less_sep_row83_col2.csv,0.001718759536743164,0.0012509822845458984,0.0015246868133544922
row_less_sep_row46_col3.csv,0.001850128173828125,0.0020728111267089844,0.0018453598022460938
row_extra_quote63_col1.csv,0.002023458480834961,0.0014910697937011719,0.00157928466796875
row_less_sep_row0_col8.csv,0.0019273757934570312,0.001346588134765625,0.0017294883728027344
row_less_sep_row29_col2.csv,0.0021309852600097656,0.0017027854919433594,0.0016481876373291016
row_less_sep_row80_col1.csv,0.001645803451538086,0.0013070106506347656,0.0016751289367675781
row_more_sep_row57_col0.csv,0.001833200454711914,0.0012595653533935547,0.0013418197631835938
row_less_sep_row50_col3.csv,0.001986265182495117,0.0015690326690673828,0.0015869140625
row_less_sep_row26_col1.csv,0.002457857131958008,0.0015621185302734375,0.0023534297943115234
row_less_sep_row38_col7.csv,0.001554727554321289,0.0014295578002929688,0.0017468929290771484
row_more_sep_row26_col1.csv,0.0014140605926513672,0.0014951229095458984,0.0019843578338623047
row_extra_quote68_col8.csv,0.0020220279693603516,0.0013248920440673828,0.0014922618865966797
row_less_sep_row36_col6.csv,0.0016944408416748047,0.0013628005981445312,0.0017130374908447266
row_less_sep_row58_col5.csv,0.0019817352294921875,0.0018284320831298828,0.0017385482788085938
row_extra_quote10_col4.csv,0.0017139911651611328,0.0014224052429199219,0.0017583370208740234
row_less_sep_row68_col2.csv,0.0016558170318603516,0.0012688636779785156,0.0017921924591064453
row_extra_quote11_col6.csv,0.0017971992492675781,0.0015285015106201172,0.001434326171875
row_less_sep_row65_col5.csv,0.0017096996307373047,0.0013992786407470703,0.0016732215881347656
row_field_delimiter_68_0x20.csv,0.0018575191497802734,0.004418134689331055,0.0025343894958496094
row_less_sep_row20_col2.csv,0.0015828609466552734,0.0016646385192871094,0.0019719600677490234
row_field_delimiter_65_0x20.csv,0.0013835430145263672,0.001581430435180664,0.001943826675415039
row_less_sep_row24_col7.csv,0.002187490463256836,0.001520395278930664,0.0012447834014892578
row_extra_quote14_col3.csv,0.0013828277587890625,0.001832723617553711,0.001973390579223633
row_less_sep_row67_col6.csv,0.0020895004272460938,0.0018489360809326172,0.0018606185913085938
row_less_sep_row39_col6.csv,0.001918792724609375,0.001737833023071289,0.0022125244140625
row_less_sep_row17_col8.csv,0.0014710426330566406,0.0016036033630371094,0.0016291141510009766
row_extra_quote71_col4.csv,0.002323150634765625,0.0013723373413085938,0.0017766952514648438
row_more_sep_row60_col7.csv,0.0023581981658935547,0.001318216323852539,0.0016481876373291016
row_more_sep_row74_col8.csv,0.0016896724700927734,0.0016169548034667969,0.0022592544555664062
row_extra_quote25_col0.csv,0.0020096302032470703,0.0018095970153808594,0.0021469593048095703
row_field_delimiter_71_0x20.csv,0.001554250717163086,0.0015573501586914062,0.0019152164459228516
row_more_sep_row53_col0.csv,0.002159595489501953,0.0015919208526611328,0.0020813941955566406
row_less_sep_row81_col3.csv,0.0017151832580566406,0.0013093948364257812,0.0016562938690185547
row_less_sep_row72_col3.csv,0.0017366409301757812,0.0016727447509765625,0.0017027854919433594
row_less_sep_row6_col6.csv,0.0017075538635253906,0.001333475112915039,0.0016362667083740234
row_less_sep_row29_col8.csv,0.0019335746765136719,0.0018858909606933594,0.001960277557373047
row_extra_quote70_col7.csv,0.001894235610961914,0.0015797615051269531,0.002438068389892578
row_extra_quote62_col3.csv,0.001402139663696289,0.0014905929565429688,0.0019974708557128906
row_extra_quote81_col6.csv,0.0018610954284667969,0.0017681121826171875,0.0016515254974365234
row_less_sep_row43_col3.csv,0.0016245841979980469,0.0013854503631591797,0.0018956661224365234
row_less_sep_row67_col8.csv,0.0015854835510253906,0.0016684532165527344,0.0019567012786865234
row_extra_quote2_col0.csv,0.001875162124633789,0.0013401508331298828,0.0018229484558105469
row_less_sep_row41_col3.csv,0.002490520477294922,0.0018367767333984375,0.002319812774658203
row_less_sep_row39_col7.csv,0.0017261505126953125,0.0017821788787841797,0.0020513534545898438
row_more_sep_row59_col2.csv,0.0015153884887695312,0.0020837783813476562,0.0018897056579589844
row_more_sep_row62_col0.csv,0.0027875900268554688,0.0015213489532470703,0.0016968250274658203
row_less_sep_row18_col1.csv,0.0016162395477294922,0.0019173622131347656,0.0019996166229248047
row_less_sep_row61_col2.csv,0.0017685890197753906,0.0014109611511230469,0.0022535324096679688
row_extra_quote37_col7.csv,0.0016739368438720703,0.0016710758209228516,0.0015017986297607422
row_more_sep_row56_col8.csv,0.0018153190612792969,0.0012934207916259766,0.001676797866821289
row_more_sep_row57_col7.csv,0.0019152164459228516,0.001522064208984375,0.0024688243865966797
row_extra_quote8_col6.csv,0.0015211105346679688,0.0016226768493652344,0.0022211074829101562
row_less_sep_row33_col5.csv,0.0014369487762451172,0.0014939308166503906,0.0014607906341552734
row_less_sep_row31_col1.csv,0.0018167495727539062,0.0016331672668457031,0.0017235279083251953
row_extra_quote25_col6.csv,0.0018398761749267578,0.001451253890991211,0.0019109249114990234
row_less_sep_row78_col1.csv,0.0018804073333740234,0.0018413066864013672,0.002007722854614258
row_more_sep_row24_col5.csv,0.0018589496612548828,0.0012981891632080078,0.001699209213256836
row_field_delimiter_41_0x20.csv,0.0014767646789550781,0.0015804767608642578,0.001978158950805664
row_less_sep_row79_col6.csv,0.0014905929565429688,0.0014014244079589844,0.0017325878143310547
row_extra_quote22_col2.csv,0.0014195442199707031,0.001468658447265625,0.00176239013671875
row_extra_quote69_col8.csv,0.0021181106567382812,0.0012443065643310547,0.0017001628875732422
row_more_sep_row37_col6.csv,0.002087116241455078,0.0015454292297363281,0.0014905929565429688
row_extra_quote46_col8.csv,0.001725912094116211,0.0013670921325683594,0.001890420913696289
row_extra_quote18_col2.csv,0.001941680908203125,0.0011920928955078125,0.0016641616821289062
row_more_sep_row11_col5.csv,0.0018811225891113281,0.0014727115631103516,0.0014338493347167969
row_extra_quote70_col0.csv,0.001608133316040039,0.0013318061828613281,0.001955270767211914
row_more_sep_row51_col2.csv,0.0015895366668701172,0.0018553733825683594,0.002029895782470703
row_less_sep_row81_col8.csv,0.0013859272003173828,0.0015773773193359375,0.0022118091583251953
row_extra_quote25_col1.csv,0.0024912357330322266,0.0013725757598876953,0.001863718032836914
row_more_sep_row39_col8.csv,0.0019032955169677734,0.0015094280242919922,0.0016794204711914062
row_more_sep_row46_col3.csv,0.0019588470458984375,0.0016477108001708984,0.0015723705291748047
row_extra_quote47_col3.csv,0.0016520023345947266,0.0015826225280761719,0.0018258094787597656
row_more_sep_row2_col2.csv,0.0018734931945800781,0.0016298294067382812,0.0020475387573242188
row_extra_quote54_col3.csv,0.0017468929290771484,0.0015401840209960938,0.0027277469635009766
row_extra_quote6_col6.csv,0.0015871524810791016,0.0016467571258544922,0.001873016357421875
row_less_sep_row5_col2.csv,0.0032274723052978516,0.0023598670959472656,0.0025556087493896484
row_more_sep_row39_col4.csv,0.0020575523376464844,0.002196073532104492,0.0015184879302978516
row_less_sep_row63_col1.csv,0.0017504692077636719,0.0015673637390136719,0.0025784969329833984
row_extra_quote40_col1.csv,0.0023651123046875,0.0024442672729492188,0.0024263858795166016
row_extra_quote26_col3.csv,0.001878499984741211,0.0021333694458007812,0.0018155574798583984
row_more_sep_row9_col2.csv,0.0016980171203613281,0.0018565654754638672,0.00218963623046875
row_more_sep_row48_col6.csv,0.001405477523803711,0.0014414787292480469,0.0017588138580322266
row_more_sep_row74_col2.csv,0.0016589164733886719,0.001695871353149414,0.0016260147094726562
row_field_delimiter_36_0x20.csv,0.001825571060180664,0.0013701915740966797,0.0017616748809814453
row_more_sep_row31_col7.csv,0.0016918182373046875,0.0016601085662841797,0.0016613006591796875
row_less_sep_row15_col6.csv,0.002214193344116211,0.001461029052734375,0.0017261505126953125
row_extra_quote15_col1.csv,0.0019268989562988281,0.0016183853149414062,0.0015380382537841797
row_more_sep_row38_col2.csv,0.0017590522766113281,0.0014333724975585938,0.0019059181213378906
row_extra_quote62_col6.csv,0.0018851757049560547,0.0014061927795410156,0.0016589164733886719
row_more_sep_row38_col5.csv,0.0017695426940917969,0.0014758110046386719,0.0018339157104492188
row_less_sep_row65_col4.csv,0.0018477439880371094,0.0021636486053466797,0.002171754837036133
row_less_sep_row5_col8.csv,0.0013155937194824219,0.0016660690307617188,0.0018525123596191406
row_more_sep_row27_col6.csv,0.0022385120391845703,0.0013566017150878906,0.0019047260284423828
row_more_sep_row37_col1.csv,0.001913309097290039,0.0014641284942626953,0.0016710758209228516
row_more_sep_row76_col3.csv,0.0017664432525634766,0.0015716552734375,0.0018351078033447266
row_more_sep_row51_col3.csv,0.0016782283782958984,0.0012848377227783203,0.0015106201171875
row_extra_quote36_col4.csv,0.0020291805267333984,0.0017387866973876953,0.0018992424011230469
row_more_sep_row69_col7.csv,0.0023446083068847656,0.0016295909881591797,0.0020780563354492188
row_extra_quote60_col3.csv,0.0016551017761230469,0.0018353462219238281,0.002210378646850586
row_less_sep_row55_col2.csv,0.0020716190338134766,0.001886606216430664,0.0022890567779541016
row_extra_quote1_col1.csv,0.001712799072265625,0.0018913745880126953,0.0019516944885253906
row_less_sep_row37_col8.csv,0.0019500255584716797,0.0018727779388427734,0.0022344589233398438
row_less_sep_row33_col3.csv,0.0015094280242919922,0.0015938282012939453,0.0019927024841308594
row_less_sep_row11_col1.csv,0.001973390579223633,0.0015599727630615234,0.001516580581665039
row_extra_quote60_col6.csv,0.0017464160919189453,0.0014805793762207031,0.0017244815826416016
row_less_sep_row44_col1.csv,0.0018825531005859375,0.0014102458953857422,0.0017006397247314453
row_more_sep_row72_col3.csv,0.0018756389617919922,0.0013861656188964844,0.0018172264099121094
row_extra_quote28_col3.csv,0.0017952919006347656,0.0012335777282714844,0.0015227794647216797
row_field_delimiter_60_0x20.csv,0.002030611038208008,0.0016889572143554688,0.001737833023071289
row_more_sep_row10_col2.csv,0.0016269683837890625,0.0013260841369628906,0.0016922950744628906
row_field_delimiter_52_0x20.csv,0.001664876937866211,0.0012111663818359375,0.0014672279357910156
row_less_sep_row46_col5.csv,0.0015916824340820312,0.0015938282012939453,0.0015599727630615234
row_more_sep_row27_col7.csv,0.0017402172088623047,0.0014629364013671875,0.0019273757934570312
row_extra_quote27_col2.csv,0.0020186901092529297,0.0012421607971191406,0.0016176700592041016
row_less_sep_row2_col5.csv,0.0020599365234375,0.001661062240600586,0.001814126968383789
row_more_sep_row34_col3.csv,0.0018706321716308594,0.00124359130859375,0.001725912094116211
row_less_sep_row81_col2.csv,0.0018856525421142578,0.0014462471008300781,0.0017652511596679688
row_more_sep_row66_col8.csv,0.0016896724700927734,0.0014803409576416016,0.0014896392822265625
row_extra_quote73_col4.csv,0.0018184185028076172,0.0014586448669433594,0.0018303394317626953
row_more_sep_row14_col1.csv,0.0017066001892089844,0.001377105712890625,0.0015988349914550781
row_extra_quote80_col7.csv,0.0016393661499023438,0.0018396377563476562,0.0017480850219726562
row_more_sep_row60_col3.csv,0.002101898193359375,0.0016710758209228516,0.0018270015716552734
row_more_sep_row29_col7.csv,0.0014917850494384766,0.001295328140258789,0.00167083740234375
row_more_sep_row8_col0.csv,0.0019598007202148438,0.0018994808197021484,0.0016617774963378906
row_more_sep_row65_col4.csv,0.0017848014831542969,0.0014531612396240234,0.00201416015625
row_extra_quote79_col5.csv,0.001524209976196289,0.0012564659118652344,0.0018410682678222656
row_more_sep_row49_col5.csv,0.002667665481567383,0.0016264915466308594,0.0016772747039794922
row_extra_quote29_col3.csv,0.0015823841094970703,0.0014407634735107422,0.002070188522338867
row_more_sep_row83_col0.csv,0.0015392303466796875,0.0013861656188964844,0.001382589340209961
row_more_sep_row61_col6.csv,0.0018100738525390625,0.0015194416046142578,0.0018465518951416016
row_extra_quote20_col8.csv,0.0019524097442626953,0.0012416839599609375,0.0014944076538085938
row_less_sep_row48_col1.csv,0.0018780231475830078,0.0013959407806396484,0.0014715194702148438
row_extra_quote23_col7.csv,0.0018279552459716797,0.0017330646514892578,0.0016412734985351562
row_less_sep_row34_col2.csv,0.0018091201782226562,0.0012943744659423828,0.0017557144165039062
row_more_sep_row23_col1.csv,0.0023772716522216797,0.0019674301147460938,0.0022203922271728516
row_more_sep_row73_col4.csv,0.0019109249114990234,0.0017063617706298828,0.0016148090362548828
row_extra_quote36_col3.csv,0.0015294551849365234,0.0017161369323730469,0.0024683475494384766
row_more_sep_row45_col3.csv,0.002175569534301758,0.0018525123596191406,0.0027685165405273438
row_more_sep_row67_col2.csv,0.0020456314086914062,0.001552581787109375,0.0020749568939208984
row_extra_quote31_col5.csv,0.001680612564086914,0.0016758441925048828,0.0019042491912841797
row_extra_quote77_col5.csv,0.0014543533325195312,0.0017075538635253906,0.0021011829376220703
row_less_sep_row62_col5.csv,0.0018987655639648438,0.0016591548919677734,0.0017604827880859375
row_less_sep_row49_col8.csv,0.0016658306121826172,0.0015912055969238281,0.0019943714141845703
row_more_sep_row33_col7.csv,0.0016951560974121094,0.0015513896942138672,0.001779794692993164
row_less_sep_row7_col3.csv,0.0017867088317871094,0.0012633800506591797,0.001888275146484375
row_less_sep_row75_col2.csv,0.001966714859008789,0.0020346641540527344,0.002149820327758789
row_more_sep_row28_col7.csv,0.0021562576293945312,0.001741647720336914,0.002040863037109375
row_more_sep_row26_col2.csv,0.001440286636352539,0.0013644695281982422,0.00151824951171875
row_extra_quote52_col8.csv,0.0018303394317626953,0.0015549659729003906,0.0019919872283935547
row_less_sep_row49_col1.csv,0.0016031265258789062,0.0012319087982177734,0.0017092227935791016
row_less_sep_row44_col4.csv,0.001941680908203125,0.0018613338470458984,0.002043008804321289
row_extra_quote72_col0.csv,0.0019981861114501953,0.0018525123596191406,0.0017735958099365234
row_less_sep_row8_col7.csv,0.0014061927795410156,0.0011894702911376953,0.0016698837280273438
row_extra_quote65_col1.csv,0.0018799304962158203,0.0016198158264160156,0.001627206802368164
row_extra_quote74_col0.csv,0.0017538070678710938,0.0014715194702148438,0.0018553733825683594
row_more_sep_row17_col5.csv,0.0017156600952148438,0.001407623291015625,0.0015742778778076172
row_field_delimiter_43_0x20.csv,0.0016829967498779297,0.0017011165618896484,0.0017802715301513672
row_more_sep_row43_col6.csv,0.0019638538360595703,0.0011935234069824219,0.0015537738800048828
row_extra_quote9_col2.csv,0.0020818710327148438,0.0013496875762939453,0.0016925334930419922
row_field_delimiter_47_0x20.csv,0.0017185211181640625,0.0015478134155273438,0.0015485286712646484
row_more_sep_row72_col0.csv,0.001581430435180664,0.00167083740234375,0.0014939308166503906
row_less_sep_row56_col7.csv,0.0018432140350341797,0.0012171268463134766,0.0017132759094238281
row_less_sep_row8_col1.csv,0.002069711685180664,0.001634836196899414,0.001779794692993164
row_extra_quote15_col5.csv,0.0017168521881103516,0.0012829303741455078,0.0017054080963134766
row_extra_quote67_col6.csv,0.0016319751739501953,0.001238107681274414,0.0017008781433105469
row_more_sep_row0_col2.csv,0.0021877288818359375,0.0016591548919677734,0.0016264915466308594
row_extra_quote72_col5.csv,0.00173187255859375,0.0016582012176513672,0.0014591217041015625
row_extra_quote29_col1.csv,0.002057790756225586,0.0012493133544921875,0.0016412734985351562
row_extra_quote48_col6.csv,0.001924753189086914,0.0015673637390136719,0.0017855167388916016
row_more_sep_row9_col4.csv,0.0017077922821044922,0.0012755393981933594,0.001688241958618164
row_extra_quote17_col5.csv,0.002489805221557617,0.001285552978515625,0.001707315444946289
row_extra_quote46_col6.csv,0.0016815662384033203,0.0016286373138427734,0.0016949176788330078
row_less_sep_row7_col2.csv,0.001550436019897461,0.0013794898986816406,0.0016582012176513672
row_extra_quote64_col4.csv,0.0016443729400634766,0.0012285709381103516,0.0015950202941894531
row_extra_quote55_col8.csv,0.001476287841796875,0.001718282699584961,0.001447916030883789
row_extra_quote43_col1.csv,0.0018093585968017578,0.001493215560913086,0.001748800277709961
row_less_sep_row4_col8.csv,0.0016872882843017578,0.0017237663269042969,0.0018219947814941406
row_more_sep_row24_col0.csv,0.0014712810516357422,0.0012669563293457031,0.0013916492462158203
row_extra_quote25_col8.csv,0.001928567886352539,0.0015075206756591797,0.0018906593322753906
row_less_sep_row74_col8.csv,0.0017457008361816406,0.0013968944549560547,0.0020644664764404297
row_extra_quote30_col8.csv,0.001374959945678711,0.0015637874603271484,0.0017085075378417969
row_less_sep_row13_col7.csv,0.00188446044921875,0.001607656478881836,0.0013871192932128906
row_less_sep_row80_col4.csv,0.0014503002166748047,0.0017406940460205078,0.0020356178283691406
row_less_sep_row62_col1.csv,0.0021882057189941406,0.001741647720336914,0.0021860599517822266
row_less_sep_row1_col6.csv,0.0017778873443603516,0.0023016929626464844,0.002079486846923828
row_extra_quote66_col1.csv,0.0013606548309326172,0.0013303756713867188,0.002502918243408203
row_more_sep_row83_col1.csv,0.002357959747314453,0.001718759536743164,0.0021066665649414062
row_more_sep_row0_col8.csv,0.0016217231750488281,0.0016448497772216797,0.0016129016876220703
row_extra_quote40_col4.csv,0.002043008804321289,0.0017795562744140625,0.0014543533325195312
row_less_sep_row83_col3.csv,0.0014264583587646484,0.0012600421905517578,0.0014598369598388672
row_extra_quote69_col4.csv,0.0019979476928710938,0.0015354156494140625,0.0019316673278808594
row_extra_quote48_col1.csv,0.0017905235290527344,0.0014178752899169922,0.0018596649169921875
row_more_sep_row5_col2.csv,0.0018498897552490234,0.0017693042755126953,0.002303600311279297
row_more_sep_row55_col5.csv,0.0019288063049316406,0.0012738704681396484,0.0018000602722167969
row_less_sep_row1_col7.csv,0.0018391609191894531,0.0016179084777832031,0.0019078254699707031
row_extra_quote75_col7.csv,0.0019485950469970703,0.0013606548309326172,0.0014734268188476562
row_less_sep_row12_col6.csv,0.0016939640045166016,0.0013301372528076172,0.0016472339630126953
row_less_sep_row34_col7.csv,0.0020689964294433594,0.0017843246459960938,0.0017061233520507812
row_extra_quote48_col5.csv,0.0020139217376708984,0.001859426498413086,0.0019812583923339844
row_extra_quote26_col5.csv,0.0015652179718017578,0.0015974044799804688,0.0020589828491210938
row_extra_quote66_col2.csv,0.0017774105072021484,0.0012481212615966797,0.0018639564514160156
row_more_sep_row7_col3.csv,0.0017461776733398438,0.0013339519500732422,0.0017666816711425781
row_extra_quote64_col7.csv,0.0016794204711914062,0.0016758441925048828,0.0017006397247314453
row_less_sep_row64_col4.csv,0.0020067691802978516,0.0016007423400878906,0.0017368793487548828
row_more_sep_row33_col4.csv,0.0014989376068115234,0.0015535354614257812,0.00151824951171875
row_less_sep_row59_col8.csv,0.0016021728515625,0.0016129016876220703,0.001791238784790039
row_extra_quote26_col0.csv,0.0019893646240234375,0.00165557861328125,0.0013573169708251953
row_extra_quote58_col5.csv,0.0017862319946289062,0.0013134479522705078,0.0017156600952148438
row_less_sep_row33_col6.csv,0.0018761157989501953,0.0017349720001220703,0.0018951892852783203
row_more_sep_row52_col4.csv,0.0016026496887207031,0.001619100570678711,0.001547098159790039
row_more_sep_row44_col0.csv,0.0017657279968261719,0.0013988018035888672,0.001575469970703125
row_extra_quote82_col8.csv,0.001817464828491211,0.0013537406921386719,0.0016865730285644531
row_extra_quote3_col7.csv,0.001932382583618164,0.00139617919921875,0.0013909339904785156
row_field_delimiter_2_0x20.csv,0.001462697982788086,0.001798391342163086,0.0015804767608642578
row_more_sep_row45_col6.csv,0.0018434524536132812,0.002067089080810547,0.0021016597747802734
row_extra_quote3_col0.csv,0.0019168853759765625,0.0017778873443603516,0.0015769004821777344
row_less_sep_row34_col5.csv,0.0015459060668945312,0.0013043880462646484,0.0016264915466308594
row_extra_quote65_col8.csv,0.0017752647399902344,0.0019028186798095703,0.001810312271118164
row_more_sep_row53_col4.csv,0.0018854141235351562,0.001722097396850586,0.0015637874603271484
row_less_sep_row72_col5.csv,0.0017189979553222656,0.0014309883117675781,0.0015757083892822266
file_record_delimiter_0xD.csv,0.0018296241760253906,0.0017170906066894531,0.0018770694732666016
row_less_sep_row9_col2.csv,0.002073049545288086,0.0014712810516357422,0.0015614032745361328
row_extra_quote52_col6.csv,0.0015933513641357422,0.0014069080352783203,0.0016140937805175781
row_less_sep_row9_col7.csv,0.002059459686279297,0.0015673637390136719,0.0017066001892089844
row_extra_quote75_col1.csv,0.002178668975830078,0.0012755393981933594,0.0017342567443847656
row_less_sep_row66_col3.csv,0.0015721321105957031,0.0015633106231689453,0.0015015602111816406
row_extra_quote51_col5.csv,0.0017740726470947266,0.001638174057006836,0.001916646957397461
row_extra_quote30_col2.csv,0.0021715164184570312,0.0012404918670654297,0.0013489723205566406
row_more_sep_row45_col1.csv,0.0014066696166992188,0.0016331672668457031,0.0019161701202392578
row_extra_quote4_col7.csv,0.0018439292907714844,0.00165557861328125,0.0018527507781982422
row_less_sep_row68_col8.csv,0.0018885135650634766,0.0013072490692138672,0.0015926361083984375
row_more_sep_row75_col3.csv,0.0016744136810302734,0.0012736320495605469,0.0020799636840820312
row_more_sep_row59_col6.csv,0.0020525455474853516,0.0019087791442871094,0.0016095638275146484
row_extra_quote30_col6.csv,0.001969575881958008,0.0018661022186279297,0.0016829967498779297
row_extra_quote11_col3.csv,0.0014071464538574219,0.0012257099151611328,0.0016083717346191406
row_more_sep_row43_col4.csv,0.001909494400024414,0.0014834403991699219,0.0018935203552246094
row_more_sep_row73_col7.csv,0.0020303726196289062,0.0013630390167236328,0.0022335052490234375
row_less_sep_row61_col5.csv,0.0021762847900390625,0.0015366077423095703,0.0016050338745117188
row_less_sep_row72_col7.csv,0.0016400814056396484,0.0013239383697509766,0.001842498779296875
row_less_sep_row8_col4.csv,0.0017802715301513672,0.0017976760864257812,0.0019736289978027344
row_more_sep_row43_col0.csv,0.0016889572143554688,0.0014715194702148438,0.0019719600677490234
row_extra_quote55_col5.csv,0.00146484375,0.0013742446899414062,0.0016777515411376953
row_extra_quote40_col3.csv,0.0018351078033447266,0.00145721435546875,0.0018246173858642578
row_extra_quote61_col0.csv,0.0017881393432617188,0.0012927055358886719,0.0015113353729248047
row_less_sep_row41_col5.csv,0.0021834373474121094,0.001691579818725586,0.0014431476593017578
row_less_sep_row62_col6.csv,0.0017094612121582031,0.0014913082122802734,0.0023565292358398438
row_more_sep_row41_col8.csv,0.0016396045684814453,0.0014770030975341797,0.0016682147979736328
row_less_sep_row1_col4.csv,0.0018587112426757812,0.0020558834075927734,0.001706838607788086
row_extra_quote74_col1.csv,0.0015392303466796875,0.0012142658233642578,0.0019164085388183594
row_extra_quote78_col0.csv,0.0019898414611816406,0.0018007755279541016,0.001918792724609375
row_extra_quote78_col6.csv,0.001798391342163086,0.0018010139465332031,0.001810312271118164
row_more_sep_row70_col2.csv,0.001546621322631836,0.001285552978515625,0.0016732215881347656
row_more_sep_row23_col5.csv,0.0019252300262451172,0.002112865447998047,0.0019137859344482422
row_more_sep_row71_col3.csv,0.002179384231567383,0.0017077922821044922,0.002203226089477539
row_less_sep_row74_col5.csv,0.001264333724975586,0.0016624927520751953,0.0019600391387939453
row_more_sep_row30_col3.csv,0.0018324851989746094,0.0016589164733886719,0.002504110336303711
row_field_delimiter_46_0x20.csv,0.0014216899871826172,0.0016748905181884766,0.0016942024230957031
row_extra_quote37_col8.csv,0.0020699501037597656,0.001619100570678711,0.0020503997802734375
row_more_sep_row59_col5.csv,0.0013689994812011719,0.0015947818756103516,0.00177001953125
row_extra_quote38_col1.csv,0.0022084712982177734,0.0017862319946289062,0.002946138381958008
row_less_sep_row43_col2.csv,0.0014197826385498047,0.0018756389617919922,0.0018432140350341797
row_more_sep_row41_col6.csv,0.002385854721069336,0.0017511844635009766,0.0024607181549072266
row_less_sep_row64_col7.csv,0.0014166831970214844,0.0014874935150146484,0.0015454292297363281
row_less_sep_row18_col3.csv,0.002827882766723633,0.0015597343444824219,0.001924276351928711
row_more_sep_row63_col7.csv,0.0013523101806640625,0.0015325546264648438,0.0013904571533203125
row_extra_quote4_col1.csv,0.0020132064819335938,0.0015473365783691406,0.0020127296447753906
row_less_sep_row67_col1.csv,0.002080678939819336,0.002184152603149414,0.001646280288696289
row_more_sep_row60_col2.csv,0.001722097396850586,0.0014727115631103516,0.002579927444458008
row_more_sep_row77_col5.csv,0.0014369487762451172,0.0012946128845214844,0.0013728141784667969
row_more_sep_row29_col5.csv,0.0019295215606689453,0.0017933845520019531,0.002771615982055664
row_extra_quote2_col3.csv,0.0013947486877441406,0.0014693737030029297,0.001644134521484375
row_extra_quote78_col5.csv,0.0020051002502441406,0.0018680095672607422,0.0018296241760253906
row_less_sep_row64_col5.csv,0.0015745162963867188,0.0011487007141113281,0.001779794692993164
row_extra_quote60_col7.csv,0.0020341873168945312,0.001985788345336914,0.002095937728881836
row_less_sep_row73_col6.csv,0.0015571117401123047,0.0020666122436523438,0.0024156570434570312
row_less_sep_row79_col5.csv,0.0014429092407226562,0.0017611980438232422,0.0016946792602539062
row_extra_quote45_col2.csv,0.0023412704467773438,0.0016632080078125,0.0022263526916503906
row_more_sep_row33_col8.csv,0.0013995170593261719,0.0016570091247558594,0.0017244815826416016
row_less_sep_row35_col2.csv,0.002279996871948242,0.0015985965728759766,0.0022492408752441406
row_more_sep_row35_col3.csv,0.0014767646789550781,0.0013775825500488281,0.0017061233520507812
row_more_sep_row76_col6.csv,0.0018849372863769531,0.0016183853149414062,0.0015437602996826172
row_less_sep_row41_col8.csv,0.0015747547149658203,0.0013585090637207031,0.001589059829711914
row_extra_quote67_col4.csv,0.0018749237060546875,0.0016567707061767578,0.0018465518951416016
row_extra_quote62_col0.csv,0.001493692398071289,0.0014481544494628906,0.0016736984252929688
row_more_sep_row10_col1.csv,0.0018835067749023438,0.0012307167053222656,0.001855611801147461
row_extra_quote30_col4.csv,0.001547098159790039,0.0014090538024902344,0.0016226768493652344
row_less_sep_row24_col5.csv,0.001828908920288086,0.00185394287109375,0.002028942108154297
row_less_sep_row68_col1.csv,0.001802682876586914,0.0014026165008544922,0.0015721321105957031
row_more_sep_row0_col1.csv,0.0020399093627929688,0.0017795562744140625,0.001786947250366211
row_more_sep_row31_col0.csv,0.001695871353149414,0.00159454345703125,0.001543283462524414
row_less_sep_row51_col2.csv,0.001837015151977539,0.0013821125030517578,0.0019638538360595703
row_more_sep_row56_col6.csv,0.0027167797088623047,0.0015859603881835938,0.002050161361694336
row_more_sep_row39_col2.csv,0.0018286705017089844,0.0020940303802490234,0.0021209716796875
row_less_sep_row19_col6.csv,0.0014908313751220703,0.0016694068908691406,0.0016698837280273438
row_less_sep_row12_col1.csv,0.0019960403442382812,0.002035379409790039,0.0019364356994628906
row_extra_quote42_col3.csv,0.0013859272003173828,0.0013589859008789062,0.0015878677368164062
row_more_sep_row79_col3.csv,0.0013132095336914062,0.0013346672058105469,0.0017905235290527344
row_extra_quote59_col7.csv,0.0018291473388671875,0.0014171600341796875,0.0014274120330810547
row_more_sep_row36_col5.csv,0.0014667510986328125,0.0015261173248291016,0.0015380382537841797
row_extra_quote57_col5.csv,0.0021810531616210938,0.0018911361694335938,0.0022852420806884766
row_less_sep_row41_col7.csv,0.0020394325256347656,0.0020012855529785156,0.0016360282897949219
row_more_sep_row29_col4.csv,0.0021102428436279297,0.0018842220306396484,0.0023703575134277344
row_extra_quote67_col1.csv,0.0013637542724609375,0.0017018318176269531,0.0026345252990722656
row_extra_quote48_col0.csv,0.0018160343170166016,0.0018227100372314453,0.0025396347045898438
row_extra_quote7_col7.csv,0.001749277114868164,0.0016410350799560547,0.0020554065704345703
row_extra_quote72_col7.csv,0.001781463623046875,0.001409769058227539,0.0021774768829345703
row_more_sep_row16_col4.csv,0.0016863346099853516,0.001522064208984375,0.0015680789947509766
row_extra_quote59_col2.csv,0.002010345458984375,0.0015592575073242188,0.0019481182098388672
row_field_delimiter_81_0x20.csv,0.0015294551849365234,0.0012731552124023438,0.0015070438385009766
row_less_sep_row71_col8.csv,0.001980304718017578,0.0017390251159667969,0.0017712116241455078
row_more_sep_row23_col7.csv,0.0018286705017089844,0.0014536380767822266,0.0016870498657226562
row_less_sep_row63_col5.csv,0.0016970634460449219,0.0014510154724121094,0.0016701221466064453
row_less_sep_row52_col5.csv,0.001962900161743164,0.0017490386962890625,0.0018930435180664062
row_more_sep_row19_col6.csv,0.0021440982818603516,0.0015554428100585938,0.001861572265625
row_extra_quote36_col2.csv,0.001558065414428711,0.0012540817260742188,0.001725912094116211
row_extra_quote33_col4.csv,0.001764059066772461,0.001916646957397461,0.0016875267028808594
row_more_sep_row12_col2.csv,0.0017008781433105469,0.0016393661499023438,0.0015213489532470703
row_more_sep_row68_col1.csv,0.002512693405151367,0.0014979839324951172,0.001730203628540039
row_more_sep_row27_col1.csv,0.00157928466796875,0.0015177726745605469,0.001668691635131836
row_more_sep_row44_col1.csv,0.0016558170318603516,0.0013282299041748047,0.0014510154724121094
row_less_sep_row13_col8.csv,0.00189971923828125,0.0018260478973388672,0.0018732547760009766
row_extra_quote62_col2.csv,0.0018885135650634766,0.0017993450164794922,0.002027273178100586
row_extra_quote20_col3.csv,0.0015234947204589844,0.0012924671173095703,0.0014636516571044922
row_more_sep_row51_col4.csv,0.0018329620361328125,0.0015189647674560547,0.0016665458679199219
row_extra_quote14_col6.csv,0.0016796588897705078,0.001695394515991211,0.0016224384307861328
row_more_sep_row4_col4.csv,0.0017116069793701172,0.0012884140014648438,0.001653909683227539
row_extra_quote3_col3.csv,0.0019273757934570312,0.0015110969543457031,0.0018184185028076172
row_extra_quote38_col7.csv,0.0016252994537353516,0.0012698173522949219,0.0017933845520019531
row_less_sep_row40_col8.csv,0.0018699169158935547,0.001356363296508789,0.0016262531280517578
row_less_sep_row77_col2.csv,0.001535654067993164,0.0013751983642578125,0.0015845298767089844
row_more_sep_row20_col1.csv,0.0019121170043945312,0.001390695571899414,0.001791238784790039
row_less_sep_row44_col5.csv,0.0018382072448730469,0.0015034675598144531,0.0016727447509765625
row_extra_quote76_col0.csv,0.0017898082733154297,0.0017592906951904297,0.0015645027160644531
row_less_sep_row70_col4.csv,0.0018258094787597656,0.001337289810180664,0.0015077590942382812
row_more_sep_row20_col0.csv,0.0017843246459960938,0.001390695571899414,0.0017080307006835938
row_less_sep_row76_col7.csv,0.001844167709350586,0.0015628337860107422,0.0019135475158691406
row_less_sep_row6_col4.csv,0.0016489028930664062,0.001531839370727539,0.0015816688537597656
row_extra_quote83_col8.csv,0.0018019676208496094,0.0005295276641845703,0.0004570484161376953
row_extra_quote57_col3.csv,0.0013899803161621094,0.0018084049224853516,0.001941680908203125
row_less_sep_row14_col2.csv,0.0020270347595214844,0.002434253692626953,0.0019888877868652344
row_extra_quote6_col4.csv,0.0013403892517089844,0.0016393661499023438,0.0017442703247070312
row_less_sep_row6_col2.csv,0.0022373199462890625,0.002241373062133789,0.002184152603149414
row_extra_quote70_col5.csv,0.0015430450439453125,0.0016200542449951172,0.0017681121826171875
row_more_sep_row3_col7.csv,0.001819610595703125,0.0017573833465576172,0.001613616943359375
row_field_delimiter_0_0x20.csv,0.0033876895904541016,0.0031690597534179688,0.003313779830932617
row_field_delimiter_9_0x20.csv,0.0014543533325195312,0.0017504692077636719,0.0019464492797851562
row_more_sep_row6_col3.csv,0.001430511474609375,0.0015592575073242188,0.001661539077758789
row_less_sep_row63_col4.csv,0.0016314983367919922,0.0014743804931640625,0.001767873764038086
row_extra_quote23_col8.csv,0.002126455307006836,0.0014431476593017578,0.0017704963684082031
row_more_sep_row0_col4.csv,0.0020906925201416016,0.001678466796875,0.0018665790557861328
file_no_trailing_newline.csv,0.0019516944885253906,0.001325845718383789,0.0016524791717529297
row_extra_quote24_col6.csv,0.0016851425170898438,0.001323699951171875,0.001699209213256836
row_extra_quote64_col6.csv,0.001806020736694336,0.0017430782318115234,0.0015797615051269531
row_field_delimiter_77_0x20.csv,0.0015876293182373047,0.0013997554779052734,0.0022873878479003906
row_extra_quote57_col1.csv,0.001550436019897461,0.0014355182647705078,0.001760244369506836
row_extra_quote29_col0.csv,0.0018012523651123047,0.0017247200012207031,0.0015039443969726562
row_extra_quote34_col7.csv,0.0016744136810302734,0.0017845630645751953,0.0019350051879882812
row_extra_quote43_col4.csv,0.0016658306121826172,0.0019366741180419922,0.0017936229705810547
row_more_sep_row24_col7.csv,0.001977682113647461,0.0017366409301757812,0.001880645751953125
row_extra_quote65_col4.csv,0.0014197826385498047,0.0013689994812011719,0.0017464160919189453
row_less_sep_row66_col7.csv,0.0016210079193115234,0.0016570091247558594,0.0018117427825927734
row_more_sep_row46_col0.csv,0.0020546913146972656,0.0015451908111572266,0.0024111270904541016
row_extra_quote48_col8.csv,0.0014040470123291016,0.0020520687103271484,0.001703023910522461
row_less_sep_row8_col2.csv,0.0018582344055175781,0.0014901161193847656,0.0015850067138671875
row_more_sep_row35_col2.csv,0.0014908313751220703,0.001613616943359375,0.0016770362854003906
row_extra_quote71_col7.csv,0.0014455318450927734,0.0017447471618652344,0.0015537738800048828
row_extra_quote24_col0.csv,0.0023064613342285156,0.0014946460723876953,0.002122640609741211
row_less_sep_row27_col1.csv,0.0014972686767578125,0.0018312931060791016,0.0014545917510986328
row_less_sep_row72_col2.csv,0.001964569091796875,0.0015141963958740234,0.00188446044921875
row_less_sep_row2_col1.csv,0.0018248558044433594,0.0014269351959228516,0.0017199516296386719
row_less_sep_row23_col1.csv,0.001371622085571289,0.0019347667694091797,0.0013866424560546875
row_less_sep_row19_col5.csv,0.001544952392578125,0.0012769699096679688,0.002026796340942383
row_more_sep_row36_col6.csv,0.0017364025115966797,0.0018939971923828125,0.0018475055694580078
row_extra_quote59_col0.csv,0.002437114715576172,0.0017862319946289062,0.0023927688598632812
row_extra_quote81_col2.csv,0.0015177726745605469,0.0017731189727783203,0.0017743110656738281
row_less_sep_row47_col6.csv,0.0018110275268554688,0.0013103485107421875,0.0022988319396972656
row_less_sep_row26_col4.csv,0.0016064643859863281,0.0020232200622558594,0.0018162727355957031
row_less_sep_row0_col6.csv,0.0022132396697998047,0.0013120174407958984,0.002209186553955078
row_extra_quote9_col8.csv,0.0015516281127929688,0.002016305923461914,0.0016908645629882812
row_extra_quote59_col4.csv,0.002161741256713867,0.0015153884887695312,0.00202178955078125
row_more_sep_row47_col3.csv,0.0017960071563720703,0.001764059066772461,0.0015110969543457031
row_more_sep_row42_col5.csv,0.0020105838775634766,0.0012886524200439453,0.002032041549682617
row_extra_quote74_col7.csv,0.0017180442810058594,0.0018956661224365234,0.0017485618591308594
row_extra_quote51_col8.csv,0.0019218921661376953,0.0014853477478027344,0.002547740936279297
row_more_sep_row49_col7.csv,0.001505136489868164,0.0018343925476074219,0.001631021499633789
row_more_sep_row22_col4.csv,0.0019538402557373047,0.001880645751953125,0.0017774105072021484
row_more_sep_row7_col8.csv,0.0015225410461425781,0.001394510269165039,0.0019216537475585938
row_less_sep_row59_col1.csv,0.0016596317291259766,0.0015532970428466797,0.0017557144165039062
row_more_sep_row77_col0.csv,0.0021047592163085938,0.0014035701751708984,0.00188446044921875
row_more_sep_row59_col0.csv,0.0015213489532470703,0.001844167709350586,0.0017879009246826172
row_more_sep_row15_col6.csv,0.0022764205932617188,0.0014460086822509766,0.0019850730895996094
row_less_sep_row3_col6.csv,0.0014219284057617188,0.0018999576568603516,0.00142669677734375
row_more_sep_row54_col5.csv,0.002369403839111328,0.0012874603271484375,0.0029697418212890625
row_more_sep_row34_col5.csv,0.0016109943389892578,0.0018765926361083984,0.0016629695892333984
row_extra_quote56_col5.csv,0.0021209716796875,0.0015780925750732422,0.001497507095336914
row_more_sep_row10_col4.csv,0.0014939308166503906,0.0012781620025634766,0.002230405807495117
row_extra_quote48_col4.csv,0.0017383098602294922,0.0015344619750976562,0.0015120506286621094
row_more_sep_row2_col5.csv,0.002036571502685547,0.001474618911743164,0.001650094985961914
row_less_sep_row53_col5.csv,0.0017173290252685547,0.0012199878692626953,0.0019037723541259766
row_more_sep_row9_col3.csv,0.0015850067138671875,0.0020639896392822266,0.001634359359741211
row_less_sep_row13_col4.csv,0.002109527587890625,0.0014619827270507812,0.0023736953735351562
row_more_sep_row71_col6.csv,0.0012860298156738281,0.0014519691467285156,0.0016641616821289062
row_less_sep_row83_col5.csv,0.0019981861114501953,0.0015912055969238281,0.0015866756439208984
row_extra_quote64_col2.csv,0.0020706653594970703,0.0012459754943847656,0.0018253326416015625
row_less_sep_row53_col2.csv,0.001512289047241211,0.0015914440155029297,0.0016851425170898438
row_extra_quote26_col8.csv,0.0013747215270996094,0.001999378204345703,0.0014028549194335938
row_less_sep_row64_col1.csv,0.002017974853515625,0.0013813972473144531,0.0019316673278808594
row_extra_quote72_col8.csv,0.0017545223236083984,0.0014605522155761719,0.0016012191772460938
row_extra_quote43_col0.csv,0.0014302730560302734,0.0019996166229248047,0.0016248226165771484
row_extra_quote14_col1.csv,0.001928091049194336,0.0013222694396972656,0.0020058155059814453
row_more_sep_row75_col1.csv,0.0015120506286621094,0.001791238784790039,0.0014662742614746094
row_less_sep_row46_col7.csv,0.0015227794647216797,0.0016918182373046875,0.0016202926635742188
row_field_delimiter_66_0x20.csv,0.0022323131561279297,0.0015697479248046875,0.002230405807495117
row_extra_quote17_col2.csv,0.0015947818756103516,0.002587556838989258,0.0017383098602294922
row_more_sep_row66_col6.csv,0.0017440319061279297,0.0016050338745117188,0.002660989761352539
row_extra_quote14_col5.csv,0.0014789104461669922,0.0017709732055664062,0.001562356948852539
row_more_sep_row61_col7.csv,0.0019104480743408203,0.0014028549194335938,0.0014796257019042969
row_extra_quote3_col2.csv,0.0019559860229492188,0.0015494823455810547,0.001955270767211914
row_more_sep_row68_col0.csv,0.0016682147979736328,0.0016264915466308594,0.001590728759765625
row_less_sep_row53_col7.csv,0.0016155242919921875,0.0015213489532470703,0.0015397071838378906
row_more_sep_row42_col7.csv,0.001775503158569336,0.0013568401336669922,0.0021653175354003906
row_more_sep_row2_col6.csv,0.0014948844909667969,0.0016052722930908203,0.001585245132446289
row_less_sep_row16_col4.csv,0.0016453266143798828,0.001661062240600586,0.0014815330505371094
row_extra_quote13_col4.csv,0.002177715301513672,0.0012836456298828125,0.0018901824951171875
row_less_sep_row19_col8.csv,0.0017473697662353516,0.0014748573303222656,0.0019826889038085938
row_less_sep_row52_col2.csv,0.0015649795532226562,0.001547098159790039,0.0018999576568603516
row_extra_quote2_col4.csv,0.0015192031860351562,0.0012621879577636719,0.0019941329956054688
row_less_sep_row57_col8.csv,0.0019605159759521484,0.0013344287872314453,0.0014934539794921875
row_field_delimiter_11_0x20.csv,0.002259969711303711,0.0013079643249511719,0.0019881725311279297
row_less_sep_row38_col8.csv,0.0016145706176757812,0.0016715526580810547,0.0015497207641601562
file_multitable_same.csv,0.0023810863494873047,0.002146482467651367,0.0024085044860839844
row_extra_quote50_col2.csv,0.0015485286712646484,0.0018227100372314453,0.0014884471893310547
file_one_data_row.csv,0.0014078617095947266,0.0016207695007324219,0.0011138916015625
row_less_sep_row55_col3.csv,0.0016224384307861328,0.0017712116241455078,0.0015347003936767578
row_more_sep_row22_col2.csv,0.0018203258514404297,0.001291036605834961,0.0018324851989746094
row_more_sep_row66_col3.csv,0.0014905929565429688,0.0014717578887939453,0.001504659652709961
row_more_sep_row45_col7.csv,0.0016372203826904297,0.0016160011291503906,0.0015096664428710938
row_less_sep_row44_col7.csv,0.002146482467651367,0.0014495849609375,0.0022766590118408203
row_more_sep_row55_col3.csv,0.0018172264099121094,0.002233266830444336,0.0017647743225097656
row_more_sep_row14_col2.csv,0.0018024444580078125,0.0014972686767578125,0.0014154911041259766
row_extra_quote29_col6.csv,0.0017032623291015625,0.0013394355773925781,0.002050638198852539
row_more_sep_row61_col3.csv,0.0016078948974609375,0.0016965866088867188,0.0015947818756103516
row_more_sep_row80_col4.csv,0.0017061233520507812,0.0016703605651855469,0.0014240741729736328
row_extra_quote18_col8.csv,0.0019812583923339844,0.0013165473937988281,0.0018134117126464844
row_more_sep_row69_col5.csv,0.0016412734985351562,0.0014069080352783203,0.0019447803497314453
row_extra_quote33_col6.csv,0.0016622543334960938,0.0017352104187011719,0.0016589164733886719
row_extra_quote4_col8.csv,0.001527547836303711,0.001337289810180664,0.0019342899322509766
row_less_sep_row14_col8.csv,0.0016372203826904297,0.0016067028045654297,0.0015037059783935547
row_extra_quote61_col6.csv,0.0022995471954345703,0.0012814998626708984,0.0013148784637451172
row_extra_quote25_col5.csv,0.0017063617706298828,0.0013988018035888672,0.0016934871673583984
row_less_sep_row9_col1.csv,0.0016202926635742188,0.002428293228149414,0.0017802715301513672
row_extra_quote2_col5.csv,0.0022199153900146484,0.0012965202331542969,0.0016791820526123047
row_less_sep_row9_col4.csv,0.0015375614166259766,0.001293182373046875,0.0017061233520507812
row_less_sep_row52_col3.csv,0.0015251636505126953,0.0017251968383789062,0.0014030933380126953
row_extra_quote82_col2.csv,0.0020897388458251953,0.0012369155883789062,0.0017209053039550781
row_more_sep_row32_col2.csv,0.0017554759979248047,0.001997232437133789,0.0016353130340576172
row_more_sep_row13_col5.csv,0.0016894340515136719,0.001741170883178711,0.0015993118286132812
row_more_sep_row45_col2.csv,0.001463174819946289,0.0014214515686035156,0.0017724037170410156
row_more_sep_row64_col4.csv,0.0016241073608398438,0.0019445419311523438,0.001683950424194336
row_more_sep_row47_col6.csv,0.00215911865234375,0.0012810230255126953,0.0021560192108154297
row_less_sep_row51_col8.csv,0.00761866569519043,0.0023810863494873047,0.001691579818725586
row_more_sep_row82_col6.csv,0.0017037391662597656,0.001672506332397461,0.002030611038208008
row_less_sep_row51_col1.csv,0.001520395278930664,0.0013108253479003906,0.0016663074493408203
row_more_sep_row9_col0.csv,0.0017352104187011719,0.0017349720001220703,0.0013384819030761719
row_extra_quote65_col0.csv,0.002011537551879883,0.0011827945709228516,0.0014088153839111328
row_less_sep_row47_col5.csv,0.001707315444946289,0.0015330314636230469,0.0020248889923095703
row_field_delimiter_25_0x20.csv,0.0015065670013427734,0.0019412040710449219,0.0026006698608398438
row_less_sep_row27_col7.csv,0.0018279552459716797,0.0028967857360839844,0.0016465187072753906
file_multitable_less.csv,0.002254962921142578,0.002786874771118164,0.0018477439880371094
row_more_sep_row11_col7.csv,0.0018188953399658203,0.0015132427215576172,0.0025568008422851562
row_more_sep_row64_col8.csv,0.0014979839324951172,0.0022170543670654297,0.001628875732421875
row_more_sep_row11_col3.csv,0.0016515254974365234,0.0016062259674072266,0.0022630691528320312
row_more_sep_row62_col1.csv,0.0023882389068603516,0.002361774444580078,0.001972675323486328
row_extra_quote15_col7.csv,0.0015988349914550781,0.0015833377838134766,0.0016758441925048828
row_more_sep_row68_col7.csv,0.001950979232788086,0.0014994144439697266,0.001562356948852539
row_more_sep_row66_col1.csv,0.0015034675598144531,0.0012240409851074219,0.0027320384979248047
row_less_sep_row65_col1.csv,0.0017147064208984375,0.002306222915649414,0.0015981197357177734
row_more_sep_row51_col7.csv,0.0014150142669677734,0.001317739486694336,0.0017409324645996094
row_extra_quote6_col1.csv,0.002564668655395508,0.0020635128021240234,0.0019860267639160156
row_extra_quote49_col6.csv,0.001985788345336914,0.001680135726928711,0.0023069381713867188
row_more_sep_row81_col7.csv,0.0017981529235839844,0.0017828941345214844,0.001600027084350586
row_more_sep_row0_col6.csv,0.001935720443725586,0.001615285873413086,0.0017843246459960938
row_less_sep_row68_col6.csv,0.0026133060455322266,0.002234220504760742,0.001756429672241211
row_less_sep_row74_col6.csv,0.0018007755279541016,0.0015988349914550781,0.0017402172088623047
row_more_sep_row14_col4.csv,0.0023169517517089844,0.002151966094970703,0.002452850341796875
row_extra_quote42_col1.csv,0.0017046928405761719,0.0017230510711669922,0.001819610595703125
row_extra_quote10_col8.csv,0.0015277862548828125,0.0017313957214355469,0.0020971298217773438
row_extra_quote11_col0.csv,0.0016474723815917969,0.0019638538360595703,0.002027750015258789
row_more_sep_row35_col1.csv,0.003250598907470703,0.0018727779388427734,0.002277374267578125
row_less_sep_row32_col5.csv,0.001893758773803711,0.002751588821411133,0.001856088638305664
row_more_sep_row73_col3.csv,0.0016727447509765625,0.0016379356384277344,0.0016777515411376953
row_extra_quote43_col8.csv,0.001596689224243164,0.00244903564453125,0.001779317855834961
row_more_sep_row21_col3.csv,0.0017971992492675781,0.0016999244689941406,0.0018208026885986328
row_extra_quote78_col3.csv,0.001573801040649414,0.002396106719970703,0.0023360252380371094
row_less_sep_row32_col3.csv,0.0018763542175292969,0.0017521381378173828,0.0017552375793457031
row_less_sep_row66_col6.csv,0.0017833709716796875,0.0026702880859375,0.0018854141235351562
row_less_sep_row0_col2.csv,0.0029964447021484375,0.0019571781158447266,0.0025441646575927734
row_more_sep_row49_col3.csv,0.0016362667083740234,0.0014688968658447266,0.0016674995422363281
row_extra_quote43_col6.csv,0.0017826557159423828,0.0019085407257080078,0.0023195743560791016
row_less_sep_row43_col7.csv,0.0020079612731933594,0.0017595291137695312,0.001800537109375
row_extra_quote26_col7.csv,0.0015468597412109375,0.0015823841094970703,0.0019593238830566406
row_field_delimiter_26_0x20.csv,0.002165079116821289,0.0016548633575439453,0.0013675689697265625
row_more_sep_row46_col8.csv,0.0022101402282714844,0.0014636516571044922,0.0013089179992675781
row_extra_quote52_col1.csv,0.001331329345703125,0.0013976097106933594,0.0024023056030273438
row_more_sep_row75_col6.csv,0.0016427040100097656,0.001249551773071289,0.0013608932495117188
row_less_sep_row56_col5.csv,0.0017430782318115234,0.0015099048614501953,0.0028192996978759766
row_extra_quote2_col8.csv,0.0017457008361816406,0.0016503334045410156,0.0015954971313476562
row_extra_quote8_col5.csv,0.0017101764678955078,0.0022454261779785156,0.002028226852416992
row_more_sep_row70_col8.csv,0.0015263557434082031,0.0017752647399902344,0.0017702579498291016
row_more_sep_row43_col1.csv,0.0029349327087402344,0.0018720626831054688,0.001795053482055664
row_more_sep_row24_col4.csv,0.00148773193359375,0.0015325546264648438,0.002122163772583008
row_extra_quote56_col0.csv,0.0018873214721679688,0.0014314651489257812,0.0014057159423828125
row_more_sep_row41_col7.csv,0.0014386177062988281,0.0013089179992675781,0.0016827583312988281
row_more_sep_row22_col8.csv,0.0016748905181884766,0.0016620159149169922,0.0017864704132080078
row_extra_quote73_col5.csv,0.0016167163848876953,0.0013589859008789062,0.0011970996856689453
row_more_sep_row71_col5.csv,0.0016813278198242188,0.0015833377838134766,0.002343416213989258
row_more_sep_row32_col3.csv,0.0014200210571289062,0.0011599063873291016,0.0016436576843261719
row_extra_quote63_col6.csv,0.001958131790161133,0.002380847930908203,0.0015666484832763672
row_less_sep_row8_col3.csv,0.0013391971588134766,0.0013942718505859375,0.002397298812866211
row_more_sep_row16_col2.csv,0.0014617443084716797,0.0014100074768066406,0.0016701221466064453
row_more_sep_row75_col5.csv,0.0018510818481445312,0.0022325515747070312,0.0015707015991210938
row_more_sep_row1_col3.csv,0.002656221389770508,0.0018455982208251953,0.0017957687377929688
row_less_sep_row80_col8.csv,0.0018374919891357422,0.003175020217895508,0.002451181411743164
row_more_sep_row29_col3.csv,0.003391742706298828,0.002136707305908203,0.0020051002502441406
row_less_sep_row11_col5.csv,0.0018191337585449219,0.0017871856689453125,0.0018360614776611328
row_field_delimiter_49_0x20.csv,0.0027205944061279297,0.001729726791381836,0.002149343490600586
row_extra_quote39_col8.csv,0.001775979995727539,0.002275705337524414,0.002346038818359375
row_less_sep_row57_col3.csv,0.0016222000122070312,0.001617431640625,0.0016086101531982422
row_less_sep_row7_col5.csv,0.001806020736694336,0.0021338462829589844,0.001825571060180664
row_less_sep_row82_col3.csv,0.0013802051544189453,0.0013070106506347656,0.0015559196472167969
row_extra_quote0_col2.csv,0.0028657913208007812,0.004304647445678711,0.002539396286010742
row_less_sep_row11_col8.csv,0.0014317035675048828,0.0014672279357910156,0.0019054412841796875
row_less_sep_row58_col8.csv,0.0021486282348632812,0.0019614696502685547,0.0017397403717041016
row_more_sep_row11_col8.csv,0.0014955997467041016,0.001771688461303711,0.0016140937805175781
row_more_sep_row23_col3.csv,0.0016453266143798828,0.0014309883117675781,0.0017170906066894531
row_less_sep_row32_col2.csv,0.002130270004272461,0.0017726421356201172,0.0018148422241210938
row_less_sep_row22_col8.csv,0.001603841781616211,0.0018897056579589844,0.0025658607482910156
row_less_sep_row42_col1.csv,0.0015575885772705078,0.0021889209747314453,0.0019326210021972656
row_more_sep_row70_col1.csv,0.0015559196472167969,0.0020661354064941406,0.002061605453491211
row_less_sep_row5_col3.csv,0.0017619132995605469,0.0016450881958007812,0.0018374919891357422
row_extra_quote18_col5.csv,0.002553701400756836,0.0015349388122558594,0.0015578269958496094
row_less_sep_row64_col3.csv,0.0014712810516357422,0.0017323493957519531,0.0019154548645019531
row_field_delimiter_39_0x20.csv,0.0016219615936279297,0.0014536380767822266,0.0016124248504638672
row_extra_quote38_col2.csv,0.001791238784790039,0.0026178359985351562,0.0017704963684082031
row_less_sep_row15_col3.csv,0.0015859603881835938,0.001565694808959961,0.0015184879302978516
row_extra_quote21_col8.csv,0.002306699752807617,0.0021514892578125,0.0016889572143554688
row_less_sep_row54_col7.csv,0.001672506332397461,0.0014166831970214844,0.002241373062133789
row_extra_quote52_col2.csv,0.0016300678253173828,0.0016543865203857422,0.001786947250366211
row_less_sep_row79_col4.csv,0.0018193721771240234,0.0014767646789550781,0.0015039443969726562
row_more_sep_row58_col7.csv,0.0019664764404296875,0.0021245479583740234,0.001695871353149414
row_extra_quote63_col7.csv,0.0017478466033935547,0.0015621185302734375,0.0015621185302734375
row_extra_quote63_col2.csv,0.0019373893737792969,0.0016777515411376953,0.0017197132110595703
row_less_sep_row20_col7.csv,0.001650094985961914,0.00177001953125,0.0020728111267089844
row_extra_quote33_col0.csv,0.0021238327026367188,0.001817464828491211,0.0016269683837890625
row_more_sep_row33_col0.csv,0.0014290809631347656,0.0016176700592041016,0.002248525619506836
row_extra_quote26_col6.csv,0.001794576644897461,0.0015251636505126953,0.0018281936645507812
row_less_sep_row45_col6.csv,0.001990079879760742,0.001445770263671875,0.0020318031311035156
row_more_sep_row55_col8.csv,0.0022590160369873047,0.0016765594482421875,0.0016932487487792969
row_less_sep_row26_col2.csv,0.0017216205596923828,0.0012676715850830078,0.0019404888153076172
row_more_sep_row58_col3.csv,0.0015633106231689453,0.001512289047241211,0.0015091896057128906
row_more_sep_row72_col8.csv,0.0018858909606933594,0.001988649368286133,0.00159454345703125
row_extra_quote82_col5.csv,0.0013146400451660156,0.0013356208801269531,0.0014853477478027344
row_more_sep_row45_col0.csv,0.0017309188842773438,0.0014007091522216797,0.0019197463989257812
row_extra_quote37_col1.csv,0.001734018325805664,0.0017611980438232422,0.0020797252655029297
row_more_sep_row16_col6.csv,0.0022101402282714844,0.0015265941619873047,0.0018310546875
row_more_sep_row63_col5.csv,0.0016415119171142578,0.0023899078369140625,0.0019550323486328125
row_extra_quote54_col5.csv,0.0018010139465332031,0.0016970634460449219,0.0018870830535888672
row_more_sep_row2_col8.csv,0.0018486976623535156,0.0015592575073242188,0.0018703937530517578
row_extra_quote58_col6.csv,0.0016281604766845703,0.0013780593872070312,0.001683950424194336
row_less_sep_row16_col8.csv,0.0023589134216308594,0.0018534660339355469,0.0019693374633789062
row_less_sep_row64_col6.csv,0.0018172264099121094,0.002044200897216797,0.0020401477813720703
row_less_sep_row36_col5.csv,0.001997709274291992,0.0020279884338378906,0.001880645751953125
row_less_sep_row29_col6.csv,0.0030515193939208984,0.002122163772583008,0.0016553401947021484
row_more_sep_row0_col0.csv,0.0018799304962158203,0.0015587806701660156,0.002256155014038086
row_less_sep_row59_col4.csv,0.0017750263214111328,0.0014116764068603516,0.0018982887268066406
row_less_sep_row14_col6.csv,0.0014634132385253906,0.0015950202941894531,0.0015583038330078125
row_more_sep_row16_col7.csv,0.001538991928100586,0.0017924308776855469,0.0021028518676757812
row_less_sep_row60_col4.csv,0.0018084049224853516,0.0014433860778808594,0.0015749931335449219
row_less_sep_row8_col8.csv,0.0013737678527832031,0.0011448860168457031,0.0014140605926513672
row_less_sep_row5_col4.csv,0.002045154571533203,0.00179290771484375,0.0017993450164794922
row_more_sep_row73_col5.csv,0.0016567707061767578,0.001361846923828125,0.002208709716796875
row_extra_quote10_col2.csv,0.001924276351928711,0.0013856887817382812,0.0019249916076660156
row_extra_quote67_col8.csv,0.002000570297241211,0.0017285346984863281,0.0018630027770996094
row_extra_quote79_col4.csv,0.0016283988952636719,0.0021016597747802734,0.0017323493957519531
row_less_sep_row71_col3.csv,0.0013723373413085938,0.0015912055969238281,0.0012891292572021484
row_extra_quote32_col0.csv,0.001462697982788086,0.0019550323486328125,0.0020515918731689453
row_extra_quote39_col1.csv,0.001493692398071289,0.0014972686767578125,0.0020203590393066406
row_extra_quote31_col4.csv,0.0016090869903564453,0.0016553401947021484,0.0019314289093017578
row_more_sep_row54_col4.csv,0.0016391277313232422,0.0013039112091064453,0.0014362335205078125
row_extra_quote77_col2.csv,0.0018153190612792969,0.0014293193817138672,0.0016696453094482422
row_more_sep_row58_col5.csv,0.0014567375183105469,0.0015649795532226562,0.0020132064819335938
row_more_sep_row46_col1.csv,0.0017292499542236328,0.0015711784362792969,0.0015780925750732422
row_less_sep_row69_col7.csv,0.0015823841094970703,0.00127410888671875,0.0014040470123291016
row_less_sep_row25_col5.csv,0.0020439624786376953,0.0018494129180908203,0.0016620159149169922
row_less_sep_row7_col7.csv,0.0016584396362304688,0.0013842582702636719,0.0014181137084960938
row_extra_quote52_col5.csv,0.0016586780548095703,0.0014500617980957031,0.0025136470794677734
file_no_header.csv,0.001783609390258789,0.001737833023071289,0.0017960071563720703
row_more_sep_row80_col2.csv,0.0019259452819824219,0.0015575885772705078,0.0017666816711425781
row_less_sep_row72_col6.csv,0.0014262199401855469,0.0014657974243164062,0.0018486976623535156
row_extra_quote17_col6.csv,0.0015239715576171875,0.001661539077758789,0.0016477108001708984
row_extra_quote65_col2.csv,0.002367258071899414,0.0016124248504638672,0.0016632080078125
row_field_delimiter_12_0x20.csv,0.0016803741455078125,0.0015892982482910156,0.0019524097442626953
row_more_sep_row77_col8.csv,0.0018546581268310547,0.0014715194702148438,0.0015320777893066406
row_less_sep_row55_col4.csv,0.0016748905181884766,0.001901865005493164,0.0021605491638183594
row_extra_quote28_col8.csv,0.001834869384765625,0.0017096996307373047,0.0018405914306640625
row_less_sep_row71_col5.csv,0.0014085769653320312,0.0020706653594970703,0.0016870498657226562
row_extra_quote32_col6.csv,0.0013668537139892578,0.0014317035675048828,0.001512765884399414
row_extra_quote12_col6.csv,0.0019199848175048828,0.0016679763793945312,0.0013680458068847656
row_less_sep_row17_col5.csv,0.0014445781707763672,0.0013265609741210938,0.0024499893188476562
row_less_sep_row74_col4.csv,0.002200603485107422,0.0018470287322998047,0.0014460086822509766
row_more_sep_row12_col6.csv,0.0014386177062988281,0.0018668174743652344,0.0017604827880859375
row_more_sep_row30_col8.csv,0.0022423267364501953,0.0019469261169433594,0.001659393310546875
row_less_sep_row75_col1.csv,0.0016889572143554688,0.001285552978515625,0.0017523765563964844
row_extra_quote9_col1.csv,0.0018045902252197266,0.0023305416107177734,0.0018367767333984375
row_extra_quote8_col8.csv,0.0017213821411132812,0.00148773193359375,0.0016627311706542969
row_more_sep_row40_col4.csv,0.0020859241485595703,0.00185394287109375,0.0018491744995117188
row_less_sep_row10_col4.csv,0.0019838809967041016,0.0019350051879882812,0.0016124248504638672
row_extra_quote45_col4.csv,0.001443624496459961,0.0011599063873291016,0.0017979145050048828
row_more_sep_row27_col2.csv,0.0015330314636230469,0.0012240409851074219,0.0013928413391113281
row_less_sep_row45_col4.csv,0.0018808841705322266,0.0018036365509033203,0.0017812252044677734
row_extra_quote34_col1.csv,0.0014948844909667969,0.0015106201171875,0.0021123886108398438
row_less_sep_row66_col8.csv,0.0018055438995361328,0.0012781620025634766,0.0012903213500976562
row_more_sep_row79_col4.csv,0.0014295578002929688,0.001506805419921875,0.002337932586669922
row_more_sep_row27_col0.csv,0.001613616943359375,0.0018436908721923828,0.0016407966613769531
row_less_sep_row13_col1.csv,0.0013120174407958984,0.0013797283172607422,0.0018682479858398438
row_less_sep_row0_col5.csv,0.001634836196899414,0.0013306140899658203,0.0014691352844238281
row_less_sep_row47_col7.csv,0.0014865398406982422,0.002013683319091797,0.0017595291137695312
row_more_sep_row1_col7.csv,0.001659393310546875,0.0016326904296875,0.0017499923706054688
row_field_delimiter_13_0x20.csv,0.0017237663269042969,0.001638174057006836,0.0020089149475097656
row_less_sep_row10_col6.csv,0.0015921592712402344,0.001344919204711914,0.0016155242919921875
row_field_delimiter_20_0x20.csv,0.0017864704132080078,0.00157928466796875,0.0014758110046386719
row_more_sep_row61_col2.csv,0.001470327377319336,0.0021047592163085938,0.0018775463104248047
row_less_sep_row11_col7.csv,0.0016188621520996094,0.0014657974243164062,0.0016300678253173828
row_less_sep_row21_col6.csv,0.0014421939849853516,0.001519918441772461,0.0016045570373535156
row_more_sep_row21_col1.csv,0.0018782615661621094,0.0014731884002685547,0.0014843940734863281
row_less_sep_row3_col3.csv,0.0015299320220947266,0.0014660358428955078,0.0020160675048828125
row_extra_quote70_col6.csv,0.002079486846923828,0.0017020702362060547,0.001447916030883789
row_more_sep_row13_col8.csv,0.0014147758483886719,0.0014491081237792969,0.0017459392547607422
row_more_sep_row39_col3.csv,0.001750946044921875,0.0013148784637451172,0.0014996528625488281
row_less_sep_row46_col1.csv,0.0015683174133300781,0.0017728805541992188,0.0017027854919433594
row_less_sep_row27_col5.csv,0.0013883113861083984,0.0013890266418457031,0.0014891624450683594
row_more_sep_row55_col0.csv,0.0020284652709960938,0.0016646385192871094,0.0019218921661376953
row_extra_quote24_col5.csv,0.0014004707336425781,0.0013928413391113281,0.001814126968383789
row_extra_quote49_col4.csv,0.0017027854919433594,0.0017313957214355469,0.0016388893127441406
row_extra_quote70_col1.csv,0.0014612674713134766,0.0014195442199707031,0.001955747604370117
row_extra_quote26_col1.csv,0.001672983169555664,0.0013430118560791016,0.0013928413391113281
row_less_sep_row80_col7.csv,0.001470327377319336,0.0019335746765136719,0.001445770263671875
row_more_sep_row46_col5.csv,0.0014390945434570312,0.0016331672668457031,0.0019085407257080078
row_less_sep_row77_col8.csv,0.0016236305236816406,0.0014994144439697266,0.0017018318176269531
row_more_sep_row17_col3.csv,0.001804351806640625,0.0016200542449951172,0.0021698474884033203
row_extra_quote37_col4.csv,0.0016512870788574219,0.001428842544555664,0.0013675689697265625
row_more_sep_row80_col3.csv,0.0015869140625,0.0014836788177490234,0.0018873214721679688
row_less_sep_row47_col1.csv,0.0016334056854248047,0.0019817352294921875,0.0017116069793701172
row_extra_quote4_col2.csv,0.00177764892578125,0.0015180110931396484,0.0015833377838134766
row_less_sep_row24_col2.csv,0.0017812252044677734,0.0015053749084472656,0.0019233226776123047
row_more_sep_row63_col6.csv,0.0014548301696777344,0.001359701156616211,0.0016980171203613281
row_extra_quote1_col8.csv,0.005484104156494141,0.003922700881958008,0.0042018890380859375
row_less_sep_row40_col3.csv,0.0018172264099121094,0.0028972625732421875,0.003061532974243164
row_less_sep_row52_col8.csv,0.0028886795043945312,0.002994060516357422,0.002790689468383789
row_less_sep_row38_col6.csv,0.002096414566040039,0.0014214515686035156,0.00170135498046875
row_extra_quote45_col1.csv,0.0014526844024658203,0.001878499984741211,0.001832723617553711
row_more_sep_row58_col2.csv,0.0018076896667480469,0.001544952392578125,0.0017650127410888672
row_less_sep_row48_col8.csv,0.0018362998962402344,0.0031735897064208984,0.0031480789184570312
row_more_sep_row40_col5.csv,0.0018286705017089844,0.0019533634185791016,0.001664876937866211
row_extra_quote48_col7.csv,0.002154111862182617,0.002367734909057617,0.0016121864318847656
row_more_sep_row18_col2.csv,0.0016002655029296875,0.0018699169158935547,0.0015387535095214844
row_more_sep_row53_col1.csv,0.0016295909881591797,0.001911163330078125,0.0022683143615722656
row_more_sep_row20_col4.csv,0.0017070770263671875,0.001306772232055664,0.0016129016876220703
row_more_sep_row40_col3.csv,0.0016891956329345703,0.0019404888153076172,0.0021317005157470703
row_extra_quote5_col4.csv,0.0019621849060058594,0.0030906200408935547,0.001971006393432617
row_extra_quote70_col4.csv,0.001922607421875,0.0018074512481689453,0.002385854721069336
row_less_sep_row48_col3.csv,0.0016632080078125,0.0018153190612792969,0.0015180110931396484
row_extra_quote24_col8.csv,0.0015997886657714844,0.0014879703521728516,0.0022737979888916016
row_more_sep_row37_col8.csv,0.0015819072723388672,0.001262664794921875,0.0015444755554199219
row_more_sep_row64_col3.csv,0.002038717269897461,0.0018248558044433594,0.0016460418701171875
row_less_sep_row3_col4.csv,0.0016684532165527344,0.001466512680053711,0.001766204833984375
row_more_sep_row65_col7.csv,0.0018835067749023438,0.0014874935150146484,0.0016031265258789062
row_more_sep_row42_col3.csv,0.0014069080352783203,0.0014195442199707031,0.0014052391052246094
row_extra_quote14_col8.csv,0.0017619132995605469,0.0014238357543945312,0.0014369487762451172
row_less_sep_row45_col3.csv,0.0015223026275634766,0.0011970996856689453,0.0020275115966796875
row_extra_quote43_col2.csv,0.0017387866973876953,0.0016334056854248047,0.0016207695007324219
row_less_sep_row67_col3.csv,0.0020198822021484375,0.0015304088592529297,0.0015168190002441406
row_more_sep_row69_col4.csv,0.0013954639434814453,0.0017368793487548828,0.002187967300415039
row_less_sep_row66_col5.csv,0.001417398452758789,0.0011935234069824219,0.0015211105346679688
row_more_sep_row67_col0.csv,0.00182342529296875,0.0016140937805175781,0.0014390945434570312
row_extra_quote81_col8.csv,0.0015208721160888672,0.0019500255584716797,0.001739501953125
row_less_sep_row32_col6.csv,0.00142669677734375,0.0012068748474121094,0.0016522407531738281
row_less_sep_row28_col1.csv,0.0018701553344726562,0.0014619827270507812,0.0016696453094482422
row_more_sep_row65_col0.csv,0.001340627670288086,0.001680135726928711,0.0016183853149414062
row_extra_quote28_col4.csv,0.0015404224395751953,0.0013632774353027344,0.002039670944213867
row_more_sep_row53_col2.csv,0.002321958541870117,0.0015399456024169922,0.0015666484832763672
row_extra_quote67_col3.csv,0.0015339851379394531,0.0015594959259033203,0.0016622543334960938
row_extra_quote20_col4.csv,0.0016710758209228516,0.0016627311706542969,0.0014178752899169922
row_more_sep_row48_col3.csv,0.0016093254089355469,0.0014193058013916016,0.0017504692077636719
row_less_sep_row45_col8.csv,0.0018095970153808594,0.0015757083892822266,0.0014569759368896484
row_less_sep_row62_col4.csv,0.0014367103576660156,0.0013785362243652344,0.001245737075805664
row_less_sep_row20_col4.csv,0.002212047576904297,0.0014035701751708984,0.001516580581665039
row_less_sep_row41_col1.csv,0.0017583370208740234,0.0013527870178222656,0.0023555755615234375
row_less_sep_row57_col4.csv,0.0017004013061523438,0.0016994476318359375,0.0018401145935058594
row_more_sep_row51_col8.csv,0.0020999908447265625,0.0023965835571289062,0.0018935203552246094
row_less_sep_row37_col1.csv,0.0015285015106201172,0.0016968250274658203,0.001836538314819336
row_more_sep_row6_col2.csv,0.0019412040710449219,0.0018029212951660156,0.0019991397857666016
row_more_sep_row26_col6.csv,0.0015499591827392578,0.0018246173858642578,0.0015459060668945312
row_less_sep_row27_col3.csv,0.001764535903930664,0.0020949840545654297,0.001674652099609375
row_extra_quote1_col7.csv,0.001580953598022461,0.0015289783477783203,0.0016889572143554688
row_extra_quote40_col7.csv,0.001817941665649414,0.0019919872283935547,0.0019969940185546875
row_more_sep_row71_col1.csv,0.0017170906066894531,0.0014963150024414062,0.001661062240600586
row_extra_quote80_col4.csv,0.0020666122436523438,0.001689910888671875,0.00167083740234375
row_extra_quote51_col6.csv,0.0016415119171142578,0.0019533634185791016,0.002075672149658203
row_extra_quote43_col3.csv,0.002134561538696289,0.0015680789947509766,0.001779317855834961
row_more_sep_row2_col1.csv,0.0015468597412109375,0.0015270709991455078,0.002084970474243164
row_extra_quote53_col5.csv,0.0020227432250976562,0.0014312267303466797,0.001650094985961914
row_less_sep_row63_col2.csv,0.0017516613006591797,0.0015785694122314453,0.0014934539794921875
row_extra_quote18_col3.csv,0.0020232200622558594,0.002065896987915039,0.0016548633575439453
row_less_sep_row0_col4.csv,0.0018024444580078125,0.0014376640319824219,0.0015408992767333984
row_less_sep_row13_col3.csv,0.002062082290649414,0.001659393310546875,0.0015668869018554688
row_more_sep_row27_col8.csv,0.0014820098876953125,0.0013799667358398438,0.0016219615936279297
row_extra_quote65_col6.csv,0.001798868179321289,0.001428842544555664,0.0014529228210449219
row_less_sep_row75_col8.csv,0.001653432846069336,0.0012814998626708984,0.00191497802734375
row_more_sep_row25_col0.csv,0.0016624927520751953,0.0015704631805419922,0.001661539077758789
row_less_sep_row37_col4.csv,0.0018529891967773438,0.0018079280853271484,0.0018372535705566406
row_extra_quote68_col1.csv,0.0015769004821777344,0.001283407211303711,0.0020897388458251953
row_less_sep_row35_col7.csv,0.0015230178833007812,0.001501321792602539,0.001573324203491211
row_more_sep_row46_col6.csv,0.0016934871673583984,0.0015292167663574219,0.0015115737915039062
row_extra_quote57_col8.csv,0.0015761852264404297,0.0013508796691894531,0.0017409324645996094
row_more_sep_row44_col5.csv,0.0016677379608154297,0.0012345314025878906,0.0014679431915283203
row_extra_quote5_col3.csv,0.001893758773803711,0.0014636516571044922,0.0016849040985107422
file_field_delimiter_0x20.csv,0.001007080078125,0.0008420944213867188,0.0009260177612304688
row_more_sep_row39_col6.csv,0.0015370845794677734,0.001725912094116211,0.0014946460723876953
row_extra_quote7_col3.csv,0.001294851303100586,0.0014026165008544922,0.0017080307006835938
row_less_sep_row23_col5.csv,0.0019147396087646484,0.0017368793487548828,0.0017020702362060547
row_more_sep_row36_col1.csv,0.0015087127685546875,0.0013551712036132812,0.001653909683227539
row_less_sep_row77_col3.csv,0.0014176368713378906,0.0014605522155761719,0.0020647048950195312
row_field_delimiter_17_0x20.csv,0.0019669532775878906,0.0012218952178955078,0.0014710426330566406
row_less_sep_row47_col4.csv,0.0017306804656982422,0.0013039112091064453,0.0021576881408691406
row_less_sep_row43_col1.csv,0.0017647743225097656,0.0015268325805664062,0.0014920234680175781
row_more_sep_row64_col0.csv,0.0018236637115478516,0.0016064643859863281,0.002185821533203125
row_extra_quote58_col0.csv,0.0019459724426269531,0.0014836788177490234,0.001737356185913086
row_less_sep_row29_col4.csv,0.0016720294952392578,0.0019381046295166016,0.002036571502685547
row_more_sep_row82_col1.csv,0.0016994476318359375,0.0016982555389404297,0.0019268989562988281
row_less_sep_row76_col2.csv,0.0017974376678466797,0.002119779586791992,0.0023658275604248047
row_less_sep_row64_col8.csv,0.0017483234405517578,0.0023491382598876953,0.0019278526306152344
row_less_sep_row22_col6.csv,0.0017170906066894531,0.0017218589782714844,0.0019218921661376953
row_extra_quote80_col8.csv,0.0020422935485839844,0.0017275810241699219,0.0017800331115722656
row_extra_quote9_col0.csv,0.0016312599182128906,0.0015285015106201172,0.002567291259765625
row_less_sep_row22_col7.csv,0.0019316673278808594,0.0017271041870117188,0.0017421245574951172
row_more_sep_row35_col4.csv,0.0018436908721923828,0.0017256736755371094,0.002822399139404297
row_more_sep_row69_col0.csv,0.0021953582763671875,0.0019736289978027344,0.002096891403198242
row_more_sep_row54_col0.csv,0.0021636486053466797,0.002260446548461914,0.0024423599243164062
row_more_sep_row64_col6.csv,0.0018584728240966797,0.001617431640625,0.001989126205444336
row_field_delimiter_15_0x20.csv,0.0020923614501953125,0.00214385986328125,0.0020818710327148438
row_more_sep_row68_col4.csv,0.001962423324584961,0.002222299575805664,0.001926422119140625
row_less_sep_row63_col6.csv,0.0014793872833251953,0.0015239715576171875,0.0016405582427978516
row_extra_quote39_col0.csv,0.0016546249389648438,0.0018630027770996094,0.001750946044921875
row_more_sep_row77_col3.csv,0.0018033981323242188,0.0012104511260986328,0.0013079643249511719
row_extra_quote39_col2.csv,0.0015146732330322266,0.001741170883178711,0.0015616416931152344
row_less_sep_row26_col6.csv,0.0016853809356689453,0.0013926029205322266,0.0016660690307617188
row_more_sep_row19_col2.csv,0.0012729167938232422,0.0012962818145751953,0.0013844966888427734
row_more_sep_row65_col6.csv,0.0018672943115234375,0.001447439193725586,0.001787424087524414
row_more_sep_row72_col7.csv,0.0014646053314208984,0.0013051033020019531,0.0018525123596191406
row_less_sep_row80_col3.csv,0.0016512870788574219,0.001272439956665039,0.00141143798828125
