filename,duckdbauto_strict_time_0,duckdbauto_strict_time_1,duckdbauto_strict_time_2
row_extra_quote80_col1.csv,0.011548757553100586,0.006206035614013672,0.006086111068725586
row_less_sep_row57_col2.csv,0.011799335479736328,0.006068229675292969,0.006567955017089844
row_extra_quote57_col2.csv,0.007844209671020508,0.008968591690063477,0.00803685188293457
row_extra_quote33_col5.csv,0.009886741638183594,0.009577274322509766,0.007282733917236328
row_less_sep_row81_col5.csv,0.009151697158813477,0.008566617965698242,0.007829427719116211
row_less_sep_row2_col7.csv,0.008847951889038086,0.00816202163696289,0.010019302368164062
row_less_sep_row67_col4.csv,0.010647773742675781,0.007496833801269531,0.0074579715728759766
row_less_sep_row21_col4.csv,0.009881258010864258,0.007045745849609375,0.007835626602172852
row_more_sep_row17_col6.csv,0.01050424575805664,0.009243011474609375,0.007850885391235352
row_less_sep_row56_col2.csv,0.009723424911499023,0.008608818054199219,0.008426666259765625
row_more_sep_row57_col2.csv,0.009498357772827148,0.01018381118774414,0.00873422622680664
row_extra_quote14_col4.csv,0.01147770881652832,0.010584354400634766,0.007989883422851562
row_less_sep_row61_col6.csv,0.00895547866821289,0.008029699325561523,0.008955955505371094
row_extra_quote20_col6.csv,0.010676383972167969,0.01077723503112793,0.008529424667358398
row_extra_quote74_col3.csv,0.00972747802734375,0.0090789794921875,0.009769916534423828
row_extra_quote53_col7.csv,0.010880470275878906,0.008016586303710938,0.008776187896728516
row_less_sep_row34_col6.csv,0.009620904922485352,0.008190155029296875,0.009567737579345703
row_more_sep_row5_col3.csv,0.010950326919555664,0.007588863372802734,0.008321762084960938
row_more_sep_row10_col0.csv,0.009236574172973633,0.00846242904663086,0.008331537246704102
row_less_sep_row2_col2.csv,0.01215362548828125,0.009483575820922852,0.007765293121337891
row_more_sep_row61_col5.csv,0.010250568389892578,0.007794380187988281,0.008029460906982422
row_extra_quote12_col5.csv,0.009549856185913086,0.007693767547607422,0.008888721466064453
row_less_sep_row47_col2.csv,0.01224970817565918,0.008543252944946289,0.009204387664794922
row_more_sep_row13_col2.csv,0.011347770690917969,0.008008003234863281,0.007447481155395508
row_extra_quote41_col1.csv,0.010317802429199219,0.008692741394042969,0.009123086929321289
row_more_sep_row37_col5.csv,0.010187149047851562,0.008011817932128906,0.008283615112304688
row_extra_quote58_col4.csv,0.011359453201293945,0.009674072265625,0.00846719741821289
row_extra_quote6_col8.csv,0.010746479034423828,0.009517669677734375,0.00951838493347168
row_more_sep_row2_col4.csv,0.01004338264465332,0.009697914123535156,0.0087738037109375
row_more_sep_row76_col5.csv,0.009262800216674805,0.00997304916381836,0.008213520050048828
row_extra_quote75_col8.csv,0.009734392166137695,0.009769439697265625,0.00791478157043457
row_extra_quote16_col6.csv,0.010491371154785156,0.008199453353881836,0.008535385131835938
row_less_sep_row25_col7.csv,0.009883642196655273,0.007302761077880859,0.007613182067871094
row_extra_quote3_col1.csv,0.009972810745239258,0.008210182189941406,0.007769346237182617
row_less_sep_row44_col6.csv,0.012316703796386719,0.008819103240966797,0.007699728012084961
row_more_sep_row8_col5.csv,0.010318994522094727,0.008086442947387695,0.008713960647583008
row_more_sep_row31_col8.csv,0.008361577987670898,0.008244514465332031,0.008519649505615234
row_more_sep_row5_col6.csv,0.010916948318481445,0.008165597915649414,0.010474681854248047
row_extra_quote59_col8.csv,0.011550426483154297,0.008407354354858398,0.009723186492919922
row_less_sep_row41_col6.csv,0.011076211929321289,0.007853507995605469,0.008388757705688477
row_extra_quote53_col8.csv,0.00994110107421875,0.007952451705932617,0.007594108581542969
row_more_sep_row3_col1.csv,0.01074361801147461,0.007645130157470703,0.008463382720947266
row_more_sep_row81_col1.csv,0.008997201919555664,0.008626699447631836,0.009064674377441406
row_extra_quote44_col7.csv,0.011722326278686523,0.01202082633972168,0.008475065231323242
row_extra_quote41_col5.csv,0.009077072143554688,0.008435964584350586,0.007813453674316406
row_more_sep_row74_col5.csv,0.010498285293579102,0.008303165435791016,0.00872802734375
row_more_sep_row28_col0.csv,0.010402917861938477,0.011530399322509766,0.00873565673828125
row_more_sep_row47_col5.csv,0.011392831802368164,0.008095979690551758,0.009050846099853516
row_more_sep_row44_col4.csv,0.011378049850463867,0.008922815322875977,0.008924007415771484
row_more_sep_row51_col6.csv,0.01382303237915039,0.009294271469116211,0.00843358039855957
row_more_sep_row32_col1.csv,0.012174606323242188,0.009432554244995117,0.007882833480834961
row_extra_quote46_col3.csv,0.014221429824829102,0.009450197219848633,0.007743358612060547
row_extra_quote56_col2.csv,0.009798526763916016,0.007904291152954102,0.009375333786010742
row_more_sep_row30_col6.csv,0.010886907577514648,0.008811473846435547,0.008386611938476562
row_less_sep_row69_col4.csv,0.01196908950805664,0.008475065231323242,0.008110761642456055
row_extra_quote0_col0.csv,0.010284423828125,0.007974863052368164,0.007941484451293945
row_more_sep_row30_col2.csv,0.011578083038330078,0.009598970413208008,0.008184432983398438
row_more_sep_row14_col8.csv,0.010523080825805664,0.007934331893920898,0.007458209991455078
row_less_sep_row54_col2.csv,0.009863138198852539,0.007923126220703125,0.008136272430419922
row_less_sep_row31_col5.csv,0.010738134384155273,0.010430574417114258,0.009502410888671875
row_extra_quote30_col0.csv,0.00913381576538086,0.0077054500579833984,0.00798177719116211
row_more_sep_row60_col1.csv,0.01153564453125,0.007865190505981445,0.008577108383178711
row_extra_quote10_col3.csv,0.010599136352539062,0.008125066757202148,0.007513523101806641
row_less_sep_row6_col5.csv,0.00995945930480957,0.007726430892944336,0.007821083068847656
row_less_sep_row39_col2.csv,0.009491443634033203,0.0076923370361328125,0.007953643798828125
row_less_sep_row46_col8.csv,0.00954127311706543,0.008150577545166016,0.009480476379394531
row_extra_quote76_col5.csv,0.009668350219726562,0.007718324661254883,0.007716178894042969
row_extra_quote31_col8.csv,0.01046609878540039,0.007999658584594727,0.008074283599853516
row_extra_quote56_col8.csv,0.010950088500976562,0.008775949478149414,0.007850408554077148
row_less_sep_row48_col7.csv,0.009402990341186523,0.008466005325317383,0.00792074203491211
row_more_sep_row8_col2.csv,0.009490251541137695,0.009853124618530273,0.008285284042358398
row_less_sep_row83_col8.csv,0.010215520858764648,0.00889277458190918,0.007799625396728516
row_more_sep_row68_col3.csv,0.00882411003112793,0.007874727249145508,0.009588241577148438
row_more_sep_row0_col7.csv,0.010718822479248047,0.008971929550170898,0.009763956069946289
row_less_sep_row79_col2.csv,0.009857177734375,0.00928187370300293,0.00756382942199707
row_less_sep_row4_col7.csv,0.009393930435180664,0.0075342655181884766,0.008264303207397461
row_more_sep_row80_col1.csv,0.011623859405517578,0.007781982421875,0.008897781372070312
row_less_sep_row13_col5.csv,0.00914311408996582,0.007546901702880859,0.008198976516723633
row_more_sep_row22_col3.csv,0.009073019027709961,0.008421182632446289,0.00963449478149414
row_less_sep_row58_col2.csv,0.010027647018432617,0.007544517517089844,0.007519721984863281
row_more_sep_row43_col5.csv,0.009773492813110352,0.0073299407958984375,0.007659435272216797
row_extra_quote37_col0.csv,0.010648965835571289,0.007711887359619141,0.00804591178894043
row_extra_quote17_col1.csv,0.008936166763305664,0.008470296859741211,0.007882356643676758
row_extra_quote38_col0.csv,0.010378122329711914,0.010126590728759766,0.00777888298034668
row_less_sep_row37_col6.csv,0.010500431060791016,0.008022546768188477,0.00795602798461914
row_extra_quote16_col8.csv,0.009523153305053711,0.008734703063964844,0.009856462478637695
row_less_sep_row15_col5.csv,0.009920597076416016,0.0074138641357421875,0.007475614547729492
row_less_sep_row15_col1.csv,0.008800745010375977,0.007474422454833984,0.008066654205322266
row_less_sep_row67_col5.csv,0.010544776916503906,0.007588863372802734,0.008095741271972656
row_less_sep_row12_col8.csv,0.009209871292114258,0.007505893707275391,0.0077266693115234375
row_extra_quote45_col8.csv,0.010123729705810547,0.008677482604980469,0.008054971694946289
row_field_delimiter_29_0x20.csv,0.009033203125,0.007532835006713867,0.009238958358764648
row_field_delimiter_67_0x20.csv,0.009809017181396484,0.008133411407470703,0.008482217788696289
row_less_sep_row53_col6.csv,0.008884668350219727,0.008318424224853516,0.00738072395324707
row_more_sep_row60_col0.csv,0.010395526885986328,0.00770115852355957,0.008199453353881836
row_extra_quote70_col8.csv,0.009742021560668945,0.008201360702514648,0.007894039154052734
row_extra_quote22_col6.csv,0.009467840194702148,0.010663747787475586,0.00782465934753418
row_extra_quote20_col5.csv,0.01016855239868164,0.007566690444946289,0.008101940155029297
row_less_sep_row68_col3.csv,0.009965896606445312,0.00830531120300293,0.011394500732421875
row_less_sep_row59_col7.csv,0.009828329086303711,0.008699893951416016,0.007879495620727539
row_more_sep_row77_col2.csv,0.009136676788330078,0.007368326187133789,0.007610797882080078
row_more_sep_row82_col4.csv,0.011577129364013672,0.009386301040649414,0.007553577423095703
row_more_sep_row61_col4.csv,0.009574651718139648,0.009472370147705078,0.00755763053894043
row_less_sep_row54_col1.csv,0.010023355484008789,0.007589101791381836,0.008510351181030273
row_extra_quote56_col4.csv,0.010013103485107422,0.008191585540771484,0.010153532028198242
row_more_sep_row33_col3.csv,0.009660959243774414,0.008336544036865234,0.008269548416137695
row_extra_quote57_col6.csv,0.009318351745605469,0.008038520812988281,0.007884979248046875
row_more_sep_row19_col0.csv,0.011492252349853516,0.00824284553527832,0.007654905319213867
row_more_sep_row23_col6.csv,0.008636474609375,0.007948160171508789,0.0076482295989990234
row_less_sep_row21_col2.csv,0.008702754974365234,0.008146047592163086,0.008405447006225586
row_more_sep_row66_col5.csv,0.009391069412231445,0.007609844207763672,0.008043050765991211
row_extra_quote5_col2.csv,0.009927749633789062,0.0074901580810546875,0.007521629333496094
row_less_sep_row4_col2.csv,0.009585380554199219,0.008296728134155273,0.007504940032958984
row_less_sep_row10_col1.csv,0.00956106185913086,0.008139848709106445,0.008327245712280273
row_extra_quote1_col3.csv,0.010201692581176758,0.007657051086425781,0.009539365768432617
row_extra_quote69_col3.csv,0.009041070938110352,0.007241010665893555,0.007895469665527344
row_more_sep_row38_col8.csv,0.00923776626586914,0.007458925247192383,0.007323503494262695
row_extra_quote32_col8.csv,0.010555028915405273,0.008227109909057617,0.00795888900756836
row_extra_quote58_col3.csv,0.00977468490600586,0.007857322692871094,0.008137226104736328
row_extra_quote79_col0.csv,0.009594202041625977,0.008481740951538086,0.008642196655273438
row_extra_quote68_col2.csv,0.009265661239624023,0.0076715946197509766,0.007939577102661133
row_more_sep_row80_col5.csv,0.010158300399780273,0.0076863765716552734,0.008067846298217773
row_extra_quote33_col8.csv,0.010518312454223633,0.007876396179199219,0.007668495178222656
row_less_sep_row37_col7.csv,0.009500265121459961,0.01043844223022461,0.008165359497070312
row_field_delimiter_38_0x20.csv,0.008835792541503906,0.009179830551147461,0.0077931880950927734
row_field_delimiter_5_0x20.csv,0.01035308837890625,0.0078029632568359375,0.008002042770385742
row_extra_quote32_col1.csv,0.010380268096923828,0.008144855499267578,0.009628057479858398
row_more_sep_row81_col2.csv,0.009465694427490234,0.009159564971923828,0.00801539421081543
row_more_sep_row21_col5.csv,0.008514881134033203,0.008391141891479492,0.007321596145629883
row_extra_quote41_col0.csv,0.010622501373291016,0.007717132568359375,0.008311986923217773
row_less_sep_row30_col8.csv,0.009267091751098633,0.009404420852661133,0.007679939270019531
row_less_sep_row74_col3.csv,0.009647846221923828,0.008249759674072266,0.008854389190673828
row_more_sep_row53_col6.csv,0.010705947875976562,0.008187294006347656,0.009338140487670898
row_less_sep_row9_col5.csv,0.008767127990722656,0.0075702667236328125,0.008320093154907227
row_extra_quote34_col4.csv,0.010209798812866211,0.008228302001953125,0.00772547721862793
row_more_sep_row68_col5.csv,0.011076688766479492,0.007561922073364258,0.00750422477722168
row_extra_quote71_col6.csv,0.01010751724243164,0.008472204208374023,0.008090972900390625
row_extra_quote9_col6.csv,0.010451316833496094,0.009656190872192383,0.007483720779418945
row_more_sep_row80_col8.csv,0.009674787521362305,0.008086919784545898,0.007695198059082031
row_more_sep_row4_col6.csv,0.008769989013671875,0.008135318756103516,0.00823068618774414
row_extra_quote61_col3.csv,0.009199857711791992,0.008066177368164062,0.009128093719482422
row_less_sep_row4_col4.csv,0.010874748229980469,0.007693052291870117,0.007527589797973633
row_more_sep_row67_col8.csv,0.010004281997680664,0.007668733596801758,0.007691144943237305
row_more_sep_row61_col8.csv,0.009186983108520508,0.008361577987670898,0.008090734481811523
row_more_sep_row47_col2.csv,0.009408712387084961,0.007607698440551758,0.009451627731323242
row_field_delimiter_21_0x20.csv,0.00996851921081543,0.009003400802612305,0.00802755355834961
row_extra_quote28_col7.csv,0.010230064392089844,0.007456541061401367,0.007718086242675781
row_less_sep_row36_col4.csv,0.011070489883422852,0.007515668869018555,0.0074880123138427734
row_extra_quote36_col7.csv,0.009593009948730469,0.008420944213867188,0.007862567901611328
row_more_sep_row82_col8.csv,0.008965253829956055,0.010062456130981445,0.007543087005615234
row_more_sep_row9_col7.csv,0.011386394500732422,0.00824880599975586,0.00858926773071289
row_extra_quote7_col5.csv,0.010065555572509766,0.009136199951171875,0.009423494338989258
row_more_sep_row31_col3.csv,0.009582042694091797,0.009027719497680664,0.008363723754882812
row_less_sep_row28_col8.csv,0.008854389190673828,0.007502079010009766,0.009073257446289062
row_less_sep_row65_col2.csv,0.010303974151611328,0.00789189338684082,0.007437944412231445
row_more_sep_row34_col4.csv,0.008898496627807617,0.007955312728881836,0.008293628692626953
row_less_sep_row23_col4.csv,0.009438037872314453,0.009703874588012695,0.007946491241455078
row_more_sep_row66_col0.csv,0.009021520614624023,0.007684946060180664,0.007880926132202148
row_less_sep_row15_col7.csv,0.010614395141601562,0.008608102798461914,0.009414911270141602
row_less_sep_row18_col5.csv,0.009747982025146484,0.009062051773071289,0.008067846298217773
row_field_delimiter_55_0x20.csv,0.009737968444824219,0.007676601409912109,0.0076258182525634766
row_less_sep_row56_col6.csv,0.009845733642578125,0.008336067199707031,0.007482051849365234
row_field_delimiter_22_0x20.csv,0.00923013687133789,0.007601261138916016,0.008481025695800781
row_less_sep_row36_col3.csv,0.00911402702331543,0.007990837097167969,0.007725954055786133
row_less_sep_row3_col5.csv,0.009530067443847656,0.007486820220947266,0.0073223114013671875
row_more_sep_row10_col7.csv,0.009290218353271484,0.0072286128997802734,0.00769495964050293
row_extra_quote63_col8.csv,0.009849309921264648,0.008671998977661133,0.008377313613891602
row_less_sep_row82_col5.csv,0.010295391082763672,0.007958650588989258,0.007713794708251953
row_less_sep_row19_col4.csv,0.010550498962402344,0.00782155990600586,0.008581399917602539
row_more_sep_row79_col5.csv,0.008715391159057617,0.008117914199829102,0.0075032711029052734
row_extra_quote79_col8.csv,0.010296106338500977,0.007651329040527344,0.009126663208007812
row_less_sep_row49_col7.csv,0.009639501571655273,0.008322715759277344,0.007585287094116211
row_extra_quote30_col3.csv,0.009629011154174805,0.007561445236206055,0.007912397384643555
row_less_sep_row5_col1.csv,0.009701251983642578,0.00809335708618164,0.008641242980957031
row_less_sep_row76_col1.csv,0.010811328887939453,0.007477760314941406,0.008000850677490234
row_more_sep_row80_col7.csv,0.009320497512817383,0.007833003997802734,0.008051395416259766
row_less_sep_row75_col6.csv,0.009111642837524414,0.007922649383544922,0.008437871932983398
row_more_sep_row64_col5.csv,0.008941888809204102,0.007781982421875,0.007199764251708984
row_extra_quote23_col5.csv,0.009737730026245117,0.007863998413085938,0.009245157241821289
row_more_sep_row11_col0.csv,0.009883403778076172,0.009798288345336914,0.008327722549438477
row_more_sep_row30_col7.csv,0.009322643280029297,0.008580684661865234,0.008848428726196289
row_less_sep_row82_col8.csv,0.009908676147460938,0.007935047149658203,0.007863998413085938
row_less_sep_row33_col2.csv,0.00936269760131836,0.009366989135742188,0.007993459701538086
row_extra_quote46_col5.csv,0.009831666946411133,0.008052825927734375,0.008480548858642578
row_field_delimiter_44_0x20.csv,0.010137557983398438,0.007645845413208008,0.009499311447143555
row_less_sep_row69_col1.csv,0.009001016616821289,0.007967233657836914,0.007725954055786133
row_extra_quote4_col3.csv,0.01116490364074707,0.008018255233764648,0.010722637176513672
row_more_sep_row69_col2.csv,0.011163711547851562,0.007427692413330078,0.008144378662109375
row_more_sep_row45_col8.csv,0.010446786880493164,0.008272647857666016,0.0076563358306884766
row_field_delimiter_1_0x20.csv,0.010964393615722656,0.011054277420043945,0.008878707885742188
row_more_sep_row50_col5.csv,0.009579181671142578,0.010514020919799805,0.008569478988647461
row_less_sep_row16_col3.csv,0.010181427001953125,0.010464906692504883,0.009029626846313477
row_more_sep_row28_col1.csv,0.010676383972167969,0.010127067565917969,0.009441375732421875
row_more_sep_row82_col0.csv,0.00949716567993164,0.010497331619262695,0.008285284042358398
row_less_sep_row22_col5.csv,0.01186990737915039,0.011286735534667969,0.010046958923339844
row_less_sep_row51_col5.csv,0.010484933853149414,0.009235620498657227,0.008894920349121094
row_extra_quote83_col7.csv,0.011306524276733398,0.010149478912353516,0.01023721694946289
row_extra_quote41_col7.csv,0.0111846923828125,0.0079193115234375,0.00823068618774414
row_more_sep_row62_col3.csv,0.009571075439453125,0.009923696517944336,0.00777888298034668
row_more_sep_row73_col6.csv,0.00916147232055664,0.008089303970336914,0.00828409194946289
row_more_sep_row71_col4.csv,0.008979558944702148,0.007497072219848633,0.007660627365112305
row_less_sep_row20_col3.csv,0.009669065475463867,0.007574319839477539,0.008226156234741211
row_less_sep_row70_col7.csv,0.008901357650756836,0.008623361587524414,0.007436990737915039
row_less_sep_row78_col6.csv,0.008774518966674805,0.009127378463745117,0.0078008174896240234
row_less_sep_row18_col7.csv,0.009645938873291016,0.00833272933959961,0.009552001953125
row_extra_quote55_col0.csv,0.009831666946411133,0.008110284805297852,0.007643461227416992
row_extra_quote71_col5.csv,0.010164737701416016,0.00836491584777832,0.00796365737915039
row_less_sep_row35_col4.csv,0.010871410369873047,0.008404016494750977,0.007452964782714844
row_extra_quote19_col5.csv,0.009386777877807617,0.008379220962524414,0.008076906204223633
row_extra_quote41_col4.csv,0.009685039520263672,0.009447336196899414,0.008253335952758789
row_more_sep_row58_col8.csv,0.00944662094116211,0.008301734924316406,0.007635593414306641
row_more_sep_row46_col4.csv,0.008637666702270508,0.007804393768310547,0.007946968078613281
row_more_sep_row13_col3.csv,0.010864734649658203,0.008275270462036133,0.008638143539428711
row_extra_quote78_col1.csv,0.01185917854309082,0.007796525955200195,0.008513450622558594
row_extra_quote57_col7.csv,0.009172677993774414,0.00873875617980957,0.010022163391113281
row_extra_quote59_col3.csv,0.009709835052490234,0.009719133377075195,0.008063554763793945
row_more_sep_row29_col2.csv,0.010289669036865234,0.007864713668823242,0.008943796157836914
row_more_sep_row57_col8.csv,0.010445117950439453,0.008147954940795898,0.00977635383605957
row_more_sep_row80_col6.csv,0.01033163070678711,0.008158206939697266,0.008118391036987305
row_more_sep_row52_col6.csv,0.010138750076293945,0.007921695709228516,0.007714271545410156
row_extra_quote80_col0.csv,0.010377883911132812,0.008429765701293945,0.008573293685913086
row_extra_quote66_col3.csv,0.010497093200683594,0.010082244873046875,0.007754802703857422
row_more_sep_row83_col8.csv,0.009994029998779297,0.008073806762695312,0.008474349975585938
row_less_sep_row37_col2.csv,0.010030269622802734,0.007854461669921875,0.009633302688598633
row_less_sep_row78_col8.csv,0.009656190872192383,0.008723735809326172,0.008974790573120117
row_more_sep_row26_col4.csv,0.009856224060058594,0.008400678634643555,0.008188247680664062
row_extra_quote67_col2.csv,0.011236429214477539,0.008016347885131836,0.008839845657348633
row_less_sep_row69_col6.csv,0.010277986526489258,0.008722066879272461,0.007782459259033203
row_extra_quote3_col4.csv,0.010036230087280273,0.011089801788330078,0.010248422622680664
row_more_sep_row74_col1.csv,0.009236812591552734,0.009752273559570312,0.007891654968261719
row_extra_quote47_col4.csv,0.010914802551269531,0.008383512496948242,0.011236906051635742
row_extra_quote53_col3.csv,0.010397195816040039,0.007889509201049805,0.009601116180419922
row_extra_quote79_col1.csv,0.010804414749145508,0.007801055908203125,0.008494138717651367
row_more_sep_row53_col5.csv,0.010176897048950195,0.007870912551879883,0.00768733024597168
row_less_sep_row79_col7.csv,0.010576486587524414,0.008065938949584961,0.008280277252197266
row_extra_quote1_col6.csv,0.009105205535888672,0.008819341659545898,0.00831747055053711
row_less_sep_row62_col8.csv,0.009788990020751953,0.007767677307128906,0.009492158889770508
row_more_sep_row25_col6.csv,0.00926971435546875,0.007823705673217773,0.008248329162597656
row_extra_quote56_col3.csv,0.010777950286865234,0.008453607559204102,0.008096694946289062
row_extra_quote32_col2.csv,0.011467218399047852,0.00770878791809082,0.0077707767486572266
row_more_sep_row25_col5.csv,0.00956869125366211,0.0085601806640625,0.007943391799926758
row_more_sep_row6_col0.csv,0.009605646133422852,0.0100555419921875,0.007861852645874023
row_extra_quote62_col7.csv,0.009018182754516602,0.008316516876220703,0.00862884521484375
row_more_sep_row38_col0.csv,0.010680437088012695,0.008215188980102539,0.009852409362792969
row_less_sep_row71_col2.csv,0.008978843688964844,0.0077245235443115234,0.008217096328735352
row_more_sep_row28_col6.csv,0.009162187576293945,0.008122920989990234,0.007869482040405273
row_extra_quote58_col2.csv,0.010993480682373047,0.009199380874633789,0.008165597915649414
row_extra_quote11_col4.csv,0.011336565017700195,0.008742570877075195,0.008182764053344727
row_extra_quote11_col2.csv,0.011091947555541992,0.009963035583496094,0.008269071578979492
row_more_sep_row25_col7.csv,0.009523630142211914,0.008130788803100586,0.009584665298461914
row_extra_quote30_col7.csv,0.010797500610351562,0.008823156356811523,0.009727239608764648
row_less_sep_row13_col2.csv,0.010896682739257812,0.008099555969238281,0.008439064025878906
row_field_delimiter_31_0x20.csv,0.009711027145385742,0.009130239486694336,0.008241891860961914
row_field_delimiter_4_0x20.csv,0.01047205924987793,0.007689476013183594,0.007853269577026367
row_more_sep_row18_col8.csv,0.008881092071533203,0.009104013442993164,0.008941411972045898
row_more_sep_row48_col0.csv,0.011272430419921875,0.010793447494506836,0.008166074752807617
row_more_sep_row2_col3.csv,0.01070404052734375,0.00785064697265625,0.00843191146850586
row_less_sep_row51_col4.csv,0.010800838470458984,0.008013725280761719,0.009628772735595703
row_less_sep_row24_col8.csv,0.010187864303588867,0.008579015731811523,0.008676767349243164
row_more_sep_row7_col7.csv,0.010576963424682617,0.008363723754882812,0.008311271667480469
row_more_sep_row37_col4.csv,0.011246442794799805,0.007949113845825195,0.00823664665222168
row_more_sep_row67_col7.csv,0.009122371673583984,0.008386373519897461,0.00822591781616211
row_less_sep_row30_col5.csv,0.010126352310180664,0.008436203002929688,0.007933378219604492
row_less_sep_row80_col6.csv,0.00972604751586914,0.008814811706542969,0.009654760360717773
row_extra_quote37_col5.csv,0.010004043579101562,0.008298635482788086,0.008681297302246094
row_more_sep_row15_col2.csv,0.01015019416809082,0.008145809173583984,0.007885217666625977
row_more_sep_row5_col5.csv,0.010792255401611328,0.007734060287475586,0.008450031280517578
row_more_sep_row15_col0.csv,0.010403633117675781,0.008350849151611328,0.008371114730834961
row_more_sep_row63_col4.csv,0.010698080062866211,0.010813236236572266,0.008411407470703125
row_more_sep_row83_col2.csv,0.009749889373779297,0.008492231369018555,0.008918285369873047
row_extra_quote47_col5.csv,0.010431051254272461,0.00850987434387207,0.011672019958496094
row_less_sep_row11_col6.csv,0.010172367095947266,0.007739067077636719,0.011725187301635742
row_more_sep_row14_col7.csv,0.01131749153137207,0.008449077606201172,0.008860111236572266
row_less_sep_row60_col1.csv,0.009800910949707031,0.008714914321899414,0.008755683898925781
row_extra_quote64_col8.csv,0.010975360870361328,0.008424520492553711,0.008121013641357422
row_less_sep_row77_col1.csv,0.009279966354370117,0.00803232192993164,0.008261680603027344
row_extra_quote23_col1.csv,0.009543657302856445,0.00997161865234375,0.009326934814453125
row_extra_quote70_col3.csv,0.009197235107421875,0.007936477661132812,0.008640289306640625
row_more_sep_row50_col4.csv,0.013679742813110352,0.00789642333984375,0.009769439697265625
row_less_sep_row2_col4.csv,0.011414051055908203,0.009235858917236328,0.010162591934204102
row_more_sep_row44_col3.csv,0.01028132438659668,0.008262157440185547,0.011028289794921875
row_less_sep_row76_col6.csv,0.01134800910949707,0.009665966033935547,0.00961613655090332
row_less_sep_row38_col3.csv,0.009961843490600586,0.007889986038208008,0.008262395858764648
row_extra_quote83_col4.csv,0.009129047393798828,0.00817728042602539,0.007965564727783203
row_less_sep_row82_col1.csv,0.010563373565673828,0.007650852203369141,0.007534027099609375
row_more_sep_row47_col7.csv,0.009807825088500977,0.008282899856567383,0.0077741146087646484
row_extra_quote63_col4.csv,0.012348413467407227,0.009858369827270508,0.008151531219482422
row_more_sep_row4_col3.csv,0.010355472564697266,0.008396387100219727,0.00828242301940918
row_more_sep_row53_col3.csv,0.009449005126953125,0.008060693740844727,0.008354425430297852
row_extra_quote59_col5.csv,0.010174751281738281,0.0088348388671875,0.007636308670043945
row_more_sep_row23_col4.csv,0.011562347412109375,0.007819414138793945,0.0077054500579833984
row_less_sep_row78_col3.csv,0.009456396102905273,0.008810043334960938,0.009184122085571289
row_extra_quote42_col0.csv,0.01061868667602539,0.009366273880004883,0.008101224899291992
row_field_delimiter_73_0x20.csv,0.00995945930480957,0.008747339248657227,0.008310317993164062
row_more_sep_row5_col8.csv,0.010368824005126953,0.007683515548706055,0.008336305618286133
row_extra_quote1_col4.csv,0.009026765823364258,0.008371114730834961,0.007657289505004883
row_less_sep_row15_col2.csv,0.011861801147460938,0.007542610168457031,0.008779525756835938
row_more_sep_row74_col0.csv,0.009373903274536133,0.008525609970092773,0.008992195129394531
row_less_sep_row1_col1.csv,0.009799718856811523,0.009292840957641602,0.0077207088470458984
row_field_delimiter_23_0x20.csv,0.009228706359863281,0.008206844329833984,0.00807642936706543
row_extra_quote28_col0.csv,0.00924229621887207,0.00966024398803711,0.00953531265258789
row_more_sep_row39_col0.csv,0.010764122009277344,0.007505178451538086,0.009193181991577148
row_more_sep_row56_col0.csv,0.009274482727050781,0.007929563522338867,0.007912874221801758
row_more_sep_row60_col8.csv,0.010700702667236328,0.008074045181274414,0.008921623229980469
row_more_sep_row9_col5.csv,0.009869813919067383,0.007924318313598633,0.007973909378051758
row_less_sep_row30_col1.csv,0.00953531265258789,0.00973057746887207,0.007829666137695312
row_more_sep_row79_col8.csv,0.009205341339111328,0.007929086685180664,0.007714271545410156
row_less_sep_row25_col8.csv,0.009197711944580078,0.007689476013183594,0.00787043571472168
row_extra_quote77_col7.csv,0.009348630905151367,0.008426427841186523,0.008786201477050781
row_more_sep_row37_col3.csv,0.012905120849609375,0.007597923278808594,0.008492469787597656
row_less_sep_row16_col7.csv,0.009024858474731445,0.008869409561157227,0.007846593856811523
row_less_sep_row9_col3.csv,0.010419130325317383,0.008110523223876953,0.008173465728759766
row_less_sep_row39_col8.csv,0.009364128112792969,0.008370637893676758,0.010116100311279297
row_extra_quote25_col3.csv,0.01037287712097168,0.008483171463012695,0.008606910705566406
row_more_sep_row55_col6.csv,0.00966787338256836,0.007693767547607422,0.009852409362792969
row_more_sep_row25_col4.csv,0.011515140533447266,0.008091926574707031,0.007559061050415039
row_extra_quote0_col5.csv,0.008840560913085938,0.008323192596435547,0.008291959762573242
row_more_sep_row31_col6.csv,0.00894784927368164,0.010225057601928711,0.007970094680786133
row_more_sep_row77_col4.csv,0.009588241577148438,0.007574319839477539,0.007860898971557617
row_field_delimiter_3_0x20.csv,0.009498834609985352,0.007781505584716797,0.010160446166992188
row_more_sep_row6_col5.csv,0.010125398635864258,0.008033514022827148,0.00790715217590332
row_extra_quote10_col6.csv,0.009582281112670898,0.008103609085083008,0.008716344833374023
row_more_sep_row18_col4.csv,0.011700153350830078,0.00764012336730957,0.008797168731689453
row_more_sep_row66_col4.csv,0.009197235107421875,0.008318424224853516,0.0077860355377197266
row_extra_quote26_col2.csv,0.010799407958984375,0.010194063186645508,0.009508609771728516
row_more_sep_row58_col0.csv,0.010567188262939453,0.007933855056762695,0.007845401763916016
row_less_sep_row56_col8.csv,0.009404659271240234,0.01068115234375,0.008446216583251953
row_less_sep_row48_col6.csv,0.009004354476928711,0.007704734802246094,0.00799703598022461
row_less_sep_row31_col4.csv,0.009087562561035156,0.007718801498413086,0.00962209701538086
row_extra_quote19_col0.csv,0.00967550277709961,0.008574247360229492,0.007627248764038086
row_extra_quote7_col8.csv,0.010592460632324219,0.007579326629638672,0.008219003677368164
row_less_sep_row29_col7.csv,0.012216329574584961,0.008196353912353516,0.007783651351928711
row_extra_quote66_col0.csv,0.009751558303833008,0.008776664733886719,0.007986068725585938
row_extra_quote48_col3.csv,0.009706497192382812,0.010267972946166992,0.008089780807495117
row_more_sep_row18_col6.csv,0.009720325469970703,0.008230924606323242,0.008434295654296875
row_more_sep_row50_col7.csv,0.01015925407409668,0.007639408111572266,0.009356021881103516
row_extra_quote13_col8.csv,0.009578704833984375,0.008659601211547852,0.008018970489501953
row_less_sep_row15_col4.csv,0.010398626327514648,0.007711648941040039,0.009431123733520508
row_less_sep_row67_col7.csv,0.01096653938293457,0.008581876754760742,0.00753331184387207
row_extra_quote2_col2.csv,0.009968996047973633,0.008028507232666016,0.007752418518066406
row_extra_quote44_col6.csv,0.009494781494140625,0.010025501251220703,0.007897377014160156
row_extra_quote42_col4.csv,0.009648561477661133,0.00768280029296875,0.008740901947021484
row_extra_quote11_col7.csv,0.010588884353637695,0.008297204971313477,0.00946354866027832
row_more_sep_row48_col4.csv,0.01010751724243164,0.007908344268798828,0.007993221282958984
row_extra_quote66_col6.csv,0.009529590606689453,0.0078046321868896484,0.008245229721069336
row_more_sep_row78_col4.csv,0.011432170867919922,0.007850170135498047,0.008829593658447266
row_more_sep_row12_col0.csv,0.010739564895629883,0.008290529251098633,0.008259057998657227
row_extra_quote0_col3.csv,0.009007453918457031,0.010094165802001953,0.008670806884765625
row_extra_quote64_col1.csv,0.009532928466796875,0.010113239288330078,0.007897377014160156
row_less_sep_row62_col7.csv,0.010095596313476562,0.007919788360595703,0.008927345275878906
row_extra_quote62_col1.csv,0.009472846984863281,0.0076639652252197266,0.00953984260559082
row_less_sep_row73_col8.csv,0.008661746978759766,0.007818460464477539,0.008393049240112305
row_extra_quote44_col5.csv,0.009536027908325195,0.0077855587005615234,0.008066892623901367
row_less_sep_row42_col7.csv,0.011135578155517578,0.007941246032714844,0.007939338684082031
row_extra_quote64_col5.csv,0.009538888931274414,0.008081436157226562,0.008239507675170898
row_extra_quote31_col2.csv,0.010673046112060547,0.009826898574829102,0.008661508560180664
row_less_sep_row10_col3.csv,0.01028299331665039,0.007911205291748047,0.008588314056396484
row_extra_quote27_col4.csv,0.009488821029663086,0.007991552352905273,0.009979963302612305
row_extra_quote54_col4.csv,0.009139299392700195,0.008252859115600586,0.008184671401977539
file_header_multirow_2.csv,0.010732889175415039,0.007948637008666992,0.0077359676361083984
row_field_delimiter_82_0x20.csv,0.010950088500976562,0.00858759880065918,0.00845479965209961
row_less_sep_row83_col1.csv,0.00959634780883789,0.008096694946289062,0.0076427459716796875
row_extra_quote50_col0.csv,0.00937199592590332,0.009567022323608398,0.008466720581054688
row_more_sep_row77_col7.csv,0.010554790496826172,0.008077859878540039,0.007939815521240234
row_more_sep_row8_col1.csv,0.009153127670288086,0.007532596588134766,0.00863027572631836
row_more_sep_row54_col1.csv,0.009906530380249023,0.007701396942138672,0.008790731430053711
row_more_sep_row29_col6.csv,0.0113983154296875,0.008915185928344727,0.007578372955322266
row_more_sep_row24_col1.csv,0.00906682014465332,0.00831151008605957,0.007814884185791016
row_field_delimiter_48_0x20.csv,0.009132862091064453,0.009881973266601562,0.007733821868896484
row_less_sep_row65_col3.csv,0.009186983108520508,0.008197546005249023,0.009070396423339844
row_more_sep_row83_col7.csv,0.009963274002075195,0.009812355041503906,0.009901046752929688
row_less_sep_row7_col8.csv,0.010263681411743164,0.008237838745117188,0.009351968765258789
row_less_sep_row10_col8.csv,0.009513378143310547,0.008333206176757812,0.008346796035766602
row_extra_quote7_col0.csv,0.011855840682983398,0.008014678955078125,0.008205175399780273
row_more_sep_row15_col1.csv,0.010654449462890625,0.007695198059082031,0.007910490036010742
row_extra_quote16_col7.csv,0.010149955749511719,0.008038043975830078,0.008309602737426758
row_extra_quote52_col7.csv,0.009232044219970703,0.00952005386352539,0.007892608642578125
row_extra_quote13_col5.csv,0.01010584831237793,0.008179903030395508,0.008135557174682617
row_less_sep_row60_col5.csv,0.009516477584838867,0.008148431777954102,0.009875297546386719
row_more_sep_row42_col0.csv,0.008847236633300781,0.007672786712646484,0.007720232009887695
row_field_delimiter_78_0x20.csv,0.009208440780639648,0.007489681243896484,0.007835626602172852
row_extra_quote59_col1.csv,0.011565685272216797,0.008386850357055664,0.00749516487121582
row_less_sep_row58_col7.csv,0.009435415267944336,0.007694721221923828,0.007491350173950195
row_more_sep_row21_col8.csv,0.00925755500793457,0.0078046321868896484,0.008097648620605469
row_less_sep_row20_col8.csv,0.009642839431762695,0.008547782897949219,0.007607698440551758
row_more_sep_row64_col1.csv,0.010256052017211914,0.00783085823059082,0.00823831558227539
row_extra_quote41_col3.csv,0.009293794631958008,0.008413553237915039,0.007644176483154297
row_less_sep_row43_col4.csv,0.008643388748168945,0.009812116622924805,0.008379697799682617
row_extra_quote53_col1.csv,0.009846925735473633,0.009248733520507812,0.00797891616821289
row_more_sep_row19_col4.csv,0.010294198989868164,0.00745844841003418,0.009612321853637695
row_more_sep_row12_col7.csv,0.009064435958862305,0.00810861587524414,0.00829172134399414
row_less_sep_row61_col8.csv,0.009945869445800781,0.007838249206542969,0.007651805877685547
row_more_sep_row2_col7.csv,0.009914398193359375,0.008242607116699219,0.008252143859863281
row_less_sep_row41_col4.csv,0.00903773307800293,0.009076595306396484,0.007737398147583008
row_less_sep_row39_col3.csv,0.00923299789428711,0.008783340454101562,0.008570194244384766
row_extra_quote71_col3.csv,0.009553909301757812,0.007765769958496094,0.00990152359008789
row_extra_quote22_col0.csv,0.009001016616821289,0.007466554641723633,0.007593393325805664
row_more_sep_row51_col1.csv,0.00902247428894043,0.00775599479675293,0.007613182067871094
row_extra_quote30_col5.csv,0.01226496696472168,0.008002042770385742,0.008465290069580078
row_extra_quote39_col3.csv,0.010496139526367188,0.008633136749267578,0.008537054061889648
row_field_delimiter_37_0x20.csv,0.009159326553344727,0.008239030838012695,0.007375478744506836
row_less_sep_row74_col1.csv,0.010255813598632812,0.009976625442504883,0.007787227630615234
row_extra_quote31_col7.csv,0.009562969207763672,0.007810831069946289,0.008066415786743164
row_field_delimiter_70_0x20.csv,0.009203433990478516,0.007960081100463867,0.009492158889770508
row_more_sep_row44_col2.csv,0.01011037826538086,0.0075626373291015625,0.008196592330932617
row_less_sep_row66_col4.csv,0.009279966354370117,0.008453130722045898,0.007401227951049805
row_less_sep_row71_col6.csv,0.009519815444946289,0.008147239685058594,0.008483409881591797
row_extra_quote20_col1.csv,0.009614944458007812,0.007711887359619141,0.00835728645324707
row_less_sep_row42_col5.csv,0.01034688949584961,0.008213281631469727,0.009463310241699219
row_extra_quote22_col7.csv,0.009895801544189453,0.007751941680908203,0.007785797119140625
row_more_sep_row83_col4.csv,0.010293722152709961,0.007423877716064453,0.007545948028564453
row_more_sep_row72_col1.csv,0.009661197662353516,0.007899761199951172,0.008094072341918945
row_extra_quote31_col3.csv,0.01019740104675293,0.009337902069091797,0.012087106704711914
row_field_delimiter_61_0x20.csv,0.010540246963500977,0.011904478073120117,0.010910511016845703
row_more_sep_row3_col5.csv,0.009396076202392578,0.008977174758911133,0.008310556411743164
row_more_sep_row63_col8.csv,0.009058952331542969,0.009689807891845703,0.007907390594482422
row_less_sep_row50_col5.csv,0.009651899337768555,0.008230924606323242,0.008251428604125977
file_preamble.csv,0.010185956954956055,0.00780797004699707,0.007822513580322266
row_extra_quote67_col0.csv,0.009621620178222656,0.008165597915649414,0.008013725280761719
row_more_sep_row5_col1.csv,0.011942625045776367,0.008074283599853516,0.007958173751831055
row_less_sep_row39_col5.csv,0.009571313858032227,0.008191347122192383,0.009564399719238281
row_more_sep_row76_col4.csv,0.010358095169067383,0.009401082992553711,0.007618427276611328
row_less_sep_row21_col8.csv,0.009662866592407227,0.0084228515625,0.008837223052978516
row_more_sep_row61_col1.csv,0.010607719421386719,0.008751392364501953,0.010302543640136719
row_more_sep_row82_col3.csv,0.010209321975708008,0.008411169052124023,0.008349180221557617
row_more_sep_row16_col3.csv,0.00970315933227539,0.009380578994750977,0.008051156997680664
row_less_sep_row23_col6.csv,0.010618925094604492,0.007539510726928711,0.007987260818481445
row_more_sep_row82_col2.csv,0.009084463119506836,0.008094549179077148,0.0078029632568359375
row_more_sep_row1_col5.csv,0.009505271911621094,0.00887441635131836,0.007857084274291992
row_less_sep_row33_col7.csv,0.010258197784423828,0.007811784744262695,0.008941173553466797
row_more_sep_row52_col1.csv,0.009308815002441406,0.008245229721069336,0.007867097854614258
row_less_sep_row78_col4.csv,0.011194467544555664,0.007513523101806641,0.008508443832397461
row_more_sep_row32_col7.csv,0.009419679641723633,0.008681535720825195,0.007861614227294922
row_less_sep_row0_col1.csv,0.008746623992919922,0.009735107421875,0.00805807113647461
row_more_sep_row22_col7.csv,0.009809494018554688,0.008556842803955078,0.00792837142944336
row_extra_quote42_col8.csv,0.009244441986083984,0.007895469665527344,0.010117053985595703
row_more_sep_row70_col3.csv,0.009308338165283203,0.007940292358398438,0.009600639343261719
row_extra_quote29_col7.csv,0.009175300598144531,0.008631706237792969,0.008135080337524414
row_extra_quote74_col8.csv,0.00879812240600586,0.007748842239379883,0.007878780364990234
row_less_sep_row65_col8.csv,0.011587858200073242,0.007906913757324219,0.0078012943267822266
row_more_sep_row49_col1.csv,0.009555578231811523,0.008601188659667969,0.008252859115600586
row_less_sep_row42_col6.csv,0.010176897048950195,0.009626626968383789,0.007997989654541016
row_more_sep_row72_col2.csv,0.009517908096313477,0.008499622344970703,0.008155345916748047
row_less_sep_row81_col7.csv,0.010849475860595703,0.007742881774902344,0.009505033493041992
row_extra_quote54_col8.csv,0.011965274810791016,0.008051156997680664,0.009521245956420898
row_less_sep_row70_col1.csv,0.00971531867980957,0.007761478424072266,0.008131265640258789
row_extra_quote60_col4.csv,0.00964045524597168,0.008661270141601562,0.00824737548828125
row_more_sep_row65_col2.csv,0.010733366012573242,0.00941777229309082,0.00950169563293457
row_less_sep_row52_col1.csv,0.011563301086425781,0.008114814758300781,0.007519245147705078
row_extra_quote4_col5.csv,0.00854635238647461,0.008658409118652344,0.007908344268798828
row_less_sep_row50_col4.csv,0.008912324905395508,0.009358882904052734,0.007818937301635742
row_field_delimiter_6_0x20.csv,0.010135412216186523,0.007573604583740234,0.008666038513183594
row_more_sep_row79_col6.csv,0.009089946746826172,0.008502960205078125,0.00966787338256836
row_less_sep_row53_col8.csv,0.009578704833984375,0.007663726806640625,0.008415460586547852
row_extra_quote24_col7.csv,0.008693933486938477,0.008533716201782227,0.007683992385864258
row_less_sep_row40_col4.csv,0.010941028594970703,0.007583141326904297,0.008131742477416992
row_less_sep_row43_col8.csv,0.009479761123657227,0.008379936218261719,0.0076045989990234375
row_more_sep_row56_col2.csv,0.009161710739135742,0.009591341018676758,0.0076558589935302734
row_less_sep_row74_col2.csv,0.011264562606811523,0.007823467254638672,0.00845646858215332
row_extra_quote25_col4.csv,0.009743690490722656,0.008459329605102539,0.009977102279663086
row_less_sep_row71_col7.csv,0.00916743278503418,0.00762176513671875,0.008068084716796875
row_more_sep_row65_col5.csv,0.01014256477355957,0.0075609683990478516,0.0073544979095458984
row_extra_quote8_col3.csv,0.011617183685302734,0.007458925247192383,0.00828099250793457
row_more_sep_row22_col5.csv,0.009205818176269531,0.008894920349121094,0.008149862289428711
row_extra_quote44_col1.csv,0.01045846939086914,0.01160430908203125,0.007940530776977539
row_extra_quote72_col6.csv,0.009461402893066406,0.007681608200073242,0.008038997650146484
row_extra_quote65_col5.csv,0.009553909301757812,0.008198738098144531,0.010900259017944336
row_more_sep_row26_col3.csv,0.009245634078979492,0.007726430892944336,0.008826017379760742
row_extra_quote12_col7.csv,0.00996541976928711,0.007754325866699219,0.00976252555847168
row_less_sep_row77_col7.csv,0.011489629745483398,0.008084297180175781,0.008522987365722656
row_less_sep_row61_col3.csv,0.01033782958984375,0.008440971374511719,0.008307933807373047
row_more_sep_row55_col2.csv,0.010591745376586914,0.00971674919128418,0.007753849029541016
row_more_sep_row37_col2.csv,0.009520292282104492,0.00945281982421875,0.008460044860839844
file_record_delimiter_0xA.csv,0.009735345840454102,0.0075380802154541016,0.009347915649414062
row_more_sep_row21_col0.csv,0.009981632232666016,0.007796049118041992,0.00878000259399414
row_less_sep_row79_col1.csv,0.010282516479492188,0.007310390472412109,0.007518291473388672
row_more_sep_row67_col4.csv,0.010987997055053711,0.009682416915893555,0.007626533508300781
row_less_sep_row60_col8.csv,0.009738683700561523,0.008570671081542969,0.008499383926391602
row_more_sep_row65_col8.csv,0.010176658630371094,0.009509563446044922,0.00831460952758789
row_extra_quote50_col4.csv,0.010441780090332031,0.008147954940795898,0.008638858795166016
row_less_sep_row58_col4.csv,0.009381771087646484,0.008111953735351562,0.009742975234985352
row_more_sep_row1_col4.csv,0.010319948196411133,0.007486820220947266,0.009354352951049805
row_extra_quote61_col2.csv,0.010477781295776367,0.008538007736206055,0.008214950561523438
row_more_sep_row36_col4.csv,0.011327743530273438,0.007614850997924805,0.008127212524414062
row_less_sep_row73_col7.csv,0.010163068771362305,0.008188724517822266,0.007873058319091797
row_more_sep_row28_col2.csv,0.009154796600341797,0.009417295455932617,0.008687257766723633
row_more_sep_row72_col6.csv,0.009415864944458008,0.007888317108154297,0.007921695709228516
row_extra_quote2_col7.csv,0.009760141372680664,0.007741212844848633,0.010099411010742188
row_extra_quote47_col1.csv,0.010308980941772461,0.008493900299072266,0.00757145881652832
row_less_sep_row7_col6.csv,0.009172916412353516,0.008466958999633789,0.007796764373779297
row_more_sep_row31_col1.csv,0.012063264846801758,0.008159160614013672,0.008485555648803711
row_extra_quote8_col0.csv,0.00972437858581543,0.008172035217285156,0.007906198501586914
row_extra_quote81_col3.csv,0.009650945663452148,0.00970315933227539,0.008476972579956055
row_more_sep_row59_col8.csv,0.009584665298461914,0.008469104766845703,0.008286237716674805
row_more_sep_row58_col4.csv,0.009887218475341797,0.007908344268798828,0.009354829788208008
row_extra_quote36_col8.csv,0.009922981262207031,0.007800102233886719,0.007923603057861328
row_less_sep_row1_col5.csv,0.010376691818237305,0.007677793502807617,0.008283138275146484
row_less_sep_row31_col8.csv,0.010687112808227539,0.007598161697387695,0.009009599685668945
row_less_sep_row32_col4.csv,0.009149789810180664,0.008363723754882812,0.0077474117279052734
row_less_sep_row42_col8.csv,0.00977468490600586,0.00976419448852539,0.008875131607055664
row_extra_quote31_col1.csv,0.009575843811035156,0.00820302963256836,0.00814199447631836
row_extra_quote62_col8.csv,0.009468793869018555,0.008640050888061523,0.009691953659057617
row_more_sep_row32_col0.csv,0.010304450988769531,0.007802248001098633,0.008678674697875977
row_less_sep_row4_col3.csv,0.008942604064941406,-1.989018440246582,0.008333206176757812
row_less_sep_row17_col4.csv,0.009281635284423828,0.007708549499511719,0.007643699645996094
row_extra_quote0_col4.csv,0.009880781173706055,0.007459878921508789,0.007978677749633789
row_extra_quote55_col1.csv,0.00951838493347168,0.00801539421081543,0.008233785629272461
row_more_sep_row11_col2.csv,0.009003162384033203,0.007982730865478516,0.007706880569458008
row_extra_quote60_col5.csv,0.009961843490600586,0.007821321487426758,0.007701396942138672
row_more_sep_row8_col6.csv,0.009194374084472656,0.0077745914459228516,0.008334636688232422
row_field_delimiter_28_0x20.csv,0.009124040603637695,0.007478952407836914,0.008644342422485352
row_extra_quote79_col3.csv,0.010325908660888672,0.008482694625854492,0.0076105594635009766
row_less_sep_row44_col3.csv,0.008980989456176758,0.00811910629272461,0.008363723754882812
row_less_sep_row48_col4.csv,0.00941157341003418,0.0075986385345458984,0.008958578109741211
row_more_sep_row65_col3.csv,0.010400533676147461,0.008007049560546875,0.008604049682617188
row_more_sep_row78_col6.csv,0.01716756820678711,0.009049654006958008,0.008336067199707031
row_more_sep_row16_col8.csv,0.009091615676879883,0.008456707000732422,0.007692575454711914
row_more_sep_row41_col0.csv,0.009343624114990234,0.007191896438598633,0.009739875793457031
row_extra_quote39_col5.csv,0.00956273078918457,0.008566856384277344,0.007702827453613281
row_extra_quote55_col4.csv,0.009026288986206055,0.008106470108032227,0.00794076919555664
row_less_sep_row81_col4.csv,0.008841276168823242,0.008163928985595703,0.008013486862182617
row_less_sep_row42_col2.csv,0.009909629821777344,0.009204626083374023,0.007674455642700195
row_extra_quote55_col7.csv,0.010010719299316406,0.007818460464477539,0.008625030517578125
row_less_sep_row51_col3.csv,0.012251615524291992,0.00836181640625,0.010383129119873047
row_more_sep_row71_col2.csv,0.008712530136108398,0.008505582809448242,0.007650136947631836
row_less_sep_row11_col2.csv,0.011055231094360352,0.0076677799224853516,0.008464813232421875
row_more_sep_row50_col1.csv,0.010644197463989258,0.008652210235595703,0.007814884185791016
row_more_sep_row51_col5.csv,0.010364294052124023,0.007506132125854492,0.008485794067382812
row_more_sep_row8_col8.csv,0.008680105209350586,0.008619546890258789,0.008121490478515625
row_more_sep_row18_col3.csv,0.010622024536132812,0.007719278335571289,0.009676218032836914
row_extra_quote17_col0.csv,0.009732723236083984,0.008608818054199219,0.009709835052490234
row_extra_quote45_col0.csv,0.011067867279052734,0.0077457427978515625,0.009156465530395508
row_extra_quote19_col4.csv,0.008921384811401367,0.00850224494934082,0.007856369018554688
row_less_sep_row46_col4.csv,0.012786865234375,0.007600307464599609,0.008787870407104492
row_more_sep_row65_col1.csv,0.009244680404663086,0.009182929992675781,0.007767438888549805
row_less_sep_row76_col3.csv,0.011005878448486328,0.010450363159179688,0.008717775344848633
row_less_sep_row75_col7.csv,0.009703874588012695,0.01192784309387207,0.013686895370483398
row_extra_quote33_col2.csv,0.040956735610961914,0.01170802116394043,0.012645244598388672
row_extra_quote24_col2.csv,0.012441158294677734,0.008531332015991211,0.008870840072631836
row_less_sep_row69_col3.csv,0.010964632034301758,0.008726835250854492,0.00808858871459961
row_extra_quote69_col0.csv,0.009751319885253906,0.008206844329833984,0.009803056716918945
row_extra_quote68_col5.csv,0.011309385299682617,0.010829687118530273,0.011235475540161133
row_less_sep_row36_col8.csv,0.012902259826660156,0.008308887481689453,0.010679006576538086
row_extra_quote51_col7.csv,0.010544538497924805,0.008119344711303711,0.009784936904907227
row_less_sep_row48_col2.csv,0.018435239791870117,0.010096549987792969,0.009971141815185547
row_more_sep_row34_col2.csv,0.009998083114624023,0.007875680923461914,0.011344671249389648
row_extra_quote82_col7.csv,0.010509490966796875,0.00913381576538086,0.0081787109375
row_more_sep_row57_col6.csv,0.011964797973632812,0.007839679718017578,0.011096954345703125
row_more_sep_row52_col0.csv,0.010460376739501953,0.009348630905151367,0.008475780487060547
row_extra_quote69_col5.csv,0.011744022369384766,0.013118743896484375,0.01442098617553711
row_less_sep_row10_col7.csv,0.009968280792236328,0.009735584259033203,0.007919073104858398
row_less_sep_row34_col3.csv,0.010183334350585938,0.007776737213134766,0.008561372756958008
row_extra_quote72_col3.csv,0.009940862655639648,0.008880853652954102,0.009913444519042969
row_extra_quote72_col4.csv,0.011239767074584961,0.008466243743896484,0.008762359619140625
row_more_sep_row8_col7.csv,0.0100860595703125,0.008736848831176758,0.007826566696166992
row_less_sep_row52_col4.csv,0.011916399002075195,0.007919073104858398,0.008466482162475586
row_more_sep_row6_col4.csv,0.010092973709106445,0.009037017822265625,0.008048772811889648
row_less_sep_row56_col4.csv,0.010465145111083984,0.010291576385498047,0.008591651916503906
row_more_sep_row55_col1.csv,0.009471416473388672,0.00780177116394043,0.009523868560791016
row_more_sep_row36_col8.csv,0.010235071182250977,0.008359193801879883,0.010390281677246094
row_more_sep_row63_col2.csv,0.01045989990234375,0.008466958999633789,0.00835108757019043
row_extra_quote53_col2.csv,0.01139688491821289,0.008281707763671875,0.008515596389770508
row_extra_quote32_col5.csv,0.011696815490722656,0.00785207748413086,0.008694171905517578
row_extra_quote75_col5.csv,0.01040792465209961,0.00823521614074707,0.008143186569213867
row_more_sep_row55_col4.csv,0.011205673217773438,0.009537935256958008,0.007793903350830078
row_more_sep_row2_col0.csv,0.010081291198730469,0.007631778717041016,0.00979161262512207
row_more_sep_row32_col5.csv,0.010620355606079102,0.007739067077636719,0.009890317916870117
row_less_sep_row45_col7.csv,0.010241031646728516,0.008738517761230469,0.008264541625976562
row_extra_quote10_col7.csv,0.009820699691772461,0.008406400680541992,0.007910013198852539
row_extra_quote27_col3.csv,0.012508392333984375,0.008001327514648438,0.007943868637084961
row_extra_quote66_col7.csv,0.009636402130126953,0.008871316909790039,0.00821542739868164
row_extra_quote51_col0.csv,0.011819839477539062,0.010159730911254883,0.009002923965454102
row_more_sep_row13_col1.csv,0.010043621063232422,0.009793758392333984,0.009375810623168945
row_more_sep_row71_col8.csv,0.010532140731811523,0.007874011993408203,0.008792877197265625
row_less_sep_row16_col5.csv,0.010414600372314453,0.007976055145263672,0.008083105087280273
row_more_sep_row9_col6.csv,0.010732173919677734,0.007811069488525391,0.007948637008666992
row_extra_quote66_col5.csv,0.011571407318115234,0.008229494094848633,0.0080718994140625
row_extra_quote63_col3.csv,0.009954214096069336,0.00822138786315918,0.008324146270751953
row_less_sep_row3_col7.csv,0.009907722473144531,0.010071516036987305,0.008147239685058594
row_extra_quote54_col2.csv,0.010599374771118164,0.007884502410888672,0.008980035781860352
row_more_sep_row6_col1.csv,0.009759187698364258,0.008458375930786133,0.009775161743164062
row_extra_quote27_col0.csv,0.01047825813293457,0.008452653884887695,0.007929086685180664
row_more_sep_row16_col5.csv,0.009860992431640625,0.007581472396850586,0.008045196533203125
row_extra_quote42_col7.csv,0.011374473571777344,0.008435487747192383,0.008101940155029297
row_less_sep_row31_col6.csv,0.010222434997558594,0.008791446685791016,0.00784158706665039
row_less_sep_row73_col1.csv,0.009926080703735352,0.010054588317871094,0.007735729217529297
row_extra_quote18_col7.csv,0.01053166389465332,0.008208274841308594,0.008818387985229492
row_more_sep_row31_col2.csv,0.010495424270629883,0.008684635162353516,0.010782480239868164
row_extra_quote74_col5.csv,0.010841608047485352,0.007848024368286133,0.008266210556030273
row_less_sep_row0_col3.csv,0.009020566940307617,0.0076007843017578125,0.008159399032592773
row_extra_quote35_col4.csv,0.01172780990600586,0.007811546325683594,0.008149862289428711
row_less_sep_row25_col3.csv,0.009996891021728516,0.007988929748535156,0.008572816848754883
row_extra_quote74_col2.csv,0.009894847869873047,0.010180234909057617,0.00827169418334961
row_extra_quote9_col5.csv,0.009282827377319336,0.008449316024780273,0.008617401123046875
row_extra_quote21_col0.csv,0.010873079299926758,0.008032798767089844,0.009307861328125
row_field_delimiter_27_0x20.csv,0.01028585433959961,0.008159875869750977,0.008412361145019531
row_more_sep_row25_col1.csv,0.00990915298461914,0.008678674697875977,0.008620023727416992
row_more_sep_row53_col8.csv,0.011186361312866211,0.008373260498046875,0.008439302444458008
row_less_sep_row12_col5.csv,0.010263442993164062,0.008652687072753906,0.007920980453491211
row_less_sep_row69_col2.csv,0.009399890899658203,0.008444786071777344,0.00901651382446289
row_extra_quote7_col4.csv,0.010195732116699219,0.009153604507446289,0.00970911979675293
row_less_sep_row53_col3.csv,0.010587215423583984,0.007817506790161133,0.008982181549072266
row_field_delimiter_45_0x20.csv,0.009757518768310547,0.008928537368774414,0.007975578308105469
row_extra_quote17_col4.csv,0.011729955673217773,0.008401155471801758,0.008086681365966797
row_less_sep_row12_col2.csv,0.009380340576171875,0.008591175079345703,0.007781028747558594
row_extra_quote39_col4.csv,0.009642601013183594,0.010603904724121094,0.008562564849853516
row_extra_quote0_col8.csv,0.009150505065917969,0.008448600769042969,0.008420944213867188
row_less_sep_row25_col6.csv,0.009757041931152344,0.00865626335144043,0.009568929672241211
row_more_sep_row26_col0.csv,0.009917020797729492,0.007906436920166016,0.0087738037109375
row_extra_quote28_col2.csv,0.010173559188842773,0.008563518524169922,0.008779764175415039
row_more_sep_row36_col3.csv,0.011034965515136719,0.008638858795166016,0.008786201477050781
row_more_sep_row38_col6.csv,0.009360551834106445,0.008184194564819336,0.009180784225463867
row_extra_quote64_col3.csv,0.011274099349975586,0.010671138763427734,0.008767127990722656
row_extra_quote12_col4.csv,0.010953664779663086,0.008556127548217773,0.00898885726928711
row_less_sep_row6_col3.csv,0.008924722671508789,0.008383989334106445,0.01009058952331543
row_more_sep_row17_col4.csv,0.011488676071166992,0.00775146484375,0.009407520294189453
row_less_sep_row54_col5.csv,0.009806156158447266,0.00775456428527832,0.008229970932006836
row_less_sep_row32_col1.csv,0.010899782180786133,0.008098840713500977,0.009206771850585938
row_extra_quote24_col1.csv,0.009226560592651367,0.00813436508178711,0.008702516555786133
row_field_delimiter_64_0x20.csv,0.011046409606933594,0.009486198425292969,0.008716821670532227
row_less_sep_row41_col2.csv,0.009654760360717773,0.007577657699584961,0.008762359619140625
row_extra_quote7_col6.csv,0.010343074798583984,0.008166074752807617,0.00993037223815918
row_extra_quote62_col4.csv,0.010005950927734375,0.008245706558227539,0.008977174758911133
row_extra_quote34_col3.csv,0.009578943252563477,0.008568763732910156,0.008379697799682617
row_more_sep_row39_col1.csv,0.011177778244018555,0.008705377578735352,0.008857250213623047
row_extra_quote34_col6.csv,0.010753154754638672,0.008961677551269531,0.008311748504638672
row_extra_quote42_col6.csv,0.010322093963623047,0.008555412292480469,0.008544445037841797
row_extra_quote40_col6.csv,0.00953817367553711,0.009531497955322266,0.007707118988037109
row_extra_quote53_col6.csv,0.010194778442382812,0.007483243942260742,0.008577108383178711
row_less_sep_row59_col3.csv,0.010186910629272461,0.008340835571289062,0.009937524795532227
row_more_sep_row4_col2.csv,0.011130094528198242,0.007804155349731445,0.007929086685180664
row_extra_quote81_col0.csv,0.009480714797973633,0.00861978530883789,0.0077800750732421875
row_extra_quote15_col4.csv,0.011583328247070312,0.008375883102416992,0.008252143859863281
row_less_sep_row23_col8.csv,0.010028600692749023,0.00818490982055664,0.008210182189941406
row_field_delimiter_59_0x20.csv,0.010782480239868164,0.008554220199584961,0.009117364883422852
row_more_sep_row78_col5.csv,0.009165048599243164,0.01022481918334961,0.009576559066772461
row_more_sep_row63_col3.csv,0.009849071502685547,0.00832819938659668,0.00872659683227539
row_less_sep_row68_col7.csv,0.009744405746459961,0.0089111328125,0.007884025573730469
row_less_sep_row66_col2.csv,0.01029205322265625,0.007706403732299805,0.008993148803710938
row_less_sep_row4_col1.csv,0.009330272674560547,0.008411169052124023,0.007745265960693359
row_less_sep_row72_col4.csv,0.01122140884399414,0.007597208023071289,0.010017633438110352
row_extra_quote21_col5.csv,0.009768009185791016,0.008623838424682617,0.008330821990966797
row_more_sep_row29_col8.csv,0.009759664535522461,0.008916378021240234,0.00784444808959961
row_less_sep_row57_col6.csv,0.011561155319213867,0.007970094680786133,0.00789952278137207
row_extra_quote49_col7.csv,0.009565114974975586,0.010120868682861328,0.008516073226928711
row_more_sep_row0_col3.csv,0.010896921157836914,0.009778022766113281,0.010173559188842773
row_more_sep_row7_col6.csv,0.01097559928894043,0.009621620178222656,0.008539676666259766
row_extra_quote58_col8.csv,0.010297536849975586,0.008941411972045898,0.008894681930541992
row_extra_quote80_col2.csv,0.009208440780639648,0.007730960845947266,0.01074361801147461
row_extra_quote63_col5.csv,0.00994873046875,0.008379936218261719,0.010040521621704102
file_field_delimiter_0x2C_0x20.csv,0.010001897811889648,0.009202718734741211,0.010123491287231445
row_extra_quote81_col7.csv,0.01078033447265625,0.007488727569580078,0.010023832321166992
row_more_sep_row75_col4.csv,0.009974241256713867,0.00798487663269043,0.008410215377807617
row_less_sep_row23_col7.csv,0.00958395004272461,0.007459878921508789,0.007822036743164062
row_extra_quote46_col7.csv,0.010997295379638672,0.008149862289428711,0.007965326309204102
row_extra_quote19_col7.csv,0.009504556655883789,0.007806062698364258,0.008179187774658203
row_less_sep_row83_col4.csv,0.009099960327148438,0.007750272750854492,0.00801849365234375
row_more_sep_row71_col7.csv,0.009917020797729492,0.008112668991088867,0.009692907333374023
row_more_sep_row52_col7.csv,0.00960397720336914,0.007857799530029297,0.007907867431640625
row_less_sep_row60_col7.csv,0.009584188461303711,0.007969379425048828,0.007536172866821289
row_more_sep_row57_col5.csv,0.009214162826538086,0.008085012435913086,0.008059024810791016
row_less_sep_row11_col3.csv,0.00960850715637207,0.008053779602050781,0.008048534393310547
row_less_sep_row18_col4.csv,0.009477615356445312,0.007741212844848633,0.007799863815307617
row_more_sep_row40_col6.csv,0.010305643081665039,0.007697582244873047,0.008014917373657227
row_extra_quote44_col8.csv,0.012704610824584961,0.008178234100341797,0.00789642333984375
row_extra_quote76_col2.csv,0.010062217712402344,0.008172750473022461,0.008266448974609375
row_more_sep_row78_col1.csv,0.009595632553100586,0.010645866394042969,0.007889032363891602
row_more_sep_row9_col1.csv,0.009690999984741211,0.008124828338623047,0.008425235748291016
row_field_delimiter_76_0x20.csv,0.00958704948425293,0.00806736946105957,0.010092973709106445
row_extra_quote19_col6.csv,0.009612321853637695,0.00794219970703125,0.008630037307739258
row_more_sep_row21_col2.csv,0.010490894317626953,0.008381843566894531,0.007956504821777344
row_more_sep_row40_col7.csv,0.011743783950805664,0.00817251205444336,0.008240938186645508
row_more_sep_row76_col0.csv,0.00938725471496582,0.009289979934692383,0.008452653884887695
row_extra_quote75_col3.csv,0.010147333145141602,0.010122060775756836,0.008648157119750977
row_extra_quote29_col2.csv,0.010293245315551758,0.00885915756225586,0.008405447006225586
row_more_sep_row30_col5.csv,0.009393692016601562,0.007912635803222656,0.010138988494873047
row_extra_quote54_col1.csv,0.009848356246948242,0.008505582809448242,0.008290529251098633
row_extra_quote45_col3.csv,0.010700225830078125,0.008185863494873047,0.008660316467285156
row_more_sep_row83_col3.csv,0.0115966796875,0.007714033126831055,0.008727073669433594
row_more_sep_row11_col6.csv,0.009695291519165039,0.009053230285644531,0.0077021121978759766
row_less_sep_row35_col6.csv,0.009675741195678711,0.009755611419677734,0.008020877838134766
row_extra_quote43_col7.csv,0.009225845336914062,0.008735895156860352,0.008828878402709961
row_more_sep_row9_col8.csv,0.009705066680908203,0.008140325546264648,0.00995492935180664
row_less_sep_row6_col8.csv,0.00971531867980957,0.008200645446777344,0.007956504821777344
row_less_sep_row7_col1.csv,0.011179208755493164,0.007999897003173828,0.008046388626098633
row_more_sep_row52_col2.csv,0.011817693710327148,0.007824182510375977,0.008005380630493164
row_extra_quote45_col6.csv,0.011723756790161133,0.00818943977355957,0.008146047592163086
row_less_sep_row21_col1.csv,0.009145259857177734,0.008151054382324219,0.00827932357788086
row_more_sep_row70_col7.csv,0.009580373764038086,0.009980916976928711,0.008263111114501953
row_extra_quote53_col4.csv,0.011474847793579102,0.007993698120117188,0.009737253189086914
row_more_sep_row40_col0.csv,0.010740995407104492,0.008855104446411133,0.010814905166625977
row_less_sep_row35_col3.csv,0.009598970413208008,0.008397102355957031,0.008160591125488281
row_extra_quote5_col5.csv,0.010237693786621094,0.008331537246704102,0.008304595947265625
row_less_sep_row80_col2.csv,0.011119604110717773,0.008407831192016602,0.00818943977355957
row_less_sep_row2_col8.csv,0.011506795883178711,0.008553266525268555,0.007992744445800781
row_more_sep_row62_col5.csv,0.009730815887451172,0.009697437286376953,0.009285688400268555
row_more_sep_row78_col7.csv,0.010464191436767578,0.007661581039428711,0.008312463760375977
row_extra_quote0_col6.csv,0.010957717895507812,0.009153604507446289,0.010767936706542969
row_less_sep_row17_col2.csv,0.010990619659423828,0.009802103042602539,0.010252952575683594
row_more_sep_row7_col5.csv,0.01010584831237793,0.00848698616027832,0.009905815124511719
row_less_sep_row6_col1.csv,0.009933710098266602,0.008036613464355469,0.007755756378173828
row_extra_quote21_col1.csv,0.010466575622558594,0.008331060409545898,0.008289337158203125
row_less_sep_row54_col6.csv,0.011336565017700195,0.007992029190063477,0.008152246475219727
row_less_sep_row72_col8.csv,0.009691715240478516,0.008072614669799805,0.008344650268554688
row_extra_quote78_col8.csv,0.009710550308227539,0.010094881057739258,0.008397579193115234
row_more_sep_row67_col6.csv,0.010171651840209961,0.008588075637817383,0.009064912796020508
row_more_sep_row56_col3.csv,0.009298324584960938,0.008047819137573242,0.010111808776855469
row_less_sep_row40_col5.csv,0.010066986083984375,0.008055925369262695,0.008862972259521484
row_less_sep_row78_col2.csv,0.010202169418334961,0.008518218994140625,0.008958816528320312
row_more_sep_row10_col8.csv,0.011776924133300781,0.008502721786499023,0.008097410202026367
row_more_sep_row19_col7.csv,0.010207176208496094,0.009429693222045898,0.007842302322387695
row_less_sep_row54_col8.csv,0.009409189224243164,0.009655237197875977,0.008252382278442383
row_less_sep_row69_col5.csv,0.010579109191894531,0.019550800323486328,0.008859872817993164
row_extra_quote83_col1.csv,0.011105775833129883,0.008522272109985352,0.010685920715332031
row_less_sep_row78_col5.csv,0.011182546615600586,0.010112524032592773,0.01024937629699707
row_less_sep_row59_col6.csv,0.011403799057006836,0.007693052291870117,0.008343696594238281
row_less_sep_row45_col2.csv,0.009174585342407227,0.008130311965942383,0.008095979690551758
row_extra_quote50_col1.csv,0.012440681457519531,0.0101318359375,0.010083436965942383
row_less_sep_row22_col1.csv,0.011471748352050781,0.008461713790893555,0.007717609405517578
row_less_sep_row52_col6.csv,0.010007858276367188,0.008868694305419922,0.008270740509033203
row_more_sep_row56_col1.csv,0.010447263717651367,0.010692119598388672,0.009877443313598633
row_more_sep_row14_col5.csv,0.010734319686889648,0.010184526443481445,0.007868766784667969
row_extra_quote47_col2.csv,0.009397745132446289,0.008570194244384766,0.008966922760009766
row_extra_quote16_col0.csv,0.009732723236083984,0.008115530014038086,0.010007619857788086
row_extra_quote42_col2.csv,0.010290861129760742,0.008160114288330078,0.008150577545166016
row_extra_quote29_col8.csv,0.010618448257446289,0.008948087692260742,0.009058475494384766
row_extra_quote45_col7.csv,0.011692047119140625,0.008532047271728516,0.008475780487060547
row_less_sep_row24_col4.csv,0.010865211486816406,0.008848190307617188,0.008713960647583008
row_less_sep_row70_col2.csv,0.010408639907836914,0.010445594787597656,0.008534669876098633
row_extra_quote54_col6.csv,0.010501623153686523,0.0077207088470458984,0.009303808212280273
row_extra_quote82_col4.csv,0.009944677352905273,0.008013248443603516,0.010335445404052734
row_extra_quote12_col0.csv,0.01122593879699707,0.008212089538574219,0.008617639541625977
row_extra_quote61_col8.csv,0.010791301727294922,0.008967876434326172,0.00822138786315918
row_field_delimiter_18_0x20.csv,0.01120758056640625,0.008179903030395508,0.008165121078491211
row_less_sep_row36_col7.csv,0.009527921676635742,0.008244514465332031,0.00793313980102539
row_more_sep_row35_col8.csv,0.009863853454589844,0.009829521179199219,0.00830388069152832
row_extra_quote68_col0.csv,0.011811256408691406,0.008522510528564453,0.008893728256225586
row_less_sep_row59_col5.csv,0.009538412094116211,0.008093833923339844,0.009976863861083984
row_more_sep_row43_col8.csv,0.010369300842285156,0.008077621459960938,0.009161710739135742
row_less_sep_row54_col4.csv,0.009414911270141602,0.008226394653320312,0.007895946502685547
row_less_sep_row13_col6.csv,0.012944698333740234,0.007809877395629883,0.008299112319946289
row_more_sep_row70_col6.csv,0.009692668914794922,0.008534431457519531,0.008467912673950195
row_more_sep_row38_col7.csv,0.010060310363769531,0.009881973266601562,0.008610010147094727
row_extra_quote41_col8.csv,0.01003575325012207,0.009847640991210938,0.009600400924682617
row_less_sep_row46_col6.csv,0.009567737579345703,0.008982181549072266,0.010117053985595703
row_extra_quote69_col1.csv,0.011174917221069336,0.009147882461547852,0.009892940521240234
row_more_sep_row81_col5.csv,0.009408950805664062,0.008244037628173828,0.0078105926513671875
row_field_delimiter_54_0x20.csv,0.010708093643188477,0.008544206619262695,0.008292913436889648
row_more_sep_row8_col3.csv,0.011227846145629883,0.00792694091796875,0.007992267608642578
row_more_sep_row17_col8.csv,0.010460615158081055,0.008736610412597656,0.007668256759643555
row_more_sep_row59_col1.csv,0.009279727935791016,0.008318662643432617,0.00856781005859375
row_extra_quote75_col4.csv,0.009967565536499023,0.008031845092773438,0.010751962661743164
row_less_sep_row58_col3.csv,0.009614944458007812,0.008060693740844727,0.0080718994140625
row_less_sep_row33_col4.csv,0.009807825088500977,0.007831096649169922,0.009005308151245117
row_more_sep_row75_col7.csv,0.011319160461425781,0.007943391799926758,0.008429765701293945
row_extra_quote60_col0.csv,0.010146379470825195,0.009020328521728516,0.007806062698364258
row_more_sep_row49_col8.csv,0.011165857315063477,0.009994268417358398,0.0090789794921875
row_extra_quote66_col4.csv,0.009518861770629883,0.008849859237670898,0.008171558380126953
row_extra_quote49_col1.csv,0.010588407516479492,0.008598566055297852,0.01073312759399414
row_less_sep_row14_col7.csv,0.009368896484375,0.008622884750366211,0.008050918579101562
row_more_sep_row81_col4.csv,0.011003255844116211,0.00825643539428711,0.00920724868774414
row_more_sep_row26_col8.csv,0.011358022689819336,0.008520126342773438,0.008506059646606445
row_more_sep_row4_col8.csv,0.010462284088134766,0.009096384048461914,0.009068012237548828
row_more_sep_row15_col7.csv,0.00924992561340332,0.009973764419555664,0.00859522819519043
row_less_sep_row31_col3.csv,0.009912729263305664,0.008042335510253906,0.008496522903442383
row_more_sep_row16_col1.csv,0.009641885757446289,0.007899045944213867,0.008418083190917969
row_more_sep_row81_col3.csv,0.009419918060302734,0.008778095245361328,0.00835728645324707
row_extra_quote70_col2.csv,0.010873079299926758,0.008696556091308594,0.008947134017944336
row_extra_quote23_col4.csv,0.010372400283813477,0.008172750473022461,0.009311437606811523
row_extra_quote5_col1.csv,0.009843826293945312,0.009853839874267578,0.008935928344726562
row_less_sep_row12_col7.csv,0.011071920394897461,0.010110616683959961,0.007881641387939453
row_less_sep_row62_col3.csv,0.00936746597290039,0.007610797882080078,0.009755134582519531
row_less_sep_row50_col7.csv,0.010781526565551758,0.0077517032623291016,0.010317087173461914
row_less_sep_row50_col8.csv,0.010535240173339844,0.008284807205200195,0.008014917373657227
row_less_sep_row6_col7.csv,0.01043391227722168,0.0075740814208984375,0.008330345153808594
row_extra_quote77_col1.csv,0.012332677841186523,0.008943319320678711,0.007865667343139648
row_extra_quote42_col5.csv,0.011992692947387695,0.00805974006652832,0.008652210235595703
row_more_sep_row24_col3.csv,0.010053157806396484,0.009967565536499023,0.007683515548706055
row_extra_quote13_col2.csv,0.009153604507446289,0.008188962936401367,0.008047342300415039
row_extra_quote77_col8.csv,0.010150909423828125,0.007975101470947266,0.009997367858886719
row_extra_quote37_col3.csv,0.010425329208374023,0.008434772491455078,0.008171558380126953
row_more_sep_row20_col3.csv,0.009335756301879883,0.008204460144042969,0.008024930953979492
row_extra_quote65_col3.csv,0.0116424560546875,0.008000850677490234,0.008484601974487305
row_extra_quote78_col2.csv,0.010276079177856445,0.008734464645385742,0.008685827255249023
row_less_sep_row16_col2.csv,0.009985685348510742,0.010702133178710938,0.00771331787109375
row_extra_quote4_col6.csv,0.010770797729492188,0.008822917938232422,0.008935689926147461
row_more_sep_row40_col1.csv,0.009809494018554688,0.00852346420288086,0.00953984260559082
row_less_sep_row21_col3.csv,0.00896143913269043,0.007803916931152344,0.00797271728515625
row_extra_quote6_col7.csv,0.009421586990356445,0.00872182846069336,0.008560657501220703
row_extra_quote16_col1.csv,0.012544870376586914,0.008898258209228516,0.007953166961669922
row_extra_quote32_col3.csv,0.010483980178833008,0.009943485260009766,0.008775949478149414
row_extra_quote16_col5.csv,0.010118961334228516,0.009607791900634766,0.008504629135131836
row_less_sep_row82_col7.csv,0.009149789810180664,0.007915735244750977,0.008849382400512695
row_less_sep_row10_col2.csv,0.009055614471435547,0.008582115173339844,0.010530948638916016
row_more_sep_row69_col6.csv,0.015879154205322266,0.012400627136230469,0.014092206954956055
row_more_sep_row59_col3.csv,0.016239643096923828,0.010456562042236328,0.007739543914794922
row_extra_quote27_col1.csv,0.010425329208374023,0.008115291595458984,0.00952458381652832
row_more_sep_row34_col0.csv,0.010154485702514648,0.008814334869384766,0.009453773498535156
row_extra_quote73_col6.csv,0.011574268341064453,0.007878303527832031,0.009036540985107422
row_more_sep_row77_col1.csv,0.009387731552124023,0.007811069488525391,0.0075724124908447266
row_extra_quote22_col3.csv,0.011764764785766602,0.007839441299438477,0.007823467254638672
row_less_sep_row35_col1.csv,0.01163029670715332,0.008365631103515625,0.008050918579101562
row_extra_quote83_col5.csv,0.009935617446899414,0.00837254524230957,0.008315563201904297
row_more_sep_row12_col4.csv,0.009631156921386719,0.009987354278564453,0.0081634521484375
row_more_sep_row67_col1.csv,0.00939631462097168,0.007500171661376953,0.008868932723999023
row_more_sep_row42_col2.csv,0.01068258285522461,0.008828163146972656,0.009679794311523438
row_extra_quote28_col5.csv,0.010283946990966797,0.009276866912841797,0.009656190872192383
row_extra_quote56_col1.csv,0.010030984878540039,0.008832693099975586,0.008183956146240234
row_less_sep_row17_col7.csv,0.009547710418701172,0.008193016052246094,0.009750127792358398
row_extra_quote56_col7.csv,0.011616945266723633,0.007795095443725586,0.007965803146362305
row_more_sep_row8_col4.csv,0.011016368865966797,0.00887608528137207,0.00878596305847168
row_less_sep_row68_col5.csv,0.010573625564575195,0.008392810821533203,0.008051395416259766
row_more_sep_row57_col3.csv,0.009279012680053711,0.009686470031738281,0.007802724838256836
row_more_sep_row12_col8.csv,0.008889436721801758,0.007966756820678711,0.008804798126220703
row_less_sep_row20_col6.csv,0.009680747985839844,0.008346319198608398,0.009615421295166016
row_less_sep_row32_col7.csv,0.009464025497436523,0.008185148239135742,0.008392333984375
row_extra_quote49_col2.csv,0.011058807373046875,0.007735013961791992,0.008467435836791992
row_more_sep_row83_col5.csv,0.010997772216796875,0.008854389190673828,0.00793004035949707
row_more_sep_row37_col7.csv,0.00913381576538086,0.008594751358032227,0.007871389389038086
row_less_sep_row38_col4.csv,0.010738134384155273,0.010649919509887695,0.008717775344848633
row_extra_quote53_col0.csv,0.009387016296386719,0.008092880249023438,0.008082389831542969
row_more_sep_row36_col0.csv,0.011123180389404297,0.009287595748901367,0.009791851043701172
row_extra_quote18_col6.csv,0.010509729385375977,0.008626222610473633,0.008676767349243164
row_more_sep_row23_col8.csv,0.009888648986816406,0.008491754531860352,0.008092403411865234
row_more_sep_row22_col0.csv,0.011029243469238281,0.007878780364990234,0.0076236724853515625
row_more_sep_row75_col2.csv,0.009028196334838867,0.009212255477905273,0.009149789810180664
row_less_sep_row83_col7.csv,0.009926319122314453,0.009810686111450195,0.00893855094909668
row_more_sep_row49_col0.csv,0.00961160659790039,0.008802413940429688,0.008330345153808594
row_more_sep_row42_col1.csv,0.009367942810058594,0.007792472839355469,0.010167598724365234
row_more_sep_row18_col0.csv,0.010767936706542969,0.008929967880249023,0.008885383605957031
row_less_sep_row12_col4.csv,0.009678363800048828,0.008629083633422852,0.008742570877075195
row_more_sep_row6_col8.csv,0.012099981307983398,0.009076595306396484,0.008036136627197266
row_less_sep_row40_col2.csv,0.010434150695800781,0.009348630905151367,0.008456945419311523
row_more_sep_row40_col8.csv,0.010349035263061523,0.00953221321105957,0.0076024532318115234
row_extra_quote71_col8.csv,0.010595560073852539,0.007805585861206055,0.008301258087158203
row_less_sep_row28_col7.csv,0.00982356071472168,0.008896112442016602,0.009788274765014648
row_more_sep_row3_col2.csv,0.01031804084777832,0.007729053497314453,0.009327173233032227
row_less_sep_row26_col5.csv,0.009287834167480469,0.008944272994995117,0.008249998092651367
row_more_sep_row49_col6.csv,0.011358976364135742,0.007937431335449219,0.00781869888305664
row_less_sep_row69_col8.csv,0.009200096130371094,0.00838613510131836,0.007578849792480469
row_extra_quote80_col6.csv,0.010053873062133789,0.00978398323059082,0.008765459060668945
row_extra_quote52_col4.csv,0.010251760482788086,0.008327484130859375,0.009030580520629883
row_extra_quote25_col7.csv,0.010188102722167969,0.008552789688110352,0.012189388275146484
row_more_sep_row62_col7.csv,0.009240150451660156,0.007788419723510742,0.007818937301635742
row_more_sep_row13_col0.csv,0.011385202407836914,0.008231401443481445,0.00827479362487793
row_less_sep_row70_col3.csv,0.00938868522644043,0.008870601654052734,0.008089542388916016
row_more_sep_row50_col3.csv,0.009195566177368164,0.008648157119750977,0.008419513702392578
row_extra_quote80_col5.csv,0.011158227920532227,0.007866859436035156,0.009276151657104492
row_less_sep_row1_col8.csv,0.00927424430847168,0.008237361907958984,0.007961273193359375
row_extra_quote54_col0.csv,0.009121179580688477,0.007536411285400391,0.00863027572631836
row_less_sep_row36_col2.csv,0.010204553604125977,0.00899815559387207,0.0075321197509765625
row_less_sep_row77_col4.csv,0.009661674499511719,0.0075914859771728516,0.007752895355224609
row_more_sep_row41_col2.csv,0.009275197982788086,0.008178472518920898,0.008001089096069336
row_less_sep_row79_col3.csv,0.012092828750610352,0.00882101058959961,0.008780241012573242
row_less_sep_row43_col5.csv,0.00949859619140625,0.008683919906616211,0.007319211959838867
row_less_sep_row44_col2.csv,0.010320186614990234,0.007407426834106445,0.008310794830322266
row_less_sep_row34_col1.csv,0.008981704711914062,0.007614850997924805,0.007681608200073242
row_extra_quote78_col4.csv,0.009808540344238281,0.008635282516479492,0.008704662322998047
row_more_sep_row43_col3.csv,0.009917974472045898,0.008159875869750977,0.008009910583496094
row_extra_quote45_col5.csv,0.01610422134399414,0.007831573486328125,0.007744312286376953
row_more_sep_row4_col5.csv,0.009800195693969727,0.007445096969604492,0.008781671524047852
row_extra_quote56_col6.csv,0.010926961898803711,0.011204004287719727,0.008281469345092773
row_less_sep_row82_col2.csv,0.010183334350585938,0.008351325988769531,0.007798194885253906
row_less_sep_row35_col5.csv,0.009965658187866211,0.008569717407226562,0.008580923080444336
row_less_sep_row49_col3.csv,0.010200023651123047,0.011107206344604492,0.009909868240356445
row_extra_quote23_col6.csv,0.009649276733398438,0.008815526962280273,0.00786137580871582
row_more_sep_row68_col8.csv,0.01098012924194336,0.0076024532318115234,0.008968114852905273
row_extra_quote8_col2.csv,0.008748292922973633,0.010325908660888672,0.007725715637207031
row_extra_quote9_col3.csv,0.010637521743774414,0.008265495300292969,0.0078012943267822266
row_more_sep_row78_col2.csv,0.011886358261108398,0.008369922637939453,0.009193897247314453
row_extra_quote47_col7.csv,0.011606216430664062,0.008075714111328125,0.008591651916503906
row_less_sep_row66_col1.csv,0.009113073348999023,0.007852315902709961,0.007952451705932617
row_extra_quote19_col8.csv,0.010254383087158203,0.010375022888183594,0.00884103775024414
row_extra_quote61_col1.csv,0.010938644409179688,0.008216142654418945,0.008698463439941406
row_extra_quote36_col1.csv,0.01089620590209961,0.007986783981323242,0.009971141815185547
row_more_sep_row60_col5.csv,0.010042428970336914,0.008256673812866211,0.008250951766967773
row_less_sep_row12_col3.csv,0.010520696640014648,0.007428169250488281,0.008063554763793945
row_less_sep_row42_col4.csv,0.011481761932373047,0.007836580276489258,0.008133411407470703
row_more_sep_row70_col0.csv,0.010727167129516602,0.008516550064086914,0.007647037506103516
row_extra_quote78_col7.csv,0.009481668472290039,0.010292768478393555,0.007960796356201172
row_extra_quote51_col4.csv,0.010360479354858398,0.007985353469848633,0.007992744445800781
row_extra_quote5_col6.csv,0.010333061218261719,0.008486032485961914,0.010277986526489258
row_extra_quote68_col7.csv,0.00946497917175293,0.007807493209838867,0.008357763290405273
row_less_sep_row22_col2.csv,0.00922846794128418,0.007816076278686523,0.007999658584594727
row_more_sep_row28_col3.csv,0.009530067443847656,0.008198261260986328,0.008303642272949219
row_extra_quote26_col4.csv,0.009895563125610352,0.010148286819458008,0.008014440536499023
row_less_sep_row73_col5.csv,0.009536027908325195,0.0076618194580078125,0.008258819580078125
row_less_sep_row14_col1.csv,0.010095357894897461,0.008277177810668945,0.007684469223022461
row_less_sep_row38_col2.csv,0.010507583618164062,0.007898807525634766,0.007210969924926758
file_field_delimiter_0x9.csv,0.011376142501831055,0.008496761322021484,0.008433341979980469
row_field_delimiter_24_0x20.csv,0.010688543319702148,0.008095741271972656,0.008971929550170898
row_extra_quote71_col2.csv,0.009400129318237305,0.010374784469604492,0.00796055793762207
row_more_sep_row62_col8.csv,0.009000301361083984,0.00746464729309082,0.008870363235473633
row_more_sep_row5_col4.csv,0.010010004043579102,0.0074977874755859375,0.009698152542114258
row_less_sep_row45_col5.csv,0.009553670883178711,0.007771730422973633,0.00824737548828125
row_less_sep_row70_col8.csv,0.009684324264526367,0.008304119110107422,0.008072137832641602
row_more_sep_row34_col8.csv,0.010675907135009766,0.00769495964050293,0.007833003997802734
row_more_sep_row33_col2.csv,0.010223865509033203,0.008480548858642578,0.00873565673828125
row_more_sep_row49_col4.csv,0.011382818222045898,0.00976252555847168,0.007929801940917969
row_field_delimiter_30_0x20.csv,0.009694337844848633,0.008476495742797852,0.008177042007446289
row_more_sep_row74_col4.csv,0.009443283081054688,0.008604288101196289,0.00980067253112793
row_less_sep_row50_col2.csv,0.010441780090332031,0.0080718994140625,0.008055925369262695
row_less_sep_row36_col1.csv,0.009705305099487305,0.008110523223876953,0.007893800735473633
row_more_sep_row76_col1.csv,0.010587930679321289,0.00813603401184082,0.008169889450073242
row_extra_quote16_col3.csv,0.010254144668579102,0.008298158645629883,0.008532524108886719
row_less_sep_row28_col5.csv,0.010356903076171875,0.009996414184570312,0.008512020111083984
row_more_sep_row26_col5.csv,0.009983539581298828,0.007912397384643555,0.008367776870727539
row_extra_quote33_col1.csv,0.009242534637451172,0.007863283157348633,0.009983062744140625
row_more_sep_row60_col4.csv,0.00911092758178711,0.008359432220458984,0.007799625396728516
row_more_sep_row69_col3.csv,0.009639263153076172,0.00818490982055664,0.008113384246826172
row_more_sep_row41_col4.csv,0.011330604553222656,0.007823467254638672,0.007757902145385742
row_less_sep_row40_col6.csv,0.010926485061645508,0.008043050765991211,0.008293390274047852
row_less_sep_row21_col7.csv,0.010256290435791016,0.007982015609741211,0.007823944091796875
row_field_delimiter_56_0x20.csv,0.009946346282958984,0.008062601089477539,0.008263587951660156
row_more_sep_row79_col1.csv,0.008980751037597656,0.007982015609741211,0.007884979248046875
row_more_sep_row50_col0.csv,0.011177539825439453,0.00815582275390625,0.00805521011352539
row_more_sep_row59_col4.csv,0.009407997131347656,0.00845956802368164,0.007797718048095703
row_less_sep_row54_col3.csv,0.009793519973754883,0.0077822208404541016,0.00906991958618164
row_more_sep_row35_col7.csv,0.011319398880004883,0.007927179336547852,0.00967717170715332
row_extra_quote16_col4.csv,0.00963282585144043,0.008178472518920898,0.008224248886108398
row_extra_quote71_col1.csv,0.01142430305480957,0.009281158447265625,0.010137796401977539
row_less_sep_row60_col2.csv,0.009567975997924805,0.00834035873413086,0.0077402591705322266
row_more_sep_row34_col1.csv,0.010980606079101562,0.008089303970336914,0.012511253356933594
row_more_sep_row38_col1.csv,0.0096588134765625,0.008674144744873047,0.008872032165527344
row_less_sep_row57_col7.csv,0.009407997131347656,0.009752988815307617,0.007918834686279297
row_extra_quote66_col8.csv,0.009657621383666992,0.00827789306640625,0.008484601974487305
row_less_sep_row77_col6.csv,0.009094476699829102,0.008960247039794922,0.009795188903808594
row_extra_quote63_col0.csv,0.008948564529418945,0.009079456329345703,0.008415460586547852
row_field_delimiter_33_0x20.csv,0.009307622909545898,0.007888317108154297,0.008164644241333008
file_no_payload.csv,0.009538888931274414,0.006578683853149414,0.006328582763671875
row_more_sep_row54_col8.csv,0.009560346603393555,0.008859872817993164,0.00777435302734375
row_extra_quote13_col0.csv,0.010074853897094727,0.009516239166259766,0.007827520370483398
row_extra_quote68_col6.csv,0.010846138000488281,0.007831096649169922,0.008617162704467773
row_extra_quote1_col2.csv,0.010097026824951172,0.008049488067626953,0.01114511489868164
row_less_sep_row49_col2.csv,0.009750604629516602,0.008851051330566406,0.008085250854492188
row_more_sep_row51_col0.csv,0.009926557540893555,0.007983207702636719,0.007749080657958984
row_more_sep_row54_col3.csv,0.0098114013671875,0.008275270462036133,0.007847785949707031
row_extra_quote58_col1.csv,0.010411500930786133,0.009648561477661133,0.008446931838989258
row_less_sep_row76_col5.csv,0.009544134140014648,0.0077364444732666016,0.008031129837036133
row_extra_quote27_col6.csv,0.009962320327758789,0.008100748062133789,0.00976705551147461
row_extra_quote77_col0.csv,0.010567665100097656,0.008136510848999023,0.008675098419189453
row_extra_quote12_col2.csv,0.009247064590454102,0.008356809616088867,0.007875442504882812
row_extra_quote12_col8.csv,0.012325525283813477,0.007953405380249023,0.008285760879516602
row_extra_quote3_col6.csv,0.009660959243774414,0.008243083953857422,0.0076100826263427734
row_less_sep_row30_col4.csv,0.009682893753051758,0.010286092758178711,0.008019685745239258
row_less_sep_row2_col3.csv,0.010802745819091797,0.008544206619262695,0.010119438171386719
row_more_sep_row35_col0.csv,0.010102987289428711,0.00867009162902832,0.009607315063476562
row_more_sep_row62_col6.csv,0.009438276290893555,0.00879812240600586,0.007994413375854492
row_more_sep_row39_col7.csv,0.009311437606811523,0.00784754753112793,0.00820159912109375
row_more_sep_row48_col2.csv,0.011769294738769531,0.007679462432861328,0.008718013763427734
row_more_sep_row25_col8.csv,0.00950765609741211,0.010061979293823242,0.007754087448120117
row_extra_quote34_col5.csv,0.009819984436035156,0.011220455169677734,0.00849771499633789
row_less_sep_row25_col2.csv,0.009187459945678711,0.009279012680053711,0.008467674255371094
row_more_sep_row21_col7.csv,0.010515451431274414,0.007669925689697266,0.009872913360595703
row_less_sep_row81_col6.csv,0.011256933212280273,0.008428573608398438,0.008694887161254883
row_field_delimiter_40_0x20.csv,0.009936332702636719,0.007891654968261719,0.00845193862915039
row_extra_quote57_col4.csv,0.011498451232910156,0.00854802131652832,0.008806228637695312
row_extra_quote50_col6.csv,0.010612726211547852,0.00859212875366211,0.008697271347045898
row_more_sep_row74_col3.csv,0.009402990341186523,0.009572029113769531,0.00767970085144043
row_extra_quote79_col6.csv,0.009158849716186523,0.008080720901489258,0.008745670318603516
row_less_sep_row44_col8.csv,0.009942054748535156,0.0076901912689208984,0.009730100631713867
row_less_sep_row56_col3.csv,0.010895013809204102,0.008097171783447266,0.00800466537475586
row_extra_quote60_col1.csv,0.009224653244018555,0.00893259048461914,0.008207082748413086
file_header_only.csv,0.010630130767822266,0.007672309875488281,0.0070133209228515625
file_escape_char_0x5C.csv,0.009454965591430664,0.008342981338500977,0.009172677993774414
row_less_sep_row27_col2.csv,0.009546518325805664,0.010632991790771484,0.007722377777099609
row_less_sep_row47_col8.csv,0.009707212448120117,0.008095502853393555,0.009679794311523438
row_extra_quote60_col2.csv,0.009736299514770508,0.008419513702392578,0.00980377197265625
row_less_sep_row29_col1.csv,0.010314226150512695,0.007520914077758789,0.008150339126586914
row_extra_quote39_col7.csv,0.0100860595703125,0.008187532424926758,0.007982730865478516
row_extra_quote76_col6.csv,0.011439323425292969,0.00861811637878418,0.008701562881469727
row_less_sep_row28_col3.csv,0.011243343353271484,0.008737802505493164,0.007823467254638672
row_more_sep_row14_col0.csv,0.011464834213256836,0.008041858673095703,0.008892297744750977
row_field_delimiter_58_0x20.csv,0.00968170166015625,0.009684085845947266,0.008010149002075195
row_more_sep_row1_col6.csv,0.009207963943481445,0.007765054702758789,0.008176088333129883
row_more_sep_row21_col6.csv,0.010311603546142578,0.007979154586791992,0.010237455368041992
row_extra_quote61_col5.csv,0.01152944564819336,0.007876873016357422,0.009139299392700195
row_extra_quote15_col8.csv,0.010317802429199219,0.007782697677612305,0.00815129280090332
row_more_sep_row12_col3.csv,0.011084556579589844,0.00770878791809082,0.008596420288085938
row_less_sep_row3_col8.csv,0.010202884674072266,0.008757352828979492,0.00968027114868164
row_less_sep_row47_col3.csv,0.009203433990478516,0.00987553596496582,0.008119583129882812
row_less_sep_row83_col6.csv,0.009708881378173828,0.008695363998413086,0.009267568588256836
row_extra_quote77_col3.csv,0.010458707809448242,0.008367300033569336,0.009984254837036133
row_extra_quote31_col0.csv,0.009950399398803711,0.008428096771240234,0.008845806121826172
row_more_sep_row28_col8.csv,0.010086297988891602,0.008492708206176758,0.009196281433105469
row_more_sep_row19_col8.csv,0.011891603469848633,0.009858131408691406,0.008313417434692383
row_less_sep_row30_col3.csv,0.01003575325012207,0.008764028549194336,0.008669376373291016
row_less_sep_row14_col3.csv,0.009725570678710938,0.009898900985717773,0.008884191513061523
row_more_sep_row79_col7.csv,0.009377002716064453,0.008425235748291016,0.009174823760986328
row_more_sep_row70_col5.csv,0.010425090789794922,0.008259773254394531,0.009537696838378906
row_less_sep_row37_col3.csv,0.008970975875854492,0.007526874542236328,0.008028984069824219
row_extra_quote73_col2.csv,0.01005101203918457,0.008458614349365234,0.008154630661010742
row_extra_quote24_col3.csv,0.011262655258178711,0.008233070373535156,0.008345842361450195
row_extra_quote9_col7.csv,0.010262012481689453,0.008098602294921875,0.008197307586669922
row_less_sep_row61_col4.csv,0.009623527526855469,0.009870290756225586,0.007905006408691406
row_less_sep_row16_col6.csv,0.011078119277954102,0.008930444717407227,0.008938789367675781
row_extra_quote37_col2.csv,0.009854316711425781,0.007674694061279297,0.009896278381347656
row_extra_quote81_col1.csv,0.009153366088867188,0.00795602798461914,0.010132074356079102
row_less_sep_row73_col3.csv,0.008959054946899414,0.008195877075195312,0.007699489593505859
row_extra_quote75_col2.csv,0.009627819061279297,0.008287906646728516,0.008340120315551758
row_more_sep_row63_col0.csv,0.010788202285766602,0.00788569450378418,0.007586479187011719
row_extra_quote12_col1.csv,0.00917816162109375,0.008018732070922852,0.008633136749267578
row_less_sep_row76_col4.csv,0.010266780853271484,0.010481119155883789,0.008011102676391602
row_more_sep_row82_col5.csv,0.009383916854858398,0.008394956588745117,0.007872819900512695
row_more_sep_row24_col6.csv,0.010468721389770508,0.008328676223754883,0.00980234146118164
row_more_sep_row4_col1.csv,0.010406494140625,0.008192777633666992,0.008943319320678711
row_more_sep_row7_col1.csv,0.009994745254516602,0.009039878845214844,0.008275270462036133
row_extra_quote4_col0.csv,0.01045370101928711,0.00757908821105957,0.009000301361083984
row_less_sep_row67_col2.csv,0.010885238647460938,0.00891256332397461,0.007727384567260742
row_extra_quote38_col3.csv,0.010057926177978516,0.007987499237060547,0.008342504501342773
row_extra_quote16_col2.csv,0.008491992950439453,0.010052919387817383,0.009125471115112305
row_extra_quote5_col0.csv,0.009858846664428711,0.007851362228393555,0.00847768783569336
row_extra_quote40_col2.csv,0.010539770126342773,0.008085489273071289,0.009811639785766602
row_more_sep_row54_col6.csv,0.010388612747192383,0.007989883422851562,0.007960319519042969
row_extra_quote6_col2.csv,0.01174306869506836,0.007872343063354492,0.008959293365478516
file_multitable_more.csv,0.01257777214050293,0.012238264083862305,0.009104013442993164
row_less_sep_row18_col6.csv,0.011247396469116211,0.007923364639282227,0.00795292854309082
row_more_sep_row12_col5.csv,0.00919961929321289,0.008161783218383789,0.0076198577880859375
row_extra_quote2_col6.csv,0.009839773178100586,0.01000523567199707,0.00832056999206543
row_extra_quote10_col0.csv,0.00963735580444336,0.007586002349853516,0.009296655654907227
row_field_delimiter_69_0x20.csv,0.01195073127746582,0.010132551193237305,0.008243083953857422
row_more_sep_row3_col8.csv,0.010184526443481445,0.0076329708099365234,0.009117841720581055
row_more_sep_row38_col4.csv,0.008927106857299805,0.00846719741821289,0.007810354232788086
row_extra_quote28_col6.csv,0.010103702545166016,0.007957696914672852,0.008316516876220703
row_extra_quote38_col8.csv,0.009024620056152344,0.010374069213867188,0.007835626602172852
row_less_sep_row8_col6.csv,0.01091146469116211,0.00964975357055664,0.008670806884765625
row_extra_quote32_col7.csv,0.009464740753173828,0.00823354721069336,0.008306264877319336
row_less_sep_row35_col8.csv,0.008585691452026367,0.00791478157043457,0.010055065155029297
row_less_sep_row19_col1.csv,0.010410070419311523,0.007612705230712891,0.007723093032836914
row_more_sep_row16_col0.csv,0.010033369064331055,0.008053302764892578,0.007963180541992188
row_field_delimiter_14_0x20.csv,0.010360240936279297,0.008359193801879883,0.009139060974121094
row_extra_quote35_col5.csv,0.009921789169311523,0.009852886199951172,0.008060216903686523
row_extra_quote14_col0.csv,0.010267019271850586,0.009023666381835938,0.008482694625854492
row_extra_quote59_col6.csv,0.009565591812133789,0.008270978927612305,0.010323524475097656
row_more_sep_row14_col6.csv,0.010956525802612305,0.008188009262084961,0.008320093154907227
row_extra_quote82_col6.csv,0.009754657745361328,0.008083581924438477,0.0078051090240478516
row_less_sep_row17_col3.csv,0.01134800910949707,0.008458375930786133,0.0073931217193603516
row_less_sep_row31_col7.csv,0.00981450080871582,0.00825047492980957,0.008568763732910156
row_less_sep_row48_col5.csv,0.009911298751831055,0.009868383407592773,0.008152008056640625
row_more_sep_row34_col7.csv,0.009340524673461914,0.007718801498413086,0.009179115295410156
row_extra_quote60_col8.csv,0.009639501571655273,0.008231639862060547,0.009901046752929688
row_less_sep_row29_col5.csv,0.00945138931274414,0.007950067520141602,0.009838342666625977
row_extra_quote69_col6.csv,0.009801149368286133,0.008386611938476562,0.007886886596679688
row_extra_quote36_col0.csv,0.010827302932739258,0.007892608642578125,0.009047746658325195
row_extra_quote18_col1.csv,0.01051473617553711,0.009232521057128906,0.00799870491027832
row_less_sep_row1_col3.csv,0.010269880294799805,0.010452985763549805,0.009048223495483398
row_less_sep_row56_col1.csv,0.009583473205566406,0.008636474609375,0.008206605911254883
row_more_sep_row77_col6.csv,0.01157689094543457,0.008130788803100586,0.010125398635864258
row_more_sep_row5_col7.csv,0.009313583374023438,0.008580923080444336,0.008402585983276367
row_extra_quote19_col3.csv,0.00963449478149414,0.008625984191894531,0.009040355682373047
row_more_sep_row4_col0.csv,0.011194944381713867,0.007835865020751953,0.007942676544189453
row_more_sep_row68_col6.csv,0.010677576065063477,0.008148431777954102,0.009313344955444336
row_more_sep_row25_col3.csv,0.010085582733154297,0.009871244430541992,0.007941722869873047
row_more_sep_row73_col1.csv,0.009776830673217773,0.0073659420013427734,0.008165597915649414
row_less_sep_row33_col1.csv,0.00971364974975586,0.008004426956176758,0.010212421417236328
row_less_sep_row43_col6.csv,0.009688854217529297,0.007770061492919922,0.008095502853393555
row_more_sep_row3_col6.csv,0.01013636589050293,0.008799076080322266,0.007769346237182617
row_extra_quote19_col1.csv,0.01134181022644043,0.008783340454101562,0.008601665496826172
row_less_sep_row26_col7.csv,0.010498285293579102,0.008960962295532227,0.008892536163330078
row_field_delimiter_57_0x20.csv,0.009774446487426758,0.009642362594604492,0.008547782897949219
row_extra_quote76_col4.csv,0.009261608123779297,0.007877349853515625,0.009050607681274414
row_less_sep_row61_col7.csv,0.011526346206665039,0.008386373519897461,0.010124444961547852
row_more_sep_row20_col8.csv,0.010439634323120117,0.009827852249145508,0.008649587631225586
row_extra_quote33_col3.csv,0.011834859848022461,0.00868368148803711,0.009056568145751953
row_more_sep_row44_col7.csv,0.011352062225341797,0.008257389068603516,0.008710622787475586
row_less_sep_row34_col4.csv,0.011095285415649414,0.008081912994384766,0.009013175964355469
row_extra_quote68_col4.csv,0.010344266891479492,0.010241270065307617,0.008155345916748047
row_less_sep_row68_col4.csv,0.010991811752319336,0.010041952133178711,0.008145570755004883
row_more_sep_row48_col5.csv,0.010541439056396484,0.00892329216003418,0.008243799209594727
row_extra_quote46_col1.csv,0.009426593780517578,0.007985830307006836,0.009839773178100586
row_more_sep_row48_col1.csv,0.009576797485351562,0.008038520812988281,0.008369684219360352
row_extra_quote69_col2.csv,0.009928703308105469,0.008324384689331055,0.009005069732666016
row_less_sep_row65_col7.csv,0.011419534683227539,0.008420467376708984,0.007875442504882812
row_extra_quote35_col7.csv,0.009978771209716797,0.008425235748291016,0.008597135543823242
row_more_sep_row23_col0.csv,0.009502887725830078,0.01064920425415039,0.008379936218261719
row_field_delimiter_8_0x20.csv,0.009662389755249023,0.007637739181518555,0.00862741470336914
row_extra_quote75_col6.csv,0.009526968002319336,0.008228540420532227,0.010126590728759766
row_more_sep_row50_col2.csv,0.009678840637207031,0.007657289505004883,0.008251190185546875
file_field_delimiter_0x3B.csv,0.009823799133300781,0.008464336395263672,0.00936579704284668
row_extra_quote62_col5.csv,0.011275053024291992,0.009276151657104492,0.009830951690673828
row_less_sep_row52_col7.csv,0.011199474334716797,0.008430242538452148,0.008909225463867188
row_extra_quote80_col3.csv,0.01007390022277832,0.010312318801879883,0.008270263671875
row_extra_quote41_col6.csv,0.00932931900024414,0.008089303970336914,0.009551525115966797
row_extra_quote35_col3.csv,0.009422540664672852,0.008760929107666016,0.010166168212890625
row_extra_quote51_col3.csv,0.009919166564941406,0.008247613906860352,0.008980751037597656
row_less_sep_row15_col8.csv,0.009774208068847656,0.009183406829833984,0.008464813232421875
row_more_sep_row56_col7.csv,0.010804891586303711,0.0077724456787109375,0.008825302124023438
row_extra_quote50_col3.csv,0.00962209701538086,0.00845026969909668,0.007883310317993164
row_more_sep_row21_col4.csv,0.009790897369384766,0.009691238403320312,0.008662223815917969
row_more_sep_row3_col3.csv,0.00914454460144043,0.008993864059448242,0.008701801300048828
row_more_sep_row73_col0.csv,0.010433673858642578,0.008565902709960938,0.00981760025024414
row_less_sep_row30_col6.csv,0.010613679885864258,0.00815725326538086,0.00847005844116211
row_extra_quote46_col2.csv,0.011330366134643555,0.008255481719970703,0.00802469253540039
source.csv,0.011470794677734375,0.008478641510009766,0.007895469665527344
row_extra_quote40_col0.csv,0.010335683822631836,0.008142232894897461,0.008161306381225586
row_more_sep_row32_col6.csv,0.011493682861328125,0.010241270065307617,0.008052349090576172
row_less_sep_row70_col5.csv,0.010241031646728516,0.007881879806518555,0.009129524230957031
row_less_sep_row55_col6.csv,0.009477376937866211,0.008424997329711914,0.009845972061157227
row_less_sep_row53_col4.csv,0.010093927383422852,0.00782012939453125,0.009082317352294922
row_more_sep_row68_col2.csv,0.00975179672241211,0.008651018142700195,0.008041620254516602
row_more_sep_row31_col4.csv,0.010967254638671875,0.008032798767089844,0.008760213851928711
row_more_sep_row74_col7.csv,0.010126590728759766,0.008932113647460938,0.00857853889465332
row_more_sep_row14_col3.csv,0.009907722473144531,0.009763956069946289,0.008374691009521484
row_more_sep_row41_col1.csv,0.010393142700195312,0.00829625129699707,0.010164499282836914
row_less_sep_row62_col2.csv,0.010916948318481445,0.008210182189941406,0.00986623764038086
row_less_sep_row42_col3.csv,0.0104217529296875,0.007950305938720703,0.007513284683227539
row_field_delimiter_10_0x20.csv,0.01068258285522461,0.007662057876586914,0.007930517196655273
row_less_sep_row73_col2.csv,0.011327505111694336,0.008700847625732422,0.007834434509277344
row_more_sep_row13_col4.csv,0.009592056274414062,0.008172273635864258,0.007932901382446289
row_extra_quote50_col5.csv,0.009745597839355469,0.008749246597290039,0.008865594863891602
row_more_sep_row69_col8.csv,0.009877681732177734,0.008059501647949219,0.011109352111816406
row_field_delimiter_74_0x20.csv,0.010832786560058594,0.00847315788269043,0.009909391403198242
row_extra_quote7_col2.csv,0.010756969451904297,0.008340597152709961,0.008329153060913086
row_less_sep_row11_col4.csv,0.00950932502746582,0.00858759880065918,0.008143424987792969
row_extra_quote13_col3.csv,0.01024007797241211,0.010316848754882812,0.008892059326171875
row_less_sep_row65_col6.csv,0.009874582290649414,0.009754419326782227,0.009411334991455078
row_extra_quote69_col7.csv,0.010055303573608398,0.008759737014770508,0.008443593978881836
row_more_sep_row40_col2.csv,0.010601997375488281,0.008226871490478516,0.009977579116821289
row_extra_quote51_col1.csv,0.009942293167114258,0.008551597595214844,0.008147954940795898
row_field_delimiter_32_0x20.csv,0.009937047958374023,0.008182764053344727,0.008328914642333984
row_more_sep_row10_col6.csv,0.01158452033996582,0.00876617431640625,0.008934497833251953
row_more_sep_row27_col3.csv,0.009637594223022461,0.009028911590576172,0.00910496711730957
row_extra_quote6_col3.csv,0.009401082992553711,0.00984048843383789,0.008363962173461914
row_more_sep_row33_col6.csv,0.010174751281738281,0.008375406265258789,0.008220672607421875
row_extra_quote23_col0.csv,0.009555339813232422,0.008544445037841797,0.009656667709350586
row_less_sep_row24_col3.csv,0.010873556137084961,0.00803995132446289,0.008480072021484375
row_more_sep_row23_col2.csv,0.009366035461425781,0.008496761322021484,0.008327960968017578
row_extra_quote14_col2.csv,0.01117563247680664,0.008709430694580078,0.008802413940429688
row_more_sep_row70_col4.csv,0.009676456451416016,0.008826732635498047,0.008394956588745117
row_more_sep_row42_col8.csv,0.010976791381835938,0.010681390762329102,0.009573698043823242
row_less_sep_row58_col6.csv,0.009224891662597656,0.00912022590637207,0.007758140563964844
row_more_sep_row73_col2.csv,0.010094404220581055,0.008099555969238281,0.009748220443725586
row_more_sep_row1_col8.csv,0.009639501571655273,0.008183717727661133,0.008203506469726562
row_field_delimiter_16_0x20.csv,0.009496688842773438,0.008311748504638672,0.009122371673583984
row_field_delimiter_51_0x20.csv,0.011168956756591797,0.008428812026977539,0.008795976638793945
row_extra_quote13_col1.csv,0.009879589080810547,0.008830070495605469,0.009024620056152344
row_more_sep_row18_col1.csv,0.00972604751586914,0.00983738899230957,0.007737874984741211
row_extra_quote72_col1.csv,0.010230779647827148,0.008689641952514648,0.008760213851928711
row_extra_quote46_col0.csv,0.009262561798095703,0.008445262908935547,0.00961446762084961
row_extra_quote52_col3.csv,0.009642839431762695,0.008303165435791016,0.00829458236694336
row_less_sep_row71_col4.csv,0.00936126708984375,0.008648157119750977,0.008362054824829102
row_more_sep_row78_col3.csv,0.010965824127197266,0.007370710372924805,0.009160518646240234
row_more_sep_row80_col0.csv,0.00946664810180664,0.0084991455078125,0.008034467697143555
row_extra_quote33_col7.csv,0.01082468032836914,0.009888648986816406,0.009141921997070312
row_extra_quote73_col3.csv,0.00952768325805664,0.008179903030395508,0.008905887603759766
row_less_sep_row18_col8.csv,0.009601354598999023,0.008209943771362305,0.009455680847167969
row_more_sep_row45_col4.csv,0.009478330612182617,0.008210420608520508,0.007641792297363281
row_extra_quote83_col3.csv,0.010094404220581055,0.008790969848632812,0.008219003677368164
row_more_sep_row44_col6.csv,0.011622905731201172,0.007881402969360352,0.008329391479492188
row_field_delimiter_72_0x20.csv,0.009737014770507812,0.008277177810668945,0.008832216262817383
row_more_sep_row42_col4.csv,0.010376453399658203,0.010110139846801758,0.0075225830078125
row_less_sep_row30_col2.csv,0.011673688888549805,0.008855819702148438,0.010014057159423828
row_extra_quote35_col0.csv,0.009508132934570312,0.008844137191772461,0.009684085845947266
row_extra_quote82_col1.csv,0.011269330978393555,0.00800180435180664,0.009314298629760742
row_extra_quote83_col6.csv,0.01039266586303711,0.0087127685546875,0.008283615112304688
row_extra_quote83_col2.csv,0.01144552230834961,0.008155107498168945,0.010413408279418945
row_less_sep_row55_col7.csv,0.010012149810791016,0.008611679077148438,0.008326292037963867
row_more_sep_row29_col1.csv,0.0106048583984375,0.009672880172729492,0.008107185363769531
row_more_sep_row41_col5.csv,0.010496854782104492,0.008367061614990234,0.008882522583007812
row_extra_quote73_col7.csv,0.010707616806030273,0.007901430130004883,0.010012149810791016
row_more_sep_row27_col4.csv,0.009542703628540039,0.00827336311340332,0.008483171463012695
row_less_sep_row19_col3.csv,0.009795665740966797,0.008352279663085938,0.008524894714355469
row_extra_quote73_col1.csv,0.011738061904907227,0.008699893951416016,0.008301973342895508
row_more_sep_row5_col0.csv,0.010790109634399414,0.008197307586669922,0.007710933685302734
row_extra_quote31_col6.csv,0.010089397430419922,0.009759902954101562,0.008101701736450195
row_less_sep_row63_col7.csv,0.010759353637695312,0.007843971252441406,0.00918436050415039
row_less_sep_row24_col1.csv,0.00994110107421875,0.008757352828979492,0.009855985641479492
row_extra_quote36_col6.csv,0.010273456573486328,0.008051872253417969,0.009104251861572266
row_more_sep_row54_col2.csv,0.009661197662353516,0.008161783218383789,0.00803685188293457
row_more_sep_row13_col6.csv,0.011336803436279297,0.008495807647705078,0.009209871292114258
row_less_sep_row55_col5.csv,0.01017141342163086,0.010174751281738281,0.007703065872192383
row_less_sep_row18_col2.csv,0.009606122970581055,0.008649826049804688,0.008591413497924805
row_less_sep_row5_col5.csv,0.009731292724609375,0.007660865783691406,0.009601831436157227
row_more_sep_row10_col5.csv,0.009524822235107422,0.00826573371887207,0.008248329162597656
row_more_sep_row3_col4.csv,0.009393692016601562,0.009755373001098633,0.00787043571472168
row_more_sep_row81_col6.csv,0.011164426803588867,0.008213281631469727,0.007969141006469727
row_extra_quote23_col2.csv,0.01061868667602539,0.008809089660644531,0.009497642517089844
row_extra_quote8_col4.csv,0.009594440460205078,0.010222196578979492,0.008343219757080078
row_more_sep_row22_col6.csv,0.009546279907226562,0.00757145881652832,0.008405923843383789
row_more_sep_row39_col5.csv,0.009425163269042969,0.007876396179199219,0.010465860366821289
row_extra_quote12_col3.csv,0.009573221206665039,0.009150266647338867,0.007675886154174805
row_extra_quote38_col5.csv,0.010632038116455078,0.007718563079833984,0.009122610092163086
row_more_sep_row6_col7.csv,0.010818719863891602,0.008597373962402344,0.007952690124511719
row_more_sep_row37_col0.csv,0.010889053344726562,0.007837772369384766,0.008194684982299805
row_extra_quote82_col3.csv,0.009251832962036133,0.010375261306762695,0.008064746856689453
row_extra_quote41_col2.csv,0.010669469833374023,0.007861614227294922,0.00853586196899414
row_extra_quote10_col1.csv,0.009580135345458984,0.007660388946533203,0.009549856185913086
row_extra_quote36_col5.csv,0.009614706039428711,0.008028745651245117,0.008314371109008789
row_less_sep_row53_col1.csv,0.010134696960449219,0.008138179779052734,0.00773167610168457
row_extra_quote18_col4.csv,0.011652231216430664,0.007930755615234375,0.007974624633789062
row_extra_quote44_col4.csv,0.009923458099365234,0.007842540740966797,0.008322715759277344
row_more_sep_row67_col3.csv,0.010026216506958008,0.007358551025390625,0.00825047492980957
row_less_sep_row22_col4.csv,0.010355710983276367,0.0075681209564208984,0.008067607879638672
row_more_sep_row27_col5.csv,0.010776758193969727,0.007925033569335938,0.008321523666381836
row_extra_quote76_col8.csv,0.010102033615112305,0.008359670639038086,0.008389472961425781
row_less_sep_row22_col3.csv,0.01060175895690918,0.008996248245239258,0.008748292922973633
row_extra_quote27_col5.csv,0.00966644287109375,0.00894308090209961,0.009086132049560547
row_extra_quote61_col7.csv,0.010011911392211914,0.008557796478271484,0.007690906524658203
row_more_sep_row44_col8.csv,0.009106874465942383,0.007769346237182617,0.008826017379760742
row_more_sep_row19_col3.csv,0.010702848434448242,0.0081329345703125,0.008110284805297852
row_field_delimiter_62_0x20.csv,0.010159015655517578,0.0076160430908203125,0.007711172103881836
row_extra_quote28_col1.csv,0.00972127914428711,0.007637500762939453,0.008091926574707031
row_less_sep_row74_col7.csv,0.009575128555297852,0.009540796279907227,0.007364749908447266
row_extra_quote37_col6.csv,0.009031534194946289,0.007417440414428711,0.00816798210144043
row_extra_quote68_col3.csv,0.009198427200317383,0.007952690124511719,0.007714986801147461
row_more_sep_row7_col2.csv,0.00958108901977539,0.007807731628417969,0.0084381103515625
row_less_sep_row14_col5.csv,0.009689569473266602,0.009262561798095703,0.008084774017333984
row_more_sep_row32_col4.csv,0.009900093078613281,0.0075702667236328125,0.008056163787841797
row_more_sep_row76_col8.csv,0.010800361633300781,0.007870197296142578,0.009083032608032227
row_field_delimiter_34_0x20.csv,0.009285211563110352,0.007969379425048828,0.007701396942138672
row_less_sep_row38_col1.csv,0.01049041748046875,0.008492469787597656,0.007814168930053711
row_more_sep_row28_col5.csv,0.010000228881835938,0.008076190948486328,0.008903741836547852
row_extra_quote20_col7.csv,0.009421348571777344,0.010411500930786133,0.009336709976196289
row_less_sep_row9_col6.csv,0.010833978652954102,0.008383512496948242,0.008455753326416016
row_extra_quote23_col3.csv,0.00972294807434082,0.008587360382080078,0.008132219314575195
row_less_sep_row45_col1.csv,0.009581565856933594,0.01003885269165039,0.009456157684326172
row_more_sep_row82_col7.csv,0.010021448135375977,0.008352518081665039,0.008711099624633789
row_more_sep_row36_col7.csv,0.008978605270385742,0.00944209098815918,0.010447025299072266
row_extra_quote19_col2.csv,0.009767770767211914,0.008435726165771484,0.007731437683105469
row_extra_quote32_col4.csv,0.009916543960571289,0.008048772811889648,0.008182525634765625
row_less_sep_row49_col5.csv,0.011183023452758789,0.008836984634399414,0.008196830749511719
row_extra_quote76_col7.csv,0.010964155197143555,0.009380817413330078,0.008189916610717773
row_more_sep_row62_col2.csv,0.01105642318725586,0.009552717208862305,0.008758306503295898
row_less_sep_row80_col5.csv,0.009603261947631836,0.00823354721069336,0.009157180786132812
row_extra_quote25_col2.csv,0.00971674919128418,0.007966041564941406,0.00981903076171875
row_extra_quote55_col2.csv,0.009836673736572266,0.008257627487182617,0.008333683013916016
row_more_sep_row29_col0.csv,0.009718894958496094,0.007433891296386719,0.008817434310913086
row_more_sep_row81_col8.csv,0.009531497955322266,0.008766412734985352,0.008195161819458008
row_extra_quote2_col1.csv,0.009200096130371094,0.008132696151733398,0.008343935012817383
row_more_sep_row35_col6.csv,0.010932445526123047,0.008388519287109375,0.009476661682128906
row_field_delimiter_80_0x20.csv,0.01005411148071289,0.008191347122192383,0.0074901580810546875
row_extra_quote51_col2.csv,0.010584115982055664,0.007851362228393555,0.008249044418334961
row_less_sep_row20_col1.csv,0.011432647705078125,0.008427143096923828,0.008498907089233398
row_more_sep_row36_col2.csv,0.010379552841186523,0.008106231689453125,0.008388996124267578
row_extra_quote67_col7.csv,0.010512590408325195,0.009635686874389648,0.008485555648803711
row_less_sep_row25_col4.csv,0.009842395782470703,0.007684230804443359,0.008153915405273438
row_more_sep_row20_col6.csv,0.00878763198852539,0.007691621780395508,0.007950067520141602
row_extra_quote27_col7.csv,0.009863853454589844,0.008309364318847656,0.008085966110229492
row_extra_quote8_col7.csv,0.011342763900756836,0.008184194564819336,0.007875204086303711
row_more_sep_row17_col2.csv,0.009728670120239258,0.008126497268676758,0.007779359817504883
row_extra_quote22_col5.csv,0.010416030883789062,0.010258197784423828,0.008520841598510742
row_more_sep_row33_col1.csv,0.010654926300048828,0.009824752807617188,0.008043289184570312
row_extra_quote74_col4.csv,0.010246753692626953,0.008121490478515625,0.009058475494384766
row_extra_quote77_col6.csv,0.013417243957519531,0.011043071746826172,0.008357048034667969
row_more_sep_row12_col1.csv,0.011930227279663086,0.009507417678833008,0.00790858268737793
row_less_sep_row31_col2.csv,0.01178431510925293,0.008821487426757812,0.00873875617980957
row_less_sep_row19_col7.csv,0.011721372604370117,0.008177995681762695,0.010016679763793945
row_extra_quote10_col5.csv,0.009846210479736328,0.008167743682861328,0.008298873901367188
row_less_sep_row75_col3.csv,0.01045989990234375,0.009471654891967773,0.008072853088378906
row_extra_quote54_col7.csv,0.010910987854003906,0.008079290390014648,0.009817838668823242
row_more_sep_row58_col6.csv,0.009331703186035156,0.007996797561645508,0.009466886520385742
row_less_sep_row5_col7.csv,0.010550737380981445,0.008458852767944336,0.013663053512573242
row_less_sep_row3_col1.csv,0.01021122932434082,0.008743762969970703,0.009167194366455078
row_less_sep_row7_col4.csv,0.009385108947753906,0.007843255996704102,0.0077860355377197266
row_field_delimiter_79_0x20.csv,0.009773731231689453,0.009142160415649414,0.008909940719604492
row_field_delimiter_63_0x20.csv,0.011976003646850586,0.007782459259033203,0.007771730422973633
row_less_sep_row75_col4.csv,0.009043455123901367,0.008333206176757812,0.008385181427001953
row_more_sep_row33_col5.csv,0.009209394454956055,0.01003265380859375,0.008484840393066406
row_less_sep_row82_col6.csv,0.009492158889770508,0.010230302810668945,0.007701873779296875
row_extra_quote21_col4.csv,0.009606599807739258,0.008071422576904297,0.011883258819580078
row_less_sep_row57_col1.csv,0.009958028793334961,0.008814334869384766,0.009661436080932617
row_less_sep_row64_col2.csv,0.009438753128051758,0.009469032287597656,0.00815439224243164
row_less_sep_row51_col7.csv,0.010378360748291016,0.009389877319335938,0.009288787841796875
row_extra_quote24_col4.csv,0.013448715209960938,0.008332014083862305,0.008294105529785156
row_extra_quote46_col4.csv,0.01086115837097168,0.008132457733154297,0.009061574935913086
row_more_sep_row0_col5.csv,0.011895895004272461,0.010890960693359375,0.008382081985473633
row_less_sep_row28_col4.csv,0.014056921005249023,0.007969141006469727,0.00825953483581543
row_less_sep_row10_col5.csv,0.0174710750579834,0.01496124267578125,0.015578985214233398
row_more_sep_row52_col5.csv,0.015498638153076172,0.011471748352050781,0.00980997085571289
row_extra_quote81_col4.csv,0.010437488555908203,0.0083465576171875,0.009314298629760742
row_extra_quote73_col8.csv,0.00992441177368164,0.009771347045898438,0.00784921646118164
row_extra_quote73_col0.csv,0.01107478141784668,0.008575201034545898,0.008361339569091797
row_more_sep_row56_col4.csv,0.009289264678955078,0.0075626373291015625,0.009522199630737305
row_extra_quote39_col6.csv,0.010776042938232422,0.00791311264038086,0.008628368377685547
row_extra_quote3_col8.csv,0.009748697280883789,0.008379220962524414,0.008814811706542969
row_more_sep_row57_col1.csv,0.011174678802490234,0.008018732070922852,0.007760047912597656
row_more_sep_row45_col5.csv,0.009063720703125,0.00791025161743164,0.0079498291015625
row_extra_quote75_col0.csv,0.009034872055053711,0.008149147033691406,0.00812220573425293
row_extra_quote11_col5.csv,0.010142803192138672,0.008331060409545898,0.010497570037841797
row_more_sep_row19_col5.csv,0.008906364440917969,0.007639646530151367,0.008265495300292969
row_more_sep_row11_col4.csv,0.009330034255981445,0.008107662200927734,0.007878780364990234
row_more_sep_row30_col1.csv,0.009206533432006836,0.008417844772338867,0.008278369903564453
row_extra_quote43_col5.csv,0.010497093200683594,0.009708881378173828,0.00835561752319336
row_less_sep_row71_col1.csv,0.010958433151245117,0.007864713668823242,0.0088653564453125
row_less_sep_row81_col1.csv,0.010155677795410156,0.00795888900756836,0.009522676467895508
row_less_sep_row63_col3.csv,0.01012730598449707,0.008894205093383789,0.008399248123168945
row_more_sep_row7_col4.csv,0.008729696273803711,0.008472681045532227,0.008189916610717773
row_extra_quote20_col0.csv,0.009297609329223633,0.008265256881713867,0.008118629455566406
row_extra_quote6_col0.csv,0.009132862091064453,0.009276390075683594,0.0076978206634521484
row_extra_quote83_col0.csv,0.009429693222045898,0.007870912551879883,0.008791685104370117
row_less_sep_row38_col5.csv,0.010010242462158203,0.008198261260986328,0.00963902473449707
row_extra_quote21_col7.csv,0.009849309921264648,0.008173704147338867,0.007938385009765625
row_more_sep_row75_col8.csv,0.008809566497802734,0.009481191635131836,0.009718894958496094
row_extra_quote5_col8.csv,0.011969804763793945,0.00839543342590332,0.008031368255615234
row_less_sep_row72_col1.csv,0.010928869247436523,0.008301734924316406,0.007665157318115234
row_less_sep_row4_col6.csv,0.009645938873291016,0.008986711502075195,0.008312225341796875
row_more_sep_row20_col5.csv,0.009401798248291016,0.010053157806396484,0.007924795150756836
row_extra_quote47_col6.csv,0.010624885559082031,0.007894039154052734,0.008732795715332031
row_less_sep_row30_col7.csv,0.009351730346679688,0.007932662963867188,0.009769916534423828
row_less_sep_row79_col8.csv,0.009842395782470703,0.007671833038330078,0.00797128677368164
row_more_sep_row50_col6.csv,0.00960850715637207,0.007858514785766602,0.0077228546142578125
row_more_sep_row30_col4.csv,0.009662389755249023,0.007850885391235352,0.00912165641784668
row_extra_quote17_col7.csv,0.010239124298095703,0.009805917739868164,0.00835561752319336
row_less_sep_row57_col5.csv,0.009823322296142578,0.007592439651489258,0.008963346481323242
row_more_sep_row48_col8.csv,0.010672569274902344,0.007821321487426758,0.009968280792236328
row_field_delimiter_83_0x20.csv,0.0104827880859375,0.007689476013183594,0.010569095611572266
row_extra_quote40_col5.csv,0.00939035415649414,0.008924245834350586,0.0083160400390625
row_less_sep_row16_col1.csv,0.011563777923583984,0.009477615356445312,0.009051322937011719
row_more_sep_row42_col6.csv,0.010222434997558594,0.010182619094848633,0.007848978042602539
row_extra_quote49_col5.csv,0.010616302490234375,0.010304689407348633,0.008506059646606445
row_extra_quote13_col7.csv,0.010569334030151367,0.009292125701904297,0.008565187454223633
row_less_sep_row28_col6.csv,0.011164188385009766,0.00805211067199707,0.010084152221679688
row_less_sep_row20_col5.csv,0.009844064712524414,0.008807897567749023,0.008365631103515625
row_extra_quote64_col0.csv,0.010863304138183594,0.008287906646728516,0.008942842483520508
row_less_sep_row27_col4.csv,0.012227296829223633,0.00882101058959961,0.009026765823364258
row_more_sep_row1_col1.csv,0.009781122207641602,0.008695602416992188,0.00946664810180664
row_less_sep_row2_col6.csv,0.01012110710144043,0.010249853134155273,0.007903575897216797
row_more_sep_row52_col8.csv,0.011876583099365234,0.008700132369995117,0.009468555450439453
row_more_sep_row11_col1.csv,0.011448144912719727,0.010804891586303711,0.008683443069458008
row_more_sep_row1_col0.csv,0.010487079620361328,0.008265495300292969,0.010240793228149414
row_more_sep_row26_col7.csv,0.009862184524536133,0.008739233016967773,0.00878000259399414
row_more_sep_row73_col8.csv,0.010786056518554688,0.00877833366394043,0.008430004119873047
row_extra_quote50_col7.csv,0.01171875,0.007933855056762695,0.008405923843383789
row_more_sep_row46_col7.csv,0.011228084564208984,0.008627176284790039,0.009210824966430664
row_less_sep_row39_col4.csv,0.009900093078613281,0.009267091751098633,0.009569883346557617
row_more_sep_row30_col0.csv,0.009678125381469727,0.009990930557250977,0.008026599884033203
row_extra_quote30_col1.csv,0.009711027145385742,0.008434534072875977,0.008624076843261719
row_more_sep_row49_col2.csv,0.010364055633544922,0.008148670196533203,0.010065555572509766
row_extra_quote35_col1.csv,0.009625673294067383,0.008289813995361328,0.010096311569213867
row_extra_quote17_col3.csv,0.010579824447631836,0.008093595504760742,0.010725736618041992
row_extra_quote49_col8.csv,0.010960817337036133,0.010437726974487305,0.010159969329833984
row_less_sep_row58_col1.csv,0.011963129043579102,0.008019447326660156,0.010694503784179688
row_more_sep_row4_col7.csv,0.008923530578613281,0.008065938949584961,0.011217355728149414
row_extra_quote1_col0.csv,0.009219169616699219,0.009241819381713867,0.007985115051269531
row_less_sep_row21_col5.csv,0.012156248092651367,0.008483171463012695,0.008281707763671875
row_more_sep_row15_col4.csv,0.012065410614013672,0.00888967514038086,0.007994651794433594
row_extra_quote50_col8.csv,0.01125645637512207,0.00897836685180664,0.008821487426757812
row_more_sep_row13_col7.csv,0.012047767639160156,0.00791621208190918,0.007973909378051758
row_extra_quote22_col4.csv,0.00913548469543457,0.008818864822387695,0.00859975814819336
row_field_delimiter_75_0x20.csv,0.009870052337646484,0.009942293167114258,0.008712291717529297
row_more_sep_row59_col7.csv,0.00973367691040039,0.008977651596069336,0.008504867553710938
row_more_sep_row47_col8.csv,0.011138916015625,0.008450031280517578,0.010878562927246094
row_more_sep_row54_col7.csv,0.009259700775146484,0.008566856384277344,0.009810686111450195
row_extra_quote29_col4.csv,0.010691642761230469,0.008437156677246094,0.010292291641235352
row_more_sep_row24_col2.csv,0.009454488754272461,0.00928807258605957,0.010891199111938477
row_more_sep_row78_col0.csv,0.010753154754638672,0.008628129959106445,0.008256912231445312
row_less_sep_row39_col1.csv,0.009926319122314453,0.00874781608581543,0.008603572845458984
row_less_sep_row70_col6.csv,0.011517524719238281,0.009310722351074219,0.008065938949584961
row_more_sep_row3_col0.csv,0.009845256805419922,0.008712053298950195,0.008143901824951172
row_extra_quote57_col0.csv,0.010770082473754883,0.010669708251953125,0.008283138275146484
row_extra_quote6_col5.csv,0.009543418884277344,0.011202812194824219,0.008241415023803711
row_less_sep_row46_col2.csv,0.01023244857788086,0.009897947311401367,0.008225202560424805
row_extra_quote58_col7.csv,0.010438203811645508,0.010307788848876953,0.00877523422241211
row_less_sep_row37_col5.csv,0.009016752243041992,0.008859395980834961,0.008939981460571289
row_more_sep_row43_col2.csv,0.009624242782592773,0.008414506912231445,0.010790348052978516
row_less_sep_row33_col8.csv,0.010589122772216797,0.008205175399780273,0.010026931762695312
row_more_sep_row57_col4.csv,0.009487390518188477,0.00887441635131836,0.008101940155029297
row_extra_quote47_col8.csv,0.011553525924682617,0.008374214172363281,0.008399009704589844
row_less_sep_row27_col8.csv,0.011996030807495117,0.008361101150512695,0.00919342041015625
row_more_sep_row61_col0.csv,0.009641170501708984,0.008965492248535156,0.008035659790039062
row_less_sep_row28_col2.csv,0.01090693473815918,0.010131597518920898,0.00932455062866211
row_more_sep_row28_col4.csv,0.009735822677612305,0.008524417877197266,0.009031534194946289
row_more_sep_row64_col2.csv,0.009357690811157227,0.008035659790039062,0.010264873504638672
row_extra_quote0_col1.csv,0.009504079818725586,0.008715152740478516,0.010198593139648438
row_extra_quote15_col3.csv,0.011014223098754883,0.008162260055541992,0.008414506912231445
row_extra_quote15_col6.csv,0.01039433479309082,0.008002758026123047,0.009240388870239258
row_extra_quote21_col6.csv,0.011531829833984375,0.009362936019897461,0.00836491584777832
row_extra_quote21_col2.csv,0.015582084655761719,0.008380889892578125,0.008576631546020508
row_more_sep_row46_col2.csv,0.010993003845214844,0.009026050567626953,0.008225440979003906
row_extra_quote18_col0.csv,0.010635852813720703,0.008706331253051758,0.008274316787719727
row_field_delimiter_53_0x20.csv,0.010818958282470703,0.007831096649169922,0.007807016372680664
row_extra_quote27_col8.csv,0.010353803634643555,0.008179426193237305,0.008011102676391602
row_extra_quote76_col3.csv,0.00938725471496582,0.009603738784790039,0.00808572769165039
row_less_sep_row3_col2.csv,0.009234905242919922,0.007770538330078125,0.008933305740356445
row_more_sep_row52_col3.csv,0.009154796600341797,0.0075185298919677734,0.008938074111938477
row_extra_quote22_col8.csv,0.011306285858154297,0.008778810501098633,0.008518695831298828
row_more_sep_row17_col1.csv,0.011536121368408203,0.008002519607543945,0.008550405502319336
row_extra_quote65_col7.csv,0.009207487106323242,0.008222103118896484,0.008514404296875
row_more_sep_row17_col0.csv,0.010862588882446289,0.010344266891479492,0.007539987564086914
row_less_sep_row49_col6.csv,0.00920248031616211,0.008748054504394531,0.008596181869506836
row_extra_quote49_col3.csv,0.009502410888671875,0.00768733024597168,0.010571956634521484
row_more_sep_row55_col7.csv,0.01012277603149414,0.008059978485107422,0.008373737335205078
row_less_sep_row17_col1.csv,0.010449886322021484,0.008879899978637695,0.007840156555175781
row_less_sep_row17_col6.csv,0.010755300521850586,0.009003639221191406,0.009538888931274414
row_more_sep_row20_col2.csv,0.009859800338745117,0.008792400360107422,0.007750272750854492
row_extra_quote4_col4.csv,0.009844779968261719,0.007711648941040039,0.00847172737121582
row_extra_quote79_col7.csv,0.010227441787719727,0.00829625129699707,0.009626626968383789
row_less_sep_row1_col2.csv,0.009539365768432617,0.007391691207885742,0.008758783340454102
row_extra_quote35_col6.csv,0.010563135147094727,0.008386373519897461,0.008283615112304688
row_more_sep_row66_col7.csv,0.01037454605102539,0.008496999740600586,0.007964611053466797
row_less_sep_row55_col1.csv,0.009698152542114258,0.009297370910644531,0.007637739181518555
row_extra_quote21_col3.csv,0.010200738906860352,0.009534358978271484,0.009047985076904297
row_less_sep_row82_col4.csv,0.009465694427490234,0.009006023406982422,0.008146047592163086
row_extra_quote67_col5.csv,0.010191202163696289,0.007952451705932617,0.010357856750488281
row_more_sep_row6_col6.csv,0.008729219436645508,0.008618354797363281,0.0077381134033203125
row_extra_quote48_col2.csv,0.009608745574951172,0.007800579071044922,0.00898885726928711
row_extra_quote20_col2.csv,0.011164188385009766,0.009409666061401367,0.008436441421508789
row_less_sep_row19_col2.csv,0.013836383819580078,0.00826120376586914,0.008121728897094727
row_extra_quote49_col0.csv,0.010577917098999023,0.00819253921508789,0.0075800418853759766
row_less_sep_row76_col8.csv,0.011591196060180664,0.00866556167602539,0.007911205291748047
row_less_sep_row23_col3.csv,0.008994817733764648,0.010335922241210938,0.007971048355102539
row_more_sep_row71_col0.csv,0.008802413940429688,0.00810098648071289,0.00949406623840332
row_more_sep_row67_col5.csv,0.010022163391113281,0.008107185363769531,0.009787797927856445
row_less_sep_row59_col2.csv,0.009385347366333008,0.009040594100952148,0.009983062744140625
row_more_sep_row79_col0.csv,0.009396076202392578,0.00811147689819336,0.008936882019042969
row_extra_quote77_col4.csv,0.009473800659179688,0.009057998657226562,0.007978200912475586
row_extra_quote29_col5.csv,0.011054754257202148,0.008290529251098633,0.007901906967163086
row_more_sep_row10_col3.csv,0.009322166442871094,0.008620023727416992,0.008044719696044922
row_extra_quote44_col0.csv,0.010094881057739258,0.009596824645996094,0.008818626403808594
row_more_sep_row19_col1.csv,0.01031351089477539,0.008072137832641602,0.008196115493774414
row_more_sep_row66_col2.csv,0.009983301162719727,0.009001970291137695,0.010005950927734375
row_less_sep_row14_col4.csv,0.009240150451660156,0.007498502731323242,0.008355855941772461
row_extra_quote55_col3.csv,0.009867191314697266,0.00782322883605957,0.007805824279785156
row_less_sep_row27_col6.csv,0.011483907699584961,0.007993221282958984,0.008187294006347656
row_extra_quote9_col4.csv,0.009404420852661133,0.008994102478027344,0.008729219436645508
row_extra_quote13_col6.csv,0.010062217712402344,0.009837150573730469,0.008188962936401367
row_extra_quote38_col4.csv,0.010760068893432617,0.010468006134033203,0.008992671966552734
row_more_sep_row69_col1.csv,0.01157236099243164,0.009591341018676758,0.008013486862182617
row_more_sep_row79_col2.csv,0.009144067764282227,0.007915735244750977,0.008515119552612305
row_extra_quote15_col0.csv,0.010110139846801758,0.008191823959350586,0.010186195373535156
row_less_sep_row24_col6.csv,0.01084756851196289,0.008105754852294922,0.00853419303894043
row_more_sep_row50_col8.csv,0.009813547134399414,0.008808612823486328,0.007967233657836914
row_more_sep_row25_col2.csv,0.011300086975097656,0.00783681869506836,0.007513284683227539
row_extra_quote72_col2.csv,0.00992584228515625,0.00820302963256836,0.008116483688354492
row_more_sep_row15_col8.csv,0.010129213333129883,0.010820150375366211,0.007748603820800781
row_less_sep_row5_col6.csv,0.010311365127563477,0.0075528621673583984,0.009529590606689453
row_less_sep_row9_col8.csv,0.010047435760498047,0.00980997085571289,0.009367942810058594
file_header_multirow_3.csv,0.010999679565429688,0.007446765899658203,0.00800943374633789
row_less_sep_row73_col4.csv,0.009354352951049805,0.009171724319458008,0.008017539978027344
row_less_sep_row49_col4.csv,0.010703802108764648,0.008022069931030273,0.008805036544799805
row_more_sep_row83_col6.csv,0.009608268737792969,0.00904083251953125,0.007841825485229492
row_extra_quote47_col0.csv,0.012700319290161133,0.010079622268676758,0.00875234603881836
row_more_sep_row53_col7.csv,0.010674238204956055,0.010536432266235352,0.007881879806518555
row_more_sep_row15_col3.csv,0.010179758071899414,0.01091313362121582,0.008322954177856445
row_extra_quote34_col2.csv,0.01089167594909668,0.00989532470703125,0.008434057235717773
row_less_sep_row50_col1.csv,0.009368181228637695,0.008265018463134766,0.00857686996459961
row_extra_quote35_col2.csv,0.010965347290039062,0.00834202766418457,0.010315895080566406
row_less_sep_row26_col8.csv,0.010539770126342773,0.00820016860961914,0.008952856063842773
row_less_sep_row29_col3.csv,0.010413885116577148,0.008209705352783203,0.007794380187988281
row_extra_quote11_col1.csv,0.009903907775878906,0.008802652359008789,0.008239984512329102
row_more_sep_row18_col7.csv,0.009110450744628906,0.0093994140625,0.007586479187011719
file_quotation_char_0x27.csv,0.010058164596557617,0.008672714233398438,0.008907556533813477
file_double_trailing_newline.csv,0.00958871841430664,0.00760960578918457,0.009935617446899414
row_less_sep_row4_col5.csv,0.01034688949584961,0.008046627044677734,0.007726192474365234
row_extra_quote40_col8.csv,0.009700298309326172,0.008121728897094727,0.007999420166015625
row_extra_quote38_col6.csv,0.010759592056274414,0.008452177047729492,0.007809162139892578
row_less_sep_row25_col1.csv,0.010111570358276367,0.008279561996459961,0.008180856704711914
row_less_sep_row63_col8.csv,0.009295940399169922,0.007715702056884766,0.00835871696472168
row_more_sep_row76_col7.csv,0.01022481918334961,0.007498979568481445,0.007671833038330078
row_extra_quote7_col1.csv,0.01067209243774414,0.00859212875366211,0.008030891418457031
row_extra_quote82_col0.csv,0.010646820068359375,0.007710456848144531,0.008150339126586914
row_more_sep_row72_col4.csv,0.0092620849609375,0.008173704147338867,0.007877588272094727
row_more_sep_row74_col6.csv,0.009538888931274414,0.007853507995605469,0.008414745330810547
row_more_sep_row75_col0.csv,0.009754419326782227,0.007718324661254883,0.008754253387451172
row_extra_quote22_col1.csv,0.009775876998901367,0.007661342620849609,0.008750200271606445
row_extra_quote44_col2.csv,0.010538101196289062,0.008343696594238281,0.008469104766845703
row_extra_quote0_col7.csv,0.010094165802001953,0.008611679077148438,0.008549690246582031
row_less_sep_row55_col8.csv,0.00978398323059082,0.009636878967285156,0.009012460708618164
row_extra_quote52_col0.csv,0.010320425033569336,0.008054018020629883,0.009226083755493164
row_extra_quote44_col3.csv,0.010623931884765625,0.007907390594482422,0.009901762008666992
row_more_sep_row7_col0.csv,0.009472846984863281,0.008987188339233398,0.007873773574829102
row_extra_quote74_col6.csv,0.01015472412109375,0.007835626602172852,0.008525848388671875
row_field_delimiter_7_0x20.csv,0.01064300537109375,0.008695602416992188,0.007992982864379883
row_extra_quote61_col4.csv,0.010419130325317383,0.008572101593017578,0.008417129516601562
row_less_sep_row77_col5.csv,0.01015019416809082,0.010050058364868164,0.008912086486816406
row_more_sep_row22_col1.csv,0.009318828582763672,0.009091854095458984,0.008473396301269531
row_more_sep_row47_col4.csv,0.010019779205322266,0.008590936660766602,0.009804964065551758
row_more_sep_row64_col7.csv,0.008759737014770508,0.007872581481933594,0.007669687271118164
row_more_sep_row20_col7.csv,0.011453628540039062,0.008225440979003906,0.008459091186523438
row_less_sep_row60_col3.csv,0.010200023651123047,0.00858616828918457,0.007987260818481445
row_more_sep_row47_col0.csv,0.011374473571777344,0.007810831069946289,0.008665084838867188
row_more_sep_row56_col5.csv,0.009506702423095703,0.009696483612060547,0.007977724075317383
row_more_sep_row58_col1.csv,0.009789466857910156,0.007586002349853516,0.009242773056030273
row_more_sep_row43_col7.csv,0.010076761245727539,0.008254766464233398,0.008015155792236328
row_more_sep_row78_col8.csv,0.00927281379699707,0.007700681686401367,0.008328676223754883
row_less_sep_row50_col6.csv,0.011435508728027344,0.009590387344360352,0.00765228271484375
row_more_sep_row17_col7.csv,0.009514808654785156,0.007907390594482422,0.00938105583190918
row_extra_quote5_col7.csv,0.009550333023071289,0.009811878204345703,0.007631063461303711
row_more_sep_row18_col5.csv,0.009478330612182617,0.007689237594604492,0.009200811386108398
row_extra_quote1_col5.csv,0.009624719619750977,0.00843501091003418,0.009762763977050781
row_more_sep_row81_col0.csv,0.010181427001953125,0.007938385009765625,0.007720947265625
row_field_delimiter_19_0x20.csv,0.010319948196411133,0.008511543273925781,0.008708000183105469
row_field_delimiter_35_0x20.csv,0.010890722274780273,0.00829172134399414,0.00848698616027832
row_more_sep_row35_col5.csv,0.010347366333007812,0.00858759880065918,0.007334470748901367
row_more_sep_row76_col2.csv,0.010000228881835938,0.010329008102416992,0.008412599563598633
row_less_sep_row8_col5.csv,0.009516000747680664,0.007956743240356445,0.008048295974731445
row_less_sep_row34_col8.csv,0.009919404983520508,0.007569789886474609,0.009395360946655273
row_field_delimiter_42_0x20.csv,0.009812116622924805,0.008520841598510742,0.007810354232788086
row_less_sep_row51_col6.csv,0.01104736328125,0.007895708084106445,0.008352994918823242
row_field_delimiter_50_0x20.csv,0.009409666061401367,0.008588790893554688,0.008162260055541992
row_more_sep_row24_col8.csv,0.011312484741210938,0.008075714111328125,0.00954437255859375
row_extra_quote34_col0.csv,0.010062932968139648,0.008256673812866211,0.009522199630737305
row_extra_quote55_col6.csv,0.010717391967773438,0.007670402526855469,0.008400440216064453
row_less_sep_row26_col3.csv,0.010197877883911133,0.007935047149658203,0.008411645889282227
row_less_sep_row40_col1.csv,0.011048555374145508,0.0077860355377197266,0.009010076522827148
row_extra_quote8_col1.csv,0.009523630142211914,0.009054899215698242,0.008090972900390625
row_more_sep_row48_col7.csv,0.010300874710083008,0.009977102279663086,0.00854802131652832
row_more_sep_row60_col6.csv,0.009546995162963867,0.008589744567871094,0.008112668991088867
row_less_sep_row0_col7.csv,0.009811639785766602,0.008278846740722656,0.010259389877319336
row_more_sep_row1_col2.csv,0.010199546813964844,0.007944583892822266,0.008801460266113281
row_less_sep_row78_col7.csv,0.009377002716064453,0.008667945861816406,0.007771015167236328
row_more_sep_row15_col5.csv,0.01121211051940918,0.008229494094848633,0.007736682891845703
row_more_sep_row47_col1.csv,0.009845495223999023,0.008198738098144531,0.008314847946166992
row_extra_quote76_col1.csv,0.010303735733032227,0.009775638580322266,0.008519411087036133
row_less_sep_row75_col5.csv,0.010200977325439453,0.008243560791015625,0.008286237716674805
row_less_sep_row40_col7.csv,0.010065078735351562,0.008399486541748047,0.01001882553100586
row_extra_quote3_col5.csv,0.01014089584350586,0.00809478759765625,0.008014440536499023
row_extra_quote17_col8.csv,0.010377168655395508,0.008588552474975586,0.007918119430541992
row_more_sep_row72_col5.csv,0.012183189392089844,0.008587121963500977,0.008215904235839844
row_more_sep_row34_col6.csv,0.010468721389770508,0.008054733276367188,0.008703231811523438
row_more_sep_row38_col3.csv,0.010274410247802734,0.008301258087158203,0.008667707443237305
row_extra_quote35_col8.csv,0.010968685150146484,0.008516788482666016,0.00986790657043457
row_more_sep_row63_col1.csv,0.009952783584594727,0.008500814437866211,0.008313179016113281
row_more_sep_row31_col5.csv,0.010309934616088867,0.007706403732299805,0.008534431457519531
row_less_sep_row23_col2.csv,0.011631250381469727,0.008621454238891602,0.008055925369262695
row_more_sep_row62_col4.csv,0.010802030563354492,0.00776982307434082,0.009752035140991211
row_more_sep_row41_col3.csv,0.009932756423950195,0.010266542434692383,0.007781505584716797
row_extra_quote14_col7.csv,0.010942697525024414,0.007972002029418945,0.008233308792114258
row_less_sep_row60_col6.csv,0.010657310485839844,0.00825190544128418,0.00946497917175293
row_extra_quote79_col2.csv,0.010416984558105469,0.008317947387695312,0.009298324584960938
row_extra_quote11_col8.csv,0.010639190673828125,0.008682966232299805,0.00801539421081543
row_more_sep_row32_col8.csv,0.011218070983886719,0.008219242095947266,0.008218765258789062
row_extra_quote34_col8.csv,0.010443925857543945,0.008316278457641602,0.008530616760253906
row_extra_quote71_col0.csv,0.009354829788208008,0.009520769119262695,0.007978677749633789
row_extra_quote15_col2.csv,0.009354829788208008,0.00760197639465332,0.008032083511352539
file_escape_char_0x00.csv,0.009634256362915039,0.0076045989990234375,0.009705543518066406
row_less_sep_row61_col1.csv,0.00931096076965332,0.008207321166992188,0.008203983306884766
row_extra_quote81_col5.csv,0.01011037826538086,0.012116670608520508,0.008828401565551758
row_less_sep_row32_col8.csv,0.011310577392578125,0.00865626335144043,0.007772922515869141
row_less_sep_row83_col2.csv,0.01106405258178711,0.008443355560302734,0.008326530456542969
row_less_sep_row46_col3.csv,0.010233402252197266,0.009771347045898438,0.00794363021850586
row_extra_quote63_col1.csv,-2.000087022781372,0.007677316665649414,0.007954120635986328
row_less_sep_row0_col8.csv,0.010228872299194336,0.008688211441040039,0.008069515228271484
row_less_sep_row29_col2.csv,0.01010441780090332,0.007887840270996094,0.008315563201904297
row_less_sep_row80_col1.csv,0.009917020797729492,0.007985353469848633,0.008079051971435547
row_more_sep_row57_col0.csv,0.01049041748046875,0.007502555847167969,0.007985353469848633
row_less_sep_row50_col3.csv,0.009271860122680664,0.008286476135253906,0.0076904296875
row_less_sep_row26_col1.csv,0.009962797164916992,0.007872819900512695,0.007868766784667969
row_less_sep_row38_col7.csv,0.00947260856628418,0.007938861846923828,0.007810115814208984
row_more_sep_row26_col1.csv,0.009501934051513672,0.00823664665222168,0.007297992706298828
row_extra_quote68_col8.csv,0.010310649871826172,0.008066892623901367,0.007794857025146484
row_less_sep_row36_col6.csv,0.008607864379882812,0.008410930633544922,0.008782148361206055
row_less_sep_row58_col5.csv,0.010486364364624023,0.008099555969238281,0.007551908493041992
row_extra_quote10_col4.csv,0.00882720947265625,0.008420228958129883,0.009259939193725586
row_less_sep_row68_col2.csv,0.009205818176269531,0.008374929428100586,0.0077168941497802734
row_extra_quote11_col6.csv,0.009644269943237305,0.00800013542175293,0.008522987365722656
row_less_sep_row65_col5.csv,0.008840560913085938,0.009786128997802734,0.007790088653564453
row_field_delimiter_68_0x20.csv,0.010639429092407227,0.0076160430908203125,0.007684230804443359
row_less_sep_row20_col2.csv,0.009299278259277344,0.008379697799682617,0.008243560791015625
row_field_delimiter_65_0x20.csv,0.009552478790283203,0.008367300033569336,0.007993221282958984
row_less_sep_row24_col7.csv,0.009259700775146484,0.007525920867919922,0.007564544677734375
row_extra_quote14_col3.csv,0.009525775909423828,0.007909297943115234,0.007590532302856445
row_less_sep_row67_col6.csv,0.00977945327758789,0.0075016021728515625,0.007713794708251953
row_less_sep_row39_col6.csv,0.009066104888916016,0.008150815963745117,0.007653951644897461
row_less_sep_row17_col8.csv,0.00979304313659668,0.00821232795715332,0.008548974990844727
row_extra_quote71_col4.csv,0.009397506713867188,0.010523557662963867,0.008018016815185547
row_more_sep_row60_col7.csv,0.01042032241821289,0.007683753967285156,0.00817728042602539
row_more_sep_row74_col8.csv,0.00971221923828125,0.008099079132080078,0.007872819900512695
row_extra_quote25_col0.csv,0.00917959213256836,0.00768733024597168,0.00787043571472168
row_field_delimiter_71_0x20.csv,0.010636568069458008,0.007802248001098633,0.008977413177490234
row_more_sep_row53_col0.csv,0.009569644927978516,0.008351564407348633,0.009012222290039062
row_less_sep_row81_col3.csv,0.010126590728759766,0.010602235794067383,0.008383989334106445
row_less_sep_row72_col3.csv,0.009646892547607422,0.008728981018066406,0.008386611938476562
row_less_sep_row6_col6.csv,0.010621309280395508,0.007886171340942383,0.01070857048034668
row_less_sep_row29_col8.csv,0.009711742401123047,0.008182287216186523,0.00849008560180664
row_extra_quote70_col7.csv,0.009839534759521484,0.008300065994262695,0.008289575576782227
row_extra_quote62_col3.csv,0.01174783706665039,0.008760929107666016,0.007894039154052734
row_extra_quote81_col6.csv,0.012860298156738281,0.008876323699951172,0.008713483810424805
row_less_sep_row43_col3.csv,0.010903120040893555,0.00952911376953125,0.00823354721069336
row_less_sep_row67_col8.csv,0.009685039520263672,0.007854223251342773,0.008670330047607422
row_extra_quote2_col0.csv,0.009468555450439453,0.008562326431274414,0.008359909057617188
row_less_sep_row41_col3.csv,0.009589910507202148,0.007828235626220703,0.009068727493286133
row_less_sep_row39_col7.csv,0.009570121765136719,0.008986949920654297,0.008004426956176758
row_more_sep_row59_col2.csv,0.011394977569580078,0.009411334991455078,0.008575677871704102
row_more_sep_row62_col0.csv,0.009241104125976562,0.00972747802734375,0.008357524871826172
row_less_sep_row18_col1.csv,0.01084136962890625,0.009429454803466797,0.009299516677856445
row_less_sep_row61_col2.csv,0.009966135025024414,0.009146690368652344,0.007993936538696289
row_extra_quote37_col7.csv,0.010943174362182617,0.008585453033447266,0.011384248733520508
row_more_sep_row56_col8.csv,0.00986027717590332,0.008754491806030273,0.007965326309204102
row_more_sep_row57_col7.csv,0.011038780212402344,0.007658243179321289,0.008603334426879883
row_extra_quote8_col6.csv,0.011393547058105469,0.01006007194519043,0.007708549499511719
row_less_sep_row33_col5.csv,0.010380744934082031,0.00811457633972168,0.008496522903442383
row_less_sep_row31_col1.csv,0.009055852890014648,0.009709835052490234,0.008206367492675781
row_extra_quote25_col6.csv,0.011785030364990234,0.008024930953979492,0.00931096076965332
row_less_sep_row78_col1.csv,0.01053309440612793,0.009184122085571289,0.009924650192260742
row_more_sep_row24_col5.csv,0.010538339614868164,0.008290290832519531,0.008220911026000977
row_field_delimiter_41_0x20.csv,0.009238719940185547,0.009270906448364258,0.008136749267578125
row_less_sep_row79_col6.csv,0.01066732406616211,0.008188486099243164,0.008668661117553711
row_extra_quote22_col2.csv,0.009007692337036133,0.009959936141967773,0.007881402969360352
row_extra_quote69_col8.csv,0.011646509170532227,0.009634733200073242,0.009257078170776367
row_more_sep_row37_col6.csv,0.009606599807739258,0.008505821228027344,0.00790858268737793
row_extra_quote46_col8.csv,0.011136531829833984,0.007642984390258789,0.01059579849243164
row_extra_quote18_col2.csv,0.010020017623901367,0.008686304092407227,0.009649515151977539
row_more_sep_row11_col5.csv,0.01063680648803711,0.007727384567260742,0.00870823860168457
row_extra_quote70_col0.csv,0.010280847549438477,0.008910655975341797,0.008208513259887695
row_more_sep_row51_col2.csv,0.010304689407348633,0.007570743560791016,0.008433103561401367
row_less_sep_row81_col8.csv,0.009687185287475586,0.009278535842895508,0.00788259506225586
row_extra_quote25_col1.csv,0.01034235954284668,0.009939908981323242,0.008054018020629883
row_more_sep_row39_col8.csv,0.009632587432861328,0.008430719375610352,0.007941484451293945
row_more_sep_row46_col3.csv,0.009714841842651367,0.007672309875488281,0.009706497192382812
row_extra_quote47_col3.csv,0.009112834930419922,0.007696866989135742,0.007902383804321289
row_more_sep_row2_col2.csv,0.010252237319946289,0.007704973220825195,0.007600545883178711
row_extra_quote54_col3.csv,0.010872125625610352,0.007897138595581055,0.008301019668579102
row_extra_quote6_col6.csv,0.009410858154296875,0.00897216796875,0.007936477661132812
row_less_sep_row5_col2.csv,0.009921550750732422,0.010618925094604492,0.008152961730957031
row_more_sep_row39_col4.csv,0.009017229080200195,0.008046388626098633,0.00859689712524414
row_less_sep_row63_col1.csv,0.010467529296875,0.0076787471771240234,0.009836673736572266
row_extra_quote40_col1.csv,0.008851051330566406,0.008811712265014648,0.007759809494018555
row_extra_quote26_col3.csv,0.011110544204711914,0.007850170135498047,0.008471488952636719
row_more_sep_row9_col2.csv,0.011302709579467773,0.008210897445678711,0.008013248443603516
row_more_sep_row48_col6.csv,0.009767770767211914,0.008265972137451172,0.007595062255859375
row_more_sep_row74_col2.csv,0.009138107299804688,0.007567644119262695,0.008766651153564453
row_field_delimiter_36_0x20.csv,0.009634256362915039,0.00812673568725586,0.009500265121459961
row_more_sep_row31_col7.csv,0.009334087371826172,0.007638454437255859,0.008010149002075195
row_less_sep_row15_col6.csv,0.009414911270141602,0.008198738098144531,0.008783817291259766
row_extra_quote15_col1.csv,0.011007308959960938,0.008125543594360352,0.008942365646362305
row_more_sep_row38_col2.csv,0.009552240371704102,0.008185625076293945,0.00903630256652832
row_extra_quote62_col6.csv,0.009435176849365234,0.010172605514526367,0.007927417755126953
row_more_sep_row38_col5.csv,0.009515762329101562,0.008401632308959961,0.010004758834838867
row_less_sep_row65_col4.csv,0.010276556015014648,0.008562564849853516,0.008837699890136719
row_less_sep_row5_col8.csv,0.011070728302001953,0.008100032806396484,0.007727146148681641
row_more_sep_row27_col6.csv,0.010217666625976562,0.00891566276550293,0.008637428283691406
row_more_sep_row37_col1.csv,0.009639978408813477,0.009702444076538086,0.008387565612792969
row_more_sep_row76_col3.csv,0.0106048583984375,0.008288860321044922,0.008753061294555664
row_more_sep_row51_col3.csv,0.008999109268188477,0.00816965103149414,0.007984161376953125
row_extra_quote36_col4.csv,0.008750438690185547,0.007840633392333984,0.008162498474121094
row_more_sep_row69_col7.csv,0.010905265808105469,0.00793600082397461,0.008287668228149414
row_extra_quote60_col3.csv,0.010409116744995117,0.008290767669677734,0.009058952331542969
row_less_sep_row55_col2.csv,0.010493755340576172,0.01027226448059082,0.008934974670410156
row_extra_quote1_col1.csv,0.01055598258972168,0.008893013000488281,0.008637666702270508
row_less_sep_row37_col8.csv,0.009744644165039062,0.0080413818359375,0.007986307144165039
row_less_sep_row33_col3.csv,0.010252714157104492,0.008371353149414062,0.008439779281616211
row_less_sep_row11_col1.csv,0.009765148162841797,0.0094451904296875,0.008379220962524414
row_extra_quote60_col6.csv,0.01049351692199707,0.009639978408813477,0.008782386779785156
row_less_sep_row44_col1.csv,0.010488510131835938,0.007483720779418945,0.008550405502319336
row_more_sep_row72_col3.csv,0.010506391525268555,0.007987499237060547,0.009577035903930664
row_extra_quote28_col3.csv,0.010085582733154297,0.008664608001708984,0.007995128631591797
row_field_delimiter_60_0x20.csv,0.011327505111694336,0.007796049118041992,0.009445667266845703
row_more_sep_row10_col2.csv,0.011428356170654297,0.010152816772460938,0.010493755340576172
row_field_delimiter_52_0x20.csv,0.015540361404418945,0.007558584213256836,0.00802755355834961
row_less_sep_row46_col5.csv,0.010977983474731445,0.007897377014160156,0.008611440658569336
row_more_sep_row27_col7.csv,0.009280920028686523,0.008322000503540039,0.010557413101196289
row_extra_quote27_col2.csv,0.010334491729736328,0.0098114013671875,0.007845401763916016
row_less_sep_row2_col5.csv,0.011447668075561523,0.008822917938232422,0.007918119430541992
row_more_sep_row34_col3.csv,0.009150266647338867,0.007973909378051758,0.008149147033691406
row_less_sep_row81_col2.csv,0.009479284286499023,0.008056640625,0.007743358612060547
row_more_sep_row66_col8.csv,0.009705305099487305,0.008742570877075195,0.008260726928710938
row_extra_quote73_col4.csv,0.010356903076171875,0.011106729507446289,0.00870656967163086
row_more_sep_row14_col1.csv,0.008827924728393555,0.008145570755004883,0.008558034896850586
row_extra_quote80_col7.csv,0.010647058486938477,0.0075147151947021484,0.008364677429199219
row_more_sep_row60_col3.csv,0.011762142181396484,0.008087873458862305,0.008789300918579102
row_more_sep_row29_col7.csv,0.01066732406616211,0.008500814437866211,0.007869958877563477
row_more_sep_row8_col0.csv,0.010283231735229492,0.008010387420654297,0.00844883918762207
row_more_sep_row65_col4.csv,0.010135889053344727,0.00798654556274414,0.008246898651123047
row_extra_quote79_col5.csv,0.01083230972290039,0.008346796035766602,0.010357141494750977
row_more_sep_row49_col5.csv,0.00905466079711914,0.008385896682739258,0.008056879043579102
row_extra_quote29_col3.csv,0.010255575180053711,0.007802009582519531,0.008076906204223633
row_more_sep_row83_col0.csv,0.011147260665893555,0.00801849365234375,0.00812220573425293
row_more_sep_row61_col6.csv,0.010793209075927734,0.008325815200805664,0.008600473403930664
row_extra_quote20_col8.csv,0.009503602981567383,0.009752988815307617,0.008348226547241211
row_less_sep_row48_col1.csv,0.010255098342895508,0.007901668548583984,0.009207487106323242
row_extra_quote23_col7.csv,0.009016036987304688,0.009011983871459961,0.009853124618530273
row_less_sep_row34_col2.csv,0.010181427001953125,0.007677793502807617,0.007769107818603516
row_more_sep_row23_col1.csv,0.009204626083374023,0.008375406265258789,0.00792551040649414
row_more_sep_row73_col4.csv,0.009585142135620117,0.007871627807617188,0.007731914520263672
row_extra_quote36_col3.csv,0.00975656509399414,0.008402824401855469,0.009804964065551758
row_more_sep_row45_col3.csv,0.00997471809387207,0.008275508880615234,0.010890960693359375
row_more_sep_row67_col2.csv,0.009559869766235352,0.00808095932006836,0.009336471557617188
row_extra_quote31_col5.csv,0.008997678756713867,0.008657693862915039,0.008229494094848633
row_extra_quote77_col5.csv,0.010097980499267578,0.007908344268798828,0.008358955383300781
row_less_sep_row62_col5.csv,0.01152944564819336,0.008250951766967773,0.008323431015014648
row_less_sep_row49_col8.csv,0.011092424392700195,0.008221626281738281,0.007707834243774414
row_more_sep_row33_col7.csv,0.009771585464477539,0.008528709411621094,0.008081674575805664
row_less_sep_row7_col3.csv,0.01021885871887207,0.00798344612121582,0.009987354278564453
row_less_sep_row75_col2.csv,0.009684562683105469,0.008054494857788086,0.008787155151367188
row_more_sep_row28_col7.csv,0.009423255920410156,0.009016036987304688,0.009028196334838867
row_more_sep_row26_col2.csv,0.011626720428466797,0.00855398178100586,0.009577751159667969
row_extra_quote52_col8.csv,0.01120448112487793,0.007867097854614258,0.008884191513061523
row_less_sep_row49_col1.csv,0.011124372482299805,0.009019613265991211,0.008861303329467773
row_less_sep_row44_col4.csv,0.010444164276123047,0.010051488876342773,0.008831501007080078
row_extra_quote72_col0.csv,0.009210348129272461,0.008309125900268555,0.009380817413330078
row_less_sep_row8_col7.csv,0.010478973388671875,0.008503913879394531,0.010680437088012695
row_extra_quote65_col1.csv,0.009877681732177734,0.008980274200439453,0.008677959442138672
row_extra_quote74_col0.csv,0.010786771774291992,0.009324312210083008,0.008118867874145508
row_more_sep_row17_col5.csv,0.011693239212036133,0.008181095123291016,0.008898019790649414
row_field_delimiter_43_0x20.csv,0.009269475936889648,0.008980989456176758,0.008815765380859375
row_more_sep_row43_col6.csv,0.010134458541870117,0.010995864868164062,0.008089065551757812
row_extra_quote9_col2.csv,0.010177135467529297,0.008898258209228516,0.008907556533813477
row_field_delimiter_47_0x20.csv,0.011554241180419922,0.008864402770996094,0.010061979293823242
row_more_sep_row72_col0.csv,0.010373592376708984,0.00874185562133789,0.009790182113647461
row_less_sep_row56_col7.csv,0.01054239273071289,0.008378744125366211,0.009732246398925781
row_less_sep_row8_col1.csv,0.009326696395874023,0.009449481964111328,0.008939266204833984
row_extra_quote15_col5.csv,0.012078285217285156,0.008790254592895508,0.00861668586730957
row_extra_quote67_col6.csv,0.011647462844848633,0.009107589721679688,0.007832050323486328
row_more_sep_row0_col2.csv,0.009635210037231445,0.008210182189941406,0.008883953094482422
row_extra_quote72_col5.csv,0.00967860221862793,0.010355710983276367,0.009178400039672852
row_extra_quote29_col1.csv,0.010621070861816406,0.010115861892700195,0.009788990020751953
row_extra_quote48_col6.csv,0.010316848754882812,0.011217355728149414,0.010263442993164062
row_more_sep_row9_col4.csv,0.010328054428100586,0.01079416275024414,0.00951075553894043
row_extra_quote17_col5.csv,0.010536909103393555,0.008471965789794922,0.009343147277832031
row_extra_quote46_col6.csv,0.010212898254394531,0.008899450302124023,0.010178565979003906
row_less_sep_row7_col2.csv,0.01141500473022461,0.008009195327758789,0.008311033248901367
row_extra_quote64_col4.csv,0.010185718536376953,0.008605003356933594,0.008551836013793945
row_extra_quote55_col8.csv,0.011830329895019531,0.008631467819213867,0.00853872299194336
row_extra_quote43_col1.csv,0.009099245071411133,0.008770465850830078,0.008786439895629883
row_less_sep_row4_col8.csv,0.009954214096069336,0.009947776794433594,0.00847625732421875
row_more_sep_row24_col0.csv,0.01263737678527832,0.008185863494873047,0.009170293807983398
row_extra_quote25_col8.csv,0.009995222091674805,0.008474111557006836,0.010307073593139648
row_less_sep_row74_col8.csv,0.011053323745727539,0.008161544799804688,0.009487390518188477
row_extra_quote30_col8.csv,0.010342597961425781,0.008803606033325195,0.008897066116333008
row_less_sep_row13_col7.csv,0.011282682418823242,0.008259773254394531,0.008860588073730469
row_less_sep_row80_col4.csv,0.010236740112304688,0.008607625961303711,0.008395910263061523
row_less_sep_row62_col1.csv,0.010367870330810547,0.010232925415039062,0.009312868118286133
row_less_sep_row1_col6.csv,0.009860992431640625,0.008494138717651367,0.008941888809204102
row_extra_quote66_col1.csv,0.010261058807373047,0.008554697036743164,0.010140180587768555
row_more_sep_row83_col1.csv,0.009878396987915039,0.008321523666381836,0.009937047958374023
row_more_sep_row0_col8.csv,0.012038707733154297,0.00809788703918457,0.010013580322265625
row_extra_quote40_col4.csv,0.009999513626098633,0.008782625198364258,0.008748531341552734
row_less_sep_row83_col3.csv,0.010445833206176758,0.009033441543579102,0.009472131729125977
row_extra_quote69_col4.csv,0.011403083801269531,0.009386301040649414,0.008784294128417969
row_extra_quote48_col1.csv,0.010222673416137695,0.008704900741577148,0.008416414260864258
row_more_sep_row5_col2.csv,0.009551525115966797,0.009935855865478516,0.008133411407470703
row_more_sep_row55_col5.csv,0.009708404541015625,0.008369207382202148,0.008946895599365234
row_less_sep_row1_col7.csv,0.009573698043823242,0.008162260055541992,0.011736154556274414
row_extra_quote75_col7.csv,0.012470245361328125,0.008558511734008789,0.010397672653198242
row_less_sep_row12_col6.csv,0.010349273681640625,0.008321762084960938,0.008513927459716797
row_less_sep_row34_col7.csv,0.01115870475769043,0.009413480758666992,0.008930444717407227
row_extra_quote48_col5.csv,0.011262178421020508,0.008531570434570312,0.008553028106689453
row_extra_quote26_col5.csv,0.010560989379882812,0.009000778198242188,0.008942127227783203
row_extra_quote66_col2.csv,0.010744810104370117,0.009922981262207031,0.008554458618164062
row_more_sep_row7_col3.csv,0.01058816909790039,0.009743690490722656,0.007905721664428711
row_extra_quote64_col7.csv,0.009625434875488281,0.008558511734008789,0.008767127990722656
row_less_sep_row64_col4.csv,0.011130332946777344,0.00832366943359375,0.009916305541992188
row_more_sep_row33_col4.csv,0.010035276412963867,0.008543968200683594,0.008819341659545898
row_less_sep_row59_col8.csv,0.010025739669799805,0.008957624435424805,0.009258270263671875
row_extra_quote26_col0.csv,0.011198282241821289,0.008892536163330078,0.009164810180664062
row_extra_quote58_col5.csv,0.009955644607543945,0.009185552597045898,0.008536815643310547
row_less_sep_row33_col6.csv,0.011009454727172852,0.009812116622924805,0.008744001388549805
row_more_sep_row52_col4.csv,0.009361505508422852,0.008783102035522461,0.008530855178833008
row_more_sep_row44_col0.csv,0.010931968688964844,0.007952213287353516,0.008669376373291016
row_extra_quote82_col8.csv,0.010645866394042969,0.008867502212524414,0.009361982345581055
row_extra_quote3_col7.csv,0.012541770935058594,0.009138822555541992,0.009274005889892578
row_field_delimiter_2_0x20.csv,0.011059999465942383,0.008967876434326172,0.008634567260742188
row_more_sep_row45_col6.csv,0.010438203811645508,0.00828695297241211,0.009037494659423828
row_extra_quote3_col0.csv,0.00869607925415039,0.00988912582397461,0.008007287979125977
row_less_sep_row34_col5.csv,0.009652376174926758,0.007860422134399414,0.00912332534790039
row_extra_quote65_col8.csv,0.011166095733642578,0.009125947952270508,0.009735345840454102
row_more_sep_row53_col4.csv,0.012029647827148438,0.008174419403076172,0.010268211364746094
row_less_sep_row72_col5.csv,0.010081291198730469,0.00807642936706543,0.008708715438842773
file_record_delimiter_0xD.csv,0.009874343872070312,0.008573532104492188,0.008176088333129883
row_less_sep_row9_col2.csv,0.0112152099609375,0.0076563358306884766,0.008432149887084961
row_extra_quote52_col6.csv,0.009567975997924805,0.009284496307373047,0.008121967315673828
row_less_sep_row9_col7.csv,0.011409997940063477,0.01029825210571289,0.00825190544128418
row_extra_quote75_col1.csv,0.010464191436767578,0.008708715438842773,0.008244991302490234
row_less_sep_row66_col3.csv,0.010792255401611328,0.007795810699462891,0.009778261184692383
row_extra_quote51_col5.csv,0.010911226272583008,0.00855398178100586,0.009789705276489258
row_extra_quote30_col2.csv,0.010655403137207031,0.008016586303710938,0.008775472640991211
row_more_sep_row45_col1.csv,0.010742425918579102,0.007944583892822266,0.00869607925415039
row_extra_quote4_col7.csv,0.01056218147277832,0.008439302444458008,0.008209705352783203
row_less_sep_row68_col8.csv,0.009802103042602539,0.010237455368041992,0.008657693862915039
row_more_sep_row75_col3.csv,0.009618043899536133,0.008447647094726562,0.008390426635742188
row_more_sep_row59_col6.csv,0.010662555694580078,0.008080482482910156,0.009741783142089844
row_extra_quote30_col6.csv,0.00923919677734375,0.008837699890136719,0.00786137580871582
row_extra_quote11_col3.csv,0.009892940521240234,0.00839853286743164,0.00856637954711914
row_more_sep_row43_col4.csv,0.011421680450439453,0.0077898502349853516,0.008788347244262695
row_more_sep_row73_col7.csv,0.009881019592285156,0.009547233581542969,0.00848531723022461
row_less_sep_row61_col5.csv,0.010674715042114258,0.009856224060058594,0.008510112762451172
row_less_sep_row72_col7.csv,0.009669065475463867,0.008428335189819336,0.008168697357177734
row_less_sep_row8_col4.csv,0.008794784545898438,0.008272886276245117,0.007681846618652344
row_more_sep_row43_col0.csv,0.010001897811889648,0.008502721786499023,0.008308172225952148
row_extra_quote55_col5.csv,0.011255025863647461,0.008103370666503906,0.008100748062133789
row_extra_quote40_col3.csv,0.010613679885864258,0.008201837539672852,0.008551597595214844
row_extra_quote61_col0.csv,0.009424448013305664,0.009789466857910156,0.00799107551574707
row_less_sep_row41_col5.csv,0.009341239929199219,0.00831151008605957,0.008163690567016602
row_less_sep_row62_col6.csv,0.009440422058105469,0.008555412292480469,0.007946491241455078
row_more_sep_row41_col8.csv,0.009563446044921875,0.009424448013305664,0.008289813995361328
row_less_sep_row1_col4.csv,0.01116633415222168,0.008109569549560547,0.008887767791748047
row_extra_quote74_col1.csv,0.009994029998779297,0.008590459823608398,0.009040117263793945
row_extra_quote78_col0.csv,0.009889841079711914,0.009898185729980469,0.008489847183227539
row_extra_quote78_col6.csv,0.011215686798095703,0.010067462921142578,0.008237361907958984
row_more_sep_row70_col2.csv,0.010915756225585938,0.007874250411987305,0.009615898132324219
row_more_sep_row23_col5.csv,0.00958251953125,0.008474111557006836,0.009906291961669922
row_more_sep_row71_col3.csv,0.010438203811645508,0.007965326309204102,0.009006023406982422
row_less_sep_row74_col5.csv,0.00949239730834961,0.008743762969970703,0.008410215377807617
row_more_sep_row30_col3.csv,0.010888099670410156,0.008298873901367188,0.009009122848510742
row_field_delimiter_46_0x20.csv,0.009463310241699219,0.009166240692138672,0.00882577896118164
row_extra_quote37_col8.csv,0.011825323104858398,0.01002955436706543,0.008800029754638672
row_more_sep_row59_col5.csv,0.009451866149902344,0.00830221176147461,0.008079290390014648
row_extra_quote38_col1.csv,0.009567737579345703,0.008038759231567383,0.010223865509033203
row_less_sep_row43_col2.csv,0.008805036544799805,0.009004354476928711,0.008324146270751953
row_more_sep_row41_col6.csv,0.010711908340454102,0.008186578750610352,0.008735179901123047
row_less_sep_row64_col7.csv,0.011128902435302734,0.007745027542114258,0.008364200592041016
row_less_sep_row18_col3.csv,0.009679317474365234,0.008437633514404297,0.007709980010986328
row_more_sep_row63_col7.csv,0.00936269760131836,0.00788426399230957,0.008769035339355469
row_extra_quote4_col1.csv,0.009680747985839844,0.008483171463012695,0.009688615798950195
row_less_sep_row67_col1.csv,0.009607553482055664,0.008152484893798828,0.009086370468139648
row_more_sep_row60_col2.csv,0.009784936904907227,0.008639335632324219,0.008402824401855469
row_more_sep_row77_col5.csv,0.011340141296386719,0.00831747055053711,0.008668899536132812
row_more_sep_row29_col5.csv,0.011517763137817383,0.008339881896972656,0.00838780403137207
row_extra_quote2_col3.csv,0.010293245315551758,0.007942438125610352,0.008280754089355469
row_extra_quote78_col5.csv,0.0098724365234375,0.010349512100219727,0.00811624526977539
row_less_sep_row64_col5.csv,0.009308815002441406,0.008151054382324219,0.008144617080688477
row_extra_quote60_col7.csv,0.01084136962890625,0.008294105529785156,0.010068416595458984
row_less_sep_row73_col6.csv,0.01036834716796875,0.008317232131958008,0.00939631462097168
row_less_sep_row79_col5.csv,0.010395288467407227,0.008462190628051758,0.008006811141967773
row_extra_quote45_col2.csv,0.011033773422241211,0.008666276931762695,0.00857686996459961
row_more_sep_row33_col8.csv,0.01111602783203125,0.008030891418457031,0.00860142707824707
row_less_sep_row35_col2.csv,0.010173320770263672,0.00967860221862793,0.008661508560180664
row_more_sep_row35_col3.csv,0.010423421859741211,0.008377790451049805,0.008983135223388672
row_more_sep_row76_col6.csv,0.009612083435058594,0.008658170700073242,0.009536981582641602
row_less_sep_row41_col8.csv,0.010523080825805664,0.008237600326538086,0.008072853088378906
row_extra_quote67_col4.csv,0.01050257682800293,0.00815725326538086,0.010368824005126953
row_extra_quote62_col0.csv,0.010977029800415039,0.00803995132446289,0.008063316345214844
row_more_sep_row10_col1.csv,0.01017618179321289,0.008518695831298828,0.008010149002075195
row_extra_quote30_col4.csv,0.010796785354614258,0.008624553680419922,0.008686065673828125
row_less_sep_row24_col5.csv,0.01075601577758789,0.009435415267944336,0.010206937789916992
row_less_sep_row68_col1.csv,0.009787321090698242,0.008886337280273438,0.008380651473999023
row_more_sep_row0_col1.csv,0.016154050827026367,0.01078939437866211,0.012537956237792969
row_more_sep_row31_col0.csv,0.014318466186523438,0.009554624557495117,0.007585048675537109
row_less_sep_row51_col2.csv,0.011310338973999023,0.007767677307128906,0.008569478988647461
row_more_sep_row56_col6.csv,0.009772300720214844,0.009185552597045898,0.010628223419189453
row_more_sep_row39_col2.csv,0.010191202163696289,0.009605169296264648,0.008959293365478516
row_less_sep_row19_col6.csv,0.009665250778198242,0.00832056999206543,0.008775472640991211
row_less_sep_row12_col1.csv,0.010219335556030273,0.00884556770324707,0.00988316535949707
row_extra_quote42_col3.csv,0.009665489196777344,0.009421586990356445,0.009840011596679688
row_more_sep_row79_col3.csv,0.010724782943725586,0.007816314697265625,0.008248329162597656
row_extra_quote59_col7.csv,0.011647939682006836,0.00802469253540039,0.008833169937133789
row_more_sep_row36_col5.csv,0.011501312255859375,0.008271932601928711,0.007688283920288086
row_extra_quote57_col5.csv,0.009818792343139648,0.008542299270629883,0.008685827255249023
row_less_sep_row41_col7.csv,0.0096435546875,0.010131359100341797,0.008121728897094727
row_more_sep_row29_col4.csv,0.010599374771118164,0.0077838897705078125,0.008736610412597656
row_extra_quote67_col1.csv,0.010071516036987305,0.008768320083618164,0.010792016983032227
row_extra_quote48_col0.csv,0.009551763534545898,0.007992029190063477,0.00926661491394043
row_extra_quote7_col7.csv,0.009261608123779297,0.008348941802978516,0.008379220962524414
row_extra_quote72_col7.csv,0.011196136474609375,0.008046150207519531,0.007951974868774414
row_more_sep_row16_col4.csv,0.010669469833374023,0.008483648300170898,0.008484601974487305
row_extra_quote59_col2.csv,0.010121345520019531,0.011046648025512695,0.007909774780273438
row_field_delimiter_81_0x20.csv,0.009622812271118164,0.008166313171386719,0.009535551071166992
row_less_sep_row71_col8.csv,0.009363412857055664,0.008518457412719727,0.010568857192993164
row_more_sep_row23_col7.csv,0.009973526000976562,0.007988691329956055,0.00906825065612793
row_less_sep_row63_col5.csv,0.009357213973999023,0.008390426635742188,0.008561134338378906
row_less_sep_row52_col5.csv,0.01126241683959961,0.007980585098266602,0.009143829345703125
row_more_sep_row19_col6.csv,0.009173870086669922,0.008526802062988281,0.008723974227905273
row_extra_quote36_col2.csv,0.011019706726074219,0.012444257736206055,0.009241819381713867
row_extra_quote33_col4.csv,0.010476112365722656,0.009614944458007812,0.010529518127441406
row_more_sep_row12_col2.csv,0.01157689094543457,0.010706663131713867,0.00990438461303711
row_more_sep_row68_col1.csv,0.010449886322021484,0.009731292724609375,0.008752107620239258
row_more_sep_row27_col1.csv,0.010697364807128906,0.00944662094116211,0.00879049301147461
row_more_sep_row44_col1.csv,0.013477325439453125,0.008944511413574219,0.009468555450439453
row_less_sep_row13_col8.csv,0.009970903396606445,0.009522199630737305,0.008698701858520508
row_extra_quote62_col2.csv,0.010058164596557617,0.009769439697265625,0.009387969970703125
row_extra_quote20_col3.csv,0.01016688346862793,0.00937342643737793,0.008972883224487305
row_more_sep_row51_col4.csv,0.010153055191040039,0.00808262825012207,0.010145187377929688
row_extra_quote14_col6.csv,0.009386062622070312,0.008422613143920898,0.009247064590454102
row_more_sep_row4_col4.csv,0.009658575057983398,0.008811235427856445,0.007829904556274414
row_extra_quote3_col3.csv,0.01132345199584961,0.007962942123413086,0.008663654327392578
row_extra_quote38_col7.csv,0.01099252700805664,0.009356260299682617,0.008333206176757812
row_less_sep_row40_col8.csv,0.01024317741394043,0.010048866271972656,0.008188724517822266
row_less_sep_row77_col2.csv,0.01050567626953125,0.007823944091796875,0.008962392807006836
row_more_sep_row20_col1.csv,0.010787487030029297,0.008411169052124023,0.011297225952148438
row_less_sep_row44_col5.csv,0.009934425354003906,0.008692264556884766,0.008006572723388672
row_extra_quote76_col0.csv,0.010262250900268555,0.008299827575683594,0.008032560348510742
row_less_sep_row70_col4.csv,0.011304140090942383,0.007762432098388672,0.008214950561523438
row_more_sep_row20_col0.csv,0.009382009506225586,0.008832216262817383,0.008724451065063477
row_less_sep_row76_col7.csv,0.009898900985717773,0.009856700897216797,0.009220123291015625
row_less_sep_row6_col4.csv,0.01075434684753418,0.008266448974609375,0.00871896743774414
row_extra_quote83_col8.csv,0.010744333267211914,0.008456230163574219,0.010589361190795898
row_extra_quote57_col3.csv,0.010314702987670898,0.007636070251464844,0.00868988037109375
row_less_sep_row14_col2.csv,0.00961446762084961,0.008154869079589844,0.007767200469970703
row_extra_quote6_col4.csv,0.010866880416870117,0.00840306282043457,0.008836984634399414
row_less_sep_row6_col2.csv,0.00963282585144043,0.009271860122680664,0.00823211669921875
row_extra_quote70_col5.csv,0.009861946105957031,0.00989079475402832,0.008486032485961914
row_more_sep_row3_col7.csv,0.009299755096435547,0.00803065299987793,0.008253812789916992
row_field_delimiter_0_0x20.csv,0.010022163391113281,0.007873773574829102,0.008019447326660156
row_field_delimiter_9_0x20.csv,0.010251998901367188,0.007968425750732422,0.008156299591064453
row_more_sep_row6_col3.csv,0.009410381317138672,0.00801992416381836,0.007993459701538086
row_less_sep_row63_col4.csv,0.009945154190063477,0.008193492889404297,0.007639408111572266
row_extra_quote23_col8.csv,0.009020805358886719,0.008865594863891602,0.008411884307861328
row_more_sep_row0_col4.csv,0.009198427200317383,0.008710861206054688,0.008407115936279297
file_no_trailing_newline.csv,0.00937199592590332,0.007638216018676758,0.009813785552978516
row_extra_quote24_col6.csv,0.008666038513183594,0.00804901123046875,0.008072137832641602
row_extra_quote64_col6.csv,0.011336326599121094,0.008069276809692383,0.008101701736450195
row_field_delimiter_77_0x20.csv,0.009023189544677734,0.008228063583374023,0.00753474235534668
row_extra_quote57_col1.csv,0.009494543075561523,0.008818387985229492,0.008540868759155273
row_extra_quote29_col0.csv,0.010213613510131836,0.00821232795715332,0.00751042366027832
row_extra_quote34_col7.csv,0.009171485900878906,0.008202314376831055,0.0074770450592041016
row_extra_quote43_col4.csv,0.00969076156616211,0.007733345031738281,0.00809931755065918
row_more_sep_row24_col7.csv,0.010413169860839844,0.008268117904663086,0.007999897003173828
row_extra_quote65_col4.csv,0.009598970413208008,0.008750200271606445,0.00872182846069336
row_less_sep_row66_col7.csv,0.01037740707397461,0.008530855178833008,0.007516622543334961
row_more_sep_row46_col0.csv,0.011709928512573242,0.00853729248046875,0.0074956417083740234
row_extra_quote48_col8.csv,0.010304450988769531,0.00894308090209961,0.007991313934326172
row_less_sep_row8_col2.csv,0.011150360107421875,0.007421970367431641,0.008964776992797852
row_more_sep_row35_col2.csv,0.008896589279174805,0.00835561752319336,0.007878541946411133
row_extra_quote71_col7.csv,0.010096549987792969,0.008461713790893555,0.00842738151550293
row_extra_quote24_col0.csv,0.008732318878173828,0.00792384147644043,0.007794618606567383
row_less_sep_row27_col1.csv,0.010274887084960938,0.007855892181396484,0.007759809494018555
row_less_sep_row72_col2.csv,0.009640216827392578,0.0074939727783203125,0.008042573928833008
row_less_sep_row2_col1.csv,0.010249614715576172,0.009157419204711914,0.007919073104858398
row_less_sep_row23_col1.csv,0.012511014938354492,0.008089542388916016,0.009050607681274414
row_less_sep_row19_col5.csv,0.009459495544433594,0.008525371551513672,0.008312463760375977
row_more_sep_row36_col6.csv,0.009774923324584961,0.009610652923583984,0.007967710494995117
row_extra_quote59_col0.csv,0.01036524772644043,0.008068323135375977,0.008719682693481445
row_extra_quote81_col2.csv,0.010331153869628906,0.008895158767700195,0.010434865951538086
row_less_sep_row47_col6.csv,0.012560844421386719,0.0076944828033447266,0.00791788101196289
row_less_sep_row26_col4.csv,0.009585380554199219,0.008446455001831055,0.007999420166015625
row_less_sep_row0_col6.csv,0.01098942756652832,0.00764012336730957,0.008655071258544922
row_extra_quote9_col8.csv,0.010291576385498047,0.009119510650634766,0.007895231246948242
row_extra_quote59_col4.csv,0.01091313362121582,0.009817123413085938,0.008997917175292969
row_more_sep_row47_col3.csv,0.008760929107666016,0.008014202117919922,0.008862495422363281
row_more_sep_row42_col5.csv,0.010242462158203125,0.007589578628540039,0.009712934494018555
row_extra_quote74_col7.csv,0.00964045524597168,0.00838160514831543,0.007984399795532227
row_extra_quote51_col8.csv,0.009786844253540039,0.008289813995361328,0.008083820343017578
row_more_sep_row49_col7.csv,0.011213541030883789,0.008383989334106445,0.007902145385742188
row_more_sep_row22_col4.csv,0.011806726455688477,0.008653879165649414,0.008028030395507812
row_more_sep_row7_col8.csv,0.010874748229980469,0.010036945343017578,0.008265972137451172
row_less_sep_row59_col1.csv,0.009557247161865234,0.007668256759643555,0.00854802131652832
row_more_sep_row77_col0.csv,0.009160280227661133,0.008043289184570312,0.009501934051513672
row_more_sep_row59_col0.csv,0.010337114334106445,0.0077779293060302734,0.008502960205078125
row_more_sep_row15_col6.csv,0.009824514389038086,0.008772134780883789,0.007957220077514648
row_less_sep_row3_col6.csv,0.011026382446289062,0.007616758346557617,0.008362293243408203
row_more_sep_row54_col5.csv,0.009494304656982422,0.008636951446533203,0.007818222045898438
row_more_sep_row34_col5.csv,0.010439634323120117,0.007673501968383789,0.009538888931274414
row_extra_quote56_col5.csv,0.009667634963989258,0.00901031494140625,0.009666204452514648
row_more_sep_row10_col4.csv,0.01206207275390625,0.007851362228393555,0.008028030395507812
row_extra_quote48_col4.csv,0.009859561920166016,0.00776982307434082,0.008623361587524414
row_more_sep_row2_col5.csv,0.012866973876953125,0.008495092391967773,0.00905466079711914
row_less_sep_row53_col5.csv,0.010161161422729492,0.008811235427856445,0.008309125900268555
row_more_sep_row9_col3.csv,0.009132623672485352,0.008527040481567383,0.007979393005371094
row_less_sep_row13_col4.csv,0.009880781173706055,0.007990360260009766,0.009779930114746094
row_more_sep_row71_col6.csv,0.010803937911987305,0.00864267349243164,0.00768589973449707
row_less_sep_row83_col5.csv,0.010705709457397461,0.008061408996582031,0.009630203247070312
row_extra_quote64_col2.csv,0.010658502578735352,0.009886741638183594,0.008248090744018555
row_less_sep_row53_col2.csv,0.009189128875732422,0.008411645889282227,0.008051633834838867
row_extra_quote26_col8.csv,0.010610342025756836,0.009745121002197266,0.008167266845703125
row_less_sep_row64_col1.csv,0.010468721389770508,0.007738351821899414,0.008880138397216797
row_extra_quote72_col8.csv,0.010038137435913086,0.008325338363647461,0.009983539581298828
row_extra_quote43_col0.csv,0.012977838516235352,0.0086822509765625,0.008240699768066406
row_extra_quote14_col1.csv,0.010004997253417969,0.008159637451171875,0.010713815689086914
row_more_sep_row75_col1.csv,0.00988912582397461,0.00853109359741211,0.009971141815185547
row_less_sep_row46_col7.csv,0.010050773620605469,0.008708953857421875,0.007892847061157227
row_field_delimiter_66_0x20.csv,0.00994253158569336,0.009569883346557617,0.008229494094848633
row_extra_quote17_col2.csv,0.01130366325378418,0.008423566818237305,0.008796453475952148
row_more_sep_row66_col6.csv,0.011923789978027344,0.00890350341796875,0.008070945739746094
row_extra_quote14_col5.csv,0.010032176971435547,0.009124517440795898,0.008254051208496094
row_more_sep_row61_col7.csv,0.009925365447998047,0.010416746139526367,0.010491132736206055
row_extra_quote3_col2.csv,0.009817838668823242,0.010401010513305664,0.008819818496704102
row_more_sep_row68_col0.csv,0.00949406623840332,0.010103940963745117,0.009064912796020508
row_less_sep_row53_col7.csv,0.011643171310424805,0.008276700973510742,0.009648799896240234
row_more_sep_row42_col7.csv,0.009831666946411133,0.008453845977783203,0.008055448532104492
row_more_sep_row2_col6.csv,0.0099639892578125,0.008101940155029297,0.009108781814575195
row_less_sep_row16_col4.csv,0.01100015640258789,0.008601903915405273,0.009053230285644531
row_extra_quote13_col4.csv,0.012454032897949219,0.009352922439575195,0.00797724723815918
row_less_sep_row19_col8.csv,0.011078119277954102,0.008613109588623047,0.009586095809936523
row_less_sep_row52_col2.csv,0.011060476303100586,0.009429931640625,0.007764101028442383
row_extra_quote2_col4.csv,0.011491775512695312,0.007980585098266602,0.010119915008544922
row_less_sep_row57_col8.csv,0.011301517486572266,0.00910329818725586,0.008072137832641602
row_field_delimiter_11_0x20.csv,0.009705781936645508,0.008008241653442383,0.008823871612548828
row_less_sep_row38_col8.csv,0.009378194808959961,0.00854945182800293,0.008710384368896484
file_multitable_same.csv,0.011869192123413086,0.0086822509765625,0.011237144470214844
row_extra_quote50_col2.csv,0.009026527404785156,0.00809168815612793,0.008095264434814453
file_one_data_row.csv,0.009456396102905273,0.0067403316497802734,0.0073206424713134766
row_less_sep_row55_col3.csv,0.009366989135742188,0.008239030838012695,0.00771021842956543
row_more_sep_row22_col2.csv,0.00964212417602539,0.010149955749511719,0.008016586303710938
row_more_sep_row66_col3.csv,0.010161161422729492,0.008605718612670898,0.008842945098876953
row_more_sep_row45_col7.csv,0.01070713996887207,0.007920265197753906,0.009580850601196289
row_less_sep_row44_col7.csv,0.010017633438110352,0.008834600448608398,0.00794839859008789
row_more_sep_row55_col3.csv,0.010324954986572266,0.007930278778076172,0.007879972457885742
row_more_sep_row14_col2.csv,0.009820222854614258,0.008278608322143555,0.008031845092773438
row_extra_quote29_col6.csv,0.011948347091674805,0.009832382202148438,0.008613824844360352
row_more_sep_row61_col3.csv,0.009565114974975586,0.008594036102294922,0.008812427520751953
row_more_sep_row80_col4.csv,0.009772300720214844,0.008026599884033203,0.00975799560546875
row_extra_quote18_col8.csv,0.010488748550415039,0.008975505828857422,0.008138656616210938
row_more_sep_row69_col5.csv,0.010691165924072266,0.008056879043579102,0.007843017578125
row_extra_quote33_col6.csv,0.011880159378051758,0.008031129837036133,0.008413553237915039
row_extra_quote4_col8.csv,0.009529590606689453,0.00816798210144043,0.00813746452331543
row_less_sep_row14_col8.csv,0.010312080383300781,0.009639263153076172,0.009188175201416016
row_extra_quote61_col6.csv,0.00978851318359375,0.007922172546386719,0.007958412170410156
row_extra_quote25_col5.csv,0.00975656509399414,0.007843494415283203,0.010317802429199219
row_less_sep_row9_col1.csv,0.008768558502197266,0.008265972137451172,0.007842063903808594
row_extra_quote2_col5.csv,0.009694576263427734,0.008041620254516602,0.009422779083251953
row_less_sep_row9_col4.csv,0.01094818115234375,0.008639097213745117,0.008009910583496094
row_less_sep_row52_col3.csv,0.010172605514526367,0.008581876754760742,0.008596181869506836
row_extra_quote82_col2.csv,0.009913206100463867,0.009746313095092773,0.008449554443359375
row_more_sep_row32_col2.csv,0.009871959686279297,0.0078012943267822266,0.008002281188964844
row_more_sep_row13_col5.csv,0.009496688842773438,0.008312225341796875,0.009841680526733398
row_more_sep_row45_col2.csv,0.010022401809692383,0.008177518844604492,0.008295774459838867
row_more_sep_row64_col4.csv,0.01217198371887207,0.008244991302490234,0.008931636810302734
row_more_sep_row47_col6.csv,0.01212763786315918,0.009205341339111328,0.007818222045898438
row_less_sep_row51_col8.csv,0.010949850082397461,0.007951974868774414,0.008203268051147461
row_more_sep_row82_col6.csv,0.0106353759765625,0.009815216064453125,0.008441925048828125
row_less_sep_row51_col1.csv,0.009525775909423828,0.00837397575378418,0.008454084396362305
row_more_sep_row9_col0.csv,0.011106491088867188,0.0077266693115234375,0.008896112442016602
row_extra_quote65_col0.csv,0.009436845779418945,0.008209705352783203,0.007872581481933594
row_less_sep_row47_col5.csv,0.010803461074829102,0.008091449737548828,0.008334636688232422
row_field_delimiter_25_0x20.csv,0.009818792343139648,0.008573770523071289,0.008011341094970703
row_less_sep_row27_col7.csv,0.010152816772460938,0.009662866592407227,0.00841665267944336
file_multitable_less.csv,0.011111021041870117,0.009446144104003906,0.009101152420043945
row_more_sep_row11_col7.csv,0.00920414924621582,0.007974624633789062,0.009537220001220703
row_more_sep_row64_col8.csv,0.009565114974975586,0.007550954818725586,0.008409261703491211
row_more_sep_row11_col3.csv,0.009593486785888672,0.007959127426147461,0.008679389953613281
row_more_sep_row62_col1.csv,0.010876178741455078,0.007803678512573242,0.008704900741577148
row_extra_quote15_col7.csv,0.009421110153198242,0.008583545684814453,0.008808135986328125
row_more_sep_row68_col7.csv,0.009501218795776367,0.00953364372253418,0.007864713668823242
row_more_sep_row66_col1.csv,0.010648250579833984,0.0077402591705322266,0.008257150650024414
row_less_sep_row65_col1.csv,0.009903907775878906,0.008364677429199219,0.009865522384643555
row_more_sep_row51_col7.csv,0.009935140609741211,0.0078122615814208984,0.008680343627929688
row_extra_quote6_col1.csv,0.010557413101196289,0.008468866348266602,0.008785247802734375
row_extra_quote49_col6.csv,0.01132965087890625,0.008226871490478516,0.009154319763183594
row_more_sep_row81_col7.csv,0.01059579849243164,0.008599996566772461,0.008354425430297852
row_more_sep_row0_col6.csv,0.009784698486328125,0.009854316711425781,0.008449077606201172
row_less_sep_row68_col6.csv,0.009635210037231445,0.008554697036743164,0.008331537246704102
row_less_sep_row74_col6.csv,0.009348392486572266,0.007834911346435547,0.008836507797241211
row_more_sep_row14_col4.csv,0.009716987609863281,0.008610963821411133,0.00841975212097168
row_extra_quote42_col1.csv,0.011003732681274414,0.007915496826171875,0.008948326110839844
row_extra_quote10_col8.csv,0.010256290435791016,0.009400367736816406,0.009577512741088867
row_extra_quote11_col0.csv,0.009602546691894531,0.009335756301879883,0.008286237716674805
row_more_sep_row35_col1.csv,0.010421037673950195,0.008485078811645508,0.009210348129272461
row_less_sep_row32_col5.csv,0.009660720825195312,0.008435249328613281,0.009937763214111328
row_more_sep_row73_col3.csv,0.01068258285522461,0.007807493209838867,0.008544445037841797
row_extra_quote43_col8.csv,0.009451866149902344,0.009132623672485352,0.008558988571166992
row_more_sep_row21_col3.csv,0.010753393173217773,0.00845789909362793,0.007784605026245117
row_extra_quote78_col3.csv,0.010501384735107422,0.009832382202148438,0.008686304092407227
row_less_sep_row32_col3.csv,0.010429859161376953,0.010301589965820312,0.007787227630615234
row_less_sep_row66_col6.csv,0.008556127548217773,0.008266448974609375,0.009019851684570312
row_less_sep_row0_col2.csv,0.010714530944824219,0.008486509323120117,0.009563207626342773
row_more_sep_row49_col3.csv,0.010007143020629883,0.007660388946533203,0.009257316589355469
row_extra_quote43_col6.csv,0.009802818298339844,0.008440017700195312,0.00787806510925293
row_less_sep_row43_col7.csv,0.012785673141479492,0.008961677551269531,0.008498668670654297
row_extra_quote26_col7.csv,0.011252164840698242,0.009477615356445312,0.00767207145690918
row_field_delimiter_26_0x20.csv,0.009786367416381836,0.008104324340820312,0.008899927139282227
row_more_sep_row46_col8.csv,0.01045536994934082,0.010306119918823242,0.0076410770416259766
row_extra_quote52_col1.csv,0.010843753814697266,0.008343696594238281,0.00970005989074707
row_more_sep_row75_col6.csv,0.009623050689697266,0.00808262825012207,0.010364532470703125
row_less_sep_row56_col5.csv,0.011459827423095703,0.008075952529907227,0.008579015731811523
row_extra_quote2_col8.csv,0.010552406311035156,0.008406639099121094,0.008953094482421875
row_extra_quote8_col5.csv,0.011464595794677734,0.008987665176391602,0.008495330810546875
row_more_sep_row70_col8.csv,0.010420799255371094,0.008657693862915039,0.008894920349121094
row_more_sep_row43_col1.csv,0.010845422744750977,0.010155439376831055,0.008721113204956055
row_more_sep_row24_col4.csv,0.010887622833251953,0.009050369262695312,0.008577585220336914
row_extra_quote56_col0.csv,0.01026463508605957,0.007936954498291016,0.009696006774902344
row_more_sep_row41_col7.csv,0.010091543197631836,0.0084991455078125,0.00861811637878418
row_more_sep_row22_col8.csv,0.011057376861572266,0.008446931838989258,0.008481740951538086
row_extra_quote73_col5.csv,0.011956453323364258,0.008015871047973633,0.008742332458496094
row_more_sep_row71_col5.csv,0.008844852447509766,0.009316682815551758,0.008124113082885742
row_more_sep_row32_col3.csv,0.010158538818359375,0.009730100631713867,0.008879899978637695
row_extra_quote63_col6.csv,0.01049351692199707,0.008570194244384766,0.008786678314208984
row_less_sep_row8_col3.csv,0.010667800903320312,0.008148670196533203,0.010331153869628906
row_more_sep_row16_col2.csv,0.009720802307128906,0.008474588394165039,0.00800180435180664
row_more_sep_row75_col5.csv,0.009657859802246094,0.007787227630615234,0.008222818374633789
row_more_sep_row1_col3.csv,0.010497570037841797,0.008051395416259766,0.008792877197265625
row_less_sep_row80_col8.csv,0.010082006454467773,0.009849309921264648,0.007887840270996094
row_more_sep_row29_col3.csv,0.009890556335449219,0.00786900520324707,0.008907556533813477
row_less_sep_row11_col5.csv,0.01070547103881836,0.00814676284790039,0.0096435546875
row_field_delimiter_49_0x20.csv,0.010767698287963867,0.00803685188293457,0.008159399032592773
row_extra_quote39_col8.csv,0.009631633758544922,0.008449316024780273,0.007992267608642578
row_less_sep_row57_col3.csv,0.011436700820922852,0.007903099060058594,0.007955074310302734
row_less_sep_row7_col5.csv,0.00929713249206543,0.008124589920043945,0.008663177490234375
row_less_sep_row82_col3.csv,0.009705305099487305,0.00997614860534668,0.008569955825805664
row_extra_quote0_col2.csv,0.009178638458251953,0.00911569595336914,0.009049654006958008
row_less_sep_row11_col8.csv,0.010819673538208008,0.008851051330566406,0.009838342666625977
row_less_sep_row58_col8.csv,0.010329484939575195,0.008278608322143555,0.008468866348266602
row_more_sep_row11_col8.csv,0.009720087051391602,0.008024930953979492,0.007938861846923828
row_more_sep_row23_col3.csv,0.011864662170410156,0.007947683334350586,0.008539676666259766
row_less_sep_row32_col2.csv,0.011118650436401367,0.009861230850219727,0.008948326110839844
row_less_sep_row22_col8.csv,0.009229183197021484,0.009565591812133789,0.008324146270751953
row_less_sep_row42_col1.csv,0.010715007781982422,0.00859832763671875,0.008691072463989258
row_more_sep_row70_col1.csv,0.009780406951904297,0.008095741271972656,0.01044321060180664
row_less_sep_row5_col3.csv,0.010180473327636719,0.007865667343139648,0.008002042770385742
row_extra_quote18_col5.csv,0.009547948837280273,0.00826406478881836,0.00957345962524414
row_less_sep_row64_col3.csv,0.011695146560668945,0.008312463760375977,0.00784611701965332
row_field_delimiter_39_0x20.csv,0.009579181671142578,0.008648395538330078,0.008479833602905273
row_extra_quote38_col2.csv,0.010750055313110352,0.01053166389465332,0.008550167083740234
row_less_sep_row15_col3.csv,0.009476184844970703,0.008174657821655273,0.008291006088256836
row_extra_quote21_col8.csv,0.00972127914428711,0.009031534194946289,0.009218931198120117
row_less_sep_row54_col7.csv,0.01025390625,0.008883237838745117,0.010143756866455078
row_extra_quote52_col2.csv,0.010536432266235352,0.009420156478881836,0.010692596435546875
row_less_sep_row79_col4.csv,0.009764432907104492,0.007703542709350586,0.008363008499145508
row_more_sep_row58_col7.csv,0.009477853775024414,0.0077114105224609375,0.007990360260009766
row_extra_quote63_col7.csv,0.012237310409545898,0.008213043212890625,0.008835315704345703
row_extra_quote63_col2.csv,0.011683225631713867,0.008598566055297852,0.008950233459472656
row_less_sep_row20_col7.csv,0.009474039077758789,0.010030031204223633,0.008480548858642578
row_extra_quote33_col0.csv,0.01091766357421875,0.007885456085205078,0.007986068725585938
row_more_sep_row33_col0.csv,0.01039576530456543,0.007906198501586914,0.010062932968139648
row_extra_quote26_col6.csv,0.010213613510131836,0.008584260940551758,0.008493185043334961
row_less_sep_row45_col6.csv,0.010796070098876953,0.008589982986450195,0.009188413619995117
row_more_sep_row55_col8.csv,0.010708332061767578,0.008502483367919922,0.008739233016967773
row_less_sep_row26_col2.csv,0.010035276412963867,0.008844375610351562,0.008799076080322266
row_more_sep_row58_col3.csv,0.01071476936340332,0.010451316833496094,0.00905466079711914
row_more_sep_row72_col8.csv,0.010097503662109375,0.008777618408203125,0.008442401885986328
row_extra_quote82_col5.csv,0.010660648345947266,0.00807499885559082,0.010759830474853516
row_more_sep_row45_col0.csv,0.009799718856811523,0.008684158325195312,0.007891178131103516
row_extra_quote37_col1.csv,0.010575532913208008,0.007967710494995117,0.00879359245300293
row_more_sep_row16_col6.csv,0.0110931396484375,0.009133100509643555,0.008035898208618164
row_more_sep_row63_col5.csv,0.010204553604125977,0.008720874786376953,0.00823521614074707
row_extra_quote54_col5.csv,0.009660005569458008,0.010084390640258789,0.008213520050048828
row_more_sep_row2_col8.csv,0.011109113693237305,0.00873565673828125,0.010536432266235352
row_extra_quote58_col6.csv,0.009572744369506836,0.008922815322875977,0.00991678237915039
row_less_sep_row16_col8.csv,0.01005697250366211,0.008351802825927734,0.009925127029418945
row_less_sep_row64_col6.csv,0.009657621383666992,0.007488727569580078,0.008501052856445312
row_less_sep_row36_col5.csv,0.01064920425415039,0.008656501770019531,0.008485078811645508
row_less_sep_row29_col6.csv,0.010575056076049805,0.009706497192382812,0.007857322692871094
row_more_sep_row0_col0.csv,0.01137995719909668,0.008246898651123047,0.008651018142700195
row_less_sep_row59_col4.csv,0.009600639343261719,0.009834051132202148,0.008269071578979492
row_less_sep_row14_col6.csv,0.010686159133911133,0.0077800750732421875,0.008879899978637695
row_more_sep_row16_col7.csv,0.009397745132446289,0.008125782012939453,0.009966611862182617
row_less_sep_row60_col4.csv,0.009515762329101562,0.009335517883300781,0.008333444595336914
row_less_sep_row8_col8.csv,0.009810447692871094,0.008320093154907227,0.008152246475219727
row_less_sep_row5_col4.csv,0.01114034652709961,0.00872182846069336,0.008710861206054688
row_more_sep_row73_col5.csv,0.011627912521362305,0.008198738098144531,0.009357690811157227
row_extra_quote10_col2.csv,0.008673429489135742,0.009687185287475586,0.008127212524414062
row_extra_quote67_col8.csv,0.010507822036743164,0.007840394973754883,0.008126974105834961
row_extra_quote79_col4.csv,0.009415864944458008,0.008660554885864258,0.008238554000854492
row_less_sep_row71_col3.csv,0.010443925857543945,0.009857177734375,0.007700681686401367
row_extra_quote32_col0.csv,0.009156465530395508,0.008094310760498047,0.007744312286376953
row_extra_quote39_col1.csv,0.009447336196899414,0.009748220443725586,0.007805585861206055
row_extra_quote31_col4.csv,0.009211063385009766,0.007702827453613281,0.008499622344970703
row_more_sep_row54_col4.csv,0.009644269943237305,0.007878541946411133,0.007944822311401367
row_extra_quote77_col2.csv,0.010502338409423828,0.008250713348388672,0.00886988639831543
row_more_sep_row58_col5.csv,0.011237382888793945,0.00808262825012207,0.00786280632019043
row_more_sep_row46_col1.csv,0.009601831436157227,0.008227825164794922,0.00830984115600586
row_less_sep_row69_col7.csv,0.01009511947631836,0.00976252555847168,0.008376121520996094
row_less_sep_row25_col5.csv,0.010481595993041992,0.0076618194580078125,0.008907318115234375
row_less_sep_row7_col7.csv,0.009498357772827148,0.007752895355224609,0.009879589080810547
row_extra_quote52_col5.csv,0.011149168014526367,0.00873422622680664,0.008258819580078125
file_no_header.csv,0.009472846984863281,0.008249044418334961,0.008504390716552734
row_more_sep_row80_col2.csv,0.011090993881225586,0.008035421371459961,0.008129119873046875
row_less_sep_row72_col6.csv,0.009327888488769531,0.008228063583374023,0.00826263427734375
row_extra_quote17_col6.csv,0.010245084762573242,0.008004188537597656,0.009856224060058594
row_extra_quote65_col2.csv,0.00932621955871582,0.008359670639038086,0.008648157119750977
row_field_delimiter_12_0x20.csv,0.009253740310668945,0.00870656967163086,0.00782012939453125
row_more_sep_row77_col8.csv,0.010859489440917969,0.007831096649169922,0.00897979736328125
row_less_sep_row55_col4.csv,0.009519577026367188,0.008135795593261719,0.007554769515991211
row_extra_quote28_col8.csv,0.00975799560546875,0.009836673736572266,0.00855398178100586
row_less_sep_row71_col5.csv,0.00992584228515625,0.008170127868652344,0.009257793426513672
row_extra_quote32_col6.csv,0.010511398315429688,0.009463310241699219,0.01033329963684082
row_extra_quote12_col6.csv,0.011179685592651367,0.009298086166381836,0.010466337203979492
row_less_sep_row17_col5.csv,0.009899139404296875,0.008383989334106445,0.008466243743896484
row_less_sep_row74_col4.csv,0.009875774383544922,0.008581399917602539,0.008058547973632812
row_more_sep_row12_col6.csv,0.009057044982910156,0.007932901382446289,0.008016824722290039
row_more_sep_row30_col8.csv,0.01145482063293457,0.007690906524658203,0.008907556533813477
row_less_sep_row75_col1.csv,0.01117706298828125,0.008898496627807617,0.007788658142089844
row_extra_quote9_col1.csv,0.009053707122802734,0.009755849838256836,0.00820302963256836
row_extra_quote8_col8.csv,0.009612798690795898,0.008342266082763672,0.009705066680908203
row_more_sep_row40_col4.csv,0.009644031524658203,0.007601737976074219,0.01051473617553711
row_less_sep_row10_col4.csv,0.010018348693847656,0.007687091827392578,0.008210182189941406
row_extra_quote45_col4.csv,0.009746551513671875,0.008883476257324219,0.008324861526489258
row_more_sep_row27_col2.csv,0.010846853256225586,0.00787663459777832,0.007796525955200195
row_less_sep_row45_col4.csv,0.00935506820678711,0.007930994033813477,0.008442878723144531
row_extra_quote34_col1.csv,0.00976252555847168,0.009787797927856445,0.007850408554077148
row_less_sep_row66_col8.csv,0.009755849838256836,0.0076482295989990234,0.008240461349487305
row_more_sep_row79_col4.csv,0.009725570678710938,0.007936239242553711,0.00963735580444336
row_more_sep_row27_col0.csv,0.010119915008544922,0.008170127868652344,0.007975101470947266
row_less_sep_row13_col1.csv,0.009722232818603516,0.008930683135986328,0.008510828018188477
row_less_sep_row0_col5.csv,0.011098384857177734,0.007871627807617188,0.007843255996704102
row_less_sep_row47_col7.csv,0.010807514190673828,0.008495330810546875,0.008159875869750977
row_more_sep_row1_col7.csv,0.009727239608764648,0.009556293487548828,0.008455991744995117
row_field_delimiter_13_0x20.csv,0.010157108306884766,0.008491277694702148,0.008759498596191406
row_less_sep_row10_col6.csv,0.009165763854980469,0.008549928665161133,0.009679317474365234
row_field_delimiter_20_0x20.csv,0.01017618179321289,0.008346319198608398,0.008861780166625977
row_more_sep_row61_col2.csv,0.01004934310913086,0.008617877960205078,0.008095979690551758
row_less_sep_row11_col7.csv,0.010696887969970703,0.008362054824829102,0.008571624755859375
row_less_sep_row21_col6.csv,0.009543418884277344,0.008606433868408203,0.009068012237548828
row_more_sep_row21_col1.csv,0.010637760162353516,0.010702133178710938,0.00816965103149414
row_less_sep_row3_col3.csv,0.008620500564575195,0.007828235626220703,0.008869409561157227
row_extra_quote70_col6.csv,0.010557889938354492,0.00826120376586914,0.009938478469848633
row_more_sep_row13_col8.csv,0.010408878326416016,0.008858680725097656,0.00807332992553711
row_more_sep_row39_col3.csv,0.010675907135009766,0.008121967315673828,0.008645772933959961
row_less_sep_row46_col1.csv,0.011123895645141602,0.008477449417114258,0.0075953006744384766
row_less_sep_row27_col5.csv,0.010358810424804688,0.008373022079467773,0.008401155471801758
row_more_sep_row55_col0.csv,0.008962869644165039,0.008351325988769531,0.008554697036743164
row_extra_quote24_col5.csv,0.009888172149658203,0.009687662124633789,0.009471893310546875
row_extra_quote49_col4.csv,0.011419296264648438,0.007692098617553711,0.00848698616027832
row_extra_quote70_col1.csv,0.00951838493347168,0.008288383483886719,0.007819175720214844
row_extra_quote26_col1.csv,0.010021686553955078,0.008031845092773438,0.009566068649291992
row_less_sep_row80_col7.csv,0.009612083435058594,0.009552955627441406,0.00791025161743164
row_more_sep_row46_col5.csv,0.010854244232177734,0.0077495574951171875,0.008899688720703125
row_less_sep_row77_col8.csv,0.009269952774047852,0.00824427604675293,0.008048534393310547
row_more_sep_row17_col3.csv,0.011105537414550781,0.00829315185546875,0.007900476455688477
row_extra_quote37_col4.csv,0.011181354522705078,0.008054018020629883,0.007819175720214844
row_more_sep_row80_col3.csv,0.011017084121704102,0.008556842803955078,0.008464813232421875
row_less_sep_row47_col1.csv,0.00882720947265625,0.010429620742797852,0.008846282958984375
row_extra_quote4_col2.csv,0.010420799255371094,0.007906913757324219,0.009839057922363281
row_less_sep_row24_col2.csv,0.010727167129516602,0.008491754531860352,0.008127689361572266
row_more_sep_row63_col6.csv,0.009791374206542969,0.008498668670654297,0.008964061737060547
row_extra_quote1_col8.csv,0.010759353637695312,0.008568286895751953,0.008053302764892578
row_less_sep_row40_col3.csv,0.009798765182495117,0.00823354721069336,0.007979154586791992
row_less_sep_row52_col8.csv,0.009741783142089844,0.010317564010620117,0.007915496826171875
row_less_sep_row38_col6.csv,0.00908517837524414,0.008332014083862305,0.008760213851928711
row_extra_quote45_col1.csv,0.011716365814208984,0.008301258087158203,0.009953022003173828
row_more_sep_row58_col2.csv,0.010885238647460938,0.007515907287597656,0.00920414924621582
row_less_sep_row48_col8.csv,0.00912332534790039,0.008351325988769531,0.007585763931274414
row_more_sep_row40_col5.csv,0.011115789413452148,0.008458375930786133,0.008521080017089844
row_extra_quote48_col7.csv,0.01031184196472168,0.008799552917480469,0.008014917373657227
row_more_sep_row18_col2.csv,0.01011514663696289,0.009654521942138672,0.007748842239379883
row_more_sep_row53_col1.csv,0.010442972183227539,0.008244037628173828,0.007984399795532227
row_more_sep_row20_col4.csv,0.010619878768920898,0.007690906524658203,0.009631872177124023
row_more_sep_row40_col3.csv,0.009985923767089844,0.008449554443359375,0.008007287979125977
row_extra_quote5_col4.csv,0.010002851486206055,0.007847785949707031,0.00805354118347168
row_extra_quote70_col4.csv,0.011548995971679688,0.008065462112426758,0.008044004440307617
row_less_sep_row48_col3.csv,0.010255575180053711,0.007877111434936523,0.00841832160949707
row_extra_quote24_col8.csv,0.009222745895385742,0.009599924087524414,0.007866859436035156
row_more_sep_row37_col8.csv,0.009480476379394531,0.008084774017333984,0.010967254638671875
row_more_sep_row64_col3.csv,0.009541034698486328,0.007584810256958008,0.009772539138793945
row_less_sep_row3_col4.csv,0.009843587875366211,0.007904529571533203,0.008211851119995117
row_more_sep_row65_col7.csv,0.011010885238647461,0.008469820022583008,0.008202314376831055
row_more_sep_row42_col3.csv,0.011133432388305664,0.007927417755126953,0.007875680923461914
row_extra_quote14_col8.csv,0.008989572525024414,0.008022069931030273,0.007533073425292969
row_less_sep_row45_col3.csv,0.010589838027954102,0.009909629821777344,0.008185148239135742
row_extra_quote43_col2.csv,0.009163618087768555,0.007472991943359375,0.008101701736450195
row_less_sep_row67_col3.csv,0.010064125061035156,0.007828950881958008,0.007946014404296875
row_more_sep_row69_col4.csv,0.010135412216186523,0.007982730865478516,0.00837397575378418
row_less_sep_row66_col5.csv,0.008952617645263672,0.008647441864013672,0.007696866989135742
row_more_sep_row67_col0.csv,0.01101827621459961,0.008115053176879883,0.009432077407836914
row_extra_quote81_col8.csv,0.010369062423706055,0.008631229400634766,0.008345842361450195
row_less_sep_row32_col6.csv,0.009587287902832031,0.008089780807495117,0.00914621353149414
row_less_sep_row28_col1.csv,0.010331153869628906,0.008275032043457031,0.007652759552001953
row_more_sep_row65_col0.csv,0.011595726013183594,0.007348537445068359,0.007856130599975586
row_extra_quote28_col4.csv,0.009566307067871094,0.008529186248779297,0.008785486221313477
row_more_sep_row53_col2.csv,0.009690999984741211,0.009747982025146484,0.00854945182800293
row_extra_quote67_col3.csv,0.009323358535766602,0.0084075927734375,0.007970333099365234
row_extra_quote20_col4.csv,0.009036540985107422,0.007867813110351562,0.008294820785522461
row_more_sep_row48_col3.csv,0.010584115982055664,0.007616519927978516,0.007611751556396484
row_less_sep_row45_col8.csv,0.010408163070678711,0.007749080657958984,0.008034706115722656
row_less_sep_row62_col4.csv,0.008914947509765625,0.007723808288574219,0.008121967315673828
row_less_sep_row20_col4.csv,0.009481430053710938,0.00848698616027832,0.008901596069335938
row_less_sep_row41_col1.csv,0.009982585906982422,0.008955955505371094,0.008185386657714844
row_less_sep_row57_col4.csv,0.010129928588867188,0.008852481842041016,0.007705211639404297
row_more_sep_row51_col8.csv,0.010807991027832031,0.008144617080688477,0.009341239929199219
row_less_sep_row37_col1.csv,0.009305000305175781,0.00885152816772461,0.00834035873413086
row_more_sep_row6_col2.csv,0.00965261459350586,0.008592367172241211,0.008195638656616211
row_more_sep_row26_col6.csv,0.011217832565307617,0.008050680160522461,0.008801460266113281
row_less_sep_row27_col3.csv,0.008864402770996094,0.007987022399902344,0.00802302360534668
row_extra_quote1_col7.csv,0.010440587997436523,0.00815892219543457,0.007875919342041016
row_extra_quote40_col7.csv,0.01029658317565918,0.00871729850769043,0.00836634635925293
row_more_sep_row71_col1.csv,0.010167360305786133,0.008147239685058594,0.007532596588134766
row_extra_quote80_col4.csv,0.009200572967529297,0.008288145065307617,0.008440494537353516
row_extra_quote51_col6.csv,0.009050846099853516,0.008565187454223633,0.008379459381103516
row_extra_quote43_col3.csv,0.011693477630615234,0.008234024047851562,0.009415626525878906
row_more_sep_row2_col1.csv,0.010120630264282227,0.008757829666137695,0.00857996940612793
row_extra_quote53_col5.csv,0.009655952453613281,0.007820844650268555,0.008788824081420898
row_less_sep_row63_col2.csv,0.009909868240356445,0.008055925369262695,0.007357358932495117
row_extra_quote18_col3.csv,0.01108551025390625,0.008147954940795898,0.008960485458374023
row_less_sep_row0_col4.csv,0.010749578475952148,0.00810384750366211,0.008026838302612305
row_less_sep_row13_col3.csv,0.010537385940551758,0.007861137390136719,0.008784294128417969
row_more_sep_row27_col8.csv,0.008931398391723633,0.008778572082519531,0.007811546325683594
row_extra_quote65_col6.csv,0.009847164154052734,0.009846210479736328,0.008043050765991211
row_less_sep_row75_col8.csv,0.009558916091918945,0.007762432098388672,0.008291482925415039
row_more_sep_row25_col0.csv,0.00981450080871582,0.008901596069335938,0.010443687438964844
row_less_sep_row37_col4.csv,0.00946187973022461,0.008385181427001953,0.007678508758544922
row_extra_quote68_col1.csv,0.009636163711547852,0.007793903350830078,0.008248090744018555
row_less_sep_row35_col7.csv,0.010989665985107422,0.00786280632019043,0.008882284164428711
row_more_sep_row46_col6.csv,0.009065628051757812,0.0080108642578125,0.008061647415161133
row_extra_quote57_col8.csv,0.00933074951171875,0.008288860321044922,0.008853435516357422
row_more_sep_row44_col5.csv,0.010111808776855469,0.007967948913574219,0.009844064712524414
row_extra_quote5_col3.csv,0.009334564208984375,0.008780241012573242,0.008081436157226562
file_field_delimiter_0x20.csv,0.010068893432617188,0.007645368576049805,0.009123802185058594
row_more_sep_row39_col6.csv,0.010121822357177734,0.009087562561035156,0.008814096450805664
row_extra_quote7_col3.csv,0.009213685989379883,0.008118867874145508,0.009193897247314453
row_less_sep_row23_col5.csv,0.00931859016418457,0.008815765380859375,0.01048135757446289
row_more_sep_row36_col1.csv,0.009673357009887695,0.007535219192504883,0.009422063827514648
row_less_sep_row77_col3.csv,0.008683204650878906,0.008345842361450195,0.0076351165771484375
row_field_delimiter_17_0x20.csv,0.009464263916015625,0.007370710372924805,0.008711814880371094
row_less_sep_row47_col4.csv,0.011710882186889648,0.008514881134033203,0.008150815963745117
row_less_sep_row43_col1.csv,0.009891510009765625,0.009041547775268555,0.008841514587402344
row_more_sep_row64_col0.csv,0.010134220123291016,0.009501934051513672,0.00839090347290039
row_extra_quote58_col0.csv,0.00893855094909668,0.007818222045898438,0.008316993713378906
row_less_sep_row29_col4.csv,0.010613679885864258,0.00791478157043457,0.00954127311706543
row_more_sep_row82_col1.csv,0.009985923767089844,0.007874250411987305,0.009015083312988281
row_less_sep_row76_col2.csv,0.010364532470703125,0.00901937484741211,0.008179664611816406
row_less_sep_row64_col8.csv,0.011338949203491211,0.007503509521484375,0.008670806884765625
row_less_sep_row22_col6.csv,0.009627580642700195,0.009096384048461914,0.008087158203125
row_extra_quote80_col8.csv,0.011254310607910156,0.00981283187866211,0.008971691131591797
row_extra_quote9_col0.csv,0.00873255729675293,0.008388042449951172,0.007772207260131836
row_less_sep_row22_col7.csv,0.009644746780395508,0.0075304508209228516,0.008617877960205078
row_more_sep_row35_col4.csv,0.008852958679199219,0.00864863395690918,0.008694648742675781
row_more_sep_row69_col0.csv,0.01110219955444336,0.008178472518920898,0.008256196975708008
row_more_sep_row54_col0.csv,0.008754491806030273,0.009011983871459961,0.007905244827270508
row_more_sep_row64_col6.csv,0.009621620178222656,0.007676601409912109,0.00867009162902832
row_field_delimiter_15_0x20.csv,0.009308099746704102,0.007855892181396484,0.008084774017333984
row_more_sep_row68_col4.csv,0.01028299331665039,0.008551836013793945,0.008086442947387695
row_less_sep_row63_col6.csv,0.010329246520996094,0.008585691452026367,0.008249044418334961
row_extra_quote39_col0.csv,0.009887933731079102,0.0081329345703125,0.008394479751586914
row_more_sep_row77_col3.csv,0.009975910186767578,0.009600400924682617,0.007660627365112305
row_extra_quote39_col2.csv,0.010947227478027344,0.00849604606628418,0.009045839309692383
row_less_sep_row26_col6.csv,0.010001182556152344,0.009340286254882812,0.00977182388305664
row_more_sep_row19_col2.csv,0.010042667388916016,0.007989883422851562,0.0074710845947265625
row_more_sep_row65_col6.csv,0.010683298110961914,0.007709026336669922,0.008148193359375
row_more_sep_row72_col7.csv,0.011272430419921875,0.007972478866577148,0.007863759994506836
row_less_sep_row80_col3.csv,0.009380578994750977,0.007915496826171875,0.008462667465209961
