filename,llm_hybrid_parser_gpt_5_4_mini_clevercsv_time_0
file_double_trailing_newline.csv,0.0971450805664062
file_escape_char_0x00.csv,4.794657230377197
file_escape_char_0x5C.csv,0.0973992347717285
file_field_delimiter_0x20.csv,20.816962718963623
file_field_delimiter_0x2C_0x20.csv,34.39104676246643
file_field_delimiter_0x3B.csv,2.19152307510376
file_field_delimiter_0x9.csv,1.5182828903198242
file_header_multirow_2.csv,1.5981528759002686
file_header_multirow_3.csv,1.6852397918701172
file_header_only.csv,-1.4211251735687256
file_multitable_less.csv,32.443097829818726
file_multitable_more.csv,30.835193634033203
file_multitable_same.csv,0.1473453044891357
file_no_header.csv,1.4852206707000732
file_no_payload.csv,1.414287805557251
file_no_trailing_newline.csv,0.0963895320892334
file_one_data_row.csv,1.1350603103637695
file_preamble.csv,0.3384773731231689
file_quotation_char_0x27.csv,27.721225023269653
file_record_delimiter_0xA.csv,0.0974044799804687
file_record_delimiter_0xD.csv,0.093076467514038
row_extra_quote0_col0.csv,2.072275161743164
row_extra_quote0_col1.csv,3.2713162899017334
row_extra_quote0_col2.csv,1.4639496803283691
row_extra_quote0_col3.csv,1.558546781539917
row_extra_quote0_col4.csv,30.43119001388549
row_extra_quote0_col5.csv,1.3863015174865725
row_extra_quote0_col6.csv,1.3828656673431396
row_extra_quote0_col7.csv,1.9570488929748533
row_extra_quote0_col8.csv,1.5154109001159668
row_extra_quote10_col0.csv,1.4678375720977783
row_extra_quote10_col1.csv,1.655970811843872
row_extra_quote10_col2.csv,1.9090309143066408
row_extra_quote10_col3.csv,2.3194501399993896
row_extra_quote10_col4.csv,1.6296801567077637
row_extra_quote10_col5.csv,1.793372631072998
row_extra_quote10_col6.csv,1.5409913063049316
row_extra_quote10_col7.csv,1.5780439376831057
row_extra_quote10_col8.csv,7.08480429649353
row_extra_quote11_col0.csv,1.6066970825195312
row_extra_quote11_col1.csv,1.7167589664459229
row_extra_quote11_col2.csv,2.217390298843384
row_extra_quote11_col3.csv,1.6056294441223145
row_extra_quote11_col4.csv,1.8197693824768064
row_extra_quote11_col5.csv,-1.3586103916168213
row_extra_quote11_col6.csv,6.187046766281128
row_extra_quote11_col7.csv,1.463727951049805
row_extra_quote11_col8.csv,2.0574021339416504
row_extra_quote12_col0.csv,1.465435266494751
row_extra_quote12_col1.csv,1.729848861694336
row_extra_quote12_col2.csv,1.4194166660308838
row_extra_quote12_col3.csv,1.971672773361206
row_extra_quote12_col4.csv,1.5786592960357666
row_extra_quote12_col5.csv,0.1561720371246338
row_extra_quote12_col6.csv,-1.380643606185913
row_extra_quote12_col7.csv,1.7638318538665771
row_extra_quote12_col8.csv,2.199110984802246
row_extra_quote13_col0.csv,1.6580374240875244
row_extra_quote13_col1.csv,1.4088547229766846
row_extra_quote13_col2.csv,2.032365322113037
row_extra_quote13_col3.csv,1.434199571609497
row_extra_quote13_col4.csv,1.7418410778045654
row_extra_quote13_col5.csv,1.6897478103637695
row_extra_quote13_col6.csv,1.761256217956543
row_extra_quote13_col7.csv,1.4358055591583252
row_extra_quote13_col8.csv,2.5501177310943604
row_extra_quote14_col0.csv,2.114063024520874
row_extra_quote14_col1.csv,1.4563817977905271
row_extra_quote14_col2.csv,1.844807386398316
row_extra_quote14_col3.csv,1.4525940418243408
row_extra_quote14_col4.csv,0.1536738872528076
row_extra_quote14_col5.csv,1.6229088306427002
row_extra_quote14_col6.csv,3.776026487350464
row_extra_quote14_col7.csv,1.5442233085632324
row_extra_quote14_col8.csv,3.366361141204834
row_extra_quote15_col0.csv,1.92293119430542
row_extra_quote15_col1.csv,1.568953275680542
row_extra_quote15_col2.csv,1.4753375053405762
row_extra_quote15_col3.csv,1.626072883605957
row_extra_quote15_col4.csv,0.4360160827636719
row_extra_quote15_col5.csv,1.7772514820098877
row_extra_quote15_col6.csv,2.0918896198272705
row_extra_quote15_col7.csv,1.912818431854248
row_extra_quote15_col8.csv,1.8766684532165527
row_extra_quote16_col0.csv,1.6643121242523191
row_extra_quote16_col1.csv,1.5250399112701416
row_extra_quote16_col2.csv,1.4504849910736084
row_extra_quote16_col3.csv,1.815791368484497
row_extra_quote16_col4.csv,1.648021221160889
row_extra_quote16_col5.csv,4.34191370010376
row_extra_quote16_col6.csv,1.8658645153045648
row_extra_quote16_col7.csv,1.6451563835144043
row_extra_quote16_col8.csv,2.618719577789306
row_extra_quote17_col0.csv,1.4465267658233645
row_extra_quote17_col1.csv,-1.2681012153625488
row_extra_quote17_col2.csv,1.676119089126587
row_extra_quote17_col3.csv,1.5513627529144287
row_extra_quote17_col4.csv,1.3533439636230469
row_extra_quote17_col5.csv,1.4312241077423096
row_extra_quote17_col6.csv,1.4553165435791016
row_extra_quote17_col7.csv,1.7042419910430908
row_extra_quote17_col8.csv,3.472527027130127
row_extra_quote18_col0.csv,1.5087509155273438
row_extra_quote18_col1.csv,1.6055502891540527
row_extra_quote18_col2.csv,-1.2666099071502686
row_extra_quote18_col3.csv,1.8776977062225344
row_extra_quote18_col4.csv,1.7079360485076904
row_extra_quote18_col5.csv,1.936063528060913
row_extra_quote18_col6.csv,1.716010570526123
row_extra_quote18_col7.csv,1.854735374450684
row_extra_quote18_col8.csv,2.345609188079834
row_extra_quote19_col0.csv,1.4579055309295654
row_extra_quote19_col1.csv,-1.2830312252044678
row_extra_quote19_col2.csv,3.818033218383789
row_extra_quote19_col3.csv,1.7275536060333252
row_extra_quote19_col4.csv,2.068652868270874
row_extra_quote19_col5.csv,1.7226073741912842
row_extra_quote19_col6.csv,2.071568012237549
row_extra_quote19_col7.csv,1.7110915184020996
row_extra_quote19_col8.csv,2.2240965366363525
row_extra_quote1_col0.csv,2.7540602684021
row_extra_quote1_col1.csv,2.7781107425689697
row_extra_quote1_col2.csv,3.964772939682007
row_extra_quote1_col3.csv,0.3022725582122803
row_extra_quote1_col4.csv,2.6036055088043213
row_extra_quote1_col5.csv,2.9699292182922363
row_extra_quote1_col6.csv,6.865347623825073
row_extra_quote1_col7.csv,2.6931910514831543
row_extra_quote1_col8.csv,3.084667682647705
row_extra_quote20_col0.csv,1.5778295993804932
row_extra_quote20_col1.csv,1.459367752075195
row_extra_quote20_col2.csv,1.6218180656433103
row_extra_quote20_col3.csv,1.8664395809173584
row_extra_quote20_col4.csv,1.757197618484497
row_extra_quote20_col5.csv,2.8145601749420166
row_extra_quote20_col6.csv,0.155527114868164
row_extra_quote20_col7.csv,3.3957061767578125
row_extra_quote20_col8.csv,1.9411077499389648
row_extra_quote21_col0.csv,1.524075984954834
row_extra_quote21_col1.csv,1.6207258701324463
row_extra_quote21_col2.csv,1.421226978302002
row_extra_quote21_col3.csv,1.563671588897705
row_extra_quote21_col4.csv,1.7580595016479492
row_extra_quote21_col5.csv,2.613323926925659
row_extra_quote21_col6.csv,2.3096671104431152
row_extra_quote21_col7.csv,1.583543300628662
row_extra_quote21_col8.csv,-0.9992012977600098
row_extra_quote22_col0.csv,1.7212011814117432
row_extra_quote22_col1.csv,1.6012544631958008
row_extra_quote22_col2.csv,1.5506668090820312
row_extra_quote22_col3.csv,1.4594366550445557
row_extra_quote22_col4.csv,1.6148838996887207
row_extra_quote22_col5.csv,1.8439743518829343
row_extra_quote22_col6.csv,1.6168909072875977
row_extra_quote22_col7.csv,1.6160218715667725
row_extra_quote22_col8.csv,2.093457221984864
row_extra_quote23_col0.csv,2.066032886505127
row_extra_quote23_col1.csv,1.5330631732940674
row_extra_quote23_col2.csv,1.6234242916107178
row_extra_quote23_col3.csv,1.5063645839691162
row_extra_quote23_col4.csv,1.435920000076294
row_extra_quote23_col5.csv,1.384054183959961
row_extra_quote23_col6.csv,1.3526008129119873
row_extra_quote23_col7.csv,1.7992191314697266
row_extra_quote23_col8.csv,2.305462598800659
row_extra_quote24_col0.csv,1.4856834411621094
row_extra_quote24_col1.csv,1.5670206546783447
row_extra_quote24_col2.csv,1.4773521423339844
row_extra_quote24_col3.csv,1.7499911785125732
row_extra_quote24_col4.csv,1.7402915954589844
row_extra_quote24_col5.csv,2.206407070159912
row_extra_quote24_col6.csv,1.4487817287445068
row_extra_quote24_col7.csv,1.661100149154663
row_extra_quote24_col8.csv,3.4234778881073
row_extra_quote25_col0.csv,1.7787554264068604
row_extra_quote25_col1.csv,2.2048232555389404
row_extra_quote25_col2.csv,1.5522472858428955
row_extra_quote25_col3.csv,1.4405364990234375
row_extra_quote25_col4.csv,2.188190460205078
row_extra_quote25_col5.csv,1.8240201473236084
row_extra_quote25_col6.csv,1.6334080696105957
row_extra_quote25_col7.csv,1.8991672992706297
row_extra_quote25_col8.csv,2.3337414264678955
row_extra_quote26_col0.csv,-1.5553958415985107
row_extra_quote26_col1.csv,3.084814548492432
row_extra_quote26_col2.csv,1.388808012008667
row_extra_quote26_col3.csv,1.3954007625579834
row_extra_quote26_col4.csv,1.8714284896850584
row_extra_quote26_col5.csv,1.6793224811553955
row_extra_quote26_col6.csv,1.890674829483032
row_extra_quote26_col7.csv,2.6229872703552246
row_extra_quote26_col8.csv,2.1802382469177246
row_extra_quote27_col0.csv,-0.9213128089904784
row_extra_quote27_col1.csv,1.7350728511810305
row_extra_quote27_col2.csv,1.6885993480682373
row_extra_quote27_col3.csv,1.5210413932800293
row_extra_quote27_col4.csv,1.6674747467041016
row_extra_quote27_col5.csv,4.09979510307312
row_extra_quote27_col6.csv,1.754859209060669
row_extra_quote27_col7.csv,1.7483141422271729
row_extra_quote27_col8.csv,2.26359486579895
row_extra_quote28_col0.csv,1.809040784835816
row_extra_quote28_col1.csv,1.767536163330078
row_extra_quote28_col2.csv,1.5590081214904783
row_extra_quote28_col3.csv,-0.588158130645752
row_extra_quote28_col4.csv,1.743933916091919
row_extra_quote28_col5.csv,2.3059630393981934
row_extra_quote28_col6.csv,1.7679924964904783
row_extra_quote28_col7.csv,3.301431179046631
row_extra_quote28_col8.csv,1.9652605056762693
row_extra_quote29_col0.csv,1.69368577003479
row_extra_quote29_col1.csv,1.4295780658721924
row_extra_quote29_col2.csv,1.7502999305725098
row_extra_quote29_col3.csv,2.2527456283569336
row_extra_quote29_col4.csv,1.5006859302520752
row_extra_quote29_col5.csv,2.076303720474243
row_extra_quote29_col6.csv,1.5013377666473389
row_extra_quote29_col7.csv,1.8163471221923828
row_extra_quote29_col8.csv,2.6523773670196533
row_extra_quote2_col0.csv,3.277219772338867
row_extra_quote2_col1.csv,0.7053122520446777
row_extra_quote2_col2.csv,3.858969211578369
row_extra_quote2_col3.csv,3.286971092224121
row_extra_quote2_col4.csv,2.704288959503174
row_extra_quote2_col5.csv,3.0497348308563232
row_extra_quote2_col6.csv,2.927427053451538
row_extra_quote2_col7.csv,2.896704196929932
row_extra_quote2_col8.csv,3.3806514739990234
row_extra_quote30_col0.csv,1.6670136451721191
row_extra_quote30_col1.csv,1.5178334712982178
row_extra_quote30_col2.csv,1.4185614585876465
row_extra_quote30_col3.csv,1.4911515712738037
row_extra_quote30_col4.csv,1.781996726989746
row_extra_quote30_col5.csv,1.621412992477417
row_extra_quote30_col6.csv,1.5759458541870115
row_extra_quote30_col7.csv,2.4315922260284424
row_extra_quote30_col8.csv,1.5541887283325195
row_extra_quote31_col0.csv,1.7417011260986328
row_extra_quote31_col1.csv,1.5760705471038818
row_extra_quote31_col2.csv,17.61666965484619
row_extra_quote31_col3.csv,-1.5753464698791504
row_extra_quote31_col4.csv,-0.914534330368042
row_extra_quote31_col5.csv,1.5585250854492188
row_extra_quote31_col6.csv,1.790252685546875
row_extra_quote31_col7.csv,1.4619536399841309
row_extra_quote31_col8.csv,-1.1647238731384275
row_extra_quote32_col0.csv,1.9399385452270508
row_extra_quote32_col1.csv,1.6314938068389893
row_extra_quote32_col2.csv,-1.3254892826080322
row_extra_quote32_col3.csv,1.6931169033050537
row_extra_quote32_col4.csv,1.6121351718902588
row_extra_quote32_col5.csv,1.637834072113037
row_extra_quote32_col6.csv,1.662092924118042
row_extra_quote32_col7.csv,-1.3518242835998535
row_extra_quote32_col8.csv,2.6702513694763184
row_extra_quote33_col0.csv,1.978269338607788
row_extra_quote33_col1.csv,2.521129846572876
row_extra_quote33_col2.csv,1.6608495712280271
row_extra_quote33_col3.csv,1.4923789501190186
row_extra_quote33_col4.csv,1.8264586925506592
row_extra_quote33_col5.csv,0.159208059310913
row_extra_quote33_col6.csv,1.7284154891967771
row_extra_quote33_col7.csv,1.735262155532837
row_extra_quote33_col8.csv,2.139678239822388
row_extra_quote34_col0.csv,1.5036330223083496
row_extra_quote34_col1.csv,1.6517388820648191
row_extra_quote34_col2.csv,1.7770781517028809
row_extra_quote34_col3.csv,1.5614488124847412
row_extra_quote34_col4.csv,8.088085174560547
row_extra_quote34_col5.csv,3.436351537704468
row_extra_quote34_col6.csv,1.6753525733947754
row_extra_quote34_col7.csv,-0.0802812576293945
row_extra_quote34_col8.csv,2.2770886421203613
row_extra_quote35_col0.csv,1.670163869857788
row_extra_quote35_col1.csv,1.568099021911621
row_extra_quote35_col2.csv,1.7783019542694092
row_extra_quote35_col3.csv,7.309139251708984
row_extra_quote35_col4.csv,1.6448979377746582
row_extra_quote35_col5.csv,1.4559683799743652
row_extra_quote35_col6.csv,1.7941710948944092
row_extra_quote35_col7.csv,1.7937023639678955
row_extra_quote35_col8.csv,2.075790882110596
row_extra_quote36_col0.csv,-1.0636985301971436
row_extra_quote36_col1.csv,1.602867841720581
row_extra_quote36_col2.csv,-0.24528169631958
row_extra_quote36_col3.csv,1.471123456954956
row_extra_quote36_col4.csv,1.598841667175293
row_extra_quote36_col5.csv,1.654468297958374
row_extra_quote36_col6.csv,1.9061050415039065
row_extra_quote36_col7.csv,2.2343192100524902
row_extra_quote36_col8.csv,1.98458194732666
row_extra_quote37_col0.csv,1.5218684673309326
row_extra_quote37_col1.csv,1.6043508052825928
row_extra_quote37_col2.csv,1.5107026100158691
row_extra_quote37_col3.csv,1.5806174278259275
row_extra_quote37_col4.csv,1.6580402851104736
row_extra_quote37_col5.csv,1.380699634552002
row_extra_quote37_col6.csv,1.4853887557983398
row_extra_quote37_col7.csv,1.7137513160705566
row_extra_quote37_col8.csv,1.4908819198608398
row_extra_quote38_col0.csv,1.970879316329956
row_extra_quote38_col1.csv,1.7113037109375
row_extra_quote38_col2.csv,1.6290206909179688
row_extra_quote38_col3.csv,1.7940375804901123
row_extra_quote38_col4.csv,1.538566827774048
row_extra_quote38_col5.csv,1.662973165512085
row_extra_quote38_col6.csv,1.8559956550598145
row_extra_quote38_col7.csv,1.6708660125732422
row_extra_quote38_col8.csv,2.1669468879699707
row_extra_quote39_col0.csv,-1.4291856288909912
row_extra_quote39_col1.csv,3.1545748710632324
row_extra_quote39_col2.csv,1.6101715564727783
row_extra_quote39_col3.csv,1.5362637042999268
row_extra_quote39_col4.csv,1.4943349361419678
row_extra_quote39_col5.csv,1.776165008544922
row_extra_quote39_col6.csv,1.7585487365722656
row_extra_quote39_col7.csv,3.3185622692108154
row_extra_quote39_col8.csv,2.9163146018981934
row_extra_quote3_col0.csv,2.732987403869629
row_extra_quote3_col1.csv,4.731987476348877
row_extra_quote3_col2.csv,2.873941659927368
row_extra_quote3_col3.csv,3.0399837493896484
row_extra_quote3_col4.csv,2.8588852882385254
row_extra_quote3_col5.csv,3.130855083465576
row_extra_quote3_col6.csv,2.856865882873535
row_extra_quote3_col7.csv,2.9034879207611084
row_extra_quote3_col8.csv,3.572604179382324
row_extra_quote40_col0.csv,1.7138662338256836
row_extra_quote40_col1.csv,1.971034049987793
row_extra_quote40_col2.csv,1.4567220211029053
row_extra_quote40_col3.csv,1.6987254619598389
row_extra_quote40_col4.csv,2.061733722686768
row_extra_quote40_col5.csv,1.7541916370391846
row_extra_quote40_col6.csv,1.5978021621704102
row_extra_quote40_col7.csv,2.210782766342163
row_extra_quote40_col8.csv,2.381709098815918
row_extra_quote41_col0.csv,1.5174975395202637
row_extra_quote41_col1.csv,0.1587471961975097
row_extra_quote41_col2.csv,1.5248050689697266
row_extra_quote41_col3.csv,1.74503755569458
row_extra_quote41_col4.csv,1.7643005847930908
row_extra_quote41_col5.csv,2.059885740280152
row_extra_quote41_col6.csv,1.4506175518035889
row_extra_quote41_col7.csv,1.5630958080291748
row_extra_quote41_col8.csv,2.0942745208740234
row_extra_quote42_col0.csv,3.4871442317962646
row_extra_quote42_col1.csv,1.6949238777160645
row_extra_quote42_col2.csv,1.5308849811553955
row_extra_quote42_col3.csv,1.7197222709655762
row_extra_quote42_col4.csv,2.1270639896392822
row_extra_quote42_col5.csv,2.6147847175598145
row_extra_quote42_col6.csv,2.3881640434265137
row_extra_quote42_col7.csv,1.77797269821167
row_extra_quote42_col8.csv,2.870706558227539
row_extra_quote43_col0.csv,1.5914218425750732
row_extra_quote43_col1.csv,1.6715216636657717
row_extra_quote43_col2.csv,2.156503200531006
row_extra_quote43_col3.csv,1.8814976215362549
row_extra_quote43_col4.csv,2.139810085296631
row_extra_quote43_col5.csv,1.733530044555664
row_extra_quote43_col6.csv,1.7570643424987793
row_extra_quote43_col7.csv,1.9007625579833984
row_extra_quote43_col8.csv,2.101237535476685
row_extra_quote44_col0.csv,1.7810726165771484
row_extra_quote44_col1.csv,2.561942338943481
row_extra_quote44_col2.csv,1.6788227558135986
row_extra_quote44_col3.csv,1.8814079761505127
row_extra_quote44_col4.csv,1.656348705291748
row_extra_quote44_col5.csv,-0.6553456783294678
row_extra_quote44_col6.csv,1.8871912956237795
row_extra_quote44_col7.csv,1.7732841968536377
row_extra_quote44_col8.csv,-0.4288077354431152
row_extra_quote45_col0.csv,1.7380592823028564
row_extra_quote45_col1.csv,1.4331088066101074
row_extra_quote45_col2.csv,1.6744384765625
row_extra_quote45_col3.csv,1.4223623275756836
row_extra_quote45_col4.csv,1.4784088134765625
row_extra_quote45_col5.csv,1.649601936340332
row_extra_quote45_col6.csv,1.737663507461548
row_extra_quote45_col7.csv,1.5044472217559814
row_extra_quote45_col8.csv,1.977705478668213
row_extra_quote46_col0.csv,1.6247708797454834
row_extra_quote46_col1.csv,1.4928617477416992
row_extra_quote46_col2.csv,1.7197554111480713
row_extra_quote46_col3.csv,1.5569674968719482
row_extra_quote46_col4.csv,1.4914758205413818
row_extra_quote46_col5.csv,1.6552956104278564
row_extra_quote46_col6.csv,1.5762629508972168
row_extra_quote46_col7.csv,1.4513332843780518
row_extra_quote46_col8.csv,1.970720052719116
row_extra_quote47_col0.csv,1.4954102039337158
row_extra_quote47_col1.csv,1.5658297538757324
row_extra_quote47_col2.csv,1.6747205257415771
row_extra_quote47_col3.csv,2.336709499359131
row_extra_quote47_col4.csv,1.6625561714172363
row_extra_quote47_col5.csv,1.4796195030212402
row_extra_quote47_col6.csv,1.7122671604156494
row_extra_quote47_col7.csv,1.4556317329406738
row_extra_quote47_col8.csv,2.409186124801636
row_extra_quote48_col0.csv,1.6644248962402344
row_extra_quote48_col1.csv,1.4312291145324707
row_extra_quote48_col2.csv,-1.3404903411865234
row_extra_quote48_col3.csv,1.714801549911499
row_extra_quote48_col4.csv,1.6222352981567385
row_extra_quote48_col5.csv,1.809409618377685
row_extra_quote48_col6.csv,1.5704340934753418
row_extra_quote48_col7.csv,1.626321792602539
row_extra_quote48_col8.csv,2.0322155952453613
row_extra_quote49_col0.csv,1.4199552536010742
row_extra_quote49_col1.csv,1.5497498512268066
row_extra_quote49_col2.csv,1.481682300567627
row_extra_quote49_col3.csv,1.911449670791626
row_extra_quote49_col4.csv,1.7566232681274414
row_extra_quote49_col5.csv,-1.0513701438903809
row_extra_quote49_col6.csv,1.9031460285186768
row_extra_quote49_col7.csv,1.8060290813446045
row_extra_quote49_col8.csv,1.9682629108428955
row_extra_quote4_col0.csv,3.454780340194702
row_extra_quote4_col1.csv,2.7941155433654785
row_extra_quote4_col2.csv,0.164820909500122
row_extra_quote4_col3.csv,8.867578506469727
row_extra_quote4_col4.csv,2.9222097396850586
row_extra_quote4_col5.csv,2.914430618286133
row_extra_quote4_col6.csv,3.340609073638916
row_extra_quote4_col7.csv,3.4364469051361084
row_extra_quote4_col8.csv,3.553679943084717
row_extra_quote50_col0.csv,1.802389144897461
row_extra_quote50_col1.csv,1.661086082458496
row_extra_quote50_col2.csv,1.592682123184204
row_extra_quote50_col3.csv,1.697944402694702
row_extra_quote50_col4.csv,1.7004823684692385
row_extra_quote50_col5.csv,1.7314977645874023
row_extra_quote50_col6.csv,1.4711081981658936
row_extra_quote50_col7.csv,2.144338369369507
row_extra_quote50_col8.csv,2.8928897380828857
row_extra_quote51_col0.csv,1.5752625465393066
row_extra_quote51_col1.csv,1.4972658157348633
row_extra_quote51_col2.csv,1.7909212112426758
row_extra_quote51_col3.csv,1.7055222988128662
row_extra_quote51_col4.csv,-1.1508667469024658
row_extra_quote51_col5.csv,1.6822426319122314
row_extra_quote51_col6.csv,1.8201706409454343
row_extra_quote51_col7.csv,1.483955144882202
row_extra_quote51_col8.csv,2.414435863494873
row_extra_quote52_col0.csv,1.7436773777008057
row_extra_quote52_col1.csv,1.6965348720550537
row_extra_quote52_col2.csv,1.5808987617492676
row_extra_quote52_col3.csv,1.538686990737915
row_extra_quote52_col4.csv,1.8476979732513428
row_extra_quote52_col5.csv,2.3592312335968018
row_extra_quote52_col6.csv,-1.3548908233642578
row_extra_quote52_col7.csv,1.5706796646118164
row_extra_quote52_col8.csv,1.8876557350158687
row_extra_quote53_col0.csv,1.7506277561187744
row_extra_quote53_col1.csv,1.834680795669556
row_extra_quote53_col2.csv,1.714463710784912
row_extra_quote53_col3.csv,1.6530075073242188
row_extra_quote53_col4.csv,1.5684266090393066
row_extra_quote53_col5.csv,2.184375762939453
row_extra_quote53_col6.csv,1.7587449550628662
row_extra_quote53_col7.csv,0.1511740684509277
row_extra_quote53_col8.csv,2.037721633911133
row_extra_quote54_col0.csv,2.7830514907836914
row_extra_quote54_col1.csv,2.356703042984009
row_extra_quote54_col2.csv,1.8437750339508057
row_extra_quote54_col3.csv,1.7967162132263184
row_extra_quote54_col4.csv,2.222270965576172
row_extra_quote54_col5.csv,1.652798414230347
row_extra_quote54_col6.csv,1.578676700592041
row_extra_quote54_col7.csv,1.7716317176818848
row_extra_quote54_col8.csv,1.5328912734985352
row_extra_quote55_col0.csv,1.601738214492798
row_extra_quote55_col1.csv,3.8835599422454834
row_extra_quote55_col2.csv,1.4885785579681396
row_extra_quote55_col3.csv,-1.53304123878479
row_extra_quote55_col4.csv,1.5342144966125488
row_extra_quote55_col5.csv,1.824439525604248
row_extra_quote55_col6.csv,1.9151604175567627
row_extra_quote55_col7.csv,1.5030601024627686
row_extra_quote55_col8.csv,2.2026495933532715
row_extra_quote56_col0.csv,1.4193992614746094
row_extra_quote56_col1.csv,1.453419208526611
row_extra_quote56_col2.csv,1.5883939266204834
row_extra_quote56_col3.csv,1.416828155517578
row_extra_quote56_col4.csv,1.6514041423797607
row_extra_quote56_col5.csv,1.553172588348389
row_extra_quote56_col6.csv,1.6995761394500732
row_extra_quote56_col7.csv,1.4517970085144043
row_extra_quote56_col8.csv,2.200242519378662
row_extra_quote57_col0.csv,3.99009370803833
row_extra_quote57_col1.csv,1.4668810367584229
row_extra_quote57_col2.csv,0.1527614593505859
row_extra_quote57_col3.csv,1.85992693901062
row_extra_quote57_col4.csv,1.9032506942749023
row_extra_quote57_col5.csv,1.983154296875
row_extra_quote57_col6.csv,2.382706642150879
row_extra_quote57_col7.csv,1.944507360458374
row_extra_quote57_col8.csv,2.1451823711395264
row_extra_quote58_col0.csv,-1.3270878791809082
row_extra_quote58_col1.csv,1.7679519653320312
row_extra_quote58_col2.csv,1.5406126976013184
row_extra_quote58_col3.csv,1.700012445449829
row_extra_quote58_col4.csv,2.153164863586426
row_extra_quote58_col5.csv,1.7068347930908203
row_extra_quote58_col6.csv,2.0090668201446533
row_extra_quote58_col7.csv,1.4762964248657229
row_extra_quote58_col8.csv,2.0756313800811768
row_extra_quote59_col0.csv,1.534677505493164
row_extra_quote59_col1.csv,1.6531715393066406
row_extra_quote59_col2.csv,2.57588267326355
row_extra_quote59_col3.csv,1.7940328121185305
row_extra_quote59_col4.csv,2.0432004928588867
row_extra_quote59_col5.csv,3.064281225204468
row_extra_quote59_col6.csv,1.4877443313598633
row_extra_quote59_col7.csv,1.6788814067840576
row_extra_quote59_col8.csv,2.5527501106262207
row_extra_quote5_col0.csv,2.86035680770874
row_extra_quote5_col1.csv,3.071022748947144
row_extra_quote5_col2.csv,2.833128929138184
row_extra_quote5_col3.csv,3.5819013118743896
row_extra_quote5_col4.csv,2.821847438812256
row_extra_quote5_col5.csv,3.456980466842652
row_extra_quote5_col6.csv,2.8074517250061035
row_extra_quote5_col7.csv,3.2386562824249268
row_extra_quote5_col8.csv,2.852363109588623
row_extra_quote60_col0.csv,3.5506486892700195
row_extra_quote60_col1.csv,1.798786163330078
row_extra_quote60_col2.csv,1.609006404876709
row_extra_quote60_col3.csv,1.6300373077392578
row_extra_quote60_col4.csv,1.6228299140930176
row_extra_quote60_col5.csv,1.8974859714508057
row_extra_quote60_col6.csv,2.137295246124268
row_extra_quote60_col7.csv,1.6809899806976318
row_extra_quote60_col8.csv,1.962054252624512
row_extra_quote61_col0.csv,1.4816350936889648
row_extra_quote61_col1.csv,1.5407400131225586
row_extra_quote61_col2.csv,1.7608981132507324
row_extra_quote61_col3.csv,1.8419268131256104
row_extra_quote61_col4.csv,1.665052890777588
row_extra_quote61_col5.csv,2.236973285675049
row_extra_quote61_col6.csv,1.556305170059204
row_extra_quote61_col7.csv,1.6699345111846924
row_extra_quote61_col8.csv,-0.7791681289672852
row_extra_quote62_col0.csv,1.9700887203216555
row_extra_quote62_col1.csv,2.1538333892822266
row_extra_quote62_col2.csv,1.874523401260376
row_extra_quote62_col3.csv,1.7674200534820557
row_extra_quote62_col4.csv,5.099804639816284
row_extra_quote62_col5.csv,1.789917230606079
row_extra_quote62_col6.csv,1.516174554824829
row_extra_quote62_col7.csv,1.4746601581573486
row_extra_quote62_col8.csv,2.095354080200196
row_extra_quote63_col0.csv,1.6950607299804688
row_extra_quote63_col1.csv,1.5488660335540771
row_extra_quote63_col2.csv,1.7377989292144775
row_extra_quote63_col3.csv,1.6758153438568115
row_extra_quote63_col4.csv,2.354250431060791
row_extra_quote63_col5.csv,1.6853327751159668
row_extra_quote63_col6.csv,1.8319730758666992
row_extra_quote63_col7.csv,1.6178374290466309
row_extra_quote63_col8.csv,3.675603151321411
row_extra_quote64_col0.csv,1.5872550010681152
row_extra_quote64_col1.csv,1.7768440246582031
row_extra_quote64_col2.csv,1.6758627891540527
row_extra_quote64_col3.csv,1.7971470355987549
row_extra_quote64_col4.csv,-0.9850361347198486
row_extra_quote64_col5.csv,1.949647665023804
row_extra_quote64_col6.csv,1.7082297801971436
row_extra_quote64_col7.csv,1.8191680908203125
row_extra_quote64_col8.csv,-0.7942254543304443
row_extra_quote65_col0.csv,2.690027475357056
row_extra_quote65_col1.csv,1.4375977516174316
row_extra_quote65_col2.csv,1.5758001804351809
row_extra_quote65_col3.csv,-1.1803574562072754
row_extra_quote65_col4.csv,2.988689661026001
row_extra_quote65_col5.csv,2.2472481727600098
row_extra_quote65_col6.csv,1.5026729106903076
row_extra_quote65_col7.csv,-1.061882257461548
row_extra_quote65_col8.csv,2.352859735488892
row_extra_quote66_col0.csv,1.6219451427459717
row_extra_quote66_col1.csv,2.003664970397949
row_extra_quote66_col2.csv,1.8520925045013428
row_extra_quote66_col3.csv,1.7663369178771973
row_extra_quote66_col4.csv,2.621411085128784
row_extra_quote66_col5.csv,2.11487078666687
row_extra_quote66_col6.csv,1.7007524967193604
row_extra_quote66_col7.csv,3.112363815307617
row_extra_quote66_col8.csv,2.291642665863037
row_extra_quote67_col0.csv,1.7652652263641355
row_extra_quote67_col1.csv,6.0973875522613525
row_extra_quote67_col2.csv,1.5530848503112793
row_extra_quote67_col3.csv,6.027836799621582
row_extra_quote67_col4.csv,1.851062536239624
row_extra_quote67_col5.csv,1.475158452987671
row_extra_quote67_col6.csv,1.5370502471923828
row_extra_quote67_col7.csv,1.580695867538452
row_extra_quote67_col8.csv,2.425259828567505
row_extra_quote68_col0.csv,1.5281479358673096
row_extra_quote68_col1.csv,2.1932055950164795
row_extra_quote68_col2.csv,1.4536621570587158
row_extra_quote68_col3.csv,1.6068525314331057
row_extra_quote68_col4.csv,2.2430009841918945
row_extra_quote68_col5.csv,1.609440565109253
row_extra_quote68_col6.csv,2.45102858543396
row_extra_quote68_col7.csv,2.2819838523864746
row_extra_quote68_col8.csv,1.929211139678955
row_extra_quote69_col0.csv,2.353072166442871
row_extra_quote69_col1.csv,1.748448133468628
row_extra_quote69_col2.csv,1.72894024848938
row_extra_quote69_col3.csv,1.6696066856384275
row_extra_quote69_col4.csv,1.89481782913208
row_extra_quote69_col5.csv,1.783188819885254
row_extra_quote69_col6.csv,1.6484625339508057
row_extra_quote69_col7.csv,1.5445332527160645
row_extra_quote69_col8.csv,2.2719194889068604
row_extra_quote6_col0.csv,2.9707694053649902
row_extra_quote6_col1.csv,3.124176263809204
row_extra_quote6_col2.csv,3.340064764022827
row_extra_quote6_col3.csv,2.766443014144897
row_extra_quote6_col4.csv,2.973146915435791
row_extra_quote6_col5.csv,2.891806125640869
row_extra_quote6_col6.csv,-0.0869240760803222
row_extra_quote6_col7.csv,7.174561023712158
row_extra_quote6_col8.csv,0.7546722888946533
row_extra_quote70_col0.csv,1.6364657878875732
row_extra_quote70_col1.csv,1.663865566253662
row_extra_quote70_col2.csv,1.977309226989746
row_extra_quote70_col3.csv,1.3971848487854004
row_extra_quote70_col4.csv,-1.4038705825805664
row_extra_quote70_col5.csv,1.670643329620361
row_extra_quote70_col6.csv,1.810008525848389
row_extra_quote70_col7.csv,3.778770685195923
row_extra_quote70_col8.csv,2.2035181522369385
row_extra_quote71_col0.csv,1.3955926895141602
row_extra_quote71_col1.csv,1.9315268993377688
row_extra_quote71_col2.csv,1.5710320472717283
row_extra_quote71_col3.csv,1.5821747779846191
row_extra_quote71_col4.csv,1.629974365234375
row_extra_quote71_col5.csv,1.6595845222473145
row_extra_quote71_col6.csv,1.5565297603607178
row_extra_quote71_col7.csv,1.462648868560791
row_extra_quote71_col8.csv,2.642228364944458
row_extra_quote72_col0.csv,1.3741786479949951
row_extra_quote72_col1.csv,1.9078302383422847
row_extra_quote72_col2.csv,1.589738845825195
row_extra_quote72_col3.csv,1.4919464588165283
row_extra_quote72_col4.csv,1.734426975250244
row_extra_quote72_col5.csv,1.6370830535888672
row_extra_quote72_col6.csv,16.019583225250244
row_extra_quote72_col7.csv,1.5048785209655762
row_extra_quote72_col8.csv,2.3203585147857666
row_extra_quote73_col0.csv,1.5283763408660889
row_extra_quote73_col1.csv,-1.0127623081207275
row_extra_quote73_col2.csv,1.357879638671875
row_extra_quote73_col3.csv,-1.409050226211548
row_extra_quote73_col4.csv,2.042567253112793
row_extra_quote73_col5.csv,1.6657121181488037
row_extra_quote73_col6.csv,1.6670751571655271
row_extra_quote73_col7.csv,2.5231003761291504
row_extra_quote73_col8.csv,2.545832395553589
row_extra_quote74_col0.csv,1.6275761127471924
row_extra_quote74_col1.csv,1.406430721282959
row_extra_quote74_col2.csv,1.4621126651763916
row_extra_quote74_col3.csv,0.1553342342376709
row_extra_quote74_col4.csv,1.9334478378295896
row_extra_quote74_col5.csv,1.9783029556274407
row_extra_quote74_col6.csv,1.5856666564941406
row_extra_quote74_col7.csv,1.7853755950927734
row_extra_quote74_col8.csv,2.2082622051239014
row_extra_quote75_col0.csv,1.8297889232635496
row_extra_quote75_col1.csv,1.5838415622711182
row_extra_quote75_col2.csv,1.7343964576721191
row_extra_quote75_col3.csv,1.639664888381958
row_extra_quote75_col4.csv,3.784048795700073
row_extra_quote75_col5.csv,1.6640102863311768
row_extra_quote75_col6.csv,2.0589041709899902
row_extra_quote75_col7.csv,1.848989725112915
row_extra_quote75_col8.csv,1.8824949264526367
row_extra_quote76_col0.csv,1.829913854598999
row_extra_quote76_col1.csv,1.392148494720459
row_extra_quote76_col2.csv,1.844872236251831
row_extra_quote76_col3.csv,1.8446478843688965
row_extra_quote76_col4.csv,1.6413865089416504
row_extra_quote76_col5.csv,1.7500059604644775
row_extra_quote76_col6.csv,1.6339569091796875
row_extra_quote76_col7.csv,1.4294655323028564
row_extra_quote76_col8.csv,-0.1788947582244873
row_extra_quote77_col0.csv,1.5660269260406494
row_extra_quote77_col1.csv,2.092982769012451
row_extra_quote77_col2.csv,2.4736385345458984
row_extra_quote77_col3.csv,1.7191722393035889
row_extra_quote77_col4.csv,1.9394004344940183
row_extra_quote77_col5.csv,2.071594476699829
row_extra_quote77_col6.csv,1.6860065460205078
row_extra_quote77_col7.csv,1.5466508865356443
row_extra_quote77_col8.csv,3.357308149337769
row_extra_quote78_col0.csv,1.445758819580078
row_extra_quote78_col1.csv,1.4989330768585205
row_extra_quote78_col2.csv,1.4973936080932615
row_extra_quote78_col3.csv,1.6018929481506348
row_extra_quote78_col4.csv,1.5035247802734375
row_extra_quote78_col5.csv,1.5000813007354736
row_extra_quote78_col6.csv,1.6131870746612549
row_extra_quote78_col7.csv,1.4201622009277344
row_extra_quote78_col8.csv,2.449556827545166
row_extra_quote79_col0.csv,1.5484600067138672
row_extra_quote79_col1.csv,1.7157869338989258
row_extra_quote79_col2.csv,1.6078698635101318
row_extra_quote79_col3.csv,1.4844887256622314
row_extra_quote79_col4.csv,1.442317008972168
row_extra_quote79_col5.csv,-1.4675369262695312
row_extra_quote79_col6.csv,1.4592840671539309
row_extra_quote79_col7.csv,1.6936168670654297
row_extra_quote79_col8.csv,1.9603142738342283
row_extra_quote7_col0.csv,3.6792845726013184
row_extra_quote7_col1.csv,2.824942350387573
row_extra_quote7_col2.csv,3.154730319976806
row_extra_quote7_col3.csv,3.2541072368621826
row_extra_quote7_col4.csv,0.375457763671875
row_extra_quote7_col5.csv,2.9304018020629883
row_extra_quote7_col6.csv,2.8196420669555664
row_extra_quote7_col7.csv,2.141916275024414
row_extra_quote7_col8.csv,3.051067352294922
row_extra_quote80_col0.csv,1.4306178092956543
row_extra_quote80_col1.csv,0.3917367458343506
row_extra_quote80_col2.csv,-1.3309376239776611
row_extra_quote80_col3.csv,1.983601331710816
row_extra_quote80_col4.csv,1.858112096786499
row_extra_quote80_col5.csv,1.634279489517212
row_extra_quote80_col6.csv,1.581465482711792
row_extra_quote80_col7.csv,1.7847135066986084
row_extra_quote80_col8.csv,1.7950105667114258
row_extra_quote81_col0.csv,2.4274322986602783
row_extra_quote81_col1.csv,-1.4867722988128662
row_extra_quote81_col2.csv,1.6761577129364014
row_extra_quote81_col3.csv,1.5132734775543213
row_extra_quote81_col4.csv,1.7446937561035156
row_extra_quote81_col5.csv,1.470200538635254
row_extra_quote81_col6.csv,16.277268886566162
row_extra_quote81_col7.csv,1.5749914646148682
row_extra_quote81_col8.csv,1.9254364967346191
row_extra_quote82_col0.csv,1.8425030708312988
row_extra_quote82_col1.csv,1.913286209106445
row_extra_quote82_col2.csv,1.603872776031494
row_extra_quote82_col3.csv,1.5416138172149658
row_extra_quote82_col4.csv,1.5702154636383057
row_extra_quote82_col5.csv,1.6869745254516602
row_extra_quote82_col6.csv,1.5951786041259766
row_extra_quote82_col7.csv,1.6781675815582275
row_extra_quote82_col8.csv,2.0041329860687256
row_extra_quote83_col0.csv,1.6932411193847656
row_extra_quote83_col1.csv,2.0171923637390137
row_extra_quote83_col2.csv,1.5269920825958252
row_extra_quote83_col3.csv,1.591499090194702
row_extra_quote83_col4.csv,1.7427842617034912
row_extra_quote83_col5.csv,1.793436050415039
row_extra_quote83_col6.csv,1.802673578262329
row_extra_quote83_col7.csv,2.088489294052124
row_extra_quote83_col8.csv,0.0976841449737548
row_extra_quote8_col0.csv,2.5095551013946533
row_extra_quote8_col1.csv,2.7682549953460693
row_extra_quote8_col2.csv,2.602855682373047
row_extra_quote8_col3.csv,2.938466787338257
row_extra_quote8_col4.csv,4.400404930114746
row_extra_quote8_col5.csv,3.060391902923584
row_extra_quote8_col6.csv,3.10894513130188
row_extra_quote8_col7.csv,3.162001371383667
row_extra_quote8_col8.csv,3.059305429458618
row_extra_quote9_col0.csv,5.394541501998901
row_extra_quote9_col1.csv,3.2250990867614746
row_extra_quote9_col2.csv,2.948110342025757
row_extra_quote9_col3.csv,3.005117893218994
row_extra_quote9_col4.csv,2.793447256088257
row_extra_quote9_col5.csv,3.145148038864136
row_extra_quote9_col6.csv,4.011796236038208
row_extra_quote9_col7.csv,2.966566324234009
row_extra_quote9_col8.csv,4.738926410675049
row_field_delimiter_0_0x20.csv,37.4649863243103
row_field_delimiter_10_0x20.csv,4.055431842803955
row_field_delimiter_11_0x20.csv,1.4553580284118652
row_field_delimiter_12_0x20.csv,1.497720718383789
row_field_delimiter_13_0x20.csv,1.422044277191162
row_field_delimiter_14_0x20.csv,1.4119048118591309
row_field_delimiter_15_0x20.csv,1.6116583347320557
row_field_delimiter_16_0x20.csv,1.688204288482666
row_field_delimiter_17_0x20.csv,1.4733846187591553
row_field_delimiter_18_0x20.csv,1.8504409790039065
row_field_delimiter_19_0x20.csv,1.6171815395355225
row_field_delimiter_1_0x20.csv,5.118372440338135
row_field_delimiter_20_0x20.csv,1.4293739795684814
row_field_delimiter_21_0x20.csv,1.646206617355347
row_field_delimiter_22_0x20.csv,1.435037612915039
row_field_delimiter_23_0x20.csv,1.766587734222412
row_field_delimiter_24_0x20.csv,1.5730457305908203
row_field_delimiter_25_0x20.csv,1.723181962966919
row_field_delimiter_26_0x20.csv,1.671510934829712
row_field_delimiter_27_0x20.csv,1.8186156749725344
row_field_delimiter_28_0x20.csv,1.691596746444702
row_field_delimiter_29_0x20.csv,2.10312557220459
row_field_delimiter_2_0x20.csv,3.618940591812134
row_field_delimiter_30_0x20.csv,1.4183173179626465
row_field_delimiter_31_0x20.csv,1.578779935836792
row_field_delimiter_32_0x20.csv,1.6668171882629397
row_field_delimiter_33_0x20.csv,0.6417520046234131
row_field_delimiter_34_0x20.csv,1.7255642414093018
row_field_delimiter_35_0x20.csv,2.847447633743286
row_field_delimiter_36_0x20.csv,1.4887259006500244
row_field_delimiter_37_0x20.csv,1.5689563751220703
row_field_delimiter_38_0x20.csv,1.9334354400634768
row_field_delimiter_39_0x20.csv,2.15552306175232
row_field_delimiter_3_0x20.csv,3.736222982406616
row_field_delimiter_40_0x20.csv,1.9306330680847168
row_field_delimiter_41_0x20.csv,1.6829445362091064
row_field_delimiter_42_0x20.csv,1.7039005756378174
row_field_delimiter_43_0x20.csv,1.664264440536499
row_field_delimiter_44_0x20.csv,-1.0500857830047607
row_field_delimiter_45_0x20.csv,1.4890074729919434
row_field_delimiter_46_0x20.csv,1.562990665435791
row_field_delimiter_47_0x20.csv,-1.308635950088501
row_field_delimiter_48_0x20.csv,2.085768461227417
row_field_delimiter_49_0x20.csv,1.5201129913330078
row_field_delimiter_4_0x20.csv,5.48194432258606
row_field_delimiter_50_0x20.csv,1.731842279434204
row_field_delimiter_51_0x20.csv,1.6371889114379885
row_field_delimiter_52_0x20.csv,2.036618232727051
row_field_delimiter_53_0x20.csv,1.4718122482299805
row_field_delimiter_54_0x20.csv,1.765117645263672
row_field_delimiter_55_0x20.csv,1.5637047290802002
row_field_delimiter_56_0x20.csv,1.6589255332946775
row_field_delimiter_57_0x20.csv,1.5090551376342771
row_field_delimiter_58_0x20.csv,3.862813234329224
row_field_delimiter_59_0x20.csv,2.5373690128326416
row_field_delimiter_5_0x20.csv,2.9058496952056885
row_field_delimiter_60_0x20.csv,1.6912047863006592
row_field_delimiter_61_0x20.csv,1.7932617664337158
row_field_delimiter_62_0x20.csv,1.4502274990081787
row_field_delimiter_63_0x20.csv,1.8426156044006348
row_field_delimiter_64_0x20.csv,-1.2944388389587402
row_field_delimiter_65_0x20.csv,1.5228965282440186
row_field_delimiter_66_0x20.csv,1.892321348190308
row_field_delimiter_67_0x20.csv,1.5734989643096924
row_field_delimiter_68_0x20.csv,1.5061545372009275
row_field_delimiter_69_0x20.csv,2.027583360671997
row_field_delimiter_6_0x20.csv,3.0037357807159424
row_field_delimiter_70_0x20.csv,1.5889217853546145
row_field_delimiter_71_0x20.csv,1.7141194343566897
row_field_delimiter_72_0x20.csv,1.4498112201690674
row_field_delimiter_73_0x20.csv,2.3561716079711914
row_field_delimiter_74_0x20.csv,2.2745418548583984
row_field_delimiter_75_0x20.csv,1.621281623840332
row_field_delimiter_76_0x20.csv,1.367969274520874
row_field_delimiter_77_0x20.csv,1.7834060192108154
row_field_delimiter_78_0x20.csv,1.406902551651001
row_field_delimiter_79_0x20.csv,1.6408050060272217
row_field_delimiter_7_0x20.csv,-0.304722785949707
row_field_delimiter_80_0x20.csv,1.4296150207519531
row_field_delimiter_81_0x20.csv,1.896300792694092
row_field_delimiter_82_0x20.csv,1.8909502029418943
row_field_delimiter_83_0x20.csv,1.4784185886383057
row_field_delimiter_8_0x20.csv,0.64255690574646
row_field_delimiter_9_0x20.csv,3.321425199508667
row_less_sep_row0_col1.csv,32.88277888298035
row_less_sep_row0_col2.csv,35.04902935028076
row_less_sep_row0_col3.csv,30.16367793083191
row_less_sep_row0_col4.csv,33.281670808792114
row_less_sep_row0_col5.csv,37.06195139884949
row_less_sep_row0_col6.csv,36.295599937438965
row_less_sep_row0_col7.csv,32.31251096725464
row_less_sep_row0_col8.csv,35.09775686264038
row_less_sep_row10_col1.csv,1.4849998950958252
row_less_sep_row10_col2.csv,2.099022150039673
row_less_sep_row10_col3.csv,1.721752405166626
row_less_sep_row10_col4.csv,1.4374854564666748
row_less_sep_row10_col5.csv,0.0982048511505127
row_less_sep_row10_col6.csv,1.8889265060424805
row_less_sep_row10_col7.csv,1.4858627319335938
row_less_sep_row10_col8.csv,1.5598671436309814
row_less_sep_row11_col1.csv,1.6821067333221436
row_less_sep_row11_col2.csv,1.5464472770690918
row_less_sep_row11_col3.csv,2.164580106735229
row_less_sep_row11_col4.csv,1.8885471820831297
row_less_sep_row11_col5.csv,1.828195095062256
row_less_sep_row11_col6.csv,1.852930784225464
row_less_sep_row11_col7.csv,1.4615235328674316
row_less_sep_row11_col8.csv,1.4931886196136477
row_less_sep_row12_col1.csv,2.324163913726806
row_less_sep_row12_col2.csv,1.5849840641021729
row_less_sep_row12_col3.csv,1.4178390502929688
row_less_sep_row12_col4.csv,-1.491612195968628
row_less_sep_row12_col5.csv,1.4373915195465088
row_less_sep_row12_col6.csv,0.0989148616790771
row_less_sep_row12_col7.csv,1.5218439102172852
row_less_sep_row12_col8.csv,1.620307207107544
row_less_sep_row13_col1.csv,0.5819883346557617
row_less_sep_row13_col2.csv,1.3234169483184814
row_less_sep_row13_col3.csv,-1.2130022048950195
row_less_sep_row13_col4.csv,1.517120122909546
row_less_sep_row13_col5.csv,1.868774175643921
row_less_sep_row13_col6.csv,0.1007289886474609
row_less_sep_row13_col7.csv,1.9093992710113523
row_less_sep_row13_col8.csv,1.6023080348968506
row_less_sep_row14_col1.csv,1.274897813796997
row_less_sep_row14_col2.csv,1.6678791046142578
row_less_sep_row14_col3.csv,1.532888412475586
row_less_sep_row14_col4.csv,1.5455999374389648
row_less_sep_row14_col5.csv,1.6665749549865725
row_less_sep_row14_col6.csv,0.0989367961883544
row_less_sep_row14_col7.csv,1.6910219192504885
row_less_sep_row14_col8.csv,1.487985372543335
row_less_sep_row15_col1.csv,1.5654408931732178
row_less_sep_row15_col2.csv,1.6853175163269043
row_less_sep_row15_col3.csv,1.5453360080718994
row_less_sep_row15_col4.csv,-0.9631614685058594
row_less_sep_row15_col5.csv,1.6355390548706057
row_less_sep_row15_col6.csv,1.5418829917907717
row_less_sep_row15_col7.csv,1.5879931449890137
row_less_sep_row15_col8.csv,1.6236224174499512
row_less_sep_row16_col1.csv,1.643012523651123
row_less_sep_row16_col2.csv,1.7314403057098389
row_less_sep_row16_col3.csv,2.064382076263428
row_less_sep_row16_col4.csv,1.585097074508667
row_less_sep_row16_col5.csv,0.0949542522430419
row_less_sep_row16_col6.csv,1.39984130859375
row_less_sep_row16_col7.csv,1.8362069129943848
row_less_sep_row16_col8.csv,1.5956370830535889
row_less_sep_row17_col1.csv,1.5139453411102295
row_less_sep_row17_col2.csv,1.3472068309783936
row_less_sep_row17_col3.csv,4.460301399230957
row_less_sep_row17_col4.csv,2.5629091262817383
row_less_sep_row17_col5.csv,1.444612741470337
row_less_sep_row17_col6.csv,0.0974509716033935
row_less_sep_row17_col7.csv,1.5593912601470947
row_less_sep_row17_col8.csv,1.8455827236175537
row_less_sep_row18_col1.csv,1.640960931777954
row_less_sep_row18_col2.csv,1.7385928630828855
row_less_sep_row18_col3.csv,1.4626142978668213
row_less_sep_row18_col4.csv,1.5746278762817385
row_less_sep_row18_col5.csv,0.1013681888580322
row_less_sep_row18_col6.csv,1.947656393051148
row_less_sep_row18_col7.csv,4.578916549682617
row_less_sep_row18_col8.csv,1.5275025367736816
row_less_sep_row19_col1.csv,2.162311792373657
row_less_sep_row19_col2.csv,2.064955472946167
row_less_sep_row19_col3.csv,2.5842034816741943
row_less_sep_row19_col4.csv,7.78073263168335
row_less_sep_row19_col5.csv,0.0978374481201171
row_less_sep_row19_col6.csv,3.51544451713562
row_less_sep_row19_col7.csv,-1.1873807907104492
row_less_sep_row19_col8.csv,1.5354971885681152
row_less_sep_row1_col1.csv,3.915232658386232
row_less_sep_row1_col2.csv,3.003281831741333
row_less_sep_row1_col3.csv,3.016721725463867
row_less_sep_row1_col4.csv,2.629693031311035
row_less_sep_row1_col5.csv,3.535162210464477
row_less_sep_row1_col6.csv,2.666369676589966
row_less_sep_row1_col7.csv,2.979409694671631
row_less_sep_row1_col8.csv,2.744802713394165
row_less_sep_row20_col1.csv,1.9375224113464355
row_less_sep_row20_col2.csv,1.645209789276123
row_less_sep_row20_col3.csv,1.7064104080200195
row_less_sep_row20_col4.csv,1.6852078437805176
row_less_sep_row20_col5.csv,0.097949743270874
row_less_sep_row20_col6.csv,1.8111145496368408
row_less_sep_row20_col7.csv,1.6445415019989014
row_less_sep_row20_col8.csv,1.7245197296142578
row_less_sep_row21_col1.csv,1.633650302886963
row_less_sep_row21_col2.csv,1.5894381999969482
row_less_sep_row21_col3.csv,1.3999309539794922
row_less_sep_row21_col4.csv,0.1694991588592529
row_less_sep_row21_col5.csv,0.0956354141235351
row_less_sep_row21_col6.csv,2.1806633472442627
row_less_sep_row21_col7.csv,1.4232771396636963
row_less_sep_row21_col8.csv,1.6446878910064695
row_less_sep_row22_col1.csv,2.0062875747680664
row_less_sep_row22_col2.csv,1.684579372406006
row_less_sep_row22_col3.csv,1.6447904109954834
row_less_sep_row22_col4.csv,1.6685419082641602
row_less_sep_row22_col5.csv,0.0948262214660644
row_less_sep_row22_col6.csv,1.660383939743042
row_less_sep_row22_col7.csv,1.844590663909912
row_less_sep_row22_col8.csv,1.5731894969940186
row_less_sep_row23_col1.csv,1.768908977508545
row_less_sep_row23_col2.csv,1.7564146518707275
row_less_sep_row23_col3.csv,2.1016736030578613
row_less_sep_row23_col4.csv,1.533292531967163
row_less_sep_row23_col5.csv,1.6037654876708984
row_less_sep_row23_col6.csv,1.33113431930542
row_less_sep_row23_col7.csv,1.4814741611480713
row_less_sep_row23_col8.csv,1.9841878414154053
row_less_sep_row24_col1.csv,1.5112175941467283
row_less_sep_row24_col2.csv,1.575289011001587
row_less_sep_row24_col3.csv,-1.467247486114502
row_less_sep_row24_col4.csv,1.4611897468566897
row_less_sep_row24_col5.csv,1.6798501014709473
row_less_sep_row24_col6.csv,1.7655222415924072
row_less_sep_row24_col7.csv,1.5204932689666748
row_less_sep_row24_col8.csv,1.6029746532440186
row_less_sep_row25_col1.csv,1.678135871887207
row_less_sep_row25_col2.csv,1.9312868118286133
row_less_sep_row25_col3.csv,1.5449728965759275
row_less_sep_row25_col4.csv,1.4963362216949463
row_less_sep_row25_col5.csv,1.42453932762146
row_less_sep_row25_col6.csv,1.5476839542388916
row_less_sep_row25_col7.csv,1.6056525707244873
row_less_sep_row25_col8.csv,2.4189276695251465
row_less_sep_row26_col1.csv,1.656363010406494
row_less_sep_row26_col2.csv,1.4504971504211426
row_less_sep_row26_col3.csv,1.4298357963562012
row_less_sep_row26_col4.csv,1.498152494430542
row_less_sep_row26_col5.csv,1.679714918136597
row_less_sep_row26_col6.csv,0.0991353988647461
row_less_sep_row26_col7.csv,1.5030887126922607
row_less_sep_row26_col8.csv,1.6320042610168457
row_less_sep_row27_col1.csv,2.38171911239624
row_less_sep_row27_col2.csv,2.0816683769226074
row_less_sep_row27_col3.csv,2.501049041748047
row_less_sep_row27_col4.csv,1.738392353057861
row_less_sep_row27_col5.csv,1.7721350193023682
row_less_sep_row27_col6.csv,1.6238646507263184
row_less_sep_row27_col7.csv,2.311784505844116
row_less_sep_row27_col8.csv,2.6123692989349365
row_less_sep_row28_col1.csv,1.8349041938781736
row_less_sep_row28_col2.csv,-1.2904481887817385
row_less_sep_row28_col3.csv,1.476691961288452
row_less_sep_row28_col4.csv,1.5964853763580322
row_less_sep_row28_col5.csv,0.0968365669250488
row_less_sep_row28_col6.csv,1.874844312667847
row_less_sep_row28_col7.csv,1.446758270263672
row_less_sep_row28_col8.csv,1.5607714653015137
row_less_sep_row29_col1.csv,1.6765949726104736
row_less_sep_row29_col2.csv,1.8001561164855957
row_less_sep_row29_col3.csv,1.483633041381836
row_less_sep_row29_col4.csv,1.6292173862457275
row_less_sep_row29_col5.csv,1.9296774864196773
row_less_sep_row29_col6.csv,1.8944108486175537
row_less_sep_row29_col7.csv,1.5930454730987549
row_less_sep_row29_col8.csv,1.5785374641418457
row_less_sep_row2_col1.csv,4.185084342956543
row_less_sep_row2_col2.csv,0.1484756469726562
row_less_sep_row2_col3.csv,-0.014916181564331
row_less_sep_row2_col4.csv,3.588955879211426
row_less_sep_row2_col5.csv,3.215714693069458
row_less_sep_row2_col6.csv,3.010777950286865
row_less_sep_row2_col7.csv,0.1496477127075195
row_less_sep_row2_col8.csv,3.699200391769409
row_less_sep_row30_col1.csv,1.5701165199279783
row_less_sep_row30_col2.csv,1.770111322402954
row_less_sep_row30_col3.csv,1.4849212169647217
row_less_sep_row30_col4.csv,1.6975009441375732
row_less_sep_row30_col5.csv,0.1025006771087646
row_less_sep_row30_col6.csv,1.535271167755127
row_less_sep_row30_col7.csv,1.407982587814331
row_less_sep_row30_col8.csv,-1.369537353515625
row_less_sep_row31_col1.csv,1.858213901519776
row_less_sep_row31_col2.csv,1.908520221710205
row_less_sep_row31_col3.csv,9.718106746673584
row_less_sep_row31_col4.csv,1.380136251449585
row_less_sep_row31_col5.csv,1.8708674907684328
row_less_sep_row31_col6.csv,1.5115954875946045
row_less_sep_row31_col7.csv,1.52634859085083
row_less_sep_row31_col8.csv,1.4448821544647217
row_less_sep_row32_col1.csv,1.4525105953216553
row_less_sep_row32_col2.csv,1.452836990356445
row_less_sep_row32_col3.csv,1.7944815158843994
row_less_sep_row32_col4.csv,1.4185218811035156
row_less_sep_row32_col5.csv,0.0993242263793945
row_less_sep_row32_col6.csv,-1.574635028839111
row_less_sep_row32_col7.csv,1.5114762783050537
row_less_sep_row32_col8.csv,1.753458023071289
row_less_sep_row33_col1.csv,2.6897952556610107
row_less_sep_row33_col2.csv,1.7168235778808594
row_less_sep_row33_col3.csv,1.764827013015747
row_less_sep_row33_col4.csv,3.5211360454559326
row_less_sep_row33_col5.csv,0.0982742309570312
row_less_sep_row33_col6.csv,1.7896876335144043
row_less_sep_row33_col7.csv,1.4788432121276855
row_less_sep_row33_col8.csv,1.7002582550048828
row_less_sep_row34_col1.csv,2.0193474292755127
row_less_sep_row34_col2.csv,1.5851881504058838
row_less_sep_row34_col3.csv,-1.2322454452514648
row_less_sep_row34_col4.csv,1.5711822509765625
row_less_sep_row34_col5.csv,1.5627732276916504
row_less_sep_row34_col6.csv,0.1475365161895752
row_less_sep_row34_col7.csv,1.4986817836761477
row_less_sep_row34_col8.csv,1.6161465644836426
row_less_sep_row35_col1.csv,1.6710877418518066
row_less_sep_row35_col2.csv,5.9140448570251465
row_less_sep_row35_col3.csv,1.5439453125
row_less_sep_row35_col4.csv,1.672931671142578
row_less_sep_row35_col5.csv,1.4132559299468994
row_less_sep_row35_col6.csv,1.6148569583892822
row_less_sep_row35_col7.csv,1.7754323482513428
row_less_sep_row35_col8.csv,1.558234453201294
row_less_sep_row36_col1.csv,1.5094306468963623
row_less_sep_row36_col2.csv,1.6186518669128418
row_less_sep_row36_col3.csv,2.608203887939453
row_less_sep_row36_col4.csv,2.8328099250793457
row_less_sep_row36_col5.csv,1.8338303565979004
row_less_sep_row36_col6.csv,1.7070927619934082
row_less_sep_row36_col7.csv,2.1234676837921143
row_less_sep_row36_col8.csv,1.5441956520080566
row_less_sep_row37_col1.csv,2.251781463623047
row_less_sep_row37_col2.csv,-0.2635185718536377
row_less_sep_row37_col3.csv,1.5777089595794678
row_less_sep_row37_col4.csv,1.9660227298736568
row_less_sep_row37_col5.csv,0.0979950428009033
row_less_sep_row37_col6.csv,1.636502742767334
row_less_sep_row37_col7.csv,2.58373761177063
row_less_sep_row37_col8.csv,1.4769864082336426
row_less_sep_row38_col1.csv,1.6066269874572754
row_less_sep_row38_col2.csv,1.89347505569458
row_less_sep_row38_col3.csv,1.5657672882080078
row_less_sep_row38_col4.csv,1.991375207901001
row_less_sep_row38_col5.csv,0.0967178344726562
row_less_sep_row38_col6.csv,1.4818322658538818
row_less_sep_row38_col7.csv,1.6393024921417236
row_less_sep_row38_col8.csv,1.575188398361206
row_less_sep_row39_col1.csv,4.105053186416626
row_less_sep_row39_col2.csv,2.200131416320801
row_less_sep_row39_col3.csv,2.245441198348999
row_less_sep_row39_col4.csv,1.7463099956512451
row_less_sep_row39_col5.csv,0.0945734977722168
row_less_sep_row39_col6.csv,1.665215015411377
row_less_sep_row39_col7.csv,1.7170305252075195
row_less_sep_row39_col8.csv,1.6750366687774658
row_less_sep_row3_col1.csv,2.817169189453125
row_less_sep_row3_col2.csv,3.140655517578125
row_less_sep_row3_col3.csv,2.938359260559082
row_less_sep_row3_col4.csv,3.2695634365081787
row_less_sep_row3_col5.csv,3.296136379241944
row_less_sep_row3_col6.csv,1.602534532546997
row_less_sep_row3_col7.csv,6.314578294754028
row_less_sep_row3_col8.csv,0.710343599319458
row_less_sep_row40_col1.csv,1.5805282592773438
row_less_sep_row40_col2.csv,4.0543212890625
row_less_sep_row40_col3.csv,1.426889181137085
row_less_sep_row40_col4.csv,1.7322371006011963
row_less_sep_row40_col5.csv,0.0989580154418945
row_less_sep_row40_col6.csv,1.860321044921875
row_less_sep_row40_col7.csv,1.5825448036193848
row_less_sep_row40_col8.csv,1.975832223892212
row_less_sep_row41_col1.csv,1.7573235034942627
row_less_sep_row41_col2.csv,1.6977880001068115
row_less_sep_row41_col3.csv,1.4397504329681396
row_less_sep_row41_col4.csv,-0.6314916610717773
row_less_sep_row41_col5.csv,1.5840883255004885
row_less_sep_row41_col6.csv,-0.6968209743499756
row_less_sep_row41_col7.csv,1.595698595046997
row_less_sep_row41_col8.csv,1.3895740509033203
row_less_sep_row42_col1.csv,1.824402093887329
row_less_sep_row42_col2.csv,1.7150719165802002
row_less_sep_row42_col3.csv,1.9703495502471924
row_less_sep_row42_col4.csv,1.605635404586792
row_less_sep_row42_col5.csv,1.606330156326294
row_less_sep_row42_col6.csv,1.459486961364746
row_less_sep_row42_col7.csv,1.9068107604980469
row_less_sep_row42_col8.csv,1.695143222808838
row_less_sep_row43_col1.csv,1.4647517204284668
row_less_sep_row43_col2.csv,1.6726577281951904
row_less_sep_row43_col3.csv,1.7756690979003906
row_less_sep_row43_col4.csv,1.875531911849976
row_less_sep_row43_col5.csv,1.5329904556274414
row_less_sep_row43_col6.csv,2.0549979209899902
row_less_sep_row43_col7.csv,1.5359652042388916
row_less_sep_row43_col8.csv,1.6338820457458496
row_less_sep_row44_col1.csv,1.5223231315612793
row_less_sep_row44_col2.csv,1.7773854732513428
row_less_sep_row44_col3.csv,1.8643085956573489
row_less_sep_row44_col4.csv,1.8945658206939693
row_less_sep_row44_col5.csv,1.9463088512420648
row_less_sep_row44_col6.csv,3.470607280731201
row_less_sep_row44_col7.csv,1.5562982559204102
row_less_sep_row44_col8.csv,1.648935317993164
row_less_sep_row45_col1.csv,1.597691297531128
row_less_sep_row45_col2.csv,1.584115743637085
row_less_sep_row45_col3.csv,1.4825925827026367
row_less_sep_row45_col4.csv,1.5660088062286377
row_less_sep_row45_col5.csv,0.1009654998779296
row_less_sep_row45_col6.csv,1.6000981330871582
row_less_sep_row45_col7.csv,-0.5644962787628174
row_less_sep_row45_col8.csv,1.47173810005188
row_less_sep_row46_col1.csv,1.518380641937256
row_less_sep_row46_col2.csv,1.627162218093872
row_less_sep_row46_col3.csv,-1.3227109909057615
row_less_sep_row46_col4.csv,1.6614911556243896
row_less_sep_row46_col5.csv,1.3886990547180176
row_less_sep_row46_col6.csv,0.1021502017974853
row_less_sep_row46_col7.csv,2.0062758922576904
row_less_sep_row46_col8.csv,1.528862237930298
row_less_sep_row47_col1.csv,1.466080665588379
row_less_sep_row47_col2.csv,0.1510233879089355
row_less_sep_row47_col3.csv,1.45668363571167
row_less_sep_row47_col4.csv,1.428286075592041
row_less_sep_row47_col5.csv,1.4900550842285156
row_less_sep_row47_col6.csv,0.0981931686401367
row_less_sep_row47_col7.csv,1.6836652755737305
row_less_sep_row47_col8.csv,1.5764169692993164
row_less_sep_row48_col1.csv,1.576911211013794
row_less_sep_row48_col2.csv,1.5722899436950684
row_less_sep_row48_col3.csv,1.6973047256469729
row_less_sep_row48_col4.csv,3.822357892990112
row_less_sep_row48_col5.csv,1.5779073238372805
row_less_sep_row48_col6.csv,2.234649181365967
row_less_sep_row48_col7.csv,1.7105798721313477
row_less_sep_row48_col8.csv,1.58087158203125
row_less_sep_row49_col1.csv,1.353077411651611
row_less_sep_row49_col2.csv,1.5566043853759766
row_less_sep_row49_col3.csv,1.6389033794403076
row_less_sep_row49_col4.csv,-1.399492263793945
row_less_sep_row49_col5.csv,0.0972130298614502
row_less_sep_row49_col6.csv,1.5059125423431396
row_less_sep_row49_col7.csv,1.5813612937927246
row_less_sep_row49_col8.csv,2.729658603668213
row_less_sep_row4_col1.csv,2.953966856002808
row_less_sep_row4_col2.csv,2.6955933570861816
row_less_sep_row4_col3.csv,3.035117626190185
row_less_sep_row4_col4.csv,2.941732883453369
row_less_sep_row4_col5.csv,3.6457724571228014
row_less_sep_row4_col6.csv,2.943877458572388
row_less_sep_row4_col7.csv,3.4843785762786865
row_less_sep_row4_col8.csv,2.6881864070892334
row_less_sep_row50_col1.csv,1.9445295333862305
row_less_sep_row50_col2.csv,2.449901580810547
row_less_sep_row50_col3.csv,1.6069629192352295
row_less_sep_row50_col4.csv,1.847128629684448
row_less_sep_row50_col5.csv,1.497910737991333
row_less_sep_row50_col6.csv,0.095566987991333
row_less_sep_row50_col7.csv,1.551649808883667
row_less_sep_row50_col8.csv,1.53124737739563
row_less_sep_row51_col1.csv,1.9650137424469
row_less_sep_row51_col2.csv,2.0499401092529297
row_less_sep_row51_col3.csv,1.5062718391418457
row_less_sep_row51_col4.csv,1.4951181411743164
row_less_sep_row51_col5.csv,1.5882446765899658
row_less_sep_row51_col6.csv,1.5641462802886963
row_less_sep_row51_col7.csv,-1.3471839427947998
row_less_sep_row51_col8.csv,1.543912410736084
row_less_sep_row52_col1.csv,1.4574458599090576
row_less_sep_row52_col2.csv,1.830838680267334
row_less_sep_row52_col3.csv,-1.2771599292755127
row_less_sep_row52_col4.csv,1.9234824180603027
row_less_sep_row52_col5.csv,1.0467019081115725
row_less_sep_row52_col6.csv,1.5100903511047363
row_less_sep_row52_col7.csv,1.5640172958374023
row_less_sep_row52_col8.csv,1.650336980819702
row_less_sep_row53_col1.csv,1.637955665588379
row_less_sep_row53_col2.csv,2.687800407409668
row_less_sep_row53_col3.csv,1.809549331665039
row_less_sep_row53_col4.csv,1.694108486175537
row_less_sep_row53_col5.csv,1.624075412750244
row_less_sep_row53_col6.csv,0.1078042984008789
row_less_sep_row53_col7.csv,-1.49082350730896
row_less_sep_row53_col8.csv,1.4036788940429688
row_less_sep_row54_col1.csv,2.117868661880493
row_less_sep_row54_col2.csv,2.1685609817504883
row_less_sep_row54_col3.csv,1.4833166599273682
row_less_sep_row54_col4.csv,1.701688528060913
row_less_sep_row54_col5.csv,0.0961525440216064
row_less_sep_row54_col6.csv,1.6602184772491455
row_less_sep_row54_col7.csv,8.582528352737427
row_less_sep_row54_col8.csv,1.6848325729370115
row_less_sep_row55_col1.csv,1.4751977920532229
row_less_sep_row55_col2.csv,1.573652744293213
row_less_sep_row55_col3.csv,1.4368531703948977
row_less_sep_row55_col4.csv,1.9055109024047847
row_less_sep_row55_col5.csv,1.46574068069458
row_less_sep_row55_col6.csv,0.0978608131408691
row_less_sep_row55_col7.csv,1.6030964851379397
row_less_sep_row55_col8.csv,1.3699491024017334
row_less_sep_row56_col1.csv,3.838865995407105
row_less_sep_row56_col2.csv,0.1485369205474853
row_less_sep_row56_col3.csv,1.550945520401001
row_less_sep_row56_col4.csv,1.5593247413635254
row_less_sep_row56_col5.csv,1.6161611080169678
row_less_sep_row56_col6.csv,1.981797695159912
row_less_sep_row56_col7.csv,1.426279067993164
row_less_sep_row56_col8.csv,1.824697494506836
row_less_sep_row57_col1.csv,1.61230206489563
row_less_sep_row57_col2.csv,0.1630313396453857
row_less_sep_row57_col3.csv,1.444199800491333
row_less_sep_row57_col4.csv,1.84561824798584
row_less_sep_row57_col5.csv,2.628938674926758
row_less_sep_row57_col6.csv,0.0992484092712402
row_less_sep_row57_col7.csv,7.647280216217041
row_less_sep_row57_col8.csv,1.445279836654663
row_less_sep_row58_col1.csv,1.6196939945220947
row_less_sep_row58_col2.csv,4.122576951980591
row_less_sep_row58_col3.csv,1.6852786540985107
row_less_sep_row58_col4.csv,1.639981985092163
row_less_sep_row58_col5.csv,0.0977225303649902
row_less_sep_row58_col6.csv,1.5325703620910645
row_less_sep_row58_col7.csv,1.3603019714355469
row_less_sep_row58_col8.csv,1.6901860237121582
row_less_sep_row59_col1.csv,1.4998786449432373
row_less_sep_row59_col2.csv,3.053670644760132
row_less_sep_row59_col3.csv,2.5299344062805176
row_less_sep_row59_col4.csv,1.6499714851379397
row_less_sep_row59_col5.csv,1.5119178295135498
row_less_sep_row59_col6.csv,1.5723931789398191
row_less_sep_row59_col7.csv,1.527876615524292
row_less_sep_row59_col8.csv,1.5548982620239258
row_less_sep_row5_col1.csv,2.780519723892212
row_less_sep_row5_col2.csv,3.843924045562744
row_less_sep_row5_col3.csv,3.1140830516815186
row_less_sep_row5_col4.csv,3.4450056552886963
row_less_sep_row5_col5.csv,1.268568515777588
row_less_sep_row5_col6.csv,2.725379943847656
row_less_sep_row5_col7.csv,2.8880856037139893
row_less_sep_row5_col8.csv,3.0313913822174072
row_less_sep_row60_col1.csv,1.651597023010254
row_less_sep_row60_col2.csv,1.586259126663208
row_less_sep_row60_col3.csv,1.7705857753753662
row_less_sep_row60_col4.csv,6.170734643936157
row_less_sep_row60_col5.csv,0.0988924503326416
row_less_sep_row60_col6.csv,1.619330644607544
row_less_sep_row60_col7.csv,1.6156692504882812
row_less_sep_row60_col8.csv,1.7464542388916016
row_less_sep_row61_col1.csv,1.912834405899048
row_less_sep_row61_col2.csv,1.5064542293548584
row_less_sep_row61_col3.csv,1.573235273361206
row_less_sep_row61_col4.csv,1.84795355796814
row_less_sep_row61_col5.csv,1.9300205707550049
row_less_sep_row61_col6.csv,0.1000800132751464
row_less_sep_row61_col7.csv,1.677191972732544
row_less_sep_row61_col8.csv,1.8226079940795896
row_less_sep_row62_col1.csv,1.599351406097412
row_less_sep_row62_col2.csv,1.729830026626587
row_less_sep_row62_col3.csv,1.7148771286010742
row_less_sep_row62_col4.csv,1.593594312667847
row_less_sep_row62_col5.csv,1.5258519649505615
row_less_sep_row62_col6.csv,0.0983436107635498
row_less_sep_row62_col7.csv,1.8038346767425537
row_less_sep_row62_col8.csv,2.500166177749634
row_less_sep_row63_col1.csv,1.533801794052124
row_less_sep_row63_col2.csv,1.618764877319336
row_less_sep_row63_col3.csv,1.6268112659454346
row_less_sep_row63_col4.csv,1.4695568084716797
row_less_sep_row63_col5.csv,0.9263787269592285
row_less_sep_row63_col6.csv,1.694935321807861
row_less_sep_row63_col7.csv,1.6393146514892578
row_less_sep_row63_col8.csv,-1.1596992015838623
row_less_sep_row64_col1.csv,2.8292129039764404
row_less_sep_row64_col2.csv,2.058957576751709
row_less_sep_row64_col3.csv,1.6742079257965088
row_less_sep_row64_col4.csv,1.6799476146697998
row_less_sep_row64_col5.csv,0.0974175930023193
row_less_sep_row64_col6.csv,1.4315388202667236
row_less_sep_row64_col7.csv,1.499760389328003
row_less_sep_row64_col8.csv,1.905972957611084
row_less_sep_row65_col1.csv,1.9913079738616943
row_less_sep_row65_col2.csv,31.11536860466004
row_less_sep_row65_col3.csv,2.386213779449463
row_less_sep_row65_col4.csv,-1.0272712707519531
row_less_sep_row65_col5.csv,1.8669791221618648
row_less_sep_row65_col6.csv,0.0985350608825683
row_less_sep_row65_col7.csv,1.592862844467163
row_less_sep_row65_col8.csv,1.642780303955078
row_less_sep_row66_col1.csv,1.7139742374420166
row_less_sep_row66_col2.csv,1.6330342292785645
row_less_sep_row66_col3.csv,3.032501459121704
row_less_sep_row66_col4.csv,1.6641838550567627
row_less_sep_row66_col5.csv,1.5871174335479736
row_less_sep_row66_col6.csv,1.629840850830078
row_less_sep_row66_col7.csv,1.505465745925903
row_less_sep_row66_col8.csv,1.858668088912964
row_less_sep_row67_col1.csv,2.721816062927246
row_less_sep_row67_col2.csv,1.6320412158966064
row_less_sep_row67_col3.csv,1.876464605331421
row_less_sep_row67_col4.csv,0.1590385437011718
row_less_sep_row67_col5.csv,2.2001001834869385
row_less_sep_row67_col6.csv,1.7222065925598145
row_less_sep_row67_col7.csv,2.787663221359253
row_less_sep_row67_col8.csv,2.438246965408325
row_less_sep_row68_col1.csv,1.543367862701416
row_less_sep_row68_col2.csv,1.5968613624572754
row_less_sep_row68_col3.csv,1.4680817127227783
row_less_sep_row68_col4.csv,1.422736644744873
row_less_sep_row68_col5.csv,2.316391706466675
row_less_sep_row68_col6.csv,1.74546480178833
row_less_sep_row68_col7.csv,2.18345046043396
row_less_sep_row68_col8.csv,1.418426275253296
row_less_sep_row69_col1.csv,1.6341702938079834
row_less_sep_row69_col2.csv,1.7813422679901123
row_less_sep_row69_col3.csv,2.3658981323242188
row_less_sep_row69_col4.csv,2.550478219985962
row_less_sep_row69_col5.csv,0.1012320518493652
row_less_sep_row69_col6.csv,1.7404301166534424
row_less_sep_row69_col7.csv,1.7659580707550049
row_less_sep_row69_col8.csv,1.6103146076202393
row_less_sep_row6_col1.csv,2.5955913066864014
row_less_sep_row6_col2.csv,3.19905161857605
row_less_sep_row6_col3.csv,3.3057000637054443
row_less_sep_row6_col4.csv,2.917736053466797
row_less_sep_row6_col5.csv,3.270802974700928
row_less_sep_row6_col6.csv,1.4778523445129397
row_less_sep_row6_col7.csv,3.0989224910736084
row_less_sep_row6_col8.csv,3.16455340385437
row_less_sep_row70_col1.csv,1.9788587093353271
row_less_sep_row70_col2.csv,1.547422170639038
row_less_sep_row70_col3.csv,-1.031977653503418
row_less_sep_row70_col4.csv,1.7344717979431152
row_less_sep_row70_col5.csv,2.6229305267333984
row_less_sep_row70_col6.csv,1.4091203212738037
row_less_sep_row70_col7.csv,2.23142409324646
row_less_sep_row70_col8.csv,1.5969362258911133
row_less_sep_row71_col1.csv,1.7234787940979004
row_less_sep_row71_col2.csv,1.966893434524536
row_less_sep_row71_col3.csv,1.6760635375976562
row_less_sep_row71_col4.csv,1.734739065170288
row_less_sep_row71_col5.csv,0.10050630569458
row_less_sep_row71_col6.csv,1.533715009689331
row_less_sep_row71_col7.csv,1.5441417694091797
row_less_sep_row71_col8.csv,1.5602586269378662
row_less_sep_row72_col1.csv,1.4295332431793213
row_less_sep_row72_col2.csv,1.4678549766540527
row_less_sep_row72_col3.csv,1.4438717365264893
row_less_sep_row72_col4.csv,1.6211936473846436
row_less_sep_row72_col5.csv,1.4939956665039062
row_less_sep_row72_col6.csv,0.0994405746459961
row_less_sep_row72_col7.csv,1.5215909481048584
row_less_sep_row72_col8.csv,1.5353174209594729
row_less_sep_row73_col1.csv,1.6439476013183594
row_less_sep_row73_col2.csv,-0.7902700901031494
row_less_sep_row73_col3.csv,1.5508711338043213
row_less_sep_row73_col4.csv,2.0649726390838623
row_less_sep_row73_col5.csv,1.9662835597991943
row_less_sep_row73_col6.csv,1.5417544841766355
row_less_sep_row73_col7.csv,1.7621595859527588
row_less_sep_row73_col8.csv,2.0705788135528564
row_less_sep_row74_col1.csv,1.6083321571350098
row_less_sep_row74_col2.csv,1.62333345413208
row_less_sep_row74_col3.csv,1.6272850036621094
row_less_sep_row74_col4.csv,1.6799030303955078
row_less_sep_row74_col5.csv,1.421567678451538
row_less_sep_row74_col6.csv,1.5516314506530762
row_less_sep_row74_col7.csv,1.6274757385253906
row_less_sep_row74_col8.csv,2.128021717071533
row_less_sep_row75_col1.csv,1.7485949993133545
row_less_sep_row75_col2.csv,1.935643196105957
row_less_sep_row75_col3.csv,1.4870421886444092
row_less_sep_row75_col4.csv,1.7165100574493408
row_less_sep_row75_col5.csv,1.660661697387695
row_less_sep_row75_col6.csv,1.921857118606568
row_less_sep_row75_col7.csv,-0.952444076538086
row_less_sep_row75_col8.csv,2.0916824340820312
row_less_sep_row76_col1.csv,1.608278512954712
row_less_sep_row76_col2.csv,1.8020555973052976
row_less_sep_row76_col3.csv,1.5402328968048096
row_less_sep_row76_col4.csv,2.3703501224517822
row_less_sep_row76_col5.csv,1.3805046081542969
row_less_sep_row76_col6.csv,0.0977959632873535
row_less_sep_row76_col7.csv,1.539259433746338
row_less_sep_row76_col8.csv,1.5908730030059814
row_less_sep_row77_col1.csv,1.934020757675171
row_less_sep_row77_col2.csv,-1.1571712493896484
row_less_sep_row77_col3.csv,1.672999620437622
row_less_sep_row77_col4.csv,1.6193177700042725
row_less_sep_row77_col5.csv,1.5737333297729492
row_less_sep_row77_col6.csv,0.1002225875854492
row_less_sep_row77_col7.csv,1.821882963180542
row_less_sep_row77_col8.csv,2.0241994857788086
row_less_sep_row78_col1.csv,2.044003486633301
row_less_sep_row78_col2.csv,2.1482574939727783
row_less_sep_row78_col3.csv,1.5060749053955078
row_less_sep_row78_col4.csv,-0.1550960540771484
row_less_sep_row78_col5.csv,-1.3393285274505615
row_less_sep_row78_col6.csv,1.9240081310272217
row_less_sep_row78_col7.csv,1.8864741325378416
row_less_sep_row78_col8.csv,1.559990167617798
row_less_sep_row79_col1.csv,1.7127642631530762
row_less_sep_row79_col2.csv,1.9385383129119875
row_less_sep_row79_col3.csv,1.6493802070617676
row_less_sep_row79_col4.csv,2.536282539367676
row_less_sep_row79_col5.csv,-1.1906821727752686
row_less_sep_row79_col6.csv,1.658794403076172
row_less_sep_row79_col7.csv,1.430464506149292
row_less_sep_row79_col8.csv,3.264712333679199
row_less_sep_row7_col1.csv,2.9944093227386475
row_less_sep_row7_col2.csv,3.0479044914245605
row_less_sep_row7_col3.csv,3.803131103515625
row_less_sep_row7_col4.csv,2.871177196502685
row_less_sep_row7_col5.csv,0.8682801723480225
row_less_sep_row7_col6.csv,-0.2561120986938476
row_less_sep_row7_col7.csv,3.0825657844543457
row_less_sep_row7_col8.csv,3.13453221321106
row_less_sep_row80_col1.csv,1.6544640064239502
row_less_sep_row80_col2.csv,1.6182546615600586
row_less_sep_row80_col3.csv,1.468202829360962
row_less_sep_row80_col4.csv,1.5965180397033691
row_less_sep_row80_col5.csv,0.0973997116088867
row_less_sep_row80_col6.csv,1.5003321170806885
row_less_sep_row80_col7.csv,1.6686365604400637
row_less_sep_row80_col8.csv,2.476517915725708
row_less_sep_row81_col1.csv,1.5102381706237793
row_less_sep_row81_col2.csv,1.6015045642852783
row_less_sep_row81_col3.csv,1.9196012020111084
row_less_sep_row81_col4.csv,1.752838373184204
row_less_sep_row81_col5.csv,0.150132417678833
row_less_sep_row81_col6.csv,1.45978045463562
row_less_sep_row81_col7.csv,1.7290253639221191
row_less_sep_row81_col8.csv,1.42081618309021
row_less_sep_row82_col1.csv,1.6861903667449951
row_less_sep_row82_col2.csv,-1.3546421527862549
row_less_sep_row82_col3.csv,1.9494328498840328
row_less_sep_row82_col4.csv,1.5130412578582764
row_less_sep_row82_col5.csv,1.6950297355651855
row_less_sep_row82_col6.csv,1.4888508319854736
row_less_sep_row82_col7.csv,1.5627896785736084
row_less_sep_row82_col8.csv,1.7602219581604004
row_less_sep_row83_col1.csv,-1.0990943908691406
row_less_sep_row83_col2.csv,1.7996809482574463
row_less_sep_row83_col3.csv,-1.3523616790771484
row_less_sep_row83_col4.csv,1.5693068504333496
row_less_sep_row83_col5.csv,0.1003415584564209
row_less_sep_row83_col6.csv,1.600431203842163
row_less_sep_row83_col7.csv,1.5567102432250977
row_less_sep_row83_col8.csv,1.8507251739501955
row_less_sep_row8_col1.csv,2.691800355911255
row_less_sep_row8_col2.csv,2.8095293045043945
row_less_sep_row8_col3.csv,3.1973443031311035
row_less_sep_row8_col4.csv,-0.3426029682159424
row_less_sep_row8_col5.csv,1.331493854522705
row_less_sep_row8_col6.csv,7.322388648986816
row_less_sep_row8_col7.csv,2.876174211502075
row_less_sep_row8_col8.csv,3.090714454650879
row_less_sep_row9_col1.csv,2.9725606441497803
row_less_sep_row9_col2.csv,2.7186381816864014
row_less_sep_row9_col3.csv,3.112452507019043
row_less_sep_row9_col4.csv,2.7264339923858643
row_less_sep_row9_col5.csv,1.6230642795562744
row_less_sep_row9_col6.csv,2.9958064556121826
row_less_sep_row9_col7.csv,3.3273680210113525
row_less_sep_row9_col8.csv,2.728432893753052
row_more_sep_row0_col0.csv,33.441951513290405
row_more_sep_row0_col1.csv,32.43343806266785
row_more_sep_row0_col2.csv,36.77024102210999
row_more_sep_row0_col3.csv,31.255942344665527
row_more_sep_row0_col4.csv,35.262328147888184
row_more_sep_row0_col5.csv,34.90899205207825
row_more_sep_row0_col6.csv,36.06791591644287
row_more_sep_row0_col7.csv,31.94261264801025
row_more_sep_row0_col8.csv,31.31434273719788
row_more_sep_row10_col0.csv,0.1051962375640869
row_more_sep_row10_col1.csv,1.725050449371338
row_more_sep_row10_col2.csv,1.7148106098175049
row_more_sep_row10_col3.csv,1.709054470062256
row_more_sep_row10_col4.csv,1.699920892715454
row_more_sep_row10_col5.csv,1.5592825412750244
row_more_sep_row10_col6.csv,1.6173133850097656
row_more_sep_row10_col7.csv,1.5788657665252686
row_more_sep_row10_col8.csv,1.709733486175537
row_more_sep_row11_col0.csv,1.8203089237213133
row_more_sep_row11_col1.csv,1.5363545417785645
row_more_sep_row11_col2.csv,1.6701719760894775
row_more_sep_row11_col3.csv,2.214106559753418
row_more_sep_row11_col4.csv,1.7963027954101562
row_more_sep_row11_col5.csv,1.6478636264801023
row_more_sep_row11_col6.csv,1.4439291954040527
row_more_sep_row11_col7.csv,-1.0093250274658203
row_more_sep_row11_col8.csv,1.6144731044769287
row_more_sep_row12_col0.csv,2.2189998626708984
row_more_sep_row12_col1.csv,1.5038883686065674
row_more_sep_row12_col2.csv,1.86477279663086
row_more_sep_row12_col3.csv,1.7531859874725342
row_more_sep_row12_col4.csv,1.6425392627716064
row_more_sep_row12_col5.csv,1.4623143672943115
row_more_sep_row12_col6.csv,1.7889626026153564
row_more_sep_row12_col7.csv,1.5367090702056885
row_more_sep_row12_col8.csv,3.0662591457366943
row_more_sep_row13_col0.csv,2.5008201599121094
row_more_sep_row13_col1.csv,2.048187017440796
row_more_sep_row13_col2.csv,0.1522634029388427
row_more_sep_row13_col3.csv,9.7548725605011
row_more_sep_row13_col4.csv,1.617016315460205
row_more_sep_row13_col5.csv,1.7455694675445557
row_more_sep_row13_col6.csv,1.5054426193237305
row_more_sep_row13_col7.csv,1.4151384830474854
row_more_sep_row13_col8.csv,-1.252818584442139
row_more_sep_row14_col0.csv,1.991133451461792
row_more_sep_row14_col1.csv,1.4884004592895508
row_more_sep_row14_col2.csv,1.798152208328247
row_more_sep_row14_col3.csv,1.6001594066619873
row_more_sep_row14_col4.csv,-0.9936208724975586
row_more_sep_row14_col5.csv,2.26999568939209
row_more_sep_row14_col6.csv,1.6740708351135254
row_more_sep_row14_col7.csv,1.372445821762085
row_more_sep_row14_col8.csv,1.709981918334961
row_more_sep_row15_col0.csv,1.7314424514770508
row_more_sep_row15_col1.csv,1.8006494045257568
row_more_sep_row15_col2.csv,1.5167601108551023
row_more_sep_row15_col3.csv,1.4591903686523438
row_more_sep_row15_col4.csv,1.426516056060791
row_more_sep_row15_col5.csv,1.9256601333618164
row_more_sep_row15_col6.csv,1.6482174396514893
row_more_sep_row15_col7.csv,2.7406322956085205
row_more_sep_row15_col8.csv,1.5256023406982422
row_more_sep_row16_col0.csv,2.034174680709839
row_more_sep_row16_col1.csv,1.6341960430145264
row_more_sep_row16_col2.csv,2.6432976722717285
row_more_sep_row16_col3.csv,1.5059852600097656
row_more_sep_row16_col4.csv,2.2804768085479736
row_more_sep_row16_col5.csv,1.6441421508789062
row_more_sep_row16_col6.csv,1.6111948490142822
row_more_sep_row16_col7.csv,1.515450954437256
row_more_sep_row16_col8.csv,1.8837192058563232
row_more_sep_row17_col0.csv,1.521409273147583
row_more_sep_row17_col1.csv,1.8284173011779783
row_more_sep_row17_col2.csv,1.7097303867340088
row_more_sep_row17_col3.csv,2.013467788696289
row_more_sep_row17_col4.csv,1.5863828659057615
row_more_sep_row17_col5.csv,1.4748997688293457
row_more_sep_row17_col6.csv,0.1435017585754394
row_more_sep_row17_col7.csv,1.619027853012085
row_more_sep_row17_col8.csv,1.5808959007263184
row_more_sep_row18_col0.csv,1.715632438659668
row_more_sep_row18_col1.csv,1.842017650604248
row_more_sep_row18_col2.csv,1.777930736541748
row_more_sep_row18_col3.csv,1.8743033409118648
row_more_sep_row18_col4.csv,2.037635564804077
row_more_sep_row18_col5.csv,1.8471686840057373
row_more_sep_row18_col6.csv,1.7112360000610352
row_more_sep_row18_col7.csv,1.3558127880096436
row_more_sep_row18_col8.csv,-1.4447259902954102
row_more_sep_row19_col0.csv,4.82614541053772
row_more_sep_row19_col1.csv,1.5832350254058838
row_more_sep_row19_col2.csv,1.8058702945709229
row_more_sep_row19_col3.csv,1.6876814365386963
row_more_sep_row19_col4.csv,1.6253957748413086
row_more_sep_row19_col5.csv,1.863776683807373
row_more_sep_row19_col6.csv,8.431795120239258
row_more_sep_row19_col7.csv,1.7796692848205566
row_more_sep_row19_col8.csv,1.6398155689239502
row_more_sep_row1_col0.csv,2.829869031906128
row_more_sep_row1_col1.csv,3.132885694503784
row_more_sep_row1_col2.csv,3.197714567184448
row_more_sep_row1_col3.csv,3.0066192150115967
row_more_sep_row1_col4.csv,2.856208324432373
row_more_sep_row1_col5.csv,2.797008991241455
row_more_sep_row1_col6.csv,3.5697152614593506
row_more_sep_row1_col7.csv,2.79768705368042
row_more_sep_row1_col8.csv,2.8749442100524902
row_more_sep_row20_col0.csv,1.6536433696746826
row_more_sep_row20_col1.csv,1.6474378108978271
row_more_sep_row20_col2.csv,1.7478055953979492
row_more_sep_row20_col3.csv,1.738640546798706
row_more_sep_row20_col4.csv,1.8035101890563965
row_more_sep_row20_col5.csv,-1.30682110786438
row_more_sep_row20_col6.csv,1.7674221992492676
row_more_sep_row20_col7.csv,1.779047966003418
row_more_sep_row20_col8.csv,1.6201443672180176
row_more_sep_row21_col0.csv,2.352759599685669
row_more_sep_row21_col1.csv,2.1185555458068848
row_more_sep_row21_col2.csv,1.7461938858032229
row_more_sep_row21_col3.csv,1.4541425704956057
row_more_sep_row21_col4.csv,2.3565049171447754
row_more_sep_row21_col5.csv,1.5832653045654297
row_more_sep_row21_col6.csv,1.5607967376708984
row_more_sep_row21_col7.csv,1.419729709625244
row_more_sep_row21_col8.csv,2.0365827083587646
row_more_sep_row22_col0.csv,1.7174105644226074
row_more_sep_row22_col1.csv,1.93522310256958
row_more_sep_row22_col2.csv,1.777659893035889
row_more_sep_row22_col3.csv,1.4737975597381592
row_more_sep_row22_col4.csv,1.858195781707764
row_more_sep_row22_col5.csv,0.4062709808349609
row_more_sep_row22_col6.csv,1.7215733528137207
row_more_sep_row22_col7.csv,1.5349578857421875
row_more_sep_row22_col8.csv,-1.0802829265594482
row_more_sep_row23_col0.csv,1.83389949798584
row_more_sep_row23_col1.csv,2.138573408126831
row_more_sep_row23_col2.csv,1.7082288265228271
row_more_sep_row23_col3.csv,1.7465105056762695
row_more_sep_row23_col4.csv,-1.531199932098389
row_more_sep_row23_col5.csv,1.510157346725464
row_more_sep_row23_col6.csv,1.4219610691070557
row_more_sep_row23_col7.csv,1.6901562213897705
row_more_sep_row23_col8.csv,1.5843024253845217
row_more_sep_row24_col0.csv,1.5021495819091797
row_more_sep_row24_col1.csv,1.7075979709625244
row_more_sep_row24_col2.csv,1.7774453163146973
row_more_sep_row24_col3.csv,2.2189712524414062
row_more_sep_row24_col4.csv,2.075845003128052
row_more_sep_row24_col5.csv,1.854054927825928
row_more_sep_row24_col6.csv,1.5418457984924316
row_more_sep_row24_col7.csv,1.543243408203125
row_more_sep_row24_col8.csv,1.6400868892669678
row_more_sep_row25_col0.csv,2.067931890487671
row_more_sep_row25_col1.csv,1.6720890998840332
row_more_sep_row25_col2.csv,1.7989320755004885
row_more_sep_row25_col3.csv,1.492248773574829
row_more_sep_row25_col4.csv,1.4991376399993896
row_more_sep_row25_col5.csv,1.7346413135528564
row_more_sep_row25_col6.csv,1.6868202686309814
row_more_sep_row25_col7.csv,1.5322926044464111
row_more_sep_row25_col8.csv,1.803074836730957
row_more_sep_row26_col0.csv,1.7092368602752686
row_more_sep_row26_col1.csv,1.582744836807251
row_more_sep_row26_col2.csv,1.52358078956604
row_more_sep_row26_col3.csv,3.058330774307251
row_more_sep_row26_col4.csv,1.7085957527160645
row_more_sep_row26_col5.csv,1.718041181564331
row_more_sep_row26_col6.csv,1.7538955211639404
row_more_sep_row26_col7.csv,1.479933500289917
row_more_sep_row26_col8.csv,15.264648914337158
row_more_sep_row27_col0.csv,1.6482136249542236
row_more_sep_row27_col1.csv,1.6973838806152344
row_more_sep_row27_col2.csv,1.9745497703552248
row_more_sep_row27_col3.csv,1.697071552276611
row_more_sep_row27_col4.csv,1.7146825790405271
row_more_sep_row27_col5.csv,1.6461596488952637
row_more_sep_row27_col6.csv,1.6940913200378418
row_more_sep_row27_col7.csv,1.755807399749756
row_more_sep_row27_col8.csv,2.2993900775909424
row_more_sep_row28_col0.csv,2.526214122772217
row_more_sep_row28_col1.csv,1.8045248985290527
row_more_sep_row28_col2.csv,1.584878921508789
row_more_sep_row28_col3.csv,1.8754794597625728
row_more_sep_row28_col4.csv,1.475060224533081
row_more_sep_row28_col5.csv,-1.1028587818145752
row_more_sep_row28_col6.csv,1.498542547225952
row_more_sep_row28_col7.csv,1.4219419956207275
row_more_sep_row28_col8.csv,1.717728853225708
row_more_sep_row29_col0.csv,1.9540791511535645
row_more_sep_row29_col1.csv,1.6496119499206543
row_more_sep_row29_col2.csv,1.827075481414795
row_more_sep_row29_col3.csv,2.639491319656372
row_more_sep_row29_col4.csv,1.5508136749267578
row_more_sep_row29_col5.csv,1.951017141342163
row_more_sep_row29_col6.csv,1.546447992324829
row_more_sep_row29_col7.csv,1.6722817420959473
row_more_sep_row29_col8.csv,1.8663625717163088
row_more_sep_row2_col0.csv,2.949758052825928
row_more_sep_row2_col1.csv,3.139015913009644
row_more_sep_row2_col2.csv,2.8440403938293457
row_more_sep_row2_col3.csv,2.7485272884368896
row_more_sep_row2_col4.csv,4.0357184410095215
row_more_sep_row2_col5.csv,2.641199350357056
row_more_sep_row2_col6.csv,3.0467028617858887
row_more_sep_row2_col7.csv,2.7741899490356445
row_more_sep_row2_col8.csv,4.087671756744385
row_more_sep_row30_col0.csv,1.983816385269165
row_more_sep_row30_col1.csv,1.5030529499053955
row_more_sep_row30_col2.csv,1.5956315994262695
row_more_sep_row30_col3.csv,1.609076976776123
row_more_sep_row30_col4.csv,1.6024055480957031
row_more_sep_row30_col5.csv,1.639553785324097
row_more_sep_row30_col6.csv,4.671086549758911
row_more_sep_row30_col7.csv,1.5081932544708252
row_more_sep_row30_col8.csv,1.5668995380401611
row_more_sep_row31_col0.csv,1.5715644359588623
row_more_sep_row31_col1.csv,1.7214648723602295
row_more_sep_row31_col2.csv,1.5076851844787598
row_more_sep_row31_col3.csv,2.338718891143799
row_more_sep_row31_col4.csv,1.6209535598754885
row_more_sep_row31_col5.csv,-1.2181448936462402
row_more_sep_row31_col6.csv,2.1181752681732178
row_more_sep_row31_col7.csv,1.5800385475158691
row_more_sep_row31_col8.csv,1.6136245727539062
row_more_sep_row32_col0.csv,1.784729242324829
row_more_sep_row32_col1.csv,1.6005859375
row_more_sep_row32_col2.csv,1.90946364402771
row_more_sep_row32_col3.csv,1.6098506450653076
row_more_sep_row32_col4.csv,1.5358974933624268
row_more_sep_row32_col5.csv,1.5782675743103027
row_more_sep_row32_col6.csv,2.543698310852051
row_more_sep_row32_col7.csv,1.465895414352417
row_more_sep_row32_col8.csv,1.4774630069732666
row_more_sep_row33_col0.csv,1.642549753189087
row_more_sep_row33_col1.csv,2.378108024597168
row_more_sep_row33_col2.csv,1.6817083358764648
row_more_sep_row33_col3.csv,1.6370618343353271
row_more_sep_row33_col4.csv,4.779197931289673
row_more_sep_row33_col5.csv,3.568297863006592
row_more_sep_row33_col6.csv,1.5878477096557615
row_more_sep_row33_col7.csv,-0.6936204433441162
row_more_sep_row33_col8.csv,1.852320909500122
row_more_sep_row34_col0.csv,1.730924129486084
row_more_sep_row34_col1.csv,1.5652611255645752
row_more_sep_row34_col2.csv,7.077301740646362
row_more_sep_row34_col3.csv,1.5381503105163574
row_more_sep_row34_col4.csv,-1.285017728805542
row_more_sep_row34_col5.csv,1.6888408660888672
row_more_sep_row34_col6.csv,1.5947635173797607
row_more_sep_row34_col7.csv,1.9037652015686035
row_more_sep_row34_col8.csv,1.618772029876709
row_more_sep_row35_col0.csv,1.634878635406494
row_more_sep_row35_col1.csv,1.703080177307129
row_more_sep_row35_col2.csv,1.585738182067871
row_more_sep_row35_col3.csv,2.1410698890686035
row_more_sep_row35_col4.csv,1.9120020866394043
row_more_sep_row35_col5.csv,1.9008903503417969
row_more_sep_row35_col6.csv,1.89873480796814
row_more_sep_row35_col7.csv,4.202804803848267
row_more_sep_row35_col8.csv,2.796150684356689
row_more_sep_row36_col0.csv,1.660392999649048
row_more_sep_row36_col1.csv,1.7893352508544922
row_more_sep_row36_col2.csv,1.540205955505371
row_more_sep_row36_col3.csv,1.4632298946380615
row_more_sep_row36_col4.csv,1.5605311393737793
row_more_sep_row36_col5.csv,1.6083550453186035
row_more_sep_row36_col6.csv,-1.2957816123962402
row_more_sep_row36_col7.csv,1.726360559463501
row_more_sep_row36_col8.csv,1.7770352363586426
row_more_sep_row37_col0.csv,1.5964605808258057
row_more_sep_row37_col1.csv,1.8658552169799805
row_more_sep_row37_col2.csv,-1.2486131191253662
row_more_sep_row37_col3.csv,1.584214448928833
row_more_sep_row37_col4.csv,1.3749618530273438
row_more_sep_row37_col5.csv,3.168484687805176
row_more_sep_row37_col6.csv,1.738981008529663
row_more_sep_row37_col7.csv,1.5314249992370603
row_more_sep_row37_col8.csv,1.6909568309783936
row_more_sep_row38_col0.csv,1.7777307033538818
row_more_sep_row38_col1.csv,2.029414415359497
row_more_sep_row38_col2.csv,1.7216639518737793
row_more_sep_row38_col3.csv,1.6440975666046145
row_more_sep_row38_col4.csv,1.5230951309204102
row_more_sep_row38_col5.csv,1.6299564838409424
row_more_sep_row38_col6.csv,1.8119189739227293
row_more_sep_row38_col7.csv,1.4052457809448242
row_more_sep_row38_col8.csv,2.9714608192443848
row_more_sep_row39_col0.csv,1.488542556762695
row_more_sep_row39_col1.csv,1.510291576385498
row_more_sep_row39_col2.csv,2.1411595344543457
row_more_sep_row39_col3.csv,1.739128351211548
row_more_sep_row39_col4.csv,1.729109287261963
row_more_sep_row39_col5.csv,-1.319807052612305
row_more_sep_row39_col6.csv,1.5623226165771484
row_more_sep_row39_col7.csv,1.973226308822632
row_more_sep_row39_col8.csv,14.554795265197754
row_more_sep_row3_col0.csv,3.215773105621338
row_more_sep_row3_col1.csv,3.382871150970459
row_more_sep_row3_col2.csv,2.7657413482666016
row_more_sep_row3_col3.csv,0.4702787399291992
row_more_sep_row3_col4.csv,2.62441349029541
row_more_sep_row3_col5.csv,2.543956756591797
row_more_sep_row3_col6.csv,3.547542095184326
row_more_sep_row3_col7.csv,2.6901679039001465
row_more_sep_row3_col8.csv,2.7734291553497314
row_more_sep_row40_col0.csv,1.645181655883789
row_more_sep_row40_col1.csv,1.5697307586669922
row_more_sep_row40_col2.csv,1.6290338039398191
row_more_sep_row40_col3.csv,1.982536792755127
row_more_sep_row40_col4.csv,1.7179453372955322
row_more_sep_row40_col5.csv,1.526801586151123
row_more_sep_row40_col6.csv,1.589529037475586
row_more_sep_row40_col7.csv,1.5127098560333252
row_more_sep_row40_col8.csv,1.8726844787597656
row_more_sep_row41_col0.csv,-1.4200146198272705
row_more_sep_row41_col1.csv,2.003411293029785
row_more_sep_row41_col2.csv,1.6665451526641846
row_more_sep_row41_col3.csv,1.618661880493164
row_more_sep_row41_col4.csv,1.7567386627197266
row_more_sep_row41_col5.csv,1.727328538894653
row_more_sep_row41_col6.csv,1.6813507080078125
row_more_sep_row41_col7.csv,1.861270904541016
row_more_sep_row41_col8.csv,1.7981464862823486
row_more_sep_row42_col0.csv,1.5139625072479248
row_more_sep_row42_col1.csv,3.828571796417236
row_more_sep_row42_col2.csv,1.737396240234375
row_more_sep_row42_col3.csv,1.5709822177886963
row_more_sep_row42_col4.csv,1.8157765865325928
row_more_sep_row42_col5.csv,1.566326379776001
row_more_sep_row42_col6.csv,1.8437228202819824
row_more_sep_row42_col7.csv,1.685722589492798
row_more_sep_row42_col8.csv,1.6113204956054688
row_more_sep_row43_col0.csv,1.8558390140533447
row_more_sep_row43_col1.csv,1.7311718463897705
row_more_sep_row43_col2.csv,1.9175732135772705
row_more_sep_row43_col3.csv,2.1992642879486084
row_more_sep_row43_col4.csv,1.513654708862305
row_more_sep_row43_col5.csv,2.086367607116699
row_more_sep_row43_col6.csv,1.69159197807312
row_more_sep_row43_col7.csv,2.108370780944824
row_more_sep_row43_col8.csv,1.6400089263916016
row_more_sep_row44_col0.csv,2.0355324745178223
row_more_sep_row44_col1.csv,1.569835901260376
row_more_sep_row44_col2.csv,1.8786206245422363
row_more_sep_row44_col3.csv,1.876267671585083
row_more_sep_row44_col4.csv,1.4835662841796875
row_more_sep_row44_col5.csv,1.920124769210816
row_more_sep_row44_col6.csv,1.672696828842163
row_more_sep_row44_col7.csv,2.048922300338745
row_more_sep_row44_col8.csv,1.905461311340332
row_more_sep_row45_col0.csv,1.8420178890228271
row_more_sep_row45_col1.csv,2.583462238311768
row_more_sep_row45_col2.csv,1.6785616874694824
row_more_sep_row45_col3.csv,1.4869401454925537
row_more_sep_row45_col4.csv,1.868104696273804
row_more_sep_row45_col5.csv,1.6978888511657717
row_more_sep_row45_col6.csv,2.521118402481079
row_more_sep_row45_col7.csv,1.9431145191192627
row_more_sep_row45_col8.csv,1.4105703830718994
row_more_sep_row46_col0.csv,2.1229777336120605
row_more_sep_row46_col1.csv,1.5732486248016355
row_more_sep_row46_col2.csv,1.3673207759857178
row_more_sep_row46_col3.csv,1.4637577533721924
row_more_sep_row46_col4.csv,1.8349287509918213
row_more_sep_row46_col5.csv,1.5533084869384766
row_more_sep_row46_col6.csv,2.462947130203247
row_more_sep_row46_col7.csv,1.534909963607788
row_more_sep_row46_col8.csv,1.4945237636566162
row_more_sep_row47_col0.csv,1.55354905128479
row_more_sep_row47_col1.csv,2.034751892089844
row_more_sep_row47_col2.csv,1.934981346130371
row_more_sep_row47_col3.csv,1.8673853874206543
row_more_sep_row47_col4.csv,2.2409584522247314
row_more_sep_row47_col5.csv,2.597521543502808
row_more_sep_row47_col6.csv,1.5752551555633545
row_more_sep_row47_col7.csv,1.5978984832763672
row_more_sep_row47_col8.csv,2.434222936630249
row_more_sep_row48_col0.csv,1.4752607345581057
row_more_sep_row48_col1.csv,1.5348143577575684
row_more_sep_row48_col2.csv,1.7297005653381348
row_more_sep_row48_col3.csv,1.836288928985596
row_more_sep_row48_col4.csv,1.5162782669067385
row_more_sep_row48_col5.csv,1.4151418209075928
row_more_sep_row48_col6.csv,1.5928568840026855
row_more_sep_row48_col7.csv,1.851204872131348
row_more_sep_row48_col8.csv,8.096254587173462
row_more_sep_row49_col0.csv,1.701077222824097
row_more_sep_row49_col1.csv,2.158741950988769
row_more_sep_row49_col2.csv,-1.4193172454833984
row_more_sep_row49_col3.csv,-1.383821725845337
row_more_sep_row49_col4.csv,-1.4471094608306885
row_more_sep_row49_col5.csv,1.762615203857422
row_more_sep_row49_col6.csv,1.743255376815796
row_more_sep_row49_col7.csv,1.7027430534362793
row_more_sep_row49_col8.csv,1.571453094482422
row_more_sep_row4_col0.csv,2.866382122039795
row_more_sep_row4_col1.csv,3.1374175548553467
row_more_sep_row4_col2.csv,3.6349596977233887
row_more_sep_row4_col3.csv,3.5994246006011963
row_more_sep_row4_col4.csv,4.0076398849487305
row_more_sep_row4_col5.csv,3.185234308242798
row_more_sep_row4_col6.csv,4.592448949813843
row_more_sep_row4_col7.csv,2.92217755317688
row_more_sep_row4_col8.csv,2.9004015922546387
row_more_sep_row50_col0.csv,-1.2037723064422607
row_more_sep_row50_col1.csv,1.6510026454925537
row_more_sep_row50_col2.csv,1.7004127502441406
row_more_sep_row50_col3.csv,1.6265685558319092
row_more_sep_row50_col4.csv,1.5973751544952393
row_more_sep_row50_col5.csv,1.6684556007385254
row_more_sep_row50_col6.csv,2.1479315757751465
row_more_sep_row50_col7.csv,1.7435410022735596
row_more_sep_row50_col8.csv,1.6748483180999756
row_more_sep_row51_col0.csv,1.4546606540679932
row_more_sep_row51_col1.csv,1.5201153755187988
row_more_sep_row51_col2.csv,1.5574359893798828
row_more_sep_row51_col3.csv,1.5138204097747805
row_more_sep_row51_col4.csv,1.7048671245574951
row_more_sep_row51_col5.csv,1.814918041229248
row_more_sep_row51_col6.csv,1.6714236736297607
row_more_sep_row51_col7.csv,1.6842210292816162
row_more_sep_row51_col8.csv,1.832469463348389
row_more_sep_row52_col0.csv,1.499863624572754
row_more_sep_row52_col1.csv,1.6036376953125
row_more_sep_row52_col2.csv,1.6930761337280271
row_more_sep_row52_col3.csv,1.7778563499450684
row_more_sep_row52_col4.csv,1.9455516338348389
row_more_sep_row52_col5.csv,1.6130752563476562
row_more_sep_row52_col6.csv,1.6092195510864258
row_more_sep_row52_col7.csv,3.5674870014190674
row_more_sep_row52_col8.csv,1.7156586647033691
row_more_sep_row53_col0.csv,1.443258285522461
row_more_sep_row53_col1.csv,1.6540577411651611
row_more_sep_row53_col2.csv,2.128834009170532
row_more_sep_row53_col3.csv,2.06903076171875
row_more_sep_row53_col4.csv,1.4652564525604248
row_more_sep_row53_col5.csv,1.4962046146392822
row_more_sep_row53_col6.csv,1.5585286617279053
row_more_sep_row53_col7.csv,1.4167187213897705
row_more_sep_row53_col8.csv,1.596001386642456
row_more_sep_row54_col0.csv,1.7506532669067385
row_more_sep_row54_col1.csv,1.618277072906494
row_more_sep_row54_col2.csv,1.559504747390747
row_more_sep_row54_col3.csv,1.5302555561065674
row_more_sep_row54_col4.csv,1.6186463832855225
row_more_sep_row54_col5.csv,2.0965518951416016
row_more_sep_row54_col6.csv,-1.3115856647491455
row_more_sep_row54_col7.csv,1.8890230655670168
row_more_sep_row54_col8.csv,1.5156819820404053
row_more_sep_row55_col0.csv,5.640720367431641
row_more_sep_row55_col1.csv,2.344355344772339
row_more_sep_row55_col2.csv,1.530193328857422
row_more_sep_row55_col3.csv,-0.6690723896026611
row_more_sep_row55_col4.csv,1.53798508644104
row_more_sep_row55_col5.csv,1.6407411098480225
row_more_sep_row55_col6.csv,1.5507149696350098
row_more_sep_row55_col7.csv,1.8586091995239256
row_more_sep_row55_col8.csv,1.739551305770874
row_more_sep_row56_col0.csv,2.0627710819244385
row_more_sep_row56_col1.csv,2.686927795410156
row_more_sep_row56_col2.csv,1.573396921157837
row_more_sep_row56_col3.csv,1.7134714126586914
row_more_sep_row56_col4.csv,1.530548334121704
row_more_sep_row56_col5.csv,1.608962059020996
row_more_sep_row56_col6.csv,-1.0350117683410645
row_more_sep_row56_col7.csv,2.0486485958099365
row_more_sep_row56_col8.csv,1.6219863891601562
row_more_sep_row57_col0.csv,1.5934138298034668
row_more_sep_row57_col1.csv,1.6173241138458252
row_more_sep_row57_col2.csv,0.1472742557525634
row_more_sep_row57_col3.csv,-1.3441908359527588
row_more_sep_row57_col4.csv,1.4783713817596436
row_more_sep_row57_col5.csv,1.667973518371582
row_more_sep_row57_col6.csv,1.5026516914367676
row_more_sep_row57_col7.csv,1.6207220554351809
row_more_sep_row57_col8.csv,1.8815693855285645
row_more_sep_row58_col0.csv,1.9307587146759035
row_more_sep_row58_col1.csv,1.7086894512176514
row_more_sep_row58_col2.csv,1.5694987773895264
row_more_sep_row58_col3.csv,1.7201588153839111
row_more_sep_row58_col4.csv,1.781435251235962
row_more_sep_row58_col5.csv,1.8136134147644043
row_more_sep_row58_col6.csv,1.4745452404022217
row_more_sep_row58_col7.csv,1.8890533447265625
row_more_sep_row58_col8.csv,1.681734323501587
row_more_sep_row59_col0.csv,1.5875051021575928
row_more_sep_row59_col1.csv,4.369395732879639
row_more_sep_row59_col2.csv,1.6042404174804688
row_more_sep_row59_col3.csv,-1.3077197074890137
row_more_sep_row59_col4.csv,1.9734673500061035
row_more_sep_row59_col5.csv,-1.3357834815979004
row_more_sep_row59_col6.csv,1.777557611465454
row_more_sep_row59_col7.csv,2.274809122085572
row_more_sep_row59_col8.csv,1.5836577415466309
row_more_sep_row5_col0.csv,3.03467059135437
row_more_sep_row5_col1.csv,3.005915403366089
row_more_sep_row5_col2.csv,3.0521068572998047
row_more_sep_row5_col3.csv,0.1467807292938232
row_more_sep_row5_col4.csv,3.2104814052581787
row_more_sep_row5_col5.csv,2.982322454452514
row_more_sep_row5_col6.csv,2.81769061088562
row_more_sep_row5_col7.csv,2.9879636764526367
row_more_sep_row5_col8.csv,2.791953563690185
row_more_sep_row60_col0.csv,1.7938990592956543
row_more_sep_row60_col1.csv,1.6871087551116943
row_more_sep_row60_col2.csv,3.813361406326294
row_more_sep_row60_col3.csv,1.5528719425201416
row_more_sep_row60_col4.csv,1.5534934997558594
row_more_sep_row60_col5.csv,2.1374878883361816
row_more_sep_row60_col6.csv,-0.6189343929290771
row_more_sep_row60_col7.csv,2.524137258529663
row_more_sep_row60_col8.csv,1.527585506439209
row_more_sep_row61_col0.csv,1.65419340133667
row_more_sep_row61_col1.csv,1.894500732421875
row_more_sep_row61_col2.csv,1.802091360092163
row_more_sep_row61_col3.csv,1.6711113452911377
row_more_sep_row61_col4.csv,1.929149150848389
row_more_sep_row61_col5.csv,0.1406934261322021
row_more_sep_row61_col6.csv,1.6623876094818115
row_more_sep_row61_col7.csv,1.74798583984375
row_more_sep_row61_col8.csv,2.29463005065918
row_more_sep_row62_col0.csv,-1.1332659721374512
row_more_sep_row62_col1.csv,1.5405428409576416
row_more_sep_row62_col2.csv,1.8724124431610107
row_more_sep_row62_col3.csv,1.5540149211883545
row_more_sep_row62_col4.csv,1.564321756362915
row_more_sep_row62_col5.csv,1.6245241165161133
row_more_sep_row62_col6.csv,1.6063966751098633
row_more_sep_row62_col7.csv,1.8259599208831787
row_more_sep_row62_col8.csv,2.177502155303955
row_more_sep_row63_col0.csv,1.7792043685913086
row_more_sep_row63_col1.csv,1.559396266937256
row_more_sep_row63_col2.csv,1.4940109252929688
row_more_sep_row63_col3.csv,1.5091590881347656
row_more_sep_row63_col4.csv,1.6771323680877686
row_more_sep_row63_col5.csv,3.166547536849976
row_more_sep_row63_col6.csv,1.5086886882781982
row_more_sep_row63_col7.csv,1.6171660423278809
row_more_sep_row63_col8.csv,1.7431142330169678
row_more_sep_row64_col0.csv,2.3375489711761475
row_more_sep_row64_col1.csv,3.8215219974517822
row_more_sep_row64_col2.csv,1.5535180568695068
row_more_sep_row64_col3.csv,1.7245488166809082
row_more_sep_row64_col4.csv,1.7000389099121094
row_more_sep_row64_col5.csv,1.8123314380645752
row_more_sep_row64_col6.csv,1.751225471496582
row_more_sep_row64_col7.csv,1.6284730434417725
row_more_sep_row64_col8.csv,1.8374040126800537
row_more_sep_row65_col0.csv,1.6663038730621338
row_more_sep_row65_col1.csv,1.7368896007537842
row_more_sep_row65_col2.csv,-0.6581392288208008
row_more_sep_row65_col3.csv,1.6757194995880127
row_more_sep_row65_col4.csv,1.766998052597046
row_more_sep_row65_col5.csv,1.5332119464874268
row_more_sep_row65_col6.csv,2.723546504974365
row_more_sep_row65_col7.csv,1.8382093906402588
row_more_sep_row65_col8.csv,1.71547532081604
row_more_sep_row66_col0.csv,2.239957809448242
row_more_sep_row66_col1.csv,1.6699302196502686
row_more_sep_row66_col2.csv,1.873349905014038
row_more_sep_row66_col3.csv,1.399165391921997
row_more_sep_row66_col4.csv,2.071281671524048
row_more_sep_row66_col5.csv,1.8810882568359373
row_more_sep_row66_col6.csv,1.7019734382629397
row_more_sep_row66_col7.csv,1.760324478149414
row_more_sep_row66_col8.csv,1.6017653942108154
row_more_sep_row67_col0.csv,1.851140737533569
row_more_sep_row67_col1.csv,2.424072265625
row_more_sep_row67_col2.csv,1.6354215145111084
row_more_sep_row67_col3.csv,1.6895482540130615
row_more_sep_row67_col4.csv,1.4738056659698486
row_more_sep_row67_col5.csv,1.9623899459838867
row_more_sep_row67_col6.csv,3.462581157684326
row_more_sep_row67_col7.csv,1.3490803241729736
row_more_sep_row67_col8.csv,-0.0464859008789062
row_more_sep_row68_col0.csv,1.7523252964019775
row_more_sep_row68_col1.csv,2.4511406421661377
row_more_sep_row68_col2.csv,1.5531375408172607
row_more_sep_row68_col3.csv,1.5702669620513916
row_more_sep_row68_col4.csv,1.8076529502868648
row_more_sep_row68_col5.csv,1.7047138214111328
row_more_sep_row68_col6.csv,1.508155107498169
row_more_sep_row68_col7.csv,2.016472101211548
row_more_sep_row68_col8.csv,1.6180744171142578
row_more_sep_row69_col0.csv,1.8894495964050293
row_more_sep_row69_col1.csv,2.0743298530578613
row_more_sep_row69_col2.csv,1.89783787727356
row_more_sep_row69_col3.csv,1.7269892692565918
row_more_sep_row69_col4.csv,2.3154449462890625
row_more_sep_row69_col5.csv,1.766549587249756
row_more_sep_row69_col6.csv,1.5845184326171875
row_more_sep_row69_col7.csv,1.7455852031707764
row_more_sep_row69_col8.csv,1.712759494781494
row_more_sep_row6_col0.csv,2.844043731689453
row_more_sep_row6_col1.csv,4.4863221645355225
row_more_sep_row6_col2.csv,0.336965799331665
row_more_sep_row6_col3.csv,3.0521392822265625
row_more_sep_row6_col4.csv,3.2500696182250977
row_more_sep_row6_col5.csv,1.5341973304748535
row_more_sep_row6_col6.csv,2.90574312210083
row_more_sep_row6_col7.csv,7.028165817260742
row_more_sep_row6_col8.csv,2.750680446624756
row_more_sep_row70_col0.csv,1.929170846939087
row_more_sep_row70_col1.csv,1.4988250732421875
row_more_sep_row70_col2.csv,1.6444547176361084
row_more_sep_row70_col3.csv,1.6900849342346191
row_more_sep_row70_col4.csv,1.632335901260376
row_more_sep_row70_col5.csv,1.655109167098999
row_more_sep_row70_col6.csv,1.4547626972198486
row_more_sep_row70_col7.csv,1.5805652141571045
row_more_sep_row70_col8.csv,2.258291006088257
row_more_sep_row71_col0.csv,1.5627954006195068
row_more_sep_row71_col1.csv,1.4359261989593506
row_more_sep_row71_col2.csv,1.6440098285675049
row_more_sep_row71_col3.csv,1.6639244556427002
row_more_sep_row71_col4.csv,1.7291076183319092
row_more_sep_row71_col5.csv,1.508066177368164
row_more_sep_row71_col6.csv,1.4284493923187256
row_more_sep_row71_col7.csv,1.550018310546875
row_more_sep_row71_col8.csv,1.766224384307861
row_more_sep_row72_col0.csv,1.6892952919006348
row_more_sep_row72_col1.csv,1.6624000072479248
row_more_sep_row72_col2.csv,1.784379005432129
row_more_sep_row72_col3.csv,1.492605447769165
row_more_sep_row72_col4.csv,1.7882080078125
row_more_sep_row72_col5.csv,1.4482746124267578
row_more_sep_row72_col6.csv,1.57198166847229
row_more_sep_row72_col7.csv,1.6880793571472168
row_more_sep_row72_col8.csv,-1.1585640907287598
row_more_sep_row73_col0.csv,1.7181544303894043
row_more_sep_row73_col1.csv,1.6769375801086426
row_more_sep_row73_col2.csv,1.5295884609222412
row_more_sep_row73_col3.csv,2.8833999633789062
row_more_sep_row73_col4.csv,1.809097051620484
row_more_sep_row73_col5.csv,1.7961583137512207
row_more_sep_row73_col6.csv,1.623910665512085
row_more_sep_row73_col7.csv,1.40295147895813
row_more_sep_row73_col8.csv,1.3982369899749756
row_more_sep_row74_col0.csv,2.4385313987731934
row_more_sep_row74_col1.csv,1.9010961055755613
row_more_sep_row74_col2.csv,2.1995937824249268
row_more_sep_row74_col3.csv,1.5605928897857666
row_more_sep_row74_col4.csv,1.5000431537628174
row_more_sep_row74_col5.csv,2.6325271129608154
row_more_sep_row74_col6.csv,1.847843170166016
row_more_sep_row74_col7.csv,1.4357709884643557
row_more_sep_row74_col8.csv,1.597998857498169
row_more_sep_row75_col0.csv,1.701486587524414
row_more_sep_row75_col1.csv,1.8066744804382324
row_more_sep_row75_col2.csv,1.7409543991088867
row_more_sep_row75_col3.csv,1.5972027778625488
row_more_sep_row75_col4.csv,1.5948455333709717
row_more_sep_row75_col5.csv,2.297628879547119
row_more_sep_row75_col6.csv,1.6783580780029297
row_more_sep_row75_col7.csv,1.5850536823272705
row_more_sep_row75_col8.csv,1.753242254257202
row_more_sep_row76_col0.csv,2.305987596511841
row_more_sep_row76_col1.csv,6.180338382720947
row_more_sep_row76_col2.csv,1.9894068241119385
row_more_sep_row76_col3.csv,1.849379062652588
row_more_sep_row76_col4.csv,1.900423288345337
row_more_sep_row76_col5.csv,2.161966562271118
row_more_sep_row76_col6.csv,1.7274835109710691
row_more_sep_row76_col7.csv,2.780524015426636
row_more_sep_row76_col8.csv,1.5342001914978027
row_more_sep_row77_col0.csv,2.132964372634888
row_more_sep_row77_col1.csv,1.6637585163116455
row_more_sep_row77_col2.csv,-1.3351688385009766
row_more_sep_row77_col3.csv,1.6461198329925537
row_more_sep_row77_col4.csv,1.6125805377960205
row_more_sep_row77_col5.csv,1.5126020908355713
row_more_sep_row77_col6.csv,1.5462172031402588
row_more_sep_row77_col7.csv,1.455113410949707
row_more_sep_row77_col8.csv,1.4932713508605957
row_more_sep_row78_col0.csv,-1.2540812492370603
row_more_sep_row78_col1.csv,1.875657558441162
row_more_sep_row78_col2.csv,1.420783758163452
row_more_sep_row78_col3.csv,1.580155611038208
row_more_sep_row78_col4.csv,1.735410213470459
row_more_sep_row78_col5.csv,1.9766972064971924
row_more_sep_row78_col6.csv,6.699900150299072
row_more_sep_row78_col7.csv,-1.5190489292144775
row_more_sep_row78_col8.csv,1.775305986404419
row_more_sep_row79_col0.csv,1.734454870223999
row_more_sep_row79_col1.csv,1.624521255493164
row_more_sep_row79_col2.csv,1.525202989578247
row_more_sep_row79_col3.csv,1.5569088459014893
row_more_sep_row79_col4.csv,1.440568208694458
row_more_sep_row79_col5.csv,2.9583160877227783
row_more_sep_row79_col6.csv,1.7869577407836914
row_more_sep_row79_col7.csv,1.5917503833770752
row_more_sep_row79_col8.csv,1.8987088203430176
row_more_sep_row7_col0.csv,4.563286542892456
row_more_sep_row7_col1.csv,2.9953598976135254
row_more_sep_row7_col2.csv,3.162626266479492
row_more_sep_row7_col3.csv,2.926934242248535
row_more_sep_row7_col4.csv,2.7905681133270264
row_more_sep_row7_col5.csv,3.804443597793579
row_more_sep_row7_col6.csv,3.422540664672852
row_more_sep_row7_col7.csv,2.8338208198547363
row_more_sep_row7_col8.csv,-0.1002991199493408
row_more_sep_row80_col0.csv,2.1414270401000977
row_more_sep_row80_col1.csv,1.6866350173950195
row_more_sep_row80_col2.csv,1.4808857440948486
row_more_sep_row80_col3.csv,1.4343280792236328
row_more_sep_row80_col4.csv,2.490710735321045
row_more_sep_row80_col5.csv,1.8112618923187256
row_more_sep_row80_col6.csv,1.763587474822998
row_more_sep_row80_col7.csv,3.65225601196289
row_more_sep_row80_col8.csv,1.9026014804840088
row_more_sep_row81_col0.csv,-1.2761752605438232
row_more_sep_row81_col1.csv,1.9917049407958984
row_more_sep_row81_col2.csv,1.623771905899048
row_more_sep_row81_col3.csv,-0.2372152805328369
row_more_sep_row81_col4.csv,1.6080148220062256
row_more_sep_row81_col5.csv,1.6960501670837402
row_more_sep_row81_col6.csv,1.6519899368286133
row_more_sep_row81_col7.csv,1.44258713722229
row_more_sep_row81_col8.csv,1.5816650390625
row_more_sep_row82_col0.csv,1.9509079456329343
row_more_sep_row82_col1.csv,1.588197946548462
row_more_sep_row82_col2.csv,1.978278398513794
row_more_sep_row82_col3.csv,1.3630032539367676
row_more_sep_row82_col4.csv,2.2909610271453857
row_more_sep_row82_col5.csv,1.6185071468353271
row_more_sep_row82_col6.csv,1.5711016654968262
row_more_sep_row82_col7.csv,1.532425880432129
row_more_sep_row82_col8.csv,1.571028232574463
row_more_sep_row83_col0.csv,1.886178970336914
row_more_sep_row83_col1.csv,1.6253280639648438
row_more_sep_row83_col2.csv,1.821110486984253
row_more_sep_row83_col3.csv,1.6647212505340576
row_more_sep_row83_col4.csv,2.9685330390930176
row_more_sep_row83_col5.csv,1.5411243438720703
row_more_sep_row83_col6.csv,2.9941909313201904
row_more_sep_row83_col7.csv,1.6796841621398926
row_more_sep_row83_col8.csv,2.996929407119751
row_more_sep_row8_col0.csv,3.185014486312866
row_more_sep_row8_col1.csv,2.920317888259888
row_more_sep_row8_col2.csv,3.834332942962648
row_more_sep_row8_col3.csv,3.030431032180786
row_more_sep_row8_col4.csv,3.517493486404419
row_more_sep_row8_col5.csv,5.241162538528442
row_more_sep_row8_col6.csv,2.75412917137146
row_more_sep_row8_col7.csv,3.04323148727417
row_more_sep_row8_col8.csv,2.6863813400268555
row_more_sep_row9_col0.csv,3.521690607070923
row_more_sep_row9_col1.csv,2.807952404022217
row_more_sep_row9_col2.csv,2.924184083938598
row_more_sep_row9_col3.csv,3.2424004077911377
row_more_sep_row9_col4.csv,3.91744875907898
row_more_sep_row9_col5.csv,-0.0772144794464111
row_more_sep_row9_col6.csv,3.135569334030152
row_more_sep_row9_col7.csv,3.959779977798462
row_more_sep_row9_col8.csv,1.430368423461914
source.csv,0.097752571105957
