filename,llm_hybrid_parser_gpt_5_4_mini_duckdb_time_0
file_double_trailing_newline.csv,0.0987091064453125
file_escape_char_0x00.csv,0.155332326889038
file_escape_char_0x5C.csv,0.0918250083923339
file_field_delimiter_0x20.csv,0.1572043895721435
file_field_delimiter_0x2C_0x20.csv,0.1487607955932617
file_field_delimiter_0x3B.csv,0.1015222072601318
file_field_delimiter_0x9.csv,0.0995481014251709
file_header_multirow_2.csv,0.0986864566802978
file_header_multirow_3.csv,0.1018521785736084
file_header_only.csv,0.0518939495086669
file_multitable_less.csv,0.2031190395355224
file_multitable_more.csv,0.2019779682159423
file_multitable_same.csv,0.1385169029235839
file_no_header.csv,0.0994987487792968
file_no_payload.csv,0.0251688957214355
file_no_trailing_newline.csv,0.0994679927825927
file_one_data_row.csv,0.0628302097320556
file_preamble.csv,0.169147253036499
file_quotation_char_0x27.csv,1.7742798328399658
file_record_delimiter_0xA.csv,0.0994751453399658
file_record_delimiter_0xD.csv,0.0992698669433593
row_extra_quote0_col0.csv,0.1329543590545654
row_extra_quote0_col1.csv,0.1276965141296386
row_extra_quote0_col2.csv,0.1292901039123535
row_extra_quote0_col3.csv,0.1295878887176513
row_extra_quote0_col4.csv,0.138282299041748
row_extra_quote0_col5.csv,0.1486446857452392
row_extra_quote0_col6.csv,0.1297395229339599
row_extra_quote0_col7.csv,0.1277394294738769
row_extra_quote0_col8.csv,0.1290948390960693
row_extra_quote10_col0.csv,0.1544241905212402
row_extra_quote10_col1.csv,0.1519756317138672
row_extra_quote10_col2.csv,0.1490142345428466
row_extra_quote10_col3.csv,0.1509091854095459
row_extra_quote10_col4.csv,0.1606764793395996
row_extra_quote10_col5.csv,0.1577439308166504
row_extra_quote10_col6.csv,0.1506538391113281
row_extra_quote10_col7.csv,0.1579198837280273
row_extra_quote10_col8.csv,0.1375811100006103
row_extra_quote11_col0.csv,0.1410732269287109
row_extra_quote11_col1.csv,0.1517438888549804
row_extra_quote11_col2.csv,0.1521923542022705
row_extra_quote11_col3.csv,0.1480767726898193
row_extra_quote11_col4.csv,0.1589844226837158
row_extra_quote11_col5.csv,0.1564602851867675
row_extra_quote11_col6.csv,0.1486926078796386
row_extra_quote11_col7.csv,0.1637876033782959
row_extra_quote11_col8.csv,0.1511909961700439
row_extra_quote12_col0.csv,0.141711950302124
row_extra_quote12_col1.csv,0.1534233093261718
row_extra_quote12_col2.csv,0.1540513038635254
row_extra_quote12_col3.csv,0.13873291015625
row_extra_quote12_col4.csv,0.1513583660125732
row_extra_quote12_col5.csv,0.1564228534698486
row_extra_quote12_col6.csv,0.1131222248077392
row_extra_quote12_col7.csv,0.1540772914886474
row_extra_quote12_col8.csv,0.149834394454956
row_extra_quote13_col0.csv,0.1568899154663086
row_extra_quote13_col1.csv,0.1551814079284668
row_extra_quote13_col2.csv,0.1564991474151611
row_extra_quote13_col3.csv,0.1561145782470703
row_extra_quote13_col4.csv,0.1542248725891113
row_extra_quote13_col5.csv,0.1576220989227295
row_extra_quote13_col6.csv,0.1473736763000488
row_extra_quote13_col7.csv,0.1520993709564209
row_extra_quote13_col8.csv,0.1553690433502197
row_extra_quote14_col0.csv,0.1528174877166748
row_extra_quote14_col1.csv,0.1481819152832031
row_extra_quote14_col2.csv,0.1534209251403808
row_extra_quote14_col3.csv,0.1459448337554931
row_extra_quote14_col4.csv,0.1527478694915771
row_extra_quote14_col5.csv,0.1480715274810791
row_extra_quote14_col6.csv,0.1517775058746338
row_extra_quote14_col7.csv,0.1512877941131591
row_extra_quote14_col8.csv,0.1611948013305664
row_extra_quote15_col0.csv,0.1601967811584472
row_extra_quote15_col1.csv,0.1570470333099365
row_extra_quote15_col2.csv,0.1483173370361328
row_extra_quote15_col3.csv,0.1455116271972656
row_extra_quote15_col4.csv,0.1564600467681884
row_extra_quote15_col5.csv,0.1544597148895263
row_extra_quote15_col6.csv,0.1505351066589355
row_extra_quote15_col7.csv,0.1432652473449707
row_extra_quote15_col8.csv,0.1563129425048828
row_extra_quote16_col0.csv,0.1522755622863769
row_extra_quote16_col1.csv,0.150214672088623
row_extra_quote16_col2.csv,0.1549654006958007
row_extra_quote16_col3.csv,0.1523666381835937
row_extra_quote16_col4.csv,0.1489851474761963
row_extra_quote16_col5.csv,0.1549110412597656
row_extra_quote16_col6.csv,0.1501154899597168
row_extra_quote16_col7.csv,0.1543126106262207
row_extra_quote16_col8.csv,0.1562976837158203
row_extra_quote17_col0.csv,0.1533737182617187
row_extra_quote17_col1.csv,0.1422235965728759
row_extra_quote17_col2.csv,0.1516697406768798
row_extra_quote17_col3.csv,0.1516017913818359
row_extra_quote17_col4.csv,0.1533496379852295
row_extra_quote17_col5.csv,0.1480073928833007
row_extra_quote17_col6.csv,0.156264066696167
row_extra_quote17_col7.csv,0.1536519527435302
row_extra_quote17_col8.csv,0.1483230590820312
row_extra_quote18_col0.csv,0.154275894165039
row_extra_quote18_col1.csv,0.1537768840789795
row_extra_quote18_col2.csv,0.1409757137298584
row_extra_quote18_col3.csv,0.1553518772125244
row_extra_quote18_col4.csv,0.1517510414123535
row_extra_quote18_col5.csv,0.1558208465576172
row_extra_quote18_col6.csv,0.1561934947967529
row_extra_quote18_col7.csv,0.1489040851593017
row_extra_quote18_col8.csv,0.1521906852722168
row_extra_quote19_col0.csv,0.1603951454162597
row_extra_quote19_col1.csv,0.1527173519134521
row_extra_quote19_col2.csv,0.1647350788116455
row_extra_quote19_col3.csv,0.1533279418945312
row_extra_quote19_col4.csv,0.1559517383575439
row_extra_quote19_col5.csv,0.1558675765991211
row_extra_quote19_col6.csv,0.153149127960205
row_extra_quote19_col7.csv,0.1544430255889892
row_extra_quote19_col8.csv,0.1145956516265869
row_extra_quote1_col0.csv,0.1551752090454101
row_extra_quote1_col1.csv,0.1652920246124267
row_extra_quote1_col2.csv,0.158177375793457
row_extra_quote1_col3.csv,0.1558847427368164
row_extra_quote1_col4.csv,0.1521873474121093
row_extra_quote1_col5.csv,0.1525425910949707
row_extra_quote1_col6.csv,0.1494495868682861
row_extra_quote1_col7.csv,0.1348893642425537
row_extra_quote1_col8.csv,0.1549952030181884
row_extra_quote20_col0.csv,0.157752513885498
row_extra_quote20_col1.csv,0.152677297592163
row_extra_quote20_col2.csv,0.1404123306274414
row_extra_quote20_col3.csv,0.1540327072143554
row_extra_quote20_col4.csv,0.1398394107818603
row_extra_quote20_col5.csv,0.153235912322998
row_extra_quote20_col6.csv,0.1489720344543457
row_extra_quote20_col7.csv,0.1598386764526367
row_extra_quote20_col8.csv,0.154280424118042
row_extra_quote21_col0.csv,0.1502785682678222
row_extra_quote21_col1.csv,0.1555356979370117
row_extra_quote21_col2.csv,0.1521987915039062
row_extra_quote21_col3.csv,0.1555685997009277
row_extra_quote21_col4.csv,0.1646041870117187
row_extra_quote21_col5.csv,0.1557145118713379
row_extra_quote21_col6.csv,0.1490087509155273
row_extra_quote21_col7.csv,0.1531646251678466
row_extra_quote21_col8.csv,0.1527373790740966
row_extra_quote22_col0.csv,0.1554937362670898
row_extra_quote22_col1.csv,0.1519854068756103
row_extra_quote22_col2.csv,0.1408047676086425
row_extra_quote22_col3.csv,0.1542332172393798
row_extra_quote22_col4.csv,0.1558485031127929
row_extra_quote22_col5.csv,0.1591835021972656
row_extra_quote22_col6.csv,0.155336856842041
row_extra_quote22_col7.csv,0.1507313251495361
row_extra_quote22_col8.csv,0.1489815711975097
row_extra_quote23_col0.csv,0.1530518531799316
row_extra_quote23_col1.csv,0.1608669757843017
row_extra_quote23_col2.csv,0.1438441276550293
row_extra_quote23_col3.csv,0.1532115936279297
row_extra_quote23_col4.csv,0.1518018245697021
row_extra_quote23_col5.csv,0.1538202762603759
row_extra_quote23_col6.csv,0.1484203338623047
row_extra_quote23_col7.csv,0.1521708965301513
row_extra_quote23_col8.csv,0.1535203456878662
row_extra_quote24_col0.csv,0.1550929546356201
row_extra_quote24_col1.csv,0.1562907695770263
row_extra_quote24_col2.csv,0.1576387882232666
row_extra_quote24_col3.csv,0.1581919193267822
row_extra_quote24_col4.csv,0.1533608436584472
row_extra_quote24_col5.csv,0.1481108665466308
row_extra_quote24_col6.csv,0.1553730964660644
row_extra_quote24_col7.csv,0.1593685150146484
row_extra_quote24_col8.csv,0.1523091793060302
row_extra_quote25_col0.csv,0.1487679481506347
row_extra_quote25_col1.csv,0.1517994403839111
row_extra_quote25_col2.csv,0.1564826965332031
row_extra_quote25_col3.csv,0.1585667133331298
row_extra_quote25_col4.csv,0.1512575149536132
row_extra_quote25_col5.csv,0.1522915363311767
row_extra_quote25_col6.csv,-2.784140586853028
row_extra_quote25_col7.csv,0.1561198234558105
row_extra_quote25_col8.csv,0.1523759365081787
row_extra_quote26_col0.csv,0.1508774757385254
row_extra_quote26_col1.csv,0.1494455337524414
row_extra_quote26_col2.csv,0.1509521007537841
row_extra_quote26_col3.csv,0.1665523052215576
row_extra_quote26_col4.csv,0.1544499397277832
row_extra_quote26_col5.csv,0.1559016704559326
row_extra_quote26_col6.csv,0.1561527252197265
row_extra_quote26_col7.csv,0.1566979885101318
row_extra_quote26_col8.csv,0.1497309207916259
row_extra_quote27_col0.csv,0.1528394222259521
row_extra_quote27_col1.csv,0.1499297618865966
row_extra_quote27_col2.csv,0.1581470966339111
row_extra_quote27_col3.csv,0.1510777473449707
row_extra_quote27_col4.csv,0.1517505645751953
row_extra_quote27_col5.csv,0.156275987625122
row_extra_quote27_col6.csv,0.1601452827453613
row_extra_quote27_col7.csv,0.157956838607788
row_extra_quote27_col8.csv,0.1550333499908447
row_extra_quote28_col0.csv,0.1660585403442382
row_extra_quote28_col1.csv,0.1537854671478271
row_extra_quote28_col2.csv,0.1501333713531494
row_extra_quote28_col3.csv,0.1489496231079101
row_extra_quote28_col4.csv,0.1059403419494628
row_extra_quote28_col5.csv,0.1522579193115234
row_extra_quote28_col6.csv,0.1513245105743408
row_extra_quote28_col7.csv,0.1565628051757812
row_extra_quote28_col8.csv,0.1488983631134033
row_extra_quote29_col0.csv,0.1530625820159912
row_extra_quote29_col1.csv,0.1534769535064697
row_extra_quote29_col2.csv,0.1517877578735351
row_extra_quote29_col3.csv,0.153724193572998
row_extra_quote29_col4.csv,0.1500656604766845
row_extra_quote29_col5.csv,0.1585407257080078
row_extra_quote29_col6.csv,0.1552205085754394
row_extra_quote29_col7.csv,0.1506497859954834
row_extra_quote29_col8.csv,0.1428472995758056
row_extra_quote2_col0.csv,0.1558058261871338
row_extra_quote2_col1.csv,0.1558794975280761
row_extra_quote2_col2.csv,0.1612825393676757
row_extra_quote2_col3.csv,0.1468594074249267
row_extra_quote2_col4.csv,0.156562328338623
row_extra_quote2_col5.csv,0.1578238010406494
row_extra_quote2_col6.csv,0.1539087295532226
row_extra_quote2_col7.csv,0.1540379524230957
row_extra_quote2_col8.csv,0.1499395370483398
row_extra_quote30_col0.csv,0.1523442268371582
row_extra_quote30_col1.csv,0.1596262454986572
row_extra_quote30_col2.csv,0.1541392803192138
row_extra_quote30_col3.csv,0.1581385135650634
row_extra_quote30_col4.csv,0.1418581008911132
row_extra_quote30_col5.csv,0.1771719455718994
row_extra_quote30_col6.csv,0.1500113010406494
row_extra_quote30_col7.csv,0.1547925472259521
row_extra_quote30_col8.csv,0.1517024040222168
row_extra_quote31_col0.csv,0.1513476371765136
row_extra_quote31_col1.csv,0.1544687747955322
row_extra_quote31_col2.csv,0.1546897888183593
row_extra_quote31_col3.csv,0.1543812751770019
row_extra_quote31_col4.csv,0.1509957313537597
row_extra_quote31_col5.csv,0.1556766033172607
row_extra_quote31_col6.csv,0.1461455821990966
row_extra_quote31_col7.csv,0.1525321006774902
row_extra_quote31_col8.csv,0.1528849601745605
row_extra_quote32_col0.csv,0.157006025314331
row_extra_quote32_col1.csv,0.1494340896606445
row_extra_quote32_col2.csv,0.1577274799346923
row_extra_quote32_col3.csv,0.1508221626281738
row_extra_quote32_col4.csv,0.1598742008209228
row_extra_quote32_col5.csv,0.1538281440734863
row_extra_quote32_col6.csv,0.1535329818725586
row_extra_quote32_col7.csv,0.1500697135925293
row_extra_quote32_col8.csv,0.1559810638427734
row_extra_quote33_col0.csv,0.1498098373413086
row_extra_quote33_col1.csv,0.1523857116699218
row_extra_quote33_col2.csv,0.1532106399536132
row_extra_quote33_col3.csv,0.1526401042938232
row_extra_quote33_col4.csv,0.1574351787567138
row_extra_quote33_col5.csv,0.1560671329498291
row_extra_quote33_col6.csv,0.151019811630249
row_extra_quote33_col7.csv,0.1578907966613769
row_extra_quote33_col8.csv,0.1529085636138916
row_extra_quote34_col0.csv,0.1492171287536621
row_extra_quote34_col1.csv,0.1569595336914062
row_extra_quote34_col2.csv,0.15260910987854
row_extra_quote34_col3.csv,0.1535096168518066
row_extra_quote34_col4.csv,0.1535384654998779
row_extra_quote34_col5.csv,0.1494300365447998
row_extra_quote34_col6.csv,0.1570074558258056
row_extra_quote34_col7.csv,0.1458103656768798
row_extra_quote34_col8.csv,0.1551871299743652
row_extra_quote35_col0.csv,0.1553609371185302
row_extra_quote35_col1.csv,0.1514275074005127
row_extra_quote35_col2.csv,0.1507530212402343
row_extra_quote35_col3.csv,0.1606354713439941
row_extra_quote35_col4.csv,0.1527152061462402
row_extra_quote35_col5.csv,0.1547496318817138
row_extra_quote35_col6.csv,0.1427175998687744
row_extra_quote35_col7.csv,0.1498885154724121
row_extra_quote35_col8.csv,0.154728889465332
row_extra_quote36_col0.csv,0.151555061340332
row_extra_quote36_col1.csv,0.1503055095672607
row_extra_quote36_col2.csv,0.1510767936706543
row_extra_quote36_col3.csv,0.1555278301239013
row_extra_quote36_col4.csv,0.1632492542266845
row_extra_quote36_col5.csv,0.1584730148315429
row_extra_quote36_col6.csv,0.1401326656341552
row_extra_quote36_col7.csv,0.1511657238006591
row_extra_quote36_col8.csv,0.1481986045837402
row_extra_quote37_col0.csv,0.1427857875823974
row_extra_quote37_col1.csv,0.1530594825744629
row_extra_quote37_col2.csv,0.1492342948913574
row_extra_quote37_col3.csv,0.153027057647705
row_extra_quote37_col4.csv,0.1560676097869873
row_extra_quote37_col5.csv,0.1551697254180908
row_extra_quote37_col6.csv,0.1632826328277588
row_extra_quote37_col7.csv,0.154508352279663
row_extra_quote37_col8.csv,0.1593174934387207
row_extra_quote38_col0.csv,0.1538808345794677
row_extra_quote38_col1.csv,0.1542375087738037
row_extra_quote38_col2.csv,0.1552953720092773
row_extra_quote38_col3.csv,0.1546084880828857
row_extra_quote38_col4.csv,0.1514699459075927
row_extra_quote38_col5.csv,0.1457555294036865
row_extra_quote38_col6.csv,0.156801700592041
row_extra_quote38_col7.csv,0.1530964374542236
row_extra_quote38_col8.csv,0.1590824127197265
row_extra_quote39_col0.csv,0.1559622287750244
row_extra_quote39_col1.csv,0.1554563045501709
row_extra_quote39_col2.csv,0.1514418125152588
row_extra_quote39_col3.csv,0.149533987045288
row_extra_quote39_col4.csv,0.1533906459808349
row_extra_quote39_col5.csv,0.139810562133789
row_extra_quote39_col6.csv,0.1541132926940918
row_extra_quote39_col7.csv,0.152174711227417
row_extra_quote39_col8.csv,0.1542086601257324
row_extra_quote3_col0.csv,0.1545848846435547
row_extra_quote3_col1.csv,0.1599268913269043
row_extra_quote3_col2.csv,0.1561634540557861
row_extra_quote3_col3.csv,0.1484901905059814
row_extra_quote3_col4.csv,0.1526219844818115
row_extra_quote3_col5.csv,0.1532399654388427
row_extra_quote3_col6.csv,0.1490039825439453
row_extra_quote3_col7.csv,0.1568491458892822
row_extra_quote3_col8.csv,0.1525373458862304
row_extra_quote40_col0.csv,0.155522346496582
row_extra_quote40_col1.csv,0.1605274677276611
row_extra_quote40_col2.csv,0.1541552543640136
row_extra_quote40_col3.csv,0.1556179523468017
row_extra_quote40_col4.csv,0.1532263755798339
row_extra_quote40_col5.csv,0.1519575119018554
row_extra_quote40_col6.csv,0.1575117111206054
row_extra_quote40_col7.csv,0.1429433822631836
row_extra_quote40_col8.csv,0.1515507698059082
row_extra_quote41_col0.csv,0.1517267227172851
row_extra_quote41_col1.csv,0.153594970703125
row_extra_quote41_col2.csv,0.1470744609832763
row_extra_quote41_col3.csv,0.1575284004211425
row_extra_quote41_col4.csv,0.1504287719726562
row_extra_quote41_col5.csv,0.1560730934143066
row_extra_quote41_col6.csv,0.164316177368164
row_extra_quote41_col7.csv,0.1484043598175048
row_extra_quote41_col8.csv,0.166421890258789
row_extra_quote42_col0.csv,0.146461009979248
row_extra_quote42_col1.csv,0.138235330581665
row_extra_quote42_col2.csv,-2.78720760345459
row_extra_quote42_col3.csv,0.1542713642120361
row_extra_quote42_col4.csv,0.1591160297393798
row_extra_quote42_col5.csv,0.1534440517425537
row_extra_quote42_col6.csv,0.1525061130523681
row_extra_quote42_col7.csv,0.1491065025329589
row_extra_quote42_col8.csv,0.1521542072296142
row_extra_quote43_col0.csv,0.1488347053527832
row_extra_quote43_col1.csv,0.1542317867279052
row_extra_quote43_col2.csv,0.1520202159881591
row_extra_quote43_col3.csv,0.1551871299743652
row_extra_quote43_col4.csv,0.1560556888580322
row_extra_quote43_col5.csv,0.1536440849304199
row_extra_quote43_col6.csv,0.153846263885498
row_extra_quote43_col7.csv,0.1520342826843261
row_extra_quote43_col8.csv,0.1455402374267578
row_extra_quote44_col0.csv,0.1496798992156982
row_extra_quote44_col1.csv,0.1519339084625244
row_extra_quote44_col2.csv,0.1491231918334961
row_extra_quote44_col3.csv,0.1537511348724365
row_extra_quote44_col4.csv,0.1590301990509033
row_extra_quote44_col5.csv,0.1566240787506103
row_extra_quote44_col6.csv,0.1524717807769775
row_extra_quote44_col7.csv,0.1531691551208496
row_extra_quote44_col8.csv,0.1540596485137939
row_extra_quote45_col0.csv,0.1492588520050048
row_extra_quote45_col1.csv,0.1481413841247558
row_extra_quote45_col2.csv,0.1424868106842041
row_extra_quote45_col3.csv,0.1538453102111816
row_extra_quote45_col4.csv,0.1575727462768554
row_extra_quote45_col5.csv,0.1519391536712646
row_extra_quote45_col6.csv,0.1580507755279541
row_extra_quote45_col7.csv,0.1415696144104004
row_extra_quote45_col8.csv,0.1520454883575439
row_extra_quote46_col0.csv,0.1552972793579101
row_extra_quote46_col1.csv,0.1505100727081298
row_extra_quote46_col2.csv,0.1533517837524414
row_extra_quote46_col3.csv,0.1529388427734375
row_extra_quote46_col4.csv,0.1539115905761718
row_extra_quote46_col5.csv,0.1468141078948974
row_extra_quote46_col6.csv,0.1495130062103271
row_extra_quote46_col7.csv,0.1513092517852783
row_extra_quote46_col8.csv,0.1377623081207275
row_extra_quote47_col0.csv,0.1513154506683349
row_extra_quote47_col1.csv,0.1505556106567382
row_extra_quote47_col2.csv,0.1541757583618164
row_extra_quote47_col3.csv,0.1457996368408203
row_extra_quote47_col4.csv,0.1595613956451416
row_extra_quote47_col5.csv,0.1550354957580566
row_extra_quote47_col6.csv,0.1478481292724609
row_extra_quote47_col7.csv,0.1522822380065918
row_extra_quote47_col8.csv,0.1507399082183838
row_extra_quote48_col0.csv,0.160104751586914
row_extra_quote48_col1.csv,0.1551520824432373
row_extra_quote48_col2.csv,0.1383843421936035
row_extra_quote48_col3.csv,0.1561026573181152
row_extra_quote48_col4.csv,0.1585402488708496
row_extra_quote48_col5.csv,0.1502416133880615
row_extra_quote48_col6.csv,0.1575868129730224
row_extra_quote48_col7.csv,0.1539430618286132
row_extra_quote48_col8.csv,0.1138548851013183
row_extra_quote49_col0.csv,0.1433045864105224
row_extra_quote49_col1.csv,0.1549568176269531
row_extra_quote49_col2.csv,0.1491892337799072
row_extra_quote49_col3.csv,-2.7670705318450928
row_extra_quote49_col4.csv,0.1585245132446289
row_extra_quote49_col5.csv,0.1537418365478515
row_extra_quote49_col6.csv,0.1374955177307129
row_extra_quote49_col7.csv,0.1552906036376953
row_extra_quote49_col8.csv,0.1519904136657714
row_extra_quote4_col0.csv,0.1546053886413574
row_extra_quote4_col1.csv,0.1543335914611816
row_extra_quote4_col2.csv,0.1532104015350341
row_extra_quote4_col3.csv,0.147500991821289
row_extra_quote4_col4.csv,0.1422715187072754
row_extra_quote4_col5.csv,0.151869535446167
row_extra_quote4_col6.csv,0.1558611392974853
row_extra_quote4_col7.csv,0.1592204570770263
row_extra_quote4_col8.csv,0.1554789543151855
row_extra_quote50_col0.csv,0.159513235092163
row_extra_quote50_col1.csv,0.152407169342041
row_extra_quote50_col2.csv,0.1478564739227295
row_extra_quote50_col3.csv,0.1632609367370605
row_extra_quote50_col4.csv,0.1475696563720703
row_extra_quote50_col5.csv,0.1543927192687988
row_extra_quote50_col6.csv,0.1413145065307617
row_extra_quote50_col7.csv,0.1550772190093994
row_extra_quote50_col8.csv,0.1543643474578857
row_extra_quote51_col0.csv,0.1525783538818359
row_extra_quote51_col1.csv,0.15476655960083
row_extra_quote51_col2.csv,0.1680848598480224
row_extra_quote51_col3.csv,0.1624891757965088
row_extra_quote51_col4.csv,0.1551611423492431
row_extra_quote51_col5.csv,0.1545937061309814
row_extra_quote51_col6.csv,0.140881061553955
row_extra_quote51_col7.csv,0.1605169773101806
row_extra_quote51_col8.csv,0.1530671119689941
row_extra_quote52_col0.csv,0.1541974544525146
row_extra_quote52_col1.csv,0.1507611274719238
row_extra_quote52_col2.csv,0.1541521549224853
row_extra_quote52_col3.csv,0.1499648094177246
row_extra_quote52_col4.csv,0.1558029651641845
row_extra_quote52_col5.csv,0.1495356559753418
row_extra_quote52_col6.csv,0.1549198627471923
row_extra_quote52_col7.csv,0.1534590721130371
row_extra_quote52_col8.csv,0.1557991504669189
row_extra_quote53_col0.csv,0.1496450901031494
row_extra_quote53_col1.csv,0.1548192501068115
row_extra_quote53_col2.csv,0.1519131660461425
row_extra_quote53_col3.csv,0.1557230949401855
row_extra_quote53_col4.csv,0.1570155620574951
row_extra_quote53_col5.csv,0.1517114639282226
row_extra_quote53_col6.csv,0.1484382152557373
row_extra_quote53_col7.csv,0.1523046493530273
row_extra_quote53_col8.csv,0.1571311950683593
row_extra_quote54_col0.csv,0.1514244079589843
row_extra_quote54_col1.csv,0.1496961116790771
row_extra_quote54_col2.csv,0.1565585136413574
row_extra_quote54_col3.csv,0.1405324935913086
row_extra_quote54_col4.csv,0.1557519435882568
row_extra_quote54_col5.csv,0.1540408134460449
row_extra_quote54_col6.csv,0.1402676105499267
row_extra_quote54_col7.csv,0.1561720371246338
row_extra_quote54_col8.csv,0.1512706279754638
row_extra_quote55_col0.csv,0.1548218727111816
row_extra_quote55_col1.csv,0.1497840881347656
row_extra_quote55_col2.csv,0.1548378467559814
row_extra_quote55_col3.csv,0.1505765914916992
row_extra_quote55_col4.csv,0.1442868709564209
row_extra_quote55_col5.csv,0.1586747169494629
row_extra_quote55_col6.csv,0.1499819755554199
row_extra_quote55_col7.csv,0.1404118537902832
row_extra_quote55_col8.csv,0.1540074348449707
row_extra_quote56_col0.csv,0.1557447910308838
row_extra_quote56_col1.csv,0.1501657962799072
row_extra_quote56_col2.csv,0.1495833396911621
row_extra_quote56_col3.csv,0.1503257751464843
row_extra_quote56_col4.csv,0.155423879623413
row_extra_quote56_col5.csv,0.1490936279296875
row_extra_quote56_col6.csv,0.1503937244415283
row_extra_quote56_col7.csv,0.1548900604248047
row_extra_quote56_col8.csv,0.1513509750366211
row_extra_quote57_col0.csv,0.1515872478485107
row_extra_quote57_col1.csv,0.1552443504333496
row_extra_quote57_col2.csv,0.1533656120300293
row_extra_quote57_col3.csv,0.1498563289642334
row_extra_quote57_col4.csv,0.1408817768096923
row_extra_quote57_col5.csv,0.1594069004058838
row_extra_quote57_col6.csv,0.1534020900726318
row_extra_quote57_col7.csv,0.162071943283081
row_extra_quote57_col8.csv,0.155775785446167
row_extra_quote58_col0.csv,0.1574597358703613
row_extra_quote58_col1.csv,0.1521120071411132
row_extra_quote58_col2.csv,0.1522774696350097
row_extra_quote58_col3.csv,0.1536741256713867
row_extra_quote58_col4.csv,0.152036428451538
row_extra_quote58_col5.csv,0.1486678123474121
row_extra_quote58_col6.csv,0.1588482856750488
row_extra_quote58_col7.csv,0.1510200500488281
row_extra_quote58_col8.csv,0.1526505947113037
row_extra_quote59_col0.csv,0.1493127346038818
row_extra_quote59_col1.csv,0.1548640727996826
row_extra_quote59_col2.csv,0.153083324432373
row_extra_quote59_col3.csv,0.150320291519165
row_extra_quote59_col4.csv,0.1535313129425048
row_extra_quote59_col5.csv,0.16461181640625
row_extra_quote59_col6.csv,0.1502902507781982
row_extra_quote59_col7.csv,0.1512868404388427
row_extra_quote59_col8.csv,0.15690279006958
row_extra_quote5_col0.csv,0.1481428146362304
row_extra_quote5_col1.csv,0.1535127162933349
row_extra_quote5_col2.csv,0.1537435054779052
row_extra_quote5_col3.csv,0.154444932937622
row_extra_quote5_col4.csv,0.1502280235290527
row_extra_quote5_col5.csv,0.151069164276123
row_extra_quote5_col6.csv,0.1565098762512207
row_extra_quote5_col7.csv,0.1507613658905029
row_extra_quote5_col8.csv,0.1555218696594238
row_extra_quote60_col0.csv,0.1513020992279052
row_extra_quote60_col1.csv,0.1415503025054931
row_extra_quote60_col2.csv,0.1450982093811035
row_extra_quote60_col3.csv,0.1629495620727539
row_extra_quote60_col4.csv,0.1511158943176269
row_extra_quote60_col5.csv,0.152944803237915
row_extra_quote60_col6.csv,0.1498639583587646
row_extra_quote60_col7.csv,0.1393187046051025
row_extra_quote60_col8.csv,0.1566019058227539
row_extra_quote61_col0.csv,0.1508426666259765
row_extra_quote61_col1.csv,0.1515138149261474
row_extra_quote61_col2.csv,0.1483569145202636
row_extra_quote61_col3.csv,0.146320104598999
row_extra_quote61_col4.csv,0.1548929214477539
row_extra_quote61_col5.csv,0.1507887840270996
row_extra_quote61_col6.csv,0.1536388397216797
row_extra_quote61_col7.csv,0.1518855094909668
row_extra_quote61_col8.csv,0.1116418838500976
row_extra_quote62_col0.csv,0.1418826580047607
row_extra_quote62_col1.csv,0.1547763347625732
row_extra_quote62_col2.csv,0.1558189392089843
row_extra_quote62_col3.csv,0.1511385440826416
row_extra_quote62_col4.csv,0.1512997150421142
row_extra_quote62_col5.csv,0.1538105010986328
row_extra_quote62_col6.csv,0.1575229167938232
row_extra_quote62_col7.csv,0.1513788700103759
row_extra_quote62_col8.csv,0.1505165100097656
row_extra_quote63_col0.csv,0.1594562530517578
row_extra_quote63_col1.csv,0.155684232711792
row_extra_quote63_col2.csv,0.1508569717407226
row_extra_quote63_col3.csv,0.1512589454650879
row_extra_quote63_col4.csv,0.1603624820709228
row_extra_quote63_col5.csv,0.1575369834899902
row_extra_quote63_col6.csv,0.155311107635498
row_extra_quote63_col7.csv,0.1551942825317382
row_extra_quote63_col8.csv,0.1576189994812011
row_extra_quote64_col0.csv,0.1499855518341064
row_extra_quote64_col1.csv,0.1509034633636474
row_extra_quote64_col2.csv,0.1532025337219238
row_extra_quote64_col3.csv,0.1546075344085693
row_extra_quote64_col4.csv,0.1534595489501953
row_extra_quote64_col5.csv,0.1506340503692627
row_extra_quote64_col6.csv,0.1544563770294189
row_extra_quote64_col7.csv,0.1613771915435791
row_extra_quote64_col8.csv,0.1578421592712402
row_extra_quote65_col0.csv,0.15385103225708
row_extra_quote65_col1.csv,0.1519551277160644
row_extra_quote65_col2.csv,0.1528124809265136
row_extra_quote65_col3.csv,0.1556575298309326
row_extra_quote65_col4.csv,0.1564745903015136
row_extra_quote65_col5.csv,0.1530897617340088
row_extra_quote65_col6.csv,0.1532535552978515
row_extra_quote65_col7.csv,0.1565725803375244
row_extra_quote65_col8.csv,0.150625467300415
row_extra_quote66_col0.csv,0.1519594192504882
row_extra_quote66_col1.csv,0.1540040969848632
row_extra_quote66_col2.csv,0.153203010559082
row_extra_quote66_col3.csv,0.1512672901153564
row_extra_quote66_col4.csv,0.1550426483154297
row_extra_quote66_col5.csv,0.1528291702270507
row_extra_quote66_col6.csv,0.1580574512481689
row_extra_quote66_col7.csv,0.1531934738159179
row_extra_quote66_col8.csv,0.1484425067901611
row_extra_quote67_col0.csv,0.1509406566619873
row_extra_quote67_col1.csv,0.1552200317382812
row_extra_quote67_col2.csv,0.1548941135406494
row_extra_quote67_col3.csv,0.1425933837890625
row_extra_quote67_col4.csv,0.1382069587707519
row_extra_quote67_col5.csv,0.1435816287994384
row_extra_quote67_col6.csv,0.1547000408172607
row_extra_quote67_col7.csv,0.1610994338989257
row_extra_quote67_col8.csv,0.1587674617767334
row_extra_quote68_col0.csv,0.1404736042022705
row_extra_quote68_col1.csv,0.154926061630249
row_extra_quote68_col2.csv,0.1536469459533691
row_extra_quote68_col3.csv,0.1619589328765869
row_extra_quote68_col4.csv,0.1523053646087646
row_extra_quote68_col5.csv,0.1615519523620605
row_extra_quote68_col6.csv,0.152839183807373
row_extra_quote68_col7.csv,0.1564903259277343
row_extra_quote68_col8.csv,0.1114890575408935
row_extra_quote69_col0.csv,0.1535794734954834
row_extra_quote69_col1.csv,0.1463079452514648
row_extra_quote69_col2.csv,0.1571197509765625
row_extra_quote69_col3.csv,0.1537942886352539
row_extra_quote69_col4.csv,0.1563315391540527
row_extra_quote69_col5.csv,0.1530189514160156
row_extra_quote69_col6.csv,0.1579618453979492
row_extra_quote69_col7.csv,0.1511039733886718
row_extra_quote69_col8.csv,0.1349964141845703
row_extra_quote6_col0.csv,0.152836799621582
row_extra_quote6_col1.csv,0.1397271156311035
row_extra_quote6_col2.csv,0.1525306701660156
row_extra_quote6_col3.csv,0.151228666305542
row_extra_quote6_col4.csv,0.1518409252166748
row_extra_quote6_col5.csv,0.148735761642456
row_extra_quote6_col6.csv,0.1469357013702392
row_extra_quote6_col7.csv,0.1575934886932373
row_extra_quote6_col8.csv,0.158757209777832
row_extra_quote70_col0.csv,0.1386542320251464
row_extra_quote70_col1.csv,0.1545538902282714
row_extra_quote70_col2.csv,0.1534652709960937
row_extra_quote70_col3.csv,0.1625146865844726
row_extra_quote70_col4.csv,0.1555235385894775
row_extra_quote70_col5.csv,0.1593909263610839
row_extra_quote70_col6.csv,0.1556081771850586
row_extra_quote70_col7.csv,0.1545288562774658
row_extra_quote70_col8.csv,0.1588635444641113
row_extra_quote71_col0.csv,0.1523380279541015
row_extra_quote71_col1.csv,0.1477770805358886
row_extra_quote71_col2.csv,0.1502926349639892
row_extra_quote71_col3.csv,0.1598527431488037
row_extra_quote71_col4.csv,0.1526403427124023
row_extra_quote71_col5.csv,0.1516623497009277
row_extra_quote71_col6.csv,0.1486506462097168
row_extra_quote71_col7.csv,0.153254747390747
row_extra_quote71_col8.csv,0.1532263755798339
row_extra_quote72_col0.csv,0.1546313762664795
row_extra_quote72_col1.csv,0.1537740230560302
row_extra_quote72_col2.csv,0.1474897861480713
row_extra_quote72_col3.csv,0.1565132141113281
row_extra_quote72_col4.csv,0.1526739597320556
row_extra_quote72_col5.csv,0.1542508602142334
row_extra_quote72_col6.csv,0.1593308448791504
row_extra_quote72_col7.csv,0.1531291007995605
row_extra_quote72_col8.csv,0.1575207710266113
row_extra_quote73_col0.csv,0.1592566967010498
row_extra_quote73_col1.csv,0.1520447731018066
row_extra_quote73_col2.csv,0.1528882980346679
row_extra_quote73_col3.csv,0.1542575359344482
row_extra_quote73_col4.csv,0.1514623165130615
row_extra_quote73_col5.csv,0.1525874137878418
row_extra_quote73_col6.csv,0.1578471660614013
row_extra_quote73_col7.csv,0.1535067558288574
row_extra_quote73_col8.csv,0.1627497673034668
row_extra_quote74_col0.csv,0.1552238464355468
row_extra_quote74_col1.csv,0.1490976810455322
row_extra_quote74_col2.csv,0.1476528644561767
row_extra_quote74_col3.csv,0.1491093635559082
row_extra_quote74_col4.csv,0.1505417823791504
row_extra_quote74_col5.csv,0.1537733078002929
row_extra_quote74_col6.csv,0.1519532203674316
row_extra_quote74_col7.csv,0.1511523723602295
row_extra_quote74_col8.csv,0.1603190898895263
row_extra_quote75_col0.csv,0.1547727584838867
row_extra_quote75_col1.csv,0.1493444442749023
row_extra_quote75_col2.csv,0.1484267711639404
row_extra_quote75_col3.csv,0.1536879539489746
row_extra_quote75_col4.csv,0.151590347290039
row_extra_quote75_col5.csv,0.1551470756530761
row_extra_quote75_col6.csv,0.155937910079956
row_extra_quote75_col7.csv,0.1538934707641601
row_extra_quote75_col8.csv,0.1551313400268554
row_extra_quote76_col0.csv,0.1523420810699463
row_extra_quote76_col1.csv,0.1504790782928466
row_extra_quote76_col2.csv,0.1507818698883056
row_extra_quote76_col3.csv,0.1551783084869384
row_extra_quote76_col4.csv,0.1556258201599121
row_extra_quote76_col5.csv,0.1576061248779297
row_extra_quote76_col6.csv,0.1541903018951416
row_extra_quote76_col7.csv,0.16007661819458
row_extra_quote76_col8.csv,0.154163122177124
row_extra_quote77_col0.csv,0.1530163288116455
row_extra_quote77_col1.csv,0.1515743732452392
row_extra_quote77_col2.csv,0.1501526832580566
row_extra_quote77_col3.csv,0.1510217189788818
row_extra_quote77_col4.csv,0.1575582027435302
row_extra_quote77_col5.csv,0.153388500213623
row_extra_quote77_col6.csv,0.1580677032470703
row_extra_quote77_col7.csv,0.1617927551269531
row_extra_quote77_col8.csv,0.1498143672943115
row_extra_quote78_col0.csv,0.1561512947082519
row_extra_quote78_col1.csv,0.1539735794067382
row_extra_quote78_col2.csv,0.1559264659881591
row_extra_quote78_col3.csv,0.1493730545043945
row_extra_quote78_col4.csv,0.1547126770019531
row_extra_quote78_col5.csv,0.1488513946533203
row_extra_quote78_col6.csv,0.1493654251098632
row_extra_quote78_col7.csv,0.1515340805053711
row_extra_quote78_col8.csv,0.1528801918029785
row_extra_quote79_col0.csv,0.153048038482666
row_extra_quote79_col1.csv,0.1622400283813476
row_extra_quote79_col2.csv,0.1518769264221191
row_extra_quote79_col3.csv,0.1407110691070556
row_extra_quote79_col4.csv,0.1517984867095947
row_extra_quote79_col5.csv,0.1582138538360595
row_extra_quote79_col6.csv,0.1484122276306152
row_extra_quote79_col7.csv,0.143897533416748
row_extra_quote79_col8.csv,0.1529121398925781
row_extra_quote7_col0.csv,0.1518092155456543
row_extra_quote7_col1.csv,0.1505029201507568
row_extra_quote7_col2.csv,0.1546754837036132
row_extra_quote7_col3.csv,0.152601957321167
row_extra_quote7_col4.csv,0.1109402179718017
row_extra_quote7_col5.csv,0.1574418544769287
row_extra_quote7_col6.csv,0.1538448333740234
row_extra_quote7_col7.csv,0.1512341499328613
row_extra_quote7_col8.csv,0.1594626903533935
row_extra_quote80_col0.csv,0.1528716087341308
row_extra_quote80_col1.csv,0.5773138999938965
row_extra_quote80_col2.csv,0.1478030681610107
row_extra_quote80_col3.csv,0.1515765190124511
row_extra_quote80_col4.csv,0.1412506103515625
row_extra_quote80_col5.csv,0.1580021381378173
row_extra_quote80_col6.csv,0.1505281925201416
row_extra_quote80_col7.csv,0.1537957191467285
row_extra_quote80_col8.csv,0.1538796424865722
row_extra_quote81_col0.csv,0.1538827419281005
row_extra_quote81_col1.csv,0.1553137302398681
row_extra_quote81_col2.csv,0.1512303352355957
row_extra_quote81_col3.csv,0.1522092819213867
row_extra_quote81_col4.csv,0.1620030403137207
row_extra_quote81_col5.csv,0.1492993831634521
row_extra_quote81_col6.csv,0.1559092998504638
row_extra_quote81_col7.csv,0.15299654006958
row_extra_quote81_col8.csv,0.1555612087249755
row_extra_quote82_col0.csv,0.1510329246520996
row_extra_quote82_col1.csv,0.1520884037017822
row_extra_quote82_col2.csv,0.1531476974487304
row_extra_quote82_col3.csv,0.1381998062133789
row_extra_quote82_col4.csv,0.1402745246887207
row_extra_quote82_col5.csv,0.1541585922241211
row_extra_quote82_col6.csv,0.1524994373321533
row_extra_quote82_col7.csv,0.1550076007843017
row_extra_quote82_col8.csv,0.1511428356170654
row_extra_quote83_col0.csv,0.1515359878540039
row_extra_quote83_col1.csv,0.1539220809936523
row_extra_quote83_col2.csv,0.1553685665130615
row_extra_quote83_col3.csv,0.1520771980285644
row_extra_quote83_col4.csv,0.1668779850006103
row_extra_quote83_col5.csv,0.1581909656524658
row_extra_quote83_col6.csv,0.1518394947052002
row_extra_quote83_col7.csv,0.151745319366455
row_extra_quote83_col8.csv,0.1002428531646728
row_extra_quote8_col0.csv,0.1519162654876709
row_extra_quote8_col1.csv,0.1513588428497314
row_extra_quote8_col2.csv,0.1547217369079589
row_extra_quote8_col3.csv,0.1568191051483154
row_extra_quote8_col4.csv,0.1446080207824707
row_extra_quote8_col5.csv,0.1568508148193359
row_extra_quote8_col6.csv,0.1564075946807861
row_extra_quote8_col7.csv,0.1549015045166015
row_extra_quote8_col8.csv,0.1579639911651611
row_extra_quote9_col0.csv,0.1504700183868408
row_extra_quote9_col1.csv,0.1477768421173095
row_extra_quote9_col2.csv,0.151585578918457
row_extra_quote9_col3.csv,0.1569325923919677
row_extra_quote9_col4.csv,0.1536111831665039
row_extra_quote9_col5.csv,0.1509101390838623
row_extra_quote9_col6.csv,0.1580748558044433
row_extra_quote9_col7.csv,0.1504545211791992
row_extra_quote9_col8.csv,0.1604609489440918
row_field_delimiter_0_0x20.csv,0.1627147197723388
row_field_delimiter_10_0x20.csv,0.1560919284820556
row_field_delimiter_11_0x20.csv,0.1502523422241211
row_field_delimiter_12_0x20.csv,0.1531987190246582
row_field_delimiter_13_0x20.csv,0.1534473896026611
row_field_delimiter_14_0x20.csv,0.1490051746368408
row_field_delimiter_15_0x20.csv,0.1560513973236084
row_field_delimiter_16_0x20.csv,0.1483619213104248
row_field_delimiter_17_0x20.csv,0.1558823585510254
row_field_delimiter_18_0x20.csv,0.1420674324035644
row_field_delimiter_19_0x20.csv,0.1534748077392578
row_field_delimiter_1_0x20.csv,0.1487698554992675
row_field_delimiter_20_0x20.csv,0.1550543308258056
row_field_delimiter_21_0x20.csv,0.1489243507385254
row_field_delimiter_22_0x20.csv,0.1490814685821533
row_field_delimiter_23_0x20.csv,0.1516358852386474
row_field_delimiter_24_0x20.csv,0.1546382904052734
row_field_delimiter_25_0x20.csv,0.1510977745056152
row_field_delimiter_26_0x20.csv,0.1554274559020996
row_field_delimiter_27_0x20.csv,0.1496100425720214
row_field_delimiter_28_0x20.csv,0.1372082233428955
row_field_delimiter_29_0x20.csv,0.1519696712493896
row_field_delimiter_2_0x20.csv,0.1537160873413086
row_field_delimiter_30_0x20.csv,0.1521637439727783
row_field_delimiter_31_0x20.csv,0.1495475769042968
row_field_delimiter_32_0x20.csv,0.1504404544830322
row_field_delimiter_33_0x20.csv,0.1489064693450927
row_field_delimiter_34_0x20.csv,0.1624419689178466
row_field_delimiter_35_0x20.csv,0.1535689830780029
row_field_delimiter_36_0x20.csv,0.1661162376403808
row_field_delimiter_37_0x20.csv,0.1612312793731689
row_field_delimiter_38_0x20.csv,0.1129541397094726
row_field_delimiter_39_0x20.csv,0.1531760692596435
row_field_delimiter_3_0x20.csv,0.1553318500518798
row_field_delimiter_40_0x20.csv,0.1388940811157226
row_field_delimiter_41_0x20.csv,0.1426444053649902
row_field_delimiter_42_0x20.csv,0.1511013507843017
row_field_delimiter_43_0x20.csv,0.1508443355560302
row_field_delimiter_44_0x20.csv,0.1574516296386718
row_field_delimiter_45_0x20.csv,0.1562683582305908
row_field_delimiter_46_0x20.csv,0.1553425788879394
row_field_delimiter_47_0x20.csv,0.1523566246032714
row_field_delimiter_48_0x20.csv,0.1592943668365478
row_field_delimiter_49_0x20.csv,0.149277925491333
row_field_delimiter_4_0x20.csv,0.1541481018066406
row_field_delimiter_50_0x20.csv,0.150644302368164
row_field_delimiter_51_0x20.csv,0.1571240425109863
row_field_delimiter_52_0x20.csv,0.1526806354522705
row_field_delimiter_53_0x20.csv,0.1518027782440185
row_field_delimiter_54_0x20.csv,0.1489410400390625
row_field_delimiter_55_0x20.csv,0.1571483612060547
row_field_delimiter_56_0x20.csv,0.1540772914886474
row_field_delimiter_57_0x20.csv,0.1527309417724609
row_field_delimiter_58_0x20.csv,0.1521484851837158
row_field_delimiter_59_0x20.csv,0.1519079208374023
row_field_delimiter_5_0x20.csv,0.1526060104370117
row_field_delimiter_60_0x20.csv,0.1528072357177734
row_field_delimiter_61_0x20.csv,0.1508824825286865
row_field_delimiter_62_0x20.csv,0.1561439037322998
row_field_delimiter_63_0x20.csv,0.1507136821746826
row_field_delimiter_64_0x20.csv,0.1530616283416748
row_field_delimiter_65_0x20.csv,0.1551864147186279
row_field_delimiter_66_0x20.csv,0.1482572555541992
row_field_delimiter_67_0x20.csv,0.1566371917724609
row_field_delimiter_68_0x20.csv,0.1501102447509765
row_field_delimiter_69_0x20.csv,0.1526074409484863
row_field_delimiter_6_0x20.csv,0.1585443019866943
row_field_delimiter_70_0x20.csv,0.1574101448059082
row_field_delimiter_71_0x20.csv,0.1547956466674804
row_field_delimiter_72_0x20.csv,0.1573433876037597
row_field_delimiter_73_0x20.csv,0.1426315307617187
row_field_delimiter_74_0x20.csv,0.1544611454010009
row_field_delimiter_75_0x20.csv,0.1502051353454589
row_field_delimiter_76_0x20.csv,0.1584701538085937
row_field_delimiter_77_0x20.csv,0.1506385803222656
row_field_delimiter_78_0x20.csv,0.1591036319732666
row_field_delimiter_79_0x20.csv,0.1552977561950683
row_field_delimiter_7_0x20.csv,0.1583437919616699
row_field_delimiter_80_0x20.csv,0.1739823818206787
row_field_delimiter_81_0x20.csv,0.1569037437438964
row_field_delimiter_82_0x20.csv,0.1530945301055908
row_field_delimiter_83_0x20.csv,0.1519405841827392
row_field_delimiter_8_0x20.csv,0.1531763076782226
row_field_delimiter_9_0x20.csv,0.1496164798736572
row_less_sep_row0_col1.csv,0.1521506309509277
row_less_sep_row0_col2.csv,0.1486098766326904
row_less_sep_row0_col3.csv,0.1468873023986816
row_less_sep_row0_col4.csv,0.1523959636688232
row_less_sep_row0_col5.csv,0.1517982482910156
row_less_sep_row0_col6.csv,0.1526837348937988
row_less_sep_row0_col7.csv,0.1493079662322998
row_less_sep_row0_col8.csv,0.1488842964172363
row_less_sep_row10_col1.csv,0.1545803546905517
row_less_sep_row10_col2.csv,0.1483902931213379
row_less_sep_row10_col3.csv,0.1536087989807129
row_less_sep_row10_col4.csv,0.1532211303710937
row_less_sep_row10_col5.csv,0.106654405593872
row_less_sep_row10_col6.csv,0.1555709838867187
row_less_sep_row10_col7.csv,0.1528491973876953
row_less_sep_row10_col8.csv,0.1552658081054687
row_less_sep_row11_col1.csv,0.1613466739654541
row_less_sep_row11_col2.csv,0.1557495594024658
row_less_sep_row11_col3.csv,0.1538217067718505
row_less_sep_row11_col4.csv,0.159029483795166
row_less_sep_row11_col5.csv,0.1514673233032226
row_less_sep_row11_col6.csv,0.1550028324127197
row_less_sep_row11_col7.csv,0.1547813415527343
row_less_sep_row11_col8.csv,0.1489384174346923
row_less_sep_row12_col1.csv,0.1579761505126953
row_less_sep_row12_col2.csv,0.1514019966125488
row_less_sep_row12_col3.csv,0.1528270244598388
row_less_sep_row12_col4.csv,0.1560161113739013
row_less_sep_row12_col5.csv,0.1571264266967773
row_less_sep_row12_col6.csv,0.1017744541168212
row_less_sep_row12_col7.csv,0.1534814834594726
row_less_sep_row12_col8.csv,0.1542718410491943
row_less_sep_row13_col1.csv,0.1575112342834472
row_less_sep_row13_col2.csv,0.1495535373687744
row_less_sep_row13_col3.csv,0.15460205078125
row_less_sep_row13_col4.csv,0.1574513912200927
row_less_sep_row13_col5.csv,0.1544997692108154
row_less_sep_row13_col6.csv,0.092900276184082
row_less_sep_row13_col7.csv,0.1554970741271972
row_less_sep_row13_col8.csv,0.1546716690063476
row_less_sep_row14_col1.csv,0.1542768478393554
row_less_sep_row14_col2.csv,0.1542003154754638
row_less_sep_row14_col3.csv,0.1525769233703613
row_less_sep_row14_col4.csv,0.1554727554321289
row_less_sep_row14_col5.csv,0.159783124923706
row_less_sep_row14_col6.csv,0.1032314300537109
row_less_sep_row14_col7.csv,0.1496129035949707
row_less_sep_row14_col8.csv,0.1487801074981689
row_less_sep_row15_col1.csv,0.1504991054534912
row_less_sep_row15_col2.csv,0.1467330455780029
row_less_sep_row15_col3.csv,0.1582551002502441
row_less_sep_row15_col4.csv,0.1555156707763672
row_less_sep_row15_col5.csv,0.1507823467254638
row_less_sep_row15_col6.csv,0.1599564552307129
row_less_sep_row15_col7.csv,0.1518702507019043
row_less_sep_row15_col8.csv,0.1627469062805175
row_less_sep_row16_col1.csv,0.1496286392211914
row_less_sep_row16_col2.csv,0.151235818862915
row_less_sep_row16_col3.csv,0.1570234298706054
row_less_sep_row16_col4.csv,0.1505961418151855
row_less_sep_row16_col5.csv,0.1016781330108642
row_less_sep_row16_col6.csv,0.1508247852325439
row_less_sep_row16_col7.csv,0.1552364826202392
row_less_sep_row16_col8.csv,0.1491014957427978
row_less_sep_row17_col1.csv,0.141218900680542
row_less_sep_row17_col2.csv,0.1517097949981689
row_less_sep_row17_col3.csv,0.1511895656585693
row_less_sep_row17_col4.csv,-2.785653591156006
row_less_sep_row17_col5.csv,0.151618480682373
row_less_sep_row17_col6.csv,0.0885887145996093
row_less_sep_row17_col7.csv,0.1542108058929443
row_less_sep_row17_col8.csv,0.156977891921997
row_less_sep_row18_col1.csv,0.1493868827819824
row_less_sep_row18_col2.csv,0.1439199447631836
row_less_sep_row18_col3.csv,0.151658296585083
row_less_sep_row18_col4.csv,0.1543679237365722
row_less_sep_row18_col5.csv,0.0999367237091064
row_less_sep_row18_col6.csv,0.1530771255493164
row_less_sep_row18_col7.csv,0.1551506519317627
row_less_sep_row18_col8.csv,0.1498010158538818
row_less_sep_row19_col1.csv,0.1541371345520019
row_less_sep_row19_col2.csv,0.143021821975708
row_less_sep_row19_col3.csv,0.1577732563018798
row_less_sep_row19_col4.csv,0.1504230499267578
row_less_sep_row19_col5.csv,0.1025984287261962
row_less_sep_row19_col6.csv,0.1544907093048095
row_less_sep_row19_col7.csv,0.1543672084808349
row_less_sep_row19_col8.csv,0.1562447547912597
row_less_sep_row1_col1.csv,0.1475026607513427
row_less_sep_row1_col2.csv,0.1396749019622802
row_less_sep_row1_col3.csv,0.1584908962249755
row_less_sep_row1_col4.csv,0.152782917022705
row_less_sep_row1_col5.csv,0.1547033786773681
row_less_sep_row1_col6.csv,0.1521749496459961
row_less_sep_row1_col7.csv,0.1505959033966064
row_less_sep_row1_col8.csv,0.156642198562622
row_less_sep_row20_col1.csv,0.1681125164031982
row_less_sep_row20_col2.csv,0.1548488140106201
row_less_sep_row20_col3.csv,0.155958890914917
row_less_sep_row20_col4.csv,0.1551532745361328
row_less_sep_row20_col5.csv,0.0968892574310302
row_less_sep_row20_col6.csv,0.1504712104797363
row_less_sep_row20_col7.csv,0.1580443382263183
row_less_sep_row20_col8.csv,0.1750240325927734
row_less_sep_row21_col1.csv,0.1545586585998535
row_less_sep_row21_col2.csv,0.1498034000396728
row_less_sep_row21_col3.csv,0.1484091281890869
row_less_sep_row21_col4.csv,0.1565783023834228
row_less_sep_row21_col5.csv,0.1018543243408203
row_less_sep_row21_col6.csv,0.157949686050415
row_less_sep_row21_col7.csv,0.1543042659759521
row_less_sep_row21_col8.csv,0.150552749633789
row_less_sep_row22_col1.csv,0.1560797691345214
row_less_sep_row22_col2.csv,0.1468503475189209
row_less_sep_row22_col3.csv,0.1490430831909179
row_less_sep_row22_col4.csv,0.1520745754241943
row_less_sep_row22_col5.csv,0.1029341220855712
row_less_sep_row22_col6.csv,0.1487817764282226
row_less_sep_row22_col7.csv,0.1519906520843505
row_less_sep_row22_col8.csv,0.1565713882446289
row_less_sep_row23_col1.csv,0.1541066169738769
row_less_sep_row23_col2.csv,0.1487503051757812
row_less_sep_row23_col3.csv,0.145930528640747
row_less_sep_row23_col4.csv,0.1509392261505127
row_less_sep_row23_col5.csv,0.157383918762207
row_less_sep_row23_col6.csv,0.1546151638031005
row_less_sep_row23_col7.csv,0.1553595066070556
row_less_sep_row23_col8.csv,0.1524453163146972
row_less_sep_row24_col1.csv,0.1395308971405029
row_less_sep_row24_col2.csv,0.1486620903015136
row_less_sep_row24_col3.csv,0.1520211696624755
row_less_sep_row24_col4.csv,0.1440062522888183
row_less_sep_row24_col5.csv,0.1392829418182373
row_less_sep_row24_col6.csv,0.1489167213439941
row_less_sep_row24_col7.csv,0.1543238162994384
row_less_sep_row24_col8.csv,0.1549384593963623
row_less_sep_row25_col1.csv,0.1509890556335449
row_less_sep_row25_col2.csv,0.1481537818908691
row_less_sep_row25_col3.csv,0.1508419513702392
row_less_sep_row25_col4.csv,0.1581544876098632
row_less_sep_row25_col5.csv,0.1522724628448486
row_less_sep_row25_col6.csv,0.145033597946167
row_less_sep_row25_col7.csv,0.1468536853790283
row_less_sep_row25_col8.csv,0.1984908580780029
row_less_sep_row26_col1.csv,0.152090311050415
row_less_sep_row26_col2.csv,0.1498854160308838
row_less_sep_row26_col3.csv,0.1592605113983154
row_less_sep_row26_col4.csv,0.1482741832733154
row_less_sep_row26_col5.csv,0.150949478149414
row_less_sep_row26_col6.csv,0.1005842685699462
row_less_sep_row26_col7.csv,0.1543586254119873
row_less_sep_row26_col8.csv,0.1535866260528564
row_less_sep_row27_col1.csv,0.1483585834503173
row_less_sep_row27_col2.csv,0.1432640552520752
row_less_sep_row27_col3.csv,0.1385941505432129
row_less_sep_row27_col4.csv,0.1543033123016357
row_less_sep_row27_col5.csv,0.1555883884429931
row_less_sep_row27_col6.csv,0.1511812210083007
row_less_sep_row27_col7.csv,0.157562255859375
row_less_sep_row27_col8.csv,0.1534678936004638
row_less_sep_row28_col1.csv,-2.7808492183685303
row_less_sep_row28_col2.csv,0.1510124206542968
row_less_sep_row28_col3.csv,0.157477855682373
row_less_sep_row28_col4.csv,0.1581988334655761
row_less_sep_row28_col5.csv,0.1003234386444091
row_less_sep_row28_col6.csv,0.1589336395263672
row_less_sep_row28_col7.csv,0.1541037559509277
row_less_sep_row28_col8.csv,0.153573989868164
row_less_sep_row29_col1.csv,0.1541874408721923
row_less_sep_row29_col2.csv,0.1507270336151123
row_less_sep_row29_col3.csv,0.1571738719940185
row_less_sep_row29_col4.csv,0.152815580368042
row_less_sep_row29_col5.csv,0.1661684513092041
row_less_sep_row29_col6.csv,0.1489155292510986
row_less_sep_row29_col7.csv,0.1574256420135498
row_less_sep_row29_col8.csv,0.1517672538757324
row_less_sep_row2_col1.csv,0.1555888652801513
row_less_sep_row2_col2.csv,0.1511468887329101
row_less_sep_row2_col3.csv,-2.777984857559204
row_less_sep_row2_col4.csv,0.1595058441162109
row_less_sep_row2_col5.csv,0.1509666442871093
row_less_sep_row2_col6.csv,0.151407241821289
row_less_sep_row2_col7.csv,0.1556499004364013
row_less_sep_row2_col8.csv,0.1539289951324463
row_less_sep_row30_col1.csv,0.1614382266998291
row_less_sep_row30_col2.csv,0.1529991626739502
row_less_sep_row30_col3.csv,0.1555452346801757
row_less_sep_row30_col4.csv,0.1564571857452392
row_less_sep_row30_col5.csv,0.1005373001098632
row_less_sep_row30_col6.csv,0.1590528488159179
row_less_sep_row30_col7.csv,0.1545352935791015
row_less_sep_row30_col8.csv,0.1533279418945312
row_less_sep_row31_col1.csv,0.149038553237915
row_less_sep_row31_col2.csv,0.1537296772003173
row_less_sep_row31_col3.csv,0.1521699428558349
row_less_sep_row31_col4.csv,0.1633760929107666
row_less_sep_row31_col5.csv,0.1520771980285644
row_less_sep_row31_col6.csv,0.1545288562774658
row_less_sep_row31_col7.csv,0.1590883731842041
row_less_sep_row31_col8.csv,0.1536107063293457
row_less_sep_row32_col1.csv,0.1538853645324707
row_less_sep_row32_col2.csv,0.1513574123382568
row_less_sep_row32_col3.csv,0.1536586284637451
row_less_sep_row32_col4.csv,0.1496548652648925
row_less_sep_row32_col5.csv,0.0895383358001709
row_less_sep_row32_col6.csv,0.1516170501708984
row_less_sep_row32_col7.csv,0.1605699062347412
row_less_sep_row32_col8.csv,0.1533210277557373
row_less_sep_row33_col1.csv,0.1480169296264648
row_less_sep_row33_col2.csv,0.154848575592041
row_less_sep_row33_col3.csv,0.1668388843536377
row_less_sep_row33_col4.csv,0.1529192924499511
row_less_sep_row33_col5.csv,0.0995435714721679
row_less_sep_row33_col6.csv,0.1563851833343505
row_less_sep_row33_col7.csv,0.1564030647277832
row_less_sep_row33_col8.csv,0.1567027568817138
row_less_sep_row34_col1.csv,0.155261754989624
row_less_sep_row34_col2.csv,0.1513819694519043
row_less_sep_row34_col3.csv,0.1509962081909179
row_less_sep_row34_col4.csv,0.1557686328887939
row_less_sep_row34_col5.csv,0.1454451084136963
row_less_sep_row34_col6.csv,0.1529293060302734
row_less_sep_row34_col7.csv,0.1524710655212402
row_less_sep_row34_col8.csv,0.1515681743621826
row_less_sep_row35_col1.csv,0.1557497978210449
row_less_sep_row35_col2.csv,0.143812894821167
row_less_sep_row35_col3.csv,0.1543824672698974
row_less_sep_row35_col4.csv,0.1528322696685791
row_less_sep_row35_col5.csv,0.1566083431243896
row_less_sep_row35_col6.csv,0.152456521987915
row_less_sep_row35_col7.csv,0.1499183177947998
row_less_sep_row35_col8.csv,0.1623678207397461
row_less_sep_row36_col1.csv,0.1550531387329101
row_less_sep_row36_col2.csv,0.1559629440307617
row_less_sep_row36_col3.csv,0.1570286750793457
row_less_sep_row36_col4.csv,0.1529655456542968
row_less_sep_row36_col5.csv,0.1554915904998779
row_less_sep_row36_col6.csv,0.1527414321899414
row_less_sep_row36_col7.csv,0.1423366069793701
row_less_sep_row36_col8.csv,0.1595072746276855
row_less_sep_row37_col1.csv,0.1341009140014648
row_less_sep_row37_col2.csv,0.1531262397766113
row_less_sep_row37_col3.csv,0.1499459743499755
row_less_sep_row37_col4.csv,0.1544091701507568
row_less_sep_row37_col5.csv,0.100456953048706
row_less_sep_row37_col6.csv,0.1561803817749023
row_less_sep_row37_col7.csv,0.1540670394897461
row_less_sep_row37_col8.csv,0.1564617156982422
row_less_sep_row38_col1.csv,0.1545257568359375
row_less_sep_row38_col2.csv,0.1598062515258789
row_less_sep_row38_col3.csv,0.1575679779052734
row_less_sep_row38_col4.csv,0.1540312767028808
row_less_sep_row38_col5.csv,0.0998041629791259
row_less_sep_row38_col6.csv,0.1527159214019775
row_less_sep_row38_col7.csv,0.1566917896270752
row_less_sep_row38_col8.csv,0.1596884727478027
row_less_sep_row39_col1.csv,0.1523714065551757
row_less_sep_row39_col2.csv,0.1571414470672607
row_less_sep_row39_col3.csv,0.1517932415008545
row_less_sep_row39_col4.csv,0.1494178771972656
row_less_sep_row39_col5.csv,0.1014101505279541
row_less_sep_row39_col6.csv,2.895761251449585
row_less_sep_row39_col7.csv,0.1472456455230713
row_less_sep_row39_col8.csv,0.1520600318908691
row_less_sep_row3_col1.csv,0.1474225521087646
row_less_sep_row3_col2.csv,0.1540937423706054
row_less_sep_row3_col3.csv,0.149515151977539
row_less_sep_row3_col4.csv,0.1536986827850341
row_less_sep_row3_col5.csv,0.1525840759277343
row_less_sep_row3_col6.csv,0.1011748313903808
row_less_sep_row3_col7.csv,0.1545314788818359
row_less_sep_row3_col8.csv,0.1534590721130371
row_less_sep_row40_col1.csv,0.1537330150604248
row_less_sep_row40_col2.csv,0.1580088138580322
row_less_sep_row40_col3.csv,0.1499345302581787
row_less_sep_row40_col4.csv,0.1540157794952392
row_less_sep_row40_col5.csv,0.0991969108581543
row_less_sep_row40_col6.csv,0.1500566005706787
row_less_sep_row40_col7.csv,0.1591715812683105
row_less_sep_row40_col8.csv,0.1536061763763427
row_less_sep_row41_col1.csv,0.1429154872894287
row_less_sep_row41_col2.csv,0.1519513130187988
row_less_sep_row41_col3.csv,0.1510164737701416
row_less_sep_row41_col4.csv,0.1538958549499511
row_less_sep_row41_col5.csv,0.1545212268829345
row_less_sep_row41_col6.csv,0.1473500728607177
row_less_sep_row41_col7.csv,0.1542446613311767
row_less_sep_row41_col8.csv,0.1395206451416015
row_less_sep_row42_col1.csv,0.1507339477539062
row_less_sep_row42_col2.csv,0.1381256580352783
row_less_sep_row42_col3.csv,0.1523959636688232
row_less_sep_row42_col4.csv,0.1515991687774658
row_less_sep_row42_col5.csv,0.1463544368743896
row_less_sep_row42_col6.csv,0.147700548171997
row_less_sep_row42_col7.csv,0.1527130603790283
row_less_sep_row42_col8.csv,0.1569101810455322
row_less_sep_row43_col1.csv,0.1505219936370849
row_less_sep_row43_col2.csv,0.1506831645965576
row_less_sep_row43_col3.csv,0.1533770561218261
row_less_sep_row43_col4.csv,0.1602637767791748
row_less_sep_row43_col5.csv,0.1519739627838134
row_less_sep_row43_col6.csv,0.1511332988739013
row_less_sep_row43_col7.csv,0.1495213508605957
row_less_sep_row43_col8.csv,0.150864839553833
row_less_sep_row44_col1.csv,0.1574687957763672
row_less_sep_row44_col2.csv,0.1522154808044433
row_less_sep_row44_col3.csv,0.1482377052307129
row_less_sep_row44_col4.csv,0.1506340503692627
row_less_sep_row44_col5.csv,0.155174970626831
row_less_sep_row44_col6.csv,0.1515452861785888
row_less_sep_row44_col7.csv,0.1504302024841308
row_less_sep_row44_col8.csv,0.1446602344512939
row_less_sep_row45_col1.csv,0.1624913215637207
row_less_sep_row45_col2.csv,0.1558854579925537
row_less_sep_row45_col3.csv,0.1617026329040527
row_less_sep_row45_col4.csv,0.1479547023773193
row_less_sep_row45_col5.csv,0.1035230159759521
row_less_sep_row45_col6.csv,0.1516039371490478
row_less_sep_row45_col7.csv,0.1550760269165039
row_less_sep_row45_col8.csv,0.143110990524292
row_less_sep_row46_col1.csv,0.1508874893188476
row_less_sep_row46_col2.csv,0.1567931175231933
row_less_sep_row46_col3.csv,0.1530699729919433
row_less_sep_row46_col4.csv,0.1479978561401367
row_less_sep_row46_col5.csv,0.1497554779052734
row_less_sep_row46_col6.csv,0.0887200832366943
row_less_sep_row46_col7.csv,0.1534698009490966
row_less_sep_row46_col8.csv,0.1547994613647461
row_less_sep_row47_col1.csv,0.1538083553314209
row_less_sep_row47_col2.csv,0.1558160781860351
row_less_sep_row47_col3.csv,0.1534509658813476
row_less_sep_row47_col4.csv,0.1575942039489746
row_less_sep_row47_col5.csv,0.1530749797821045
row_less_sep_row47_col6.csv,0.0995988845825195
row_less_sep_row47_col7.csv,0.1472957134246826
row_less_sep_row47_col8.csv,0.134984016418457
row_less_sep_row48_col1.csv,0.1554293632507324
row_less_sep_row48_col2.csv,0.1616761684417724
row_less_sep_row48_col3.csv,0.1538257598876953
row_less_sep_row48_col4.csv,0.141533613204956
row_less_sep_row48_col5.csv,0.1503300666809082
row_less_sep_row48_col6.csv,0.1537380218505859
row_less_sep_row48_col7.csv,0.1592631340026855
row_less_sep_row48_col8.csv,0.1542568206787109
row_less_sep_row49_col1.csv,0.1616270542144775
row_less_sep_row49_col2.csv,0.1548199653625488
row_less_sep_row49_col3.csv,0.1525356769561767
row_less_sep_row49_col4.csv,0.1575961112976074
row_less_sep_row49_col5.csv,0.1050608158111572
row_less_sep_row49_col6.csv,0.1536531448364257
row_less_sep_row49_col7.csv,0.1522688865661621
row_less_sep_row49_col8.csv,0.1569588184356689
row_less_sep_row4_col1.csv,0.1530709266662597
row_less_sep_row4_col2.csv,0.1526989936828613
row_less_sep_row4_col3.csv,0.1565306186676025
row_less_sep_row4_col4.csv,0.1550188064575195
row_less_sep_row4_col5.csv,0.1553633213043213
row_less_sep_row4_col6.csv,0.1544644832611084
row_less_sep_row4_col7.csv,0.1434502601623535
row_less_sep_row4_col8.csv,0.1492187976837158
row_less_sep_row50_col1.csv,0.1550941467285156
row_less_sep_row50_col2.csv,0.1551423072814941
row_less_sep_row50_col3.csv,0.1462786197662353
row_less_sep_row50_col4.csv,0.1529197692871093
row_less_sep_row50_col5.csv,0.155698537826538
row_less_sep_row50_col6.csv,0.099391222000122
row_less_sep_row50_col7.csv,0.1528871059417724
row_less_sep_row50_col8.csv,0.1505985260009765
row_less_sep_row51_col1.csv,0.1521587371826172
row_less_sep_row51_col2.csv,0.1603879928588867
row_less_sep_row51_col3.csv,0.1445763111114502
row_less_sep_row51_col4.csv,0.1586647033691406
row_less_sep_row51_col5.csv,0.1553137302398681
row_less_sep_row51_col6.csv,0.1512670516967773
row_less_sep_row51_col7.csv,0.1523253917694091
row_less_sep_row51_col8.csv,0.1530265808105468
row_less_sep_row52_col1.csv,0.1537365913391113
row_less_sep_row52_col2.csv,0.1488459110260009
row_less_sep_row52_col3.csv,0.1501660346984863
row_less_sep_row52_col4.csv,0.1588332653045654
row_less_sep_row52_col5.csv,1.5036404132843018
row_less_sep_row52_col6.csv,0.1502697467803955
row_less_sep_row52_col7.csv,0.1505913734436035
row_less_sep_row52_col8.csv,0.1521286964416504
row_less_sep_row53_col1.csv,0.1580297946929931
row_less_sep_row53_col2.csv,0.1567273139953613
row_less_sep_row53_col3.csv,0.1504371166229248
row_less_sep_row53_col4.csv,0.1548082828521728
row_less_sep_row53_col5.csv,0.151416540145874
row_less_sep_row53_col6.csv,0.0994000434875488
row_less_sep_row53_col7.csv,0.1509718894958496
row_less_sep_row53_col8.csv,0.1489500999450683
row_less_sep_row54_col1.csv,0.1503760814666748
row_less_sep_row54_col2.csv,0.1586279869079589
row_less_sep_row54_col3.csv,0.1510627269744873
row_less_sep_row54_col4.csv,0.14219331741333
row_less_sep_row54_col5.csv,0.1000962257385253
row_less_sep_row54_col6.csv,0.1509459018707275
row_less_sep_row54_col7.csv,0.1554708480834961
row_less_sep_row54_col8.csv,0.155364990234375
row_less_sep_row55_col1.csv,0.1429104804992675
row_less_sep_row55_col2.csv,0.15907883644104
row_less_sep_row55_col3.csv,0.1521418094635009
row_less_sep_row55_col4.csv,0.1545197963714599
row_less_sep_row55_col5.csv,0.1404261589050293
row_less_sep_row55_col6.csv,0.1018958091735839
row_less_sep_row55_col7.csv,0.1498692035675048
row_less_sep_row55_col8.csv,0.1489953994750976
row_less_sep_row56_col1.csv,0.1485128402709961
row_less_sep_row56_col2.csv,0.1489672660827636
row_less_sep_row56_col3.csv,0.1410470008850097
row_less_sep_row56_col4.csv,0.1509578227996826
row_less_sep_row56_col5.csv,0.1522128582000732
row_less_sep_row56_col6.csv,0.1523120403289795
row_less_sep_row56_col7.csv,0.151010513305664
row_less_sep_row56_col8.csv,0.1590871810913086
row_less_sep_row57_col1.csv,0.1595120429992675
row_less_sep_row57_col2.csv,0.1513192653656005
row_less_sep_row57_col3.csv,0.1514995098114013
row_less_sep_row57_col4.csv,0.1442513465881347
row_less_sep_row57_col5.csv,0.152947187423706
row_less_sep_row57_col6.csv,0.0977969169616699
row_less_sep_row57_col7.csv,0.1512501239776611
row_less_sep_row57_col8.csv,0.1567525863647461
row_less_sep_row58_col1.csv,0.1554756164550781
row_less_sep_row58_col2.csv,0.1405797004699707
row_less_sep_row58_col3.csv,0.15191650390625
row_less_sep_row58_col4.csv,0.1525609493255615
row_less_sep_row58_col5.csv,0.1035594940185546
row_less_sep_row58_col6.csv,0.1535172462463379
row_less_sep_row58_col7.csv,0.1577212810516357
row_less_sep_row58_col8.csv,0.1529765129089355
row_less_sep_row59_col1.csv,0.1479549407958984
row_less_sep_row59_col2.csv,0.1545181274414062
row_less_sep_row59_col3.csv,0.1518440246582031
row_less_sep_row59_col4.csv,0.1524555683135986
row_less_sep_row59_col5.csv,0.1387362480163574
row_less_sep_row59_col6.csv,0.1581885814666748
row_less_sep_row59_col7.csv,0.1515953540802002
row_less_sep_row59_col8.csv,0.1591372489929199
row_less_sep_row5_col1.csv,0.1458094120025634
row_less_sep_row5_col2.csv,0.1626350879669189
row_less_sep_row5_col3.csv,0.1528079509735107
row_less_sep_row5_col4.csv,0.1556768417358398
row_less_sep_row5_col5.csv,0.0866444110870361
row_less_sep_row5_col6.csv,0.1533870697021484
row_less_sep_row5_col7.csv,0.1518595218658447
row_less_sep_row5_col8.csv,0.1554200649261474
row_less_sep_row60_col1.csv,0.1780471801757812
row_less_sep_row60_col2.csv,0.1569008827209472
row_less_sep_row60_col3.csv,0.151846170425415
row_less_sep_row60_col4.csv,0.1532235145568847
row_less_sep_row60_col5.csv,0.1074261665344238
row_less_sep_row60_col6.csv,0.1545772552490234
row_less_sep_row60_col7.csv,0.1567332744598388
row_less_sep_row60_col8.csv,0.1508405208587646
row_less_sep_row61_col1.csv,0.153336763381958
row_less_sep_row61_col2.csv,0.1532623767852783
row_less_sep_row61_col3.csv,0.1559689044952392
row_less_sep_row61_col4.csv,0.15777587890625
row_less_sep_row61_col5.csv,0.1508793830871582
row_less_sep_row61_col6.csv,0.0987546443939209
row_less_sep_row61_col7.csv,0.1529436111450195
row_less_sep_row61_col8.csv,0.1484236717224121
row_less_sep_row62_col1.csv,0.1499273777008056
row_less_sep_row62_col2.csv,0.1518793106079101
row_less_sep_row62_col3.csv,0.1480603218078613
row_less_sep_row62_col4.csv,0.1347572803497314
row_less_sep_row62_col5.csv,0.1518342494964599
row_less_sep_row62_col6.csv,0.102384328842163
row_less_sep_row62_col7.csv,0.1573593616485595
row_less_sep_row62_col8.csv,0.158581256866455
row_less_sep_row63_col1.csv,0.1622481346130371
row_less_sep_row63_col2.csv,0.1550471782684326
row_less_sep_row63_col3.csv,0.1686677932739257
row_less_sep_row63_col4.csv,0.1561958789825439
row_less_sep_row63_col5.csv,1.6584632396697998
row_less_sep_row63_col6.csv,0.1512813568115234
row_less_sep_row63_col7.csv,0.1452584266662597
row_less_sep_row63_col8.csv,0.1508004665374755
row_less_sep_row64_col1.csv,0.1482491493225097
row_less_sep_row64_col2.csv,0.1727716922760009
row_less_sep_row64_col3.csv,0.1571273803710937
row_less_sep_row64_col4.csv,0.1540486812591552
row_less_sep_row64_col5.csv,0.0955464839935302
row_less_sep_row64_col6.csv,0.1570706367492675
row_less_sep_row64_col7.csv,0.1541659832000732
row_less_sep_row64_col8.csv,0.1555359363555908
row_less_sep_row65_col1.csv,0.1375253200531005
row_less_sep_row65_col2.csv,0.1524035930633545
row_less_sep_row65_col3.csv,0.1615381240844726
row_less_sep_row65_col4.csv,0.1573288440704345
row_less_sep_row65_col5.csv,0.152414321899414
row_less_sep_row65_col6.csv,0.0987093448638916
row_less_sep_row65_col7.csv,0.1523540019989013
row_less_sep_row65_col8.csv,0.1527535915374755
row_less_sep_row66_col1.csv,0.1618249416351318
row_less_sep_row66_col2.csv,0.1536779403686523
row_less_sep_row66_col3.csv,0.1539466381072998
row_less_sep_row66_col4.csv,0.152846097946167
row_less_sep_row66_col5.csv,0.1532385349273681
row_less_sep_row66_col6.csv,0.1480100154876709
row_less_sep_row66_col7.csv,0.1564702987670898
row_less_sep_row66_col8.csv,0.1527516841888427
row_less_sep_row67_col1.csv,0.1509463787078857
row_less_sep_row67_col2.csv,0.1547956466674804
row_less_sep_row67_col3.csv,0.1519317626953125
row_less_sep_row67_col4.csv,0.1485199928283691
row_less_sep_row67_col5.csv,0.156031847000122
row_less_sep_row67_col6.csv,0.1566042900085449
row_less_sep_row67_col7.csv,0.1519896984100341
row_less_sep_row67_col8.csv,0.151299238204956
row_less_sep_row68_col1.csv,0.1383633613586425
row_less_sep_row68_col2.csv,0.1553406715393066
row_less_sep_row68_col3.csv,0.155414342880249
row_less_sep_row68_col4.csv,0.1498739719390869
row_less_sep_row68_col5.csv,0.1576151847839355
row_less_sep_row68_col6.csv,0.131274938583374
row_less_sep_row68_col7.csv,0.1480295658111572
row_less_sep_row68_col8.csv,0.1513640880584716
row_less_sep_row69_col1.csv,0.1525483131408691
row_less_sep_row69_col2.csv,0.1504702568054199
row_less_sep_row69_col3.csv,0.156691312789917
row_less_sep_row69_col4.csv,0.153045654296875
row_less_sep_row69_col5.csv,0.1000173091888427
row_less_sep_row69_col6.csv,0.1548736095428466
row_less_sep_row69_col7.csv,0.1540946960449218
row_less_sep_row69_col8.csv,0.1527016162872314
row_less_sep_row6_col1.csv,0.1554450988769531
row_less_sep_row6_col2.csv,0.1500115394592285
row_less_sep_row6_col3.csv,0.1553690433502197
row_less_sep_row6_col4.csv,0.1534619331359863
row_less_sep_row6_col5.csv,0.1564135551452636
row_less_sep_row6_col6.csv,0.0997247695922851
row_less_sep_row6_col7.csv,0.1505916118621826
row_less_sep_row6_col8.csv,0.153670072555542
row_less_sep_row70_col1.csv,0.1542811393737793
row_less_sep_row70_col2.csv,0.1438186168670654
row_less_sep_row70_col3.csv,0.1512017250061035
row_less_sep_row70_col4.csv,0.1502237319946289
row_less_sep_row70_col5.csv,0.1563701629638672
row_less_sep_row70_col6.csv,0.1509482860565185
row_less_sep_row70_col7.csv,0.1576254367828369
row_less_sep_row70_col8.csv,0.1531980037689209
row_less_sep_row71_col1.csv,0.1641726493835449
row_less_sep_row71_col2.csv,0.1516411304473877
row_less_sep_row71_col3.csv,0.1437239646911621
row_less_sep_row71_col4.csv,0.1551055908203125
row_less_sep_row71_col5.csv,0.0990700721740722
row_less_sep_row71_col6.csv,0.1536638736724853
row_less_sep_row71_col7.csv,0.1457700729370117
row_less_sep_row71_col8.csv,0.1525688171386718
row_less_sep_row72_col1.csv,0.1511874198913574
row_less_sep_row72_col2.csv,0.159555435180664
row_less_sep_row72_col3.csv,0.1532166004180908
row_less_sep_row72_col4.csv,0.1495420932769775
row_less_sep_row72_col5.csv,0.1511414051055908
row_less_sep_row72_col6.csv,0.1036510467529296
row_less_sep_row72_col7.csv,0.1576294898986816
row_less_sep_row72_col8.csv,0.1603345870971679
row_less_sep_row73_col1.csv,0.1551673412322998
row_less_sep_row73_col2.csv,0.1519832611083984
row_less_sep_row73_col3.csv,0.1523144245147705
row_less_sep_row73_col4.csv,0.1537022590637207
row_less_sep_row73_col5.csv,0.1544809341430664
row_less_sep_row73_col6.csv,0.1416542530059814
row_less_sep_row73_col7.csv,0.1513581275939941
row_less_sep_row73_col8.csv,0.1530427932739257
row_less_sep_row74_col1.csv,0.1576263904571533
row_less_sep_row74_col2.csv,0.1536476612091064
row_less_sep_row74_col3.csv,0.152012825012207
row_less_sep_row74_col4.csv,0.1486015319824218
row_less_sep_row74_col5.csv,0.1541767120361328
row_less_sep_row74_col6.csv,0.138617992401123
row_less_sep_row74_col7.csv,0.1602563858032226
row_less_sep_row74_col8.csv,0.1554617881774902
row_less_sep_row75_col1.csv,0.1519396305084228
row_less_sep_row75_col2.csv,0.1529905796051025
row_less_sep_row75_col3.csv,0.1536562442779541
row_less_sep_row75_col4.csv,0.1537942886352539
row_less_sep_row75_col5.csv,0.151090383529663
row_less_sep_row75_col6.csv,0.1536378860473632
row_less_sep_row75_col7.csv,0.1539342403411865
row_less_sep_row75_col8.csv,0.1516389846801757
row_less_sep_row76_col1.csv,0.1530046463012695
row_less_sep_row76_col2.csv,0.1571259498596191
row_less_sep_row76_col3.csv,0.1557149887084961
row_less_sep_row76_col4.csv,0.1498634815216064
row_less_sep_row76_col5.csv,0.1537079811096191
row_less_sep_row76_col6.csv,0.1123528480529785
row_less_sep_row76_col7.csv,0.153252363204956
row_less_sep_row76_col8.csv,0.1398975849151611
row_less_sep_row77_col1.csv,0.1599280834197998
row_less_sep_row77_col2.csv,0.1494638919830322
row_less_sep_row77_col3.csv,0.1514954566955566
row_less_sep_row77_col4.csv,0.1516509056091308
row_less_sep_row77_col5.csv,0.1480507850646972
row_less_sep_row77_col6.csv,0.1025419235229492
row_less_sep_row77_col7.csv,0.1505944728851318
row_less_sep_row77_col8.csv,0.1506628990173339
row_less_sep_row78_col1.csv,0.1434202194213867
row_less_sep_row78_col2.csv,0.1559736728668213
row_less_sep_row78_col3.csv,0.1538124084472656
row_less_sep_row78_col4.csv,0.1662063598632812
row_less_sep_row78_col5.csv,0.1490240097045898
row_less_sep_row78_col6.csv,0.1477053165435791
row_less_sep_row78_col7.csv,0.1554839611053466
row_less_sep_row78_col8.csv,0.1528215408325195
row_less_sep_row79_col1.csv,0.1466579437255859
row_less_sep_row79_col2.csv,0.1416077613830566
row_less_sep_row79_col3.csv,0.1579837799072265
row_less_sep_row79_col4.csv,0.1549551486968994
row_less_sep_row79_col5.csv,0.143106460571289
row_less_sep_row79_col6.csv,0.1382544040679931
row_less_sep_row79_col7.csv,0.1513619422912597
row_less_sep_row79_col8.csv,0.1528034210205078
row_less_sep_row7_col1.csv,0.1547138690948486
row_less_sep_row7_col2.csv,0.1561520099639892
row_less_sep_row7_col3.csv,0.149463415145874
row_less_sep_row7_col4.csv,0.1587917804718017
row_less_sep_row7_col5.csv,0.1537551879882812
row_less_sep_row7_col6.csv,0.1526312828063964
row_less_sep_row7_col7.csv,0.1547362804412841
row_less_sep_row7_col8.csv,0.1557960510253906
row_less_sep_row80_col1.csv,0.1521604061126709
row_less_sep_row80_col2.csv,0.1522648334503173
row_less_sep_row80_col3.csv,0.1564016342163086
row_less_sep_row80_col4.csv,0.1524667739868164
row_less_sep_row80_col5.csv,0.1002149581909179
row_less_sep_row80_col6.csv,0.1543374061584472
row_less_sep_row80_col7.csv,0.1550159454345703
row_less_sep_row80_col8.csv,0.1517553329467773
row_less_sep_row81_col1.csv,0.1547472476959228
row_less_sep_row81_col2.csv,0.1504418849945068
row_less_sep_row81_col3.csv,0.1525382995605468
row_less_sep_row81_col4.csv,0.1392431259155273
row_less_sep_row81_col5.csv,0.1586921215057373
row_less_sep_row81_col6.csv,0.1361846923828125
row_less_sep_row81_col7.csv,0.1509277820587158
row_less_sep_row81_col8.csv,0.1536648273468017
row_less_sep_row82_col1.csv,0.1537766456604004
row_less_sep_row82_col2.csv,0.1494567394256591
row_less_sep_row82_col3.csv,0.1559112071990966
row_less_sep_row82_col4.csv,0.1471142768859863
row_less_sep_row82_col5.csv,0.1578123569488525
row_less_sep_row82_col6.csv,0.1527271270751953
row_less_sep_row82_col7.csv,0.1540870666503906
row_less_sep_row82_col8.csv,0.1604609489440918
row_less_sep_row83_col1.csv,0.1523017883300781
row_less_sep_row83_col2.csv,0.1551213264465332
row_less_sep_row83_col3.csv,0.1512420177459716
row_less_sep_row83_col4.csv,0.1551837921142578
row_less_sep_row83_col5.csv,0.0995469093322753
row_less_sep_row83_col6.csv,0.1516568660736084
row_less_sep_row83_col7.csv,0.1576030254364013
row_less_sep_row83_col8.csv,-2.77559494972229
row_less_sep_row8_col1.csv,0.151686429977417
row_less_sep_row8_col2.csv,0.1568491458892822
row_less_sep_row8_col3.csv,0.1544668674468994
row_less_sep_row8_col4.csv,0.1521551609039306
row_less_sep_row8_col5.csv,0.1029701232910156
row_less_sep_row8_col6.csv,0.1502792835235595
row_less_sep_row8_col7.csv,0.1548588275909423
row_less_sep_row8_col8.csv,0.151118516921997
row_less_sep_row9_col1.csv,0.1518292427062988
row_less_sep_row9_col2.csv,0.1482656002044677
row_less_sep_row9_col3.csv,0.1540348529815673
row_less_sep_row9_col4.csv,0.1555702686309814
row_less_sep_row9_col5.csv,0.1034216880798339
row_less_sep_row9_col6.csv,0.1619858741760254
row_less_sep_row9_col7.csv,0.153163194656372
row_less_sep_row9_col8.csv,0.1534342765808105
row_more_sep_row0_col0.csv,0.1612148284912109
row_more_sep_row0_col1.csv,0.1441900730133056
row_more_sep_row0_col2.csv,0.1551830768585205
row_more_sep_row0_col3.csv,0.1533339023590088
row_more_sep_row0_col4.csv,0.1565496921539306
row_more_sep_row0_col5.csv,0.1557874679565429
row_more_sep_row0_col6.csv,0.1434168815612793
row_more_sep_row0_col7.csv,0.1470215320587158
row_more_sep_row0_col8.csv,0.1573081016540527
row_more_sep_row10_col0.csv,0.1095855236053466
row_more_sep_row10_col1.csv,0.0986402034759521
row_more_sep_row10_col2.csv,0.1090714931488037
row_more_sep_row10_col3.csv,0.108628511428833
row_more_sep_row10_col4.csv,0.1072800159454345
row_more_sep_row10_col5.csv,0.1032264232635498
row_more_sep_row10_col6.csv,0.1458578109741211
row_more_sep_row10_col7.csv,0.1436460018157959
row_more_sep_row10_col8.csv,0.1087231636047363
row_more_sep_row11_col0.csv,0.1461310386657714
row_more_sep_row11_col1.csv,0.1491901874542236
row_more_sep_row11_col2.csv,0.1336100101470947
row_more_sep_row11_col3.csv,0.1376700401306152
row_more_sep_row11_col4.csv,0.1445333957672119
row_more_sep_row11_col5.csv,0.1326704025268554
row_more_sep_row11_col6.csv,0.146592378616333
row_more_sep_row11_col7.csv,-2.7856249809265137
row_more_sep_row11_col8.csv,0.1094937324523925
row_more_sep_row12_col0.csv,0.1110832691192627
row_more_sep_row12_col1.csv,0.1099464893341064
row_more_sep_row12_col2.csv,0.1084561347961425
row_more_sep_row12_col3.csv,0.1473517417907714
row_more_sep_row12_col4.csv,0.1475081443786621
row_more_sep_row12_col5.csv,0.1437599658966064
row_more_sep_row12_col6.csv,0.1527013778686523
row_more_sep_row12_col7.csv,0.1088876724243164
row_more_sep_row12_col8.csv,0.1062908172607421
row_more_sep_row13_col0.csv,0.1497774124145507
row_more_sep_row13_col1.csv,0.1452462673187255
row_more_sep_row13_col2.csv,0.147029161453247
row_more_sep_row13_col3.csv,0.1483066082000732
row_more_sep_row13_col4.csv,0.1471338272094726
row_more_sep_row13_col5.csv,0.1480419635772705
row_more_sep_row13_col6.csv,0.1346716880798339
row_more_sep_row13_col7.csv,0.1508457660675048
row_more_sep_row13_col8.csv,0.1084542274475097
row_more_sep_row14_col0.csv,0.1112098693847656
row_more_sep_row14_col1.csv,0.1098237037658691
row_more_sep_row14_col2.csv,0.1014058589935302
row_more_sep_row14_col3.csv,0.1441793441772461
row_more_sep_row14_col4.csv,0.140549898147583
row_more_sep_row14_col5.csv,0.1479613780975341
row_more_sep_row14_col6.csv,0.1465697288513183
row_more_sep_row14_col7.csv,0.1633462905883789
row_more_sep_row14_col8.csv,0.1471729278564453
row_more_sep_row15_col0.csv,0.1193094253540039
row_more_sep_row15_col1.csv,0.1115989685058593
row_more_sep_row15_col2.csv,0.1103441715240478
row_more_sep_row15_col3.csv,0.1498937606811523
row_more_sep_row15_col4.csv,0.1491718292236328
row_more_sep_row15_col5.csv,0.1432020664215088
row_more_sep_row15_col6.csv,0.1495585441589355
row_more_sep_row15_col7.csv,0.1470935344696045
row_more_sep_row15_col8.csv,0.1085283756256103
row_more_sep_row16_col0.csv,0.1101250648498535
row_more_sep_row16_col1.csv,0.1048283576965332
row_more_sep_row16_col2.csv,0.1473598480224609
row_more_sep_row16_col3.csv,0.1528542041778564
row_more_sep_row16_col4.csv,0.1511011123657226
row_more_sep_row16_col5.csv,0.1448729038238525
row_more_sep_row16_col6.csv,0.1505837440490722
row_more_sep_row16_col7.csv,0.1482894420623779
row_more_sep_row16_col8.csv,0.098484992980957
row_more_sep_row17_col0.csv,0.1509287357330322
row_more_sep_row17_col1.csv,0.144242525100708
row_more_sep_row17_col2.csv,0.1440253257751464
row_more_sep_row17_col3.csv,0.1541852951049804
row_more_sep_row17_col4.csv,0.1478443145751953
row_more_sep_row17_col5.csv,0.148667573928833
row_more_sep_row17_col6.csv,0.1484837532043457
row_more_sep_row17_col7.csv,0.1428942680358886
row_more_sep_row17_col8.csv,0.1087870597839355
row_more_sep_row18_col0.csv,0.1469373703002929
row_more_sep_row18_col1.csv,0.1448662281036377
row_more_sep_row18_col2.csv,0.1500413417816162
row_more_sep_row18_col3.csv,0.1494479179382324
row_more_sep_row18_col4.csv,0.1475727558135986
row_more_sep_row18_col5.csv,0.1525018215179443
row_more_sep_row18_col6.csv,0.1525065898895263
row_more_sep_row18_col7.csv,0.1476180553436279
row_more_sep_row18_col8.csv,0.1092529296875
row_more_sep_row19_col0.csv,0.1074821949005127
row_more_sep_row19_col1.csv,0.1088752746582031
row_more_sep_row19_col2.csv,0.1488604545593261
row_more_sep_row19_col3.csv,0.1450119018554687
row_more_sep_row19_col4.csv,0.1529915332794189
row_more_sep_row19_col5.csv,0.1459348201751709
row_more_sep_row19_col6.csv,0.1477415561676025
row_more_sep_row19_col7.csv,0.1468386650085449
row_more_sep_row19_col8.csv,0.1123280525207519
row_more_sep_row1_col0.csv,0.1095349788665771
row_more_sep_row1_col1.csv,0.1095108985900878
row_more_sep_row1_col2.csv,0.1498889923095703
row_more_sep_row1_col3.csv,0.1441400051116943
row_more_sep_row1_col4.csv,0.1461091041564941
row_more_sep_row1_col5.csv,0.1477015018463134
row_more_sep_row1_col6.csv,0.1479816436767578
row_more_sep_row1_col7.csv,0.1510920524597168
row_more_sep_row1_col8.csv,0.107102632522583
row_more_sep_row20_col0.csv,0.1094207763671875
row_more_sep_row20_col1.csv,0.1071217060089111
row_more_sep_row20_col2.csv,0.1017971038818359
row_more_sep_row20_col3.csv,0.1082487106323242
row_more_sep_row20_col4.csv,0.1546874046325683
row_more_sep_row20_col5.csv,0.1475250720977783
row_more_sep_row20_col6.csv,0.1534566879272461
row_more_sep_row20_col7.csv,0.1481845378875732
row_more_sep_row20_col8.csv,0.1066224575042724
row_more_sep_row21_col0.csv,0.1123948097229003
row_more_sep_row21_col1.csv,0.10813570022583
row_more_sep_row21_col2.csv,0.1100070476531982
row_more_sep_row21_col3.csv,0.1491074562072754
row_more_sep_row21_col4.csv,0.152958869934082
row_more_sep_row21_col5.csv,0.1500749588012695
row_more_sep_row21_col6.csv,0.1072235107421875
row_more_sep_row21_col7.csv,0.1433758735656738
row_more_sep_row21_col8.csv,0.1077604293823242
row_more_sep_row22_col0.csv,0.1056113243103027
row_more_sep_row22_col1.csv,0.1092252731323242
row_more_sep_row22_col2.csv,0.112483263015747
row_more_sep_row22_col3.csv,0.1014108657836914
row_more_sep_row22_col4.csv,0.1478667259216308
row_more_sep_row22_col5.csv,0.1078016757965087
row_more_sep_row22_col6.csv,0.1360363960266113
row_more_sep_row22_col7.csv,0.1454696655273437
row_more_sep_row22_col8.csv,0.1093342304229736
row_more_sep_row23_col0.csv,0.107689619064331
row_more_sep_row23_col1.csv,0.1489717960357666
row_more_sep_row23_col2.csv,0.1524877548217773
row_more_sep_row23_col3.csv,0.1508505344390869
row_more_sep_row23_col4.csv,0.1456360816955566
row_more_sep_row23_col5.csv,0.1416573524475097
row_more_sep_row23_col6.csv,0.1479239463806152
row_more_sep_row23_col7.csv,0.1481008529663086
row_more_sep_row23_col8.csv,0.1457612514495849
row_more_sep_row24_col0.csv,0.1098501682281494
row_more_sep_row24_col1.csv,0.1115927696228027
row_more_sep_row24_col2.csv,0.1493558883666992
row_more_sep_row24_col3.csv,0.1444799900054931
row_more_sep_row24_col4.csv,0.1438398361206054
row_more_sep_row24_col5.csv,0.1415827274322509
row_more_sep_row24_col6.csv,0.1493082046508789
row_more_sep_row24_col7.csv,0.1517162322998047
row_more_sep_row24_col8.csv,0.1081817150115966
row_more_sep_row25_col0.csv,0.107846975326538
row_more_sep_row25_col1.csv,0.1086609363555908
row_more_sep_row25_col2.csv,0.1084437370300293
row_more_sep_row25_col3.csv,0.1490485668182373
row_more_sep_row25_col4.csv,0.147780179977417
row_more_sep_row25_col5.csv,0.1084671020507812
row_more_sep_row25_col6.csv,0.1483678817749023
row_more_sep_row25_col7.csv,0.141902208328247
row_more_sep_row25_col8.csv,0.1005134582519531
row_more_sep_row26_col0.csv,0.1499819755554199
row_more_sep_row26_col1.csv,0.1071422100067138
row_more_sep_row26_col2.csv,0.1109387874603271
row_more_sep_row26_col3.csv,0.1460375785827636
row_more_sep_row26_col4.csv,0.1451499462127685
row_more_sep_row26_col5.csv,0.1464629173278808
row_more_sep_row26_col6.csv,0.140305757522583
row_more_sep_row26_col7.csv,0.1459026336669922
row_more_sep_row26_col8.csv,0.1100330352783203
row_more_sep_row27_col0.csv,0.1082830429077148
row_more_sep_row27_col1.csv,0.1052992343902587
row_more_sep_row27_col2.csv,0.1527516841888427
row_more_sep_row27_col3.csv,0.1485078334808349
row_more_sep_row27_col4.csv,0.1442306041717529
row_more_sep_row27_col5.csv,0.1475269794464111
row_more_sep_row27_col6.csv,0.1469247341156005
row_more_sep_row27_col7.csv,0.1473875045776367
row_more_sep_row27_col8.csv,0.1085081100463867
row_more_sep_row28_col0.csv,0.1064550876617431
row_more_sep_row28_col1.csv,0.1439747810363769
row_more_sep_row28_col2.csv,0.1485919952392578
row_more_sep_row28_col3.csv,0.1457006931304931
row_more_sep_row28_col4.csv,0.1551434993743896
row_more_sep_row28_col5.csv,0.157252550125122
row_more_sep_row28_col6.csv,0.1498053073883056
row_more_sep_row28_col7.csv,0.1491599082946777
row_more_sep_row28_col8.csv,0.1087481975555419
row_more_sep_row29_col0.csv,0.1491148471832275
row_more_sep_row29_col1.csv,0.1078283786773681
row_more_sep_row29_col2.csv,0.1093981266021728
row_more_sep_row29_col3.csv,0.1486008167266845
row_more_sep_row29_col4.csv,0.1458637714385986
row_more_sep_row29_col5.csv,0.1416563987731933
row_more_sep_row29_col6.csv,0.1565022468566894
row_more_sep_row29_col7.csv,0.1468515396118164
row_more_sep_row29_col8.csv,0.1078913211822509
row_more_sep_row2_col0.csv,0.11126708984375
row_more_sep_row2_col1.csv,0.1453731060028076
row_more_sep_row2_col2.csv,0.1446120738983154
row_more_sep_row2_col3.csv,0.1479685306549072
row_more_sep_row2_col4.csv,0.1512749195098877
row_more_sep_row2_col5.csv,0.1576719284057617
row_more_sep_row2_col6.csv,0.1477739810943603
row_more_sep_row2_col7.csv,0.1566178798675537
row_more_sep_row2_col8.csv,0.111018419265747
row_more_sep_row30_col0.csv,0.1095259189605712
row_more_sep_row30_col1.csv,0.1078474521636962
row_more_sep_row30_col2.csv,0.1471095085144043
row_more_sep_row30_col3.csv,0.1448421478271484
row_more_sep_row30_col4.csv,0.1503548622131347
row_more_sep_row30_col5.csv,0.1432397365570068
row_more_sep_row30_col6.csv,0.1518471240997314
row_more_sep_row30_col7.csv,0.1463534832000732
row_more_sep_row30_col8.csv,0.105797529220581
row_more_sep_row31_col0.csv,0.1343393325805664
row_more_sep_row31_col1.csv,0.1492540836334228
row_more_sep_row31_col2.csv,0.1489453315734863
row_more_sep_row31_col3.csv,0.1456258296966552
row_more_sep_row31_col4.csv,0.1484498977661132
row_more_sep_row31_col5.csv,0.1494884490966797
row_more_sep_row31_col6.csv,0.1557085514068603
row_more_sep_row31_col7.csv,0.157745361328125
row_more_sep_row31_col8.csv,0.1091187000274658
row_more_sep_row32_col0.csv,0.1528716087341308
row_more_sep_row32_col1.csv,0.1541733741760254
row_more_sep_row32_col2.csv,0.1443140506744384
row_more_sep_row32_col3.csv,0.1478142738342285
row_more_sep_row32_col4.csv,0.1585845947265625
row_more_sep_row32_col5.csv,0.1468358039855957
row_more_sep_row32_col6.csv,0.1456906795501709
row_more_sep_row32_col7.csv,0.1447484493255615
row_more_sep_row32_col8.csv,0.1084275245666503
row_more_sep_row33_col0.csv,0.1503684520721435
row_more_sep_row33_col1.csv,0.1506927013397216
row_more_sep_row33_col2.csv,0.1451015472412109
row_more_sep_row33_col3.csv,0.1470026969909668
row_more_sep_row33_col4.csv,0.1455440521240234
row_more_sep_row33_col5.csv,0.1580557823181152
row_more_sep_row33_col6.csv,0.1537361145019531
row_more_sep_row33_col7.csv,0.1499910354614257
row_more_sep_row33_col8.csv,0.1002919673919677
row_more_sep_row34_col0.csv,0.1075758934020996
row_more_sep_row34_col1.csv,0.1062326431274414
row_more_sep_row34_col2.csv,0.1463847160339355
row_more_sep_row34_col3.csv,0.1498076915740966
row_more_sep_row34_col4.csv,0.1458802223205566
row_more_sep_row34_col5.csv,0.1442298889160156
row_more_sep_row34_col6.csv,0.1447787284851074
row_more_sep_row34_col7.csv,0.1468846797943115
row_more_sep_row34_col8.csv,0.1059942245483398
row_more_sep_row35_col0.csv,0.1447808742523193
row_more_sep_row35_col1.csv,0.1044304370880127
row_more_sep_row35_col2.csv,0.1421759128570556
row_more_sep_row35_col3.csv,0.1390461921691894
row_more_sep_row35_col4.csv,0.1510331630706787
row_more_sep_row35_col5.csv,0.1508090496063232
row_more_sep_row35_col6.csv,0.1613883972167968
row_more_sep_row35_col7.csv,0.1572556495666504
row_more_sep_row35_col8.csv,0.1005110740661621
row_more_sep_row36_col0.csv,0.1103427410125732
row_more_sep_row36_col1.csv,0.1078715324401855
row_more_sep_row36_col2.csv,0.1573164463043213
row_more_sep_row36_col3.csv,0.1452317237854004
row_more_sep_row36_col4.csv,0.1518917083740234
row_more_sep_row36_col5.csv,0.145524263381958
row_more_sep_row36_col6.csv,0.1490976810455322
row_more_sep_row36_col7.csv,0.1456179618835449
row_more_sep_row36_col8.csv,0.1090128421783447
row_more_sep_row37_col0.csv,0.1457211971282959
row_more_sep_row37_col1.csv,0.1650526523590088
row_more_sep_row37_col2.csv,0.1501331329345703
row_more_sep_row37_col3.csv,0.1584939956665039
row_more_sep_row37_col4.csv,0.1516821384429931
row_more_sep_row37_col5.csv,0.1495254039764404
row_more_sep_row37_col6.csv,0.1424570083618164
row_more_sep_row37_col7.csv,0.1533749103546142
row_more_sep_row37_col8.csv,0.1493008136749267
row_more_sep_row38_col0.csv,0.1107270717620849
row_more_sep_row38_col1.csv,0.1092410087585449
row_more_sep_row38_col2.csv,0.1108870506286621
row_more_sep_row38_col3.csv,0.1424689292907714
row_more_sep_row38_col4.csv,0.1475887298583984
row_more_sep_row38_col5.csv,0.1455416679382324
row_more_sep_row38_col6.csv,0.1475954055786132
row_more_sep_row38_col7.csv,0.141085147857666
row_more_sep_row38_col8.csv,0.110215425491333
row_more_sep_row39_col0.csv,0.1208479404449462
row_more_sep_row39_col1.csv,0.1113317012786865
row_more_sep_row39_col2.csv,0.1448829174041748
row_more_sep_row39_col3.csv,0.1497707366943359
row_more_sep_row39_col4.csv,0.1524193286895752
row_more_sep_row39_col5.csv,0.1016819477081298
row_more_sep_row39_col6.csv,0.1055879592895507
row_more_sep_row39_col7.csv,0.1437034606933593
row_more_sep_row39_col8.csv,0.1005582809448242
row_more_sep_row3_col0.csv,0.15067720413208
row_more_sep_row3_col1.csv,0.1463465690612793
row_more_sep_row3_col2.csv,0.1475701332092285
row_more_sep_row3_col3.csv,0.1570618152618408
row_more_sep_row3_col4.csv,0.1432745456695556
row_more_sep_row3_col5.csv,0.1523778438568115
row_more_sep_row3_col6.csv,0.1502687931060791
row_more_sep_row3_col7.csv,0.1492726802825927
row_more_sep_row3_col8.csv,0.1506342887878418
row_more_sep_row40_col0.csv,0.1104934215545654
row_more_sep_row40_col1.csv,0.1506519317626953
row_more_sep_row40_col2.csv,0.1536083221435547
row_more_sep_row40_col3.csv,0.1457033157348632
row_more_sep_row40_col4.csv,0.1512136459350586
row_more_sep_row40_col5.csv,0.1468255519866943
row_more_sep_row40_col6.csv,0.144341230392456
row_more_sep_row40_col7.csv,0.1475465297698974
row_more_sep_row40_col8.csv,0.1086947917938232
row_more_sep_row41_col0.csv,0.1337678432464599
row_more_sep_row41_col1.csv,0.1515543460845947
row_more_sep_row41_col2.csv,0.1459274291992187
row_more_sep_row41_col3.csv,0.1461780071258545
row_more_sep_row41_col4.csv,0.1461324691772461
row_more_sep_row41_col5.csv,0.150315523147583
row_more_sep_row41_col6.csv,0.1417868137359619
row_more_sep_row41_col7.csv,0.1488595008850097
row_more_sep_row41_col8.csv,0.1099891662597656
row_more_sep_row42_col0.csv,0.117192268371582
row_more_sep_row42_col1.csv,0.1489458084106445
row_more_sep_row42_col2.csv,0.1532375812530517
row_more_sep_row42_col3.csv,0.1441273689270019
row_more_sep_row42_col4.csv,0.1500341892242431
row_more_sep_row42_col5.csv,0.1484732627868652
row_more_sep_row42_col6.csv,0.151707649230957
row_more_sep_row42_col7.csv,0.1528334617614746
row_more_sep_row42_col8.csv,0.1081187725067138
row_more_sep_row43_col0.csv,0.1456997394561767
row_more_sep_row43_col1.csv,0.1486768722534179
row_more_sep_row43_col2.csv,0.1437993049621582
row_more_sep_row43_col3.csv,0.1087696552276611
row_more_sep_row43_col4.csv,0.1541905403137207
row_more_sep_row43_col5.csv,0.1450409889221191
row_more_sep_row43_col6.csv,0.1503918170928955
row_more_sep_row43_col7.csv,0.1476557254791259
row_more_sep_row43_col8.csv,0.0974547863006591
row_more_sep_row44_col0.csv,0.1088247299194336
row_more_sep_row44_col1.csv,0.1479430198669433
row_more_sep_row44_col2.csv,0.1109867095947265
row_more_sep_row44_col3.csv,0.148169994354248
row_more_sep_row44_col4.csv,0.1458306312561035
row_more_sep_row44_col5.csv,0.144874095916748
row_more_sep_row44_col6.csv,0.1445772647857666
row_more_sep_row44_col7.csv,0.1074573993682861
row_more_sep_row44_col8.csv,0.1104378700256347
row_more_sep_row45_col0.csv,0.1105449199676513
row_more_sep_row45_col1.csv,0.1125073432922363
row_more_sep_row45_col2.csv,0.1474316120147705
row_more_sep_row45_col3.csv,0.1506295204162597
row_more_sep_row45_col4.csv,0.1464190483093261
row_more_sep_row45_col5.csv,0.1494672298431396
row_more_sep_row45_col6.csv,0.146425724029541
row_more_sep_row45_col7.csv,0.1458587646484375
row_more_sep_row45_col8.csv,0.1066529750823974
row_more_sep_row46_col0.csv,0.1081209182739257
row_more_sep_row46_col1.csv,0.148674726486206
row_more_sep_row46_col2.csv,0.1520402431488037
row_more_sep_row46_col3.csv,0.1403813362121582
row_more_sep_row46_col4.csv,0.1514861583709716
row_more_sep_row46_col5.csv,0.1480317115783691
row_more_sep_row46_col6.csv,0.1485836505889892
row_more_sep_row46_col7.csv,0.1508200168609619
row_more_sep_row46_col8.csv,0.10758638381958
row_more_sep_row47_col0.csv,0.1481921672821045
row_more_sep_row47_col1.csv,0.147263765335083
row_more_sep_row47_col2.csv,0.1474432945251464
row_more_sep_row47_col3.csv,0.1478946208953857
row_more_sep_row47_col4.csv,0.1488556861877441
row_more_sep_row47_col5.csv,0.1480252742767334
row_more_sep_row47_col6.csv,0.145381212234497
row_more_sep_row47_col7.csv,0.1600902080535888
row_more_sep_row47_col8.csv,0.1162037849426269
row_more_sep_row48_col0.csv,0.1507532596588134
row_more_sep_row48_col1.csv,0.1437182426452636
row_more_sep_row48_col2.csv,0.1383240222930908
row_more_sep_row48_col3.csv,0.1340980529785156
row_more_sep_row48_col4.csv,0.1439785957336425
row_more_sep_row48_col5.csv,0.1479518413543701
row_more_sep_row48_col6.csv,0.1562850475311279
row_more_sep_row48_col7.csv,0.1492323875427246
row_more_sep_row48_col8.csv,0.1124868392944336
row_more_sep_row49_col0.csv,0.1080701351165771
row_more_sep_row49_col1.csv,0.1099867820739746
row_more_sep_row49_col2.csv,0.1091902256011962
row_more_sep_row49_col3.csv,0.1513285636901855
row_more_sep_row49_col4.csv,0.1522536277770996
row_more_sep_row49_col5.csv,0.1465420722961425
row_more_sep_row49_col6.csv,0.1497511863708496
row_more_sep_row49_col7.csv,0.1481132507324218
row_more_sep_row49_col8.csv,0.108654499053955
row_more_sep_row4_col0.csv,0.1083757877349853
row_more_sep_row4_col1.csv,0.1431779861450195
row_more_sep_row4_col2.csv,0.1083030700683593
row_more_sep_row4_col3.csv,0.1114838123321533
row_more_sep_row4_col4.csv,0.1454372406005859
row_more_sep_row4_col5.csv,0.1536180973052978
row_more_sep_row4_col6.csv,0.1451296806335449
row_more_sep_row4_col7.csv,0.1454205513000488
row_more_sep_row4_col8.csv,0.1077516078948974
row_more_sep_row50_col0.csv,0.1457953453063964
row_more_sep_row50_col1.csv,0.1449244022369384
row_more_sep_row50_col2.csv,0.1456580162048339
row_more_sep_row50_col3.csv,0.1463167667388916
row_more_sep_row50_col4.csv,0.1571693420410156
row_more_sep_row50_col5.csv,0.1431059837341308
row_more_sep_row50_col6.csv,0.1454489231109619
row_more_sep_row50_col7.csv,0.15177583694458
row_more_sep_row50_col8.csv,0.1077852249145507
row_more_sep_row51_col0.csv,0.1475441455841064
row_more_sep_row51_col1.csv,0.1545312404632568
row_more_sep_row51_col2.csv,0.1412661075592041
row_more_sep_row51_col3.csv,0.1698274612426757
row_more_sep_row51_col4.csv,0.1434581279754638
row_more_sep_row51_col5.csv,0.1416995525360107
row_more_sep_row51_col6.csv,0.1424536705017089
row_more_sep_row51_col7.csv,0.1361627578735351
row_more_sep_row51_col8.csv,0.0983619689941406
row_more_sep_row52_col0.csv,0.1419780254364013
row_more_sep_row52_col1.csv,0.1557216644287109
row_more_sep_row52_col2.csv,0.146061897277832
row_more_sep_row52_col3.csv,0.1479201316833496
row_more_sep_row52_col4.csv,0.1503243446350097
row_more_sep_row52_col5.csv,0.1507565975189209
row_more_sep_row52_col6.csv,0.1471896171569824
row_more_sep_row52_col7.csv,0.1496152877807617
row_more_sep_row52_col8.csv,0.1104497909545898
row_more_sep_row53_col0.csv,0.1052937507629394
row_more_sep_row53_col1.csv,0.1432900428771972
row_more_sep_row53_col2.csv,0.1373121738433838
row_more_sep_row53_col3.csv,-2.77964448928833
row_more_sep_row53_col4.csv,0.1525318622589111
row_more_sep_row53_col5.csv,0.1471586227416992
row_more_sep_row53_col6.csv,0.1437723636627197
row_more_sep_row53_col7.csv,0.1480991840362548
row_more_sep_row53_col8.csv,0.1126682758331298
row_more_sep_row54_col0.csv,0.1074228286743164
row_more_sep_row54_col1.csv,0.1519255638122558
row_more_sep_row54_col2.csv,0.143918752670288
row_more_sep_row54_col3.csv,0.1502025127410888
row_more_sep_row54_col4.csv,0.1499018669128418
row_more_sep_row54_col5.csv,0.145129919052124
row_more_sep_row54_col6.csv,0.1105973720550537
row_more_sep_row54_col7.csv,0.147146463394165
row_more_sep_row54_col8.csv,0.1451044082641601
row_more_sep_row55_col0.csv,0.1464552879333496
row_more_sep_row55_col1.csv,0.1502056121826172
row_more_sep_row55_col2.csv,0.1505751609802246
row_more_sep_row55_col3.csv,0.1464619636535644
row_more_sep_row55_col4.csv,0.1468203067779541
row_more_sep_row55_col5.csv,0.1468548774719238
row_more_sep_row55_col6.csv,0.1507489681243896
row_more_sep_row55_col7.csv,0.140416145324707
row_more_sep_row55_col8.csv,0.1090216636657714
row_more_sep_row56_col0.csv,0.1608343124389648
row_more_sep_row56_col1.csv,0.1108677387237548
row_more_sep_row56_col2.csv,0.1097958087921142
row_more_sep_row56_col3.csv,0.1486420631408691
row_more_sep_row56_col4.csv,0.1506407260894775
row_more_sep_row56_col5.csv,0.1470253467559814
row_more_sep_row56_col6.csv,0.1543257236480713
row_more_sep_row56_col7.csv,0.1530520915985107
row_more_sep_row56_col8.csv,0.1087954044342041
row_more_sep_row57_col0.csv,0.146493911743164
row_more_sep_row57_col1.csv,0.1500413417816162
row_more_sep_row57_col2.csv,0.1481776237487793
row_more_sep_row57_col3.csv,0.1459736824035644
row_more_sep_row57_col4.csv,0.1473162174224853
row_more_sep_row57_col5.csv,0.1434762477874755
row_more_sep_row57_col6.csv,0.1475424766540527
row_more_sep_row57_col7.csv,0.1477470397949218
row_more_sep_row57_col8.csv,0.1080439090728759
row_more_sep_row58_col0.csv,0.1564927101135254
row_more_sep_row58_col1.csv,0.1478762626647949
row_more_sep_row58_col2.csv,0.1477456092834472
row_more_sep_row58_col3.csv,0.1500489711761474
row_more_sep_row58_col4.csv,0.1481585502624511
row_more_sep_row58_col5.csv,0.1468007564544677
row_more_sep_row58_col6.csv,0.1530470848083496
row_more_sep_row58_col7.csv,0.1516280174255371
row_more_sep_row58_col8.csv,0.1093554496765136
row_more_sep_row59_col0.csv,0.1088473796844482
row_more_sep_row59_col1.csv,0.1078171730041503
row_more_sep_row59_col2.csv,0.1529517173767089
row_more_sep_row59_col3.csv,0.149085521697998
row_more_sep_row59_col4.csv,0.1497693061828613
row_more_sep_row59_col5.csv,0.1471080780029297
row_more_sep_row59_col6.csv,0.149946928024292
row_more_sep_row59_col7.csv,0.1590466499328613
row_more_sep_row59_col8.csv,0.1075515747070312
row_more_sep_row5_col0.csv,-2.828188896179199
row_more_sep_row5_col1.csv,0.1521592140197754
row_more_sep_row5_col2.csv,0.1564593315124511
row_more_sep_row5_col3.csv,0.1460611820220947
row_more_sep_row5_col4.csv,0.1488592624664306
row_more_sep_row5_col5.csv,0.1631646156311035
row_more_sep_row5_col6.csv,0.1498394012451172
row_more_sep_row5_col7.csv,0.1481685638427734
row_more_sep_row5_col8.csv,0.1150028705596923
row_more_sep_row60_col0.csv,0.1477253437042236
row_more_sep_row60_col1.csv,0.1450183391571045
row_more_sep_row60_col2.csv,0.144866943359375
row_more_sep_row60_col3.csv,0.1427278518676757
row_more_sep_row60_col4.csv,0.1474056243896484
row_more_sep_row60_col5.csv,0.1549267768859863
row_more_sep_row60_col6.csv,0.1499257087707519
row_more_sep_row60_col7.csv,0.1444413661956787
row_more_sep_row60_col8.csv,0.1127901077270507
row_more_sep_row61_col0.csv,0.1441080570220947
row_more_sep_row61_col1.csv,0.1130404472351074
row_more_sep_row61_col2.csv,0.1083247661590576
row_more_sep_row61_col3.csv,0.1451430320739746
row_more_sep_row61_col4.csv,0.1493465900421142
row_more_sep_row61_col5.csv,0.1484291553497314
row_more_sep_row61_col6.csv,0.1469521522521972
row_more_sep_row61_col7.csv,0.1521685123443603
row_more_sep_row61_col8.csv,0.1092410087585449
row_more_sep_row62_col0.csv,0.1461899280548095
row_more_sep_row62_col1.csv,0.0987341403961181
row_more_sep_row62_col2.csv,0.1519646644592285
row_more_sep_row62_col3.csv,0.1503481864929199
row_more_sep_row62_col4.csv,0.1487271785736084
row_more_sep_row62_col5.csv,0.1483216285705566
row_more_sep_row62_col6.csv,0.1470410823822021
row_more_sep_row62_col7.csv,0.146287202835083
row_more_sep_row62_col8.csv,0.1081054210662841
row_more_sep_row63_col0.csv,0.1479942798614502
row_more_sep_row63_col1.csv,0.111363410949707
row_more_sep_row63_col2.csv,0.1058850288391113
row_more_sep_row63_col3.csv,0.1078534126281738
row_more_sep_row63_col4.csv,0.153451919555664
row_more_sep_row63_col5.csv,0.143716812133789
row_more_sep_row63_col6.csv,0.1509468555450439
row_more_sep_row63_col7.csv,0.1467385292053222
row_more_sep_row63_col8.csv,0.1083910465240478
row_more_sep_row64_col0.csv,0.108055830001831
row_more_sep_row64_col1.csv,0.1087927818298339
row_more_sep_row64_col2.csv,0.1082744598388671
row_more_sep_row64_col3.csv,0.1453709602355957
row_more_sep_row64_col4.csv,0.1480929851531982
row_more_sep_row64_col5.csv,0.1449615955352783
row_more_sep_row64_col6.csv,0.1448566913604736
row_more_sep_row64_col7.csv,0.1514132022857666
row_more_sep_row64_col8.csv,0.1014575958251953
row_more_sep_row65_col0.csv,0.1007447242736816
row_more_sep_row65_col1.csv,0.1438531875610351
row_more_sep_row65_col2.csv,0.1458523273468017
row_more_sep_row65_col3.csv,0.1318795680999755
row_more_sep_row65_col4.csv,0.1483023166656494
row_more_sep_row65_col5.csv,0.1514253616333007
row_more_sep_row65_col6.csv,0.1482245922088623
row_more_sep_row65_col7.csv,0.1527826786041259
row_more_sep_row65_col8.csv,0.1090636253356933
row_more_sep_row66_col0.csv,0.1504089832305908
row_more_sep_row66_col1.csv,0.1361377239227295
row_more_sep_row66_col2.csv,0.1495277881622314
row_more_sep_row66_col3.csv,0.1510968208312988
row_more_sep_row66_col4.csv,0.1480817794799804
row_more_sep_row66_col5.csv,0.1503264904022216
row_more_sep_row66_col6.csv,0.1471233367919922
row_more_sep_row66_col7.csv,0.1386685371398925
row_more_sep_row66_col8.csv,0.1061203479766845
row_more_sep_row67_col0.csv,0.1504251956939697
row_more_sep_row67_col1.csv,0.1441349983215332
row_more_sep_row67_col2.csv,0.1450200080871582
row_more_sep_row67_col3.csv,0.1480703353881836
row_more_sep_row67_col4.csv,0.1479654312133789
row_more_sep_row67_col5.csv,0.1435296535491943
row_more_sep_row67_col6.csv,0.142336368560791
row_more_sep_row67_col7.csv,0.1451365947723388
row_more_sep_row67_col8.csv,0.1107890605926513
row_more_sep_row68_col0.csv,0.1096189022064209
row_more_sep_row68_col1.csv,0.1065812110900878
row_more_sep_row68_col2.csv,0.1448404788970947
row_more_sep_row68_col3.csv,0.1462726593017578
row_more_sep_row68_col4.csv,0.1448347568511963
row_more_sep_row68_col5.csv,0.147423505783081
row_more_sep_row68_col6.csv,0.1461718082427978
row_more_sep_row68_col7.csv,0.1412351131439209
row_more_sep_row68_col8.csv,0.1089212894439697
row_more_sep_row69_col0.csv,0.1522538661956787
row_more_sep_row69_col1.csv,0.14970064163208
row_more_sep_row69_col2.csv,0.1470489501953125
row_more_sep_row69_col3.csv,0.1513738632202148
row_more_sep_row69_col4.csv,0.1457991600036621
row_more_sep_row69_col5.csv,0.1407949924468994
row_more_sep_row69_col6.csv,0.1500756740570068
row_more_sep_row69_col7.csv,0.1692428588867187
row_more_sep_row69_col8.csv,0.1087872982025146
row_more_sep_row6_col0.csv,0.1457548141479492
row_more_sep_row6_col1.csv,0.1429395675659179
row_more_sep_row6_col2.csv,0.1342520713806152
row_more_sep_row6_col3.csv,0.1447582244873047
row_more_sep_row6_col4.csv,0.1450576782226562
row_more_sep_row6_col5.csv,0.147782564163208
row_more_sep_row6_col6.csv,0.1391975879669189
row_more_sep_row6_col7.csv,0.1329734325408935
row_more_sep_row6_col8.csv,0.1112959384918212
row_more_sep_row70_col0.csv,0.1093275547027587
row_more_sep_row70_col1.csv,0.1073179244995117
row_more_sep_row70_col2.csv,0.109696626663208
row_more_sep_row70_col3.csv,0.1485576629638672
row_more_sep_row70_col4.csv,0.1469433307647705
row_more_sep_row70_col5.csv,0.1473591327667236
row_more_sep_row70_col6.csv,0.1426436901092529
row_more_sep_row70_col7.csv,0.1448113918304443
row_more_sep_row70_col8.csv,0.1068854331970214
row_more_sep_row71_col0.csv,0.1022009849548339
row_more_sep_row71_col1.csv,0.1360435485839843
row_more_sep_row71_col2.csv,0.1017005443572998
row_more_sep_row71_col3.csv,0.1510572433471679
row_more_sep_row71_col4.csv,0.1453299522399902
row_more_sep_row71_col5.csv,0.1500427722930908
row_more_sep_row71_col6.csv,0.1489112377166748
row_more_sep_row71_col7.csv,0.146162748336792
row_more_sep_row71_col8.csv,0.1072733402252197
row_more_sep_row72_col0.csv,0.1510558128356933
row_more_sep_row72_col1.csv,0.1482717990875244
row_more_sep_row72_col2.csv,0.153672456741333
row_more_sep_row72_col3.csv,0.1499679088592529
row_more_sep_row72_col4.csv,0.1494762897491455
row_more_sep_row72_col5.csv,0.1464662551879882
row_more_sep_row72_col6.csv,0.1494543552398681
row_more_sep_row72_col7.csv,0.1451537609100341
row_more_sep_row72_col8.csv,0.1082048416137695
row_more_sep_row73_col0.csv,0.1149661540985107
row_more_sep_row73_col1.csv,0.1447806358337402
row_more_sep_row73_col2.csv,0.1448307037353515
row_more_sep_row73_col3.csv,0.138334035873413
row_more_sep_row73_col4.csv,0.1455874443054199
row_more_sep_row73_col5.csv,0.1506321430206298
row_more_sep_row73_col6.csv,0.1486384868621826
row_more_sep_row73_col7.csv,0.1491467952728271
row_more_sep_row73_col8.csv,0.1096763610839843
row_more_sep_row74_col0.csv,0.0976278781890869
row_more_sep_row74_col1.csv,0.1094284057617187
row_more_sep_row74_col2.csv,0.1526901721954345
row_more_sep_row74_col3.csv,0.1392354965209961
row_more_sep_row74_col4.csv,0.1451542377471923
row_more_sep_row74_col5.csv,0.1418437957763672
row_more_sep_row74_col6.csv,0.1452038288116455
row_more_sep_row74_col7.csv,0.1496787071228027
row_more_sep_row74_col8.csv,0.1059801578521728
row_more_sep_row75_col0.csv,0.1432714462280273
row_more_sep_row75_col1.csv,0.1539242267608642
row_more_sep_row75_col2.csv,0.1482656002044677
row_more_sep_row75_col3.csv,0.1465239524841308
row_more_sep_row75_col4.csv,0.1451563835144043
row_more_sep_row75_col5.csv,0.1519882678985595
row_more_sep_row75_col6.csv,0.1459996700286865
row_more_sep_row75_col7.csv,0.1492631435394287
row_more_sep_row75_col8.csv,0.1116077899932861
row_more_sep_row76_col0.csv,0.1066973209381103
row_more_sep_row76_col1.csv,0.1091847419738769
row_more_sep_row76_col2.csv,0.1475706100463867
row_more_sep_row76_col3.csv,0.1644470691680908
row_more_sep_row76_col4.csv,0.1485929489135742
row_more_sep_row76_col5.csv,0.1443319320678711
row_more_sep_row76_col6.csv,0.1380965709686279
row_more_sep_row76_col7.csv,0.1486892700195312
row_more_sep_row76_col8.csv,0.1163430213928222
row_more_sep_row77_col0.csv,0.1091454029083252
row_more_sep_row77_col1.csv,0.1123509407043457
row_more_sep_row77_col2.csv,0.1458861827850341
row_more_sep_row77_col3.csv,0.151578664779663
row_more_sep_row77_col4.csv,0.1508986949920654
row_more_sep_row77_col5.csv,-2.78414249420166
row_more_sep_row77_col6.csv,0.1440057754516601
row_more_sep_row77_col7.csv,0.1534929275512695
row_more_sep_row77_col8.csv,0.1537923812866211
row_more_sep_row78_col0.csv,0.109365701675415
row_more_sep_row78_col1.csv,0.1091454029083252
row_more_sep_row78_col2.csv,0.1070058345794677
row_more_sep_row78_col3.csv,0.1507611274719238
row_more_sep_row78_col4.csv,0.1501474380493164
row_more_sep_row78_col5.csv,0.1506550312042236
row_more_sep_row78_col6.csv,0.1337494850158691
row_more_sep_row78_col7.csv,0.1497707366943359
row_more_sep_row78_col8.csv,0.1064424514770507
row_more_sep_row79_col0.csv,0.1473987102508545
row_more_sep_row79_col1.csv,0.1491708755493164
row_more_sep_row79_col2.csv,0.1470446586608886
row_more_sep_row79_col3.csv,0.1509404182434082
row_more_sep_row79_col4.csv,0.1446485519409179
row_more_sep_row79_col5.csv,0.1535069942474365
row_more_sep_row79_col6.csv,0.1495232582092285
row_more_sep_row79_col7.csv,0.1490311622619629
row_more_sep_row79_col8.csv,0.1158380508422851
row_more_sep_row7_col0.csv,0.1070315837860107
row_more_sep_row7_col1.csv,0.1552159786224365
row_more_sep_row7_col2.csv,0.1118488311767578
row_more_sep_row7_col3.csv,0.1420331001281738
row_more_sep_row7_col4.csv,0.1480364799499511
row_more_sep_row7_col5.csv,0.1108663082122802
row_more_sep_row7_col6.csv,0.1475389003753662
row_more_sep_row7_col7.csv,0.1448655128479004
row_more_sep_row7_col8.csv,0.1081511974334716
row_more_sep_row80_col0.csv,0.1444311141967773
row_more_sep_row80_col1.csv,0.1473841667175293
row_more_sep_row80_col2.csv,0.1464672088623047
row_more_sep_row80_col3.csv,0.1466076374053955
row_more_sep_row80_col4.csv,0.1506674289703369
row_more_sep_row80_col5.csv,0.1474204063415527
row_more_sep_row80_col6.csv,0.1485614776611328
row_more_sep_row80_col7.csv,0.1478595733642578
row_more_sep_row80_col8.csv,0.1086280345916748
row_more_sep_row81_col0.csv,0.1069495677947998
row_more_sep_row81_col1.csv,0.1486008167266845
row_more_sep_row81_col2.csv,0.1469874382019043
row_more_sep_row81_col3.csv,0.1469991207122802
row_more_sep_row81_col4.csv,0.1511003971099853
row_more_sep_row81_col5.csv,0.1547179222106933
row_more_sep_row81_col6.csv,0.1381571292877197
row_more_sep_row81_col7.csv,0.1330931186676025
row_more_sep_row81_col8.csv,0.1080474853515625
row_more_sep_row82_col0.csv,0.1451606750488281
row_more_sep_row82_col1.csv,0.1501626968383789
row_more_sep_row82_col2.csv,0.1508824825286865
row_more_sep_row82_col3.csv,0.1493012905120849
row_more_sep_row82_col4.csv,0.152724027633667
row_more_sep_row82_col5.csv,0.1472952365875244
row_more_sep_row82_col6.csv,0.1446669101715088
row_more_sep_row82_col7.csv,0.1523151397705078
row_more_sep_row82_col8.csv,0.1090407371520996
row_more_sep_row83_col0.csv,0.1089930534362793
row_more_sep_row83_col1.csv,0.1443314552307129
row_more_sep_row83_col2.csv,0.1485002040863037
row_more_sep_row83_col3.csv,0.1433844566345214
row_more_sep_row83_col4.csv,0.1095399856567382
row_more_sep_row83_col5.csv,0.1455907821655273
row_more_sep_row83_col6.csv,0.1489968299865722
row_more_sep_row83_col7.csv,0.1445462703704834
row_more_sep_row83_col8.csv,0.1098365783691406
row_more_sep_row8_col0.csv,0.1081435680389404
row_more_sep_row8_col1.csv,0.1546082496643066
row_more_sep_row8_col2.csv,0.1546156406402588
row_more_sep_row8_col3.csv,0.1472017765045166
row_more_sep_row8_col4.csv,0.14697265625
row_more_sep_row8_col5.csv,0.1465773582458496
row_more_sep_row8_col6.csv,0.1402878761291504
row_more_sep_row8_col7.csv,0.1479420661926269
row_more_sep_row8_col8.csv,0.1106448173522949
row_more_sep_row9_col0.csv,0.1059529781341552
row_more_sep_row9_col1.csv,0.1471774578094482
row_more_sep_row9_col2.csv,0.1488199234008789
row_more_sep_row9_col3.csv,0.1122486591339111
row_more_sep_row9_col4.csv,0.0996179580688476
row_more_sep_row9_col5.csv,0.1531682014465332
row_more_sep_row9_col6.csv,0.148277997970581
row_more_sep_row9_col7.csv,0.1514358520507812
row_more_sep_row9_col8.csv,0.1133544445037841
source.csv,0.1075787544250488
