filename,duckdbparse_time_0
row_extra_quote80_col1.csv,0.0013012886047363281
row_less_sep_row57_col2.csv,0.0010154247283935547
row_extra_quote57_col2.csv,0.0016329288482666016
row_extra_quote33_col5.csv,0.0017056465148925781
row_less_sep_row81_col5.csv,0.0010824203491210938
row_less_sep_row2_col7.csv,0.0021119117736816406
row_less_sep_row67_col4.csv,0.0018155574798583984
row_less_sep_row21_col4.csv,0.0013206005096435547
row_more_sep_row17_col6.csv,0.0021288394927978516
row_less_sep_row56_col2.csv,0.001878499984741211
row_more_sep_row57_col2.csv,0.0019030570983886719
row_extra_quote14_col4.csv,0.002297639846801758
row_less_sep_row61_col6.csv,0.0017523765563964844
row_extra_quote20_col6.csv,0.002548694610595703
row_extra_quote74_col3.csv,0.001882791519165039
row_extra_quote53_col7.csv,0.001965761184692383
row_less_sep_row34_col6.csv,0.0022008419036865234
row_more_sep_row5_col3.csv,0.0011539459228515625
row_more_sep_row10_col0.csv,0.0016179084777832031
row_less_sep_row2_col2.csv,0.001552581787109375
row_more_sep_row61_col5.csv,0.001920938491821289
row_extra_quote12_col5.csv,0.0025882720947265625
row_less_sep_row47_col2.csv,0.0016591548919677734
row_more_sep_row13_col2.csv,0.0019578933715820312
row_extra_quote41_col1.csv,0.00189971923828125
row_more_sep_row37_col5.csv,0.0017254352569580078
row_extra_quote58_col4.csv,0.0015861988067626953
row_extra_quote6_col8.csv,0.0018830299377441406
row_more_sep_row2_col4.csv,0.0028896331787109375
row_more_sep_row76_col5.csv,0.002076864242553711
row_extra_quote75_col8.csv,0.0016658306121826172
row_extra_quote16_col6.csv,0.002390623092651367
row_less_sep_row25_col7.csv,0.001550912857055664
row_extra_quote3_col1.csv,0.0016100406646728516
row_less_sep_row44_col6.csv,0.0023093223571777344
row_more_sep_row8_col5.csv,0.0021605491638183594
row_more_sep_row31_col8.csv,0.002798318862915039
row_more_sep_row5_col6.csv,0.0022287368774414062
row_extra_quote59_col8.csv,0.0024127960205078125
row_less_sep_row41_col6.csv,0.001798391342163086
row_extra_quote53_col8.csv,0.0016696453094482422
row_more_sep_row3_col1.csv,0.0016546249389648438
row_more_sep_row81_col1.csv,0.002196788787841797
row_extra_quote44_col7.csv,0.0024099349975585938
row_extra_quote41_col5.csv,0.0018622875213623047
row_more_sep_row74_col5.csv,0.0027227401733398438
row_more_sep_row28_col0.csv,0.0022614002227783203
row_more_sep_row47_col5.csv,0.0018305778503417969
row_more_sep_row44_col4.csv,0.00456690788269043
row_more_sep_row51_col6.csv,0.0019443035125732422
row_more_sep_row32_col1.csv,0.0015873908996582031
row_extra_quote46_col3.csv,0.0031707286834716797
row_extra_quote56_col2.csv,0.00157928466796875
row_more_sep_row30_col6.csv,0.0028867721557617188
row_less_sep_row69_col4.csv,0.0017368793487548828
row_extra_quote0_col0.csv,0.0017876625061035156
row_more_sep_row30_col2.csv,0.001997709274291992
row_more_sep_row14_col8.csv,0.0018663406372070312
row_less_sep_row54_col2.csv,0.0023932456970214844
row_less_sep_row31_col5.csv,0.002268075942993164
row_extra_quote30_col0.csv,0.0021789073944091797
row_more_sep_row60_col1.csv,0.0015094280242919922
row_extra_quote10_col3.csv,0.0013852119445800781
row_less_sep_row6_col5.csv,0.002935171127319336
row_less_sep_row39_col2.csv,0.0024633407592773438
row_less_sep_row46_col8.csv,0.0014789104461669922
row_extra_quote76_col5.csv,0.0018765926361083984
row_extra_quote31_col8.csv,0.0027112960815429688
row_extra_quote56_col8.csv,0.0015950202941894531
row_less_sep_row48_col7.csv,0.0021533966064453125
row_more_sep_row8_col2.csv,0.002440214157104492
row_less_sep_row83_col8.csv,0.0023784637451171875
row_more_sep_row68_col3.csv,0.002409219741821289
row_more_sep_row0_col7.csv,0.0018775463104248047
row_less_sep_row79_col2.csv,0.0021772384643554688
row_less_sep_row4_col7.csv,0.002403736114501953
row_more_sep_row80_col1.csv,0.0015518665313720703
row_less_sep_row13_col5.csv,0.0013682842254638672
row_more_sep_row22_col3.csv,0.001310586929321289
row_less_sep_row58_col2.csv,0.0021209716796875
row_more_sep_row43_col5.csv,0.0029518604278564453
row_extra_quote37_col0.csv,0.001964092254638672
row_extra_quote17_col1.csv,0.0019676685333251953
row_extra_quote38_col0.csv,0.0018312931060791016
row_less_sep_row37_col6.csv,0.001764535903930664
row_extra_quote16_col8.csv,0.0017385482788085938
row_less_sep_row15_col5.csv,0.0017292499542236328
row_less_sep_row15_col1.csv,0.0026187896728515625
row_less_sep_row67_col5.csv,0.0019431114196777344
row_less_sep_row12_col8.csv,0.002423524856567383
row_extra_quote45_col8.csv,0.0024106502532958984
row_field_delimiter_29_0x20.csv,0.002701282501220703
row_field_delimiter_67_0x20.csv,0.0015218257904052734
row_less_sep_row53_col6.csv,0.002055644989013672
row_more_sep_row60_col0.csv,0.0019989013671875
row_extra_quote70_col8.csv,0.002669095993041992
row_extra_quote22_col6.csv,0.001804351806640625
row_extra_quote20_col5.csv,0.0026226043701171875
row_less_sep_row68_col3.csv,0.001413583755493164
row_less_sep_row59_col7.csv,0.0019083023071289062
row_more_sep_row77_col2.csv,0.0013284683227539062
row_more_sep_row82_col4.csv,0.0020089149475097656
row_more_sep_row61_col4.csv,0.0025177001953125
row_less_sep_row54_col1.csv,0.0022745132446289062
row_extra_quote56_col4.csv,0.0015003681182861328
row_more_sep_row33_col3.csv,0.003683328628540039
row_extra_quote57_col6.csv,0.0015916824340820312
row_more_sep_row19_col0.csv,0.002071857452392578
row_more_sep_row23_col6.csv,0.0015797615051269531
row_less_sep_row21_col2.csv,0.0021429061889648438
row_more_sep_row66_col5.csv,0.001844644546508789
row_extra_quote5_col2.csv,0.0028810501098632812
row_less_sep_row4_col2.csv,0.001569509506225586
row_less_sep_row10_col1.csv,0.002625703811645508
row_extra_quote1_col3.csv,0.002010345458984375
row_extra_quote69_col3.csv,0.0017955303192138672
row_more_sep_row38_col8.csv,0.0018596649169921875
row_extra_quote32_col8.csv,0.0024559497833251953
row_extra_quote58_col3.csv,0.0013496875762939453
row_extra_quote79_col0.csv,0.0020933151245117188
row_extra_quote68_col2.csv,0.0014128684997558594
row_more_sep_row80_col5.csv,0.0015480518341064453
row_extra_quote33_col8.csv,0.0015826225280761719
row_less_sep_row37_col7.csv,0.0021545886993408203
row_field_delimiter_38_0x20.csv,0.0017926692962646484
row_field_delimiter_5_0x20.csv,0.0024144649505615234
row_extra_quote32_col1.csv,0.001552581787109375
row_more_sep_row81_col2.csv,0.001760721206665039
row_more_sep_row21_col5.csv,0.001359701156616211
row_extra_quote41_col0.csv,0.0022318363189697266
row_less_sep_row30_col8.csv,0.0016562938690185547
row_less_sep_row74_col3.csv,0.0021262168884277344
row_more_sep_row53_col6.csv,0.0021245479583740234
row_less_sep_row9_col5.csv,0.0030226707458496094
row_extra_quote34_col4.csv,0.0018513202667236328
row_more_sep_row68_col5.csv,0.0021522045135498047
row_extra_quote71_col6.csv,0.0029420852661132812
row_extra_quote9_col6.csv,0.002495288848876953
row_more_sep_row80_col8.csv,0.0017549991607666016
row_more_sep_row4_col6.csv,0.0018644332885742188
row_extra_quote61_col3.csv,0.002216339111328125
row_less_sep_row4_col4.csv,0.001924276351928711
row_more_sep_row67_col8.csv,0.0015246868133544922
row_more_sep_row61_col8.csv,0.002057313919067383
row_more_sep_row47_col2.csv,0.002278566360473633
row_field_delimiter_21_0x20.csv,0.0015308856964111328
row_extra_quote28_col7.csv,0.0016176700592041016
row_less_sep_row36_col4.csv,0.0023491382598876953
row_extra_quote36_col7.csv,0.0016450881958007812
row_more_sep_row82_col8.csv,0.0022041797637939453
row_more_sep_row9_col7.csv,0.0015156269073486328
row_extra_quote7_col5.csv,0.0017771720886230469
row_more_sep_row31_col3.csv,0.0018029212951660156
row_less_sep_row28_col8.csv,0.001424551010131836
row_less_sep_row65_col2.csv,0.0016794204711914062
row_more_sep_row34_col4.csv,0.0019378662109375
row_less_sep_row23_col4.csv,0.0021610260009765625
row_more_sep_row66_col0.csv,0.0021507740020751953
row_less_sep_row15_col7.csv,0.0017209053039550781
row_less_sep_row18_col5.csv,0.002056121826171875
row_field_delimiter_55_0x20.csv,0.0016887187957763672
row_less_sep_row56_col6.csv,0.0013475418090820312
row_field_delimiter_22_0x20.csv,0.002054452896118164
row_less_sep_row36_col3.csv,0.0014345645904541016
row_less_sep_row3_col5.csv,0.002053976058959961
row_more_sep_row10_col7.csv,0.0023033618927001953
row_extra_quote63_col8.csv,0.0016982555389404297
row_less_sep_row82_col5.csv,0.002984285354614258
row_less_sep_row19_col4.csv,0.0022382736206054688
row_more_sep_row79_col5.csv,0.0015559196472167969
row_extra_quote79_col8.csv,0.0024750232696533203
row_less_sep_row49_col7.csv,0.0017445087432861328
row_extra_quote30_col3.csv,0.0020651817321777344
row_less_sep_row5_col1.csv,0.002579212188720703
row_less_sep_row76_col1.csv,0.0012695789337158203
row_more_sep_row80_col7.csv,0.0023479461669921875
row_less_sep_row75_col6.csv,0.0014400482177734375
row_more_sep_row64_col5.csv,0.0016148090362548828
row_extra_quote23_col5.csv,0.0014789104461669922
row_more_sep_row11_col0.csv,0.001971721649169922
row_more_sep_row30_col7.csv,0.0017955303192138672
row_less_sep_row82_col8.csv,0.0013697147369384766
row_less_sep_row33_col2.csv,0.001238107681274414
row_extra_quote46_col5.csv,0.0013890266418457031
row_field_delimiter_44_0x20.csv,0.0015368461608886719
row_less_sep_row69_col1.csv,0.0016558170318603516
row_extra_quote4_col3.csv,0.0016317367553710938
row_more_sep_row69_col2.csv,0.0015921592712402344
row_more_sep_row45_col8.csv,0.0017364025115966797
row_field_delimiter_1_0x20.csv,0.0016884803771972656
row_more_sep_row50_col5.csv,0.001965045928955078
row_less_sep_row16_col3.csv,0.0015845298767089844
row_more_sep_row28_col1.csv,0.002238750457763672
row_more_sep_row82_col0.csv,0.0015764236450195312
row_less_sep_row22_col5.csv,0.0019183158874511719
row_less_sep_row51_col5.csv,0.0019333362579345703
row_extra_quote83_col7.csv,0.0020792484283447266
row_extra_quote41_col7.csv,0.0017788410186767578
row_more_sep_row62_col3.csv,0.0020427703857421875
row_more_sep_row73_col6.csv,0.0019860267639160156
row_more_sep_row71_col4.csv,0.002428770065307617
row_less_sep_row20_col3.csv,0.0020601749420166016
row_less_sep_row70_col7.csv,0.0016036033630371094
row_less_sep_row78_col6.csv,0.0022172927856445312
row_less_sep_row18_col7.csv,0.001967906951904297
row_extra_quote55_col0.csv,0.0016605854034423828
row_extra_quote71_col5.csv,0.0017712116241455078
row_less_sep_row35_col4.csv,0.0025768280029296875
row_extra_quote19_col5.csv,0.001527547836303711
row_extra_quote41_col4.csv,0.0025434494018554688
row_more_sep_row58_col8.csv,0.0020971298217773438
row_more_sep_row46_col4.csv,0.001355886459350586
row_more_sep_row13_col3.csv,0.0026912689208984375
row_extra_quote78_col1.csv,0.0025861263275146484
row_extra_quote57_col7.csv,0.0025327205657958984
row_extra_quote59_col3.csv,0.002092123031616211
row_more_sep_row29_col2.csv,0.0019466876983642578
row_more_sep_row57_col8.csv,0.0015659332275390625
row_more_sep_row80_col6.csv,0.0037953853607177734
row_more_sep_row52_col6.csv,0.0012230873107910156
row_extra_quote80_col0.csv,0.0021436214447021484
row_extra_quote66_col3.csv,0.001546621322631836
row_more_sep_row83_col8.csv,0.0024302005767822266
row_less_sep_row37_col2.csv,0.001653909683227539
row_less_sep_row78_col8.csv,0.002093076705932617
row_more_sep_row26_col4.csv,0.001512289047241211
row_extra_quote67_col2.csv,0.002048969268798828
row_less_sep_row69_col6.csv,0.0013885498046875
row_extra_quote3_col4.csv,0.0025162696838378906
row_more_sep_row74_col1.csv,0.0014307498931884766
row_extra_quote47_col4.csv,0.002732992172241211
row_extra_quote53_col3.csv,0.0018775463104248047
row_extra_quote79_col1.csv,0.0023679733276367188
row_more_sep_row53_col5.csv,0.002863168716430664
row_less_sep_row79_col7.csv,0.0014727115631103516
row_extra_quote1_col6.csv,0.002831697463989258
row_less_sep_row62_col8.csv,0.0017461776733398438
row_more_sep_row25_col6.csv,0.0017032623291015625
row_extra_quote56_col3.csv,0.0014755725860595703
row_extra_quote32_col2.csv,0.001995086669921875
row_more_sep_row25_col5.csv,0.0015015602111816406
row_more_sep_row6_col0.csv,0.003215789794921875
row_extra_quote62_col7.csv,0.0015783309936523438
row_more_sep_row38_col0.csv,0.0014960765838623047
row_less_sep_row71_col2.csv,0.0016469955444335938
row_more_sep_row28_col6.csv,0.0025396347045898438
row_extra_quote58_col2.csv,0.0022726058959960938
row_extra_quote11_col4.csv,0.003143787384033203
row_extra_quote11_col2.csv,0.001779317855834961
row_more_sep_row25_col7.csv,0.0036399364471435547
row_extra_quote30_col7.csv,0.0019202232360839844
row_less_sep_row13_col2.csv,0.003004312515258789
row_field_delimiter_31_0x20.csv,0.0019183158874511719
row_field_delimiter_4_0x20.csv,0.0024216175079345703
row_more_sep_row18_col8.csv,0.002863168716430664
row_more_sep_row48_col0.csv,0.002122163772583008
row_more_sep_row2_col3.csv,0.0021915435791015625
row_less_sep_row51_col4.csv,0.0013937950134277344
row_less_sep_row24_col8.csv,0.003366231918334961
row_more_sep_row7_col7.csv,0.001081705093383789
row_more_sep_row37_col4.csv,0.0018656253814697266
row_more_sep_row67_col7.csv,0.0021209716796875
row_less_sep_row30_col5.csv,0.0015783309936523438
row_less_sep_row80_col6.csv,0.0022182464599609375
row_extra_quote37_col5.csv,0.002602815628051758
row_more_sep_row15_col2.csv,0.002641439437866211
row_more_sep_row5_col5.csv,0.001642465591430664
row_more_sep_row15_col0.csv,0.003471851348876953
row_more_sep_row63_col4.csv,0.001901865005493164
row_more_sep_row83_col2.csv,0.0019414424896240234
row_extra_quote47_col5.csv,0.0017859935760498047
row_less_sep_row11_col6.csv,0.0023043155670166016
row_more_sep_row14_col7.csv,0.0022373199462890625
row_less_sep_row60_col1.csv,0.0027496814727783203
row_extra_quote64_col8.csv,0.002418041229248047
row_less_sep_row77_col1.csv,0.002005338668823242
row_extra_quote23_col1.csv,0.001976490020751953
row_extra_quote70_col3.csv,0.0025238990783691406
row_more_sep_row50_col4.csv,0.0014290809631347656
row_less_sep_row2_col4.csv,0.0030508041381835938
row_more_sep_row44_col3.csv,0.001413583755493164
row_less_sep_row76_col6.csv,0.0031549930572509766
row_less_sep_row38_col3.csv,0.001965761184692383
row_extra_quote83_col4.csv,0.0019943714141845703
row_less_sep_row82_col1.csv,0.0016586780548095703
row_more_sep_row47_col7.csv,0.0017442703247070312
row_extra_quote63_col4.csv,0.002115488052368164
row_more_sep_row4_col3.csv,0.0016269683837890625
row_more_sep_row53_col3.csv,0.002828359603881836
row_extra_quote59_col5.csv,0.0014524459838867188
row_more_sep_row23_col4.csv,0.0037186145782470703
row_less_sep_row78_col3.csv,0.0018491744995117188
row_extra_quote42_col0.csv,0.002175569534301758
row_field_delimiter_73_0x20.csv,0.0023255348205566406
row_more_sep_row5_col8.csv,0.003422260284423828
row_extra_quote1_col4.csv,0.0018398761749267578
row_less_sep_row15_col2.csv,0.0023469924926757812
row_more_sep_row74_col0.csv,0.0016641616821289062
row_less_sep_row1_col1.csv,0.0027730464935302734
row_field_delimiter_23_0x20.csv,0.0016896724700927734
row_extra_quote28_col0.csv,0.0023932456970214844
row_more_sep_row39_col0.csv,0.001836538314819336
row_more_sep_row56_col0.csv,0.0021119117736816406
row_more_sep_row60_col8.csv,0.0018758773803710938
row_more_sep_row9_col5.csv,0.002079486846923828
row_less_sep_row30_col1.csv,0.0016334056854248047
row_more_sep_row79_col8.csv,0.0011005401611328125
row_less_sep_row25_col8.csv,0.0022242069244384766
row_extra_quote77_col7.csv,0.0016963481903076172
row_more_sep_row37_col3.csv,0.0017750263214111328
row_less_sep_row16_col7.csv,0.0015196800231933594
row_less_sep_row9_col3.csv,0.0020935535430908203
row_less_sep_row39_col8.csv,0.0015878677368164062
row_extra_quote25_col3.csv,0.0018031597137451172
row_more_sep_row55_col6.csv,0.0016527175903320312
row_more_sep_row25_col4.csv,0.001832723617553711
row_extra_quote0_col5.csv,0.0015721321105957031
row_more_sep_row31_col6.csv,0.0015034675598144531
row_more_sep_row77_col4.csv,0.001859426498413086
row_field_delimiter_3_0x20.csv,0.0020258426666259766
row_more_sep_row6_col5.csv,0.0017371177673339844
row_extra_quote10_col6.csv,0.001992940902709961
row_more_sep_row18_col4.csv,0.0015478134155273438
row_more_sep_row66_col4.csv,0.0020058155059814453
row_extra_quote26_col2.csv,0.001584768295288086
row_more_sep_row58_col0.csv,0.002526998519897461
row_less_sep_row56_col8.csv,0.0015201568603515625
row_less_sep_row48_col6.csv,0.0027740001678466797
row_less_sep_row31_col4.csv,0.0014579296112060547
row_extra_quote19_col0.csv,0.0022287368774414062
row_extra_quote7_col8.csv,0.0016002655029296875
row_less_sep_row29_col7.csv,0.0023272037506103516
row_extra_quote66_col0.csv,0.0011382102966308594
row_extra_quote48_col3.csv,0.002362489700317383
row_more_sep_row18_col6.csv,0.0013675689697265625
row_more_sep_row50_col7.csv,0.0018913745880126953
row_extra_quote13_col8.csv,0.0015530586242675781
row_less_sep_row15_col4.csv,0.0016722679138183594
row_less_sep_row67_col7.csv,0.0013544559478759766
row_extra_quote2_col2.csv,0.0014979839324951172
row_extra_quote44_col6.csv,0.0015246868133544922
row_extra_quote42_col4.csv,0.0037086009979248047
row_extra_quote11_col7.csv,0.001703500747680664
row_more_sep_row48_col4.csv,0.0013124942779541016
row_extra_quote66_col6.csv,0.0015316009521484375
row_more_sep_row78_col4.csv,0.001954793930053711
row_more_sep_row12_col0.csv,0.0016045570373535156
row_extra_quote0_col3.csv,0.0019817352294921875
row_extra_quote64_col1.csv,0.0017871856689453125
row_less_sep_row62_col7.csv,0.0017936229705810547
row_extra_quote62_col1.csv,0.001323699951171875
row_less_sep_row73_col8.csv,0.0022394657135009766
row_extra_quote44_col5.csv,0.0012760162353515625
row_less_sep_row42_col7.csv,0.0020952224731445312
row_extra_quote64_col5.csv,0.0016944408416748047
row_extra_quote31_col2.csv,0.002608060836791992
row_less_sep_row10_col3.csv,0.0014548301696777344
row_extra_quote27_col4.csv,0.0019006729125976562
row_extra_quote54_col4.csv,0.0014407634735107422
file_header_multirow_2.csv,0.0015175342559814453
row_field_delimiter_82_0x20.csv,0.0015213489532470703
row_less_sep_row83_col1.csv,0.002541780471801758
row_extra_quote50_col0.csv,0.0014619827270507812
row_more_sep_row77_col7.csv,0.001493215560913086
row_more_sep_row8_col1.csv,0.0013949871063232422
row_more_sep_row54_col1.csv,0.002839326858520508
row_more_sep_row29_col6.csv,0.0013997554779052734
row_more_sep_row24_col1.csv,0.0014264583587646484
row_field_delimiter_48_0x20.csv,0.0016605854034423828
row_less_sep_row65_col3.csv,0.0017371177673339844
row_more_sep_row83_col7.csv,0.002526998519897461
row_less_sep_row7_col8.csv,0.0023071765899658203
row_less_sep_row10_col8.csv,0.0017001628875732422
row_extra_quote7_col0.csv,0.001809835433959961
row_more_sep_row15_col1.csv,0.0018699169158935547
row_extra_quote16_col7.csv,0.0019140243530273438
row_extra_quote52_col7.csv,0.0022020339965820312
row_extra_quote13_col5.csv,0.0014984607696533203
row_less_sep_row60_col5.csv,0.002445697784423828
row_more_sep_row42_col0.csv,0.0014333724975585938
row_field_delimiter_78_0x20.csv,0.002684354782104492
row_extra_quote59_col1.csv,0.002405881881713867
row_less_sep_row58_col7.csv,0.002637624740600586
row_more_sep_row21_col8.csv,0.001631021499633789
row_less_sep_row20_col8.csv,0.002445220947265625
row_more_sep_row64_col1.csv,0.0025048255920410156
row_extra_quote41_col3.csv,0.0017666816711425781
row_less_sep_row43_col4.csv,0.0017011165618896484
row_extra_quote53_col1.csv,0.003493070602416992
row_more_sep_row19_col4.csv,0.0017533302307128906
row_more_sep_row12_col7.csv,0.0013475418090820312
row_less_sep_row61_col8.csv,0.002462148666381836
row_more_sep_row2_col7.csv,0.0014226436614990234
row_less_sep_row41_col4.csv,0.0023746490478515625
row_less_sep_row39_col3.csv,0.0015840530395507812
row_extra_quote71_col3.csv,0.0016694068908691406
row_extra_quote22_col0.csv,0.0017943382263183594
row_more_sep_row51_col1.csv,0.0019006729125976562
row_extra_quote30_col5.csv,0.0021042823791503906
row_extra_quote39_col3.csv,0.0016932487487792969
row_field_delimiter_37_0x20.csv,0.0021245479583740234
row_less_sep_row74_col1.csv,0.0017058849334716797
row_extra_quote31_col7.csv,0.0018069744110107422
row_field_delimiter_70_0x20.csv,0.002411365509033203
row_more_sep_row44_col2.csv,0.0016071796417236328
row_less_sep_row66_col4.csv,0.0023005008697509766
row_less_sep_row71_col6.csv,0.0016922950744628906
row_extra_quote20_col1.csv,0.0019040107727050781
row_less_sep_row42_col5.csv,0.0018463134765625
row_extra_quote22_col7.csv,0.0016973018646240234
row_more_sep_row83_col4.csv,0.0015726089477539062
row_more_sep_row72_col1.csv,0.0024356842041015625
row_extra_quote31_col3.csv,0.0019609928131103516
row_field_delimiter_61_0x20.csv,0.0016651153564453125
row_more_sep_row3_col5.csv,0.0018939971923828125
row_more_sep_row63_col8.csv,0.00147247314453125
row_less_sep_row50_col5.csv,0.001932382583618164
file_preamble.csv,0.0014433860778808594
row_extra_quote67_col0.csv,0.0018110275268554688
row_more_sep_row5_col1.csv,0.001600027084350586
row_less_sep_row39_col5.csv,0.002370595932006836
row_more_sep_row76_col4.csv,0.002445697784423828
row_less_sep_row21_col8.csv,0.0017080307006835938
row_more_sep_row61_col1.csv,0.0014317035675048828
row_more_sep_row82_col3.csv,0.0013060569763183594
row_more_sep_row16_col3.csv,0.0017926692962646484
row_less_sep_row23_col6.csv,0.0016880035400390625
row_more_sep_row82_col2.csv,0.0020470619201660156
row_more_sep_row1_col5.csv,0.001699209213256836
row_less_sep_row33_col7.csv,0.0016970634460449219
row_more_sep_row52_col1.csv,0.0014102458953857422
row_less_sep_row78_col4.csv,0.002747774124145508
row_more_sep_row32_col7.csv,0.002112150192260742
row_less_sep_row0_col1.csv,0.0024445056915283203
row_more_sep_row22_col7.csv,0.0017948150634765625
row_extra_quote42_col8.csv,0.0035295486450195312
row_more_sep_row70_col3.csv,0.0019741058349609375
row_extra_quote29_col7.csv,0.0018723011016845703
row_extra_quote74_col8.csv,0.0018897056579589844
row_less_sep_row65_col8.csv,0.0029141902923583984
row_more_sep_row49_col1.csv,0.0015919208526611328
row_less_sep_row42_col6.csv,0.001377105712890625
row_more_sep_row72_col2.csv,0.0013642311096191406
row_less_sep_row81_col7.csv,0.002475261688232422
row_extra_quote54_col8.csv,0.001947641372680664
row_less_sep_row70_col1.csv,0.0018813610076904297
row_extra_quote60_col4.csv,0.0014324188232421875
row_more_sep_row65_col2.csv,0.002966165542602539
row_less_sep_row52_col1.csv,0.0022153854370117188
row_extra_quote4_col5.csv,0.0016705989837646484
row_less_sep_row50_col4.csv,0.0013861656188964844
row_field_delimiter_6_0x20.csv,0.0015211105346679688
row_more_sep_row79_col6.csv,0.002394437789916992
row_less_sep_row53_col8.csv,0.002035379409790039
row_extra_quote24_col7.csv,0.0012288093566894531
row_less_sep_row40_col4.csv,0.0018193721771240234
row_less_sep_row43_col8.csv,0.0017557144165039062
row_more_sep_row56_col2.csv,0.0019257068634033203
row_less_sep_row74_col2.csv,0.001840829849243164
row_extra_quote25_col4.csv,0.002046346664428711
row_less_sep_row71_col7.csv,0.0027036666870117188
row_more_sep_row65_col5.csv,0.0017156600952148438
row_extra_quote8_col3.csv,0.002675771713256836
row_more_sep_row22_col5.csv,0.0017027854919433594
row_extra_quote44_col1.csv,0.0015749931335449219
row_extra_quote72_col6.csv,0.0019643306732177734
row_extra_quote65_col5.csv,0.0015943050384521484
row_more_sep_row26_col3.csv,0.0019731521606445312
row_extra_quote12_col7.csv,0.0013744831085205078
row_less_sep_row77_col7.csv,0.0016477108001708984
row_less_sep_row61_col3.csv,0.002789735794067383
row_more_sep_row55_col2.csv,0.0018901824951171875
row_more_sep_row37_col2.csv,0.0015816688537597656
file_record_delimiter_0xA.csv,0.0022416114807128906
row_more_sep_row21_col0.csv,0.001949310302734375
row_less_sep_row79_col1.csv,0.002574443817138672
row_more_sep_row67_col4.csv,0.002591848373413086
row_less_sep_row60_col8.csv,0.0021257400512695312
row_more_sep_row65_col8.csv,0.0016286373138427734
row_extra_quote50_col4.csv,0.003253459930419922
row_less_sep_row58_col4.csv,0.0013892650604248047
row_more_sep_row1_col4.csv,0.0021343231201171875
row_extra_quote61_col2.csv,0.0017669200897216797
row_more_sep_row36_col4.csv,0.0018320083618164062
row_less_sep_row73_col7.csv,0.0024149417877197266
row_more_sep_row28_col2.csv,0.002061605453491211
row_more_sep_row72_col6.csv,0.0023102760314941406
row_extra_quote2_col7.csv,0.0025565624237060547
row_extra_quote47_col1.csv,0.0014140605926513672
row_less_sep_row7_col6.csv,0.0031578540802001953
row_more_sep_row31_col1.csv,0.0017817020416259766
row_extra_quote8_col0.csv,0.0015692710876464844
row_extra_quote81_col3.csv,0.0019712448120117188
row_more_sep_row59_col8.csv,0.002367258071899414
row_more_sep_row58_col4.csv,0.0014684200286865234
row_extra_quote36_col8.csv,0.004297018051147461
row_less_sep_row1_col5.csv,0.0017211437225341797
row_less_sep_row31_col8.csv,0.0015304088592529297
row_less_sep_row32_col4.csv,0.002443075180053711
row_less_sep_row42_col8.csv,0.002494335174560547
row_extra_quote31_col1.csv,0.0016300678253173828
row_extra_quote62_col8.csv,0.0026140213012695312
row_more_sep_row32_col0.csv,0.002165079116821289
row_less_sep_row4_col3.csv,0.0014221668243408203
row_less_sep_row17_col4.csv,0.0017197132110595703
row_extra_quote0_col4.csv,0.0016770362854003906
row_extra_quote55_col1.csv,0.001873016357421875
row_more_sep_row11_col2.csv,0.0033495426177978516
row_extra_quote60_col5.csv,0.0026543140411376953
row_more_sep_row8_col6.csv,0.001611948013305664
row_field_delimiter_28_0x20.csv,0.0019190311431884766
row_extra_quote79_col3.csv,0.002377748489379883
row_less_sep_row44_col3.csv,0.0021555423736572266
row_less_sep_row48_col4.csv,0.0016489028930664062
row_more_sep_row65_col3.csv,0.0015954971313476562
row_more_sep_row78_col6.csv,0.0019040107727050781
row_more_sep_row16_col8.csv,0.0017046928405761719
row_more_sep_row41_col0.csv,0.0017893314361572266
row_extra_quote39_col5.csv,0.0014734268188476562
row_extra_quote55_col4.csv,0.0013949871063232422
row_less_sep_row81_col4.csv,0.001539468765258789
row_less_sep_row42_col2.csv,0.001608133316040039
row_extra_quote55_col7.csv,0.002849102020263672
row_less_sep_row51_col3.csv,0.0016970634460449219
row_more_sep_row71_col2.csv,0.001323699951171875
row_less_sep_row11_col2.csv,0.002207040786743164
row_more_sep_row50_col1.csv,0.0017044544219970703
row_more_sep_row51_col5.csv,0.0015385150909423828
row_more_sep_row8_col8.csv,0.0022974014282226562
row_more_sep_row18_col3.csv,0.002197265625
row_extra_quote17_col0.csv,0.0013594627380371094
row_extra_quote45_col0.csv,0.0015819072723388672
row_extra_quote19_col4.csv,0.001505136489868164
row_less_sep_row46_col4.csv,0.0023963451385498047
row_more_sep_row65_col1.csv,0.0021924972534179688
row_less_sep_row76_col3.csv,0.0014531612396240234
row_less_sep_row75_col7.csv,0.0014846324920654297
row_extra_quote33_col2.csv,0.002537250518798828
row_extra_quote24_col2.csv,0.002095460891723633
row_less_sep_row69_col3.csv,0.0016407966613769531
row_extra_quote69_col0.csv,0.0020284652709960938
row_extra_quote68_col5.csv,0.0015041828155517578
row_less_sep_row36_col8.csv,0.0021200180053710938
row_extra_quote51_col7.csv,0.001959562301635742
row_less_sep_row48_col2.csv,0.001386880874633789
row_more_sep_row34_col2.csv,0.0025718212127685547
row_extra_quote82_col7.csv,0.0016529560089111328
row_more_sep_row57_col6.csv,0.002176046371459961
row_more_sep_row52_col0.csv,0.001257181167602539
row_extra_quote69_col5.csv,0.0016205310821533203
row_less_sep_row10_col7.csv,0.0014922618865966797
row_less_sep_row34_col3.csv,0.0015146732330322266
row_extra_quote72_col3.csv,0.0021028518676757812
row_extra_quote72_col4.csv,0.0015761852264404297
row_more_sep_row8_col7.csv,0.0015368461608886719
row_less_sep_row52_col4.csv,0.00170135498046875
row_more_sep_row6_col4.csv,0.001322031021118164
row_less_sep_row56_col4.csv,0.002470731735229492
row_more_sep_row55_col1.csv,0.0013494491577148438
row_more_sep_row36_col8.csv,0.001659393310546875
row_more_sep_row63_col2.csv,0.0018541812896728516
row_extra_quote53_col2.csv,0.0021347999572753906
row_extra_quote32_col5.csv,0.0012693405151367188
row_extra_quote75_col5.csv,0.0012500286102294922
row_more_sep_row55_col4.csv,0.0016481876373291016
row_more_sep_row2_col0.csv,0.0013964176177978516
row_more_sep_row32_col5.csv,0.001783132553100586
row_less_sep_row45_col7.csv,0.0014722347259521484
row_extra_quote10_col7.csv,0.0017528533935546875
row_extra_quote27_col3.csv,0.002318859100341797
row_extra_quote66_col7.csv,0.0021533966064453125
row_extra_quote51_col0.csv,0.0022678375244140625
row_more_sep_row13_col1.csv,0.0016052722930908203
row_more_sep_row71_col8.csv,0.001611471176147461
row_less_sep_row16_col5.csv,0.0015230178833007812
row_more_sep_row9_col6.csv,0.0015347003936767578
row_extra_quote66_col5.csv,0.0014564990997314453
row_extra_quote63_col3.csv,0.0017414093017578125
row_less_sep_row3_col7.csv,0.002390623092651367
row_extra_quote54_col2.csv,0.0019311904907226562
row_more_sep_row6_col1.csv,0.0018157958984375
row_extra_quote27_col0.csv,0.0017633438110351562
row_more_sep_row16_col5.csv,0.0019845962524414062
row_extra_quote42_col7.csv,0.002521514892578125
row_less_sep_row31_col6.csv,0.0015268325805664062
row_less_sep_row73_col1.csv,0.0014655590057373047
row_extra_quote18_col7.csv,0.0017747879028320312
row_more_sep_row31_col2.csv,0.0024394989013671875
row_extra_quote74_col5.csv,0.001615285873413086
row_less_sep_row0_col3.csv,0.001821279525756836
row_extra_quote35_col4.csv,0.0023620128631591797
row_less_sep_row25_col3.csv,0.0015749931335449219
row_extra_quote74_col2.csv,0.001577615737915039
row_extra_quote9_col5.csv,0.0013880729675292969
row_extra_quote21_col0.csv,0.003075122833251953
row_field_delimiter_27_0x20.csv,0.0019199848175048828
row_more_sep_row25_col1.csv,0.0022859573364257812
row_more_sep_row53_col8.csv,0.0023317337036132812
row_less_sep_row12_col5.csv,0.0016894340515136719
row_less_sep_row69_col2.csv,0.0032129287719726562
row_extra_quote7_col4.csv,0.0024940967559814453
row_less_sep_row53_col3.csv,0.0018935203552246094
row_field_delimiter_45_0x20.csv,0.0018224716186523438
row_extra_quote17_col4.csv,0.0025794506072998047
row_less_sep_row12_col2.csv,0.0017764568328857422
row_extra_quote39_col4.csv,0.0014622211456298828
row_extra_quote0_col8.csv,0.002178192138671875
row_less_sep_row25_col6.csv,0.001979827880859375
row_more_sep_row26_col0.csv,0.002871274948120117
row_extra_quote28_col2.csv,0.002177715301513672
row_more_sep_row36_col3.csv,0.0018451213836669922
row_more_sep_row38_col6.csv,0.0016460418701171875
row_extra_quote64_col3.csv,0.002081632614135742
row_extra_quote12_col4.csv,0.0030074119567871094
row_less_sep_row6_col3.csv,0.0027048587799072266
row_more_sep_row17_col4.csv,0.003059864044189453
row_less_sep_row54_col5.csv,0.001638174057006836
row_less_sep_row32_col1.csv,0.0017819404602050781
row_extra_quote24_col1.csv,0.002233266830444336
row_field_delimiter_64_0x20.csv,0.0019071102142333984
row_less_sep_row41_col2.csv,0.001950979232788086
row_extra_quote7_col6.csv,0.001974344253540039
row_extra_quote62_col4.csv,0.0023407936096191406
row_extra_quote34_col3.csv,0.0032019615173339844
row_more_sep_row39_col1.csv,0.0015685558319091797
row_extra_quote34_col6.csv,0.001978158950805664
row_extra_quote42_col6.csv,0.0016622543334960938
row_extra_quote40_col6.csv,0.002125978469848633
row_extra_quote53_col6.csv,0.00146484375
row_less_sep_row59_col3.csv,0.0018396377563476562
row_more_sep_row4_col2.csv,0.0025110244750976562
row_extra_quote81_col0.csv,0.002040863037109375
row_extra_quote15_col4.csv,0.0015327930450439453
row_less_sep_row23_col8.csv,0.0024747848510742188
row_field_delimiter_59_0x20.csv,0.00154876708984375
row_more_sep_row78_col5.csv,0.0016982555389404297
row_more_sep_row63_col3.csv,0.0018661022186279297
row_less_sep_row68_col7.csv,0.0025627613067626953
row_less_sep_row66_col2.csv,0.0019609928131103516
row_less_sep_row4_col1.csv,0.001653432846069336
row_less_sep_row72_col4.csv,0.0022344589233398438
row_extra_quote21_col5.csv,0.001855611801147461
row_more_sep_row29_col8.csv,0.0028264522552490234
row_less_sep_row57_col6.csv,0.0016582012176513672
row_extra_quote49_col7.csv,0.0030088424682617188
row_more_sep_row0_col3.csv,0.002039194107055664
row_more_sep_row7_col6.csv,0.0023369789123535156
row_extra_quote58_col8.csv,0.0017838478088378906
row_extra_quote80_col2.csv,0.001268148422241211
row_extra_quote63_col5.csv,0.0018701553344726562
file_field_delimiter_0x2C_0x20.csv,0.002241373062133789
row_extra_quote81_col7.csv,0.0015423297882080078
row_more_sep_row75_col4.csv,0.0023217201232910156
row_less_sep_row23_col7.csv,0.0012819766998291016
row_extra_quote46_col7.csv,0.0013065338134765625
row_extra_quote19_col7.csv,0.0018274784088134766
row_less_sep_row83_col4.csv,0.0013380050659179688
row_more_sep_row71_col7.csv,0.0015420913696289062
row_more_sep_row52_col7.csv,0.0014181137084960938
row_less_sep_row60_col7.csv,0.0030028820037841797
row_more_sep_row57_col5.csv,0.002008676528930664
row_less_sep_row11_col3.csv,0.0015478134155273438
row_less_sep_row18_col4.csv,0.002299785614013672
row_more_sep_row40_col6.csv,0.0022242069244384766
row_extra_quote44_col8.csv,0.0019404888153076172
row_extra_quote76_col2.csv,0.0016646385192871094
row_more_sep_row78_col1.csv,0.001962900161743164
row_more_sep_row9_col1.csv,0.0014393329620361328
row_field_delimiter_76_0x20.csv,0.002683877944946289
row_extra_quote19_col6.csv,0.002954244613647461
row_more_sep_row21_col2.csv,0.0031719207763671875
row_more_sep_row40_col7.csv,0.0031142234802246094
row_more_sep_row76_col0.csv,0.0016262531280517578
row_extra_quote75_col3.csv,0.0028557777404785156
row_extra_quote29_col2.csv,0.0018944740295410156
row_more_sep_row30_col5.csv,0.0017969608306884766
row_extra_quote54_col1.csv,0.002154111862182617
row_extra_quote45_col3.csv,0.002439260482788086
row_more_sep_row83_col3.csv,0.001657247543334961
row_more_sep_row11_col6.csv,0.0023229122161865234
row_less_sep_row35_col6.csv,0.001771688461303711
row_extra_quote43_col7.csv,0.0014753341674804688
row_more_sep_row9_col8.csv,0.0014984607696533203
row_less_sep_row6_col8.csv,0.0022161006927490234
row_less_sep_row7_col1.csv,0.0016636848449707031
row_more_sep_row52_col2.csv,0.0015535354614257812
row_extra_quote45_col6.csv,0.0017597675323486328
row_less_sep_row21_col1.csv,0.0029571056365966797
row_more_sep_row70_col7.csv,0.0017535686492919922
row_extra_quote53_col4.csv,0.003136873245239258
row_more_sep_row40_col0.csv,0.0021352767944335938
row_less_sep_row35_col3.csv,0.002079010009765625
row_extra_quote5_col5.csv,0.0026509761810302734
row_less_sep_row80_col2.csv,0.0026891231536865234
row_less_sep_row2_col8.csv,0.0016956329345703125
row_more_sep_row62_col5.csv,0.002228260040283203
row_more_sep_row78_col7.csv,0.0018734931945800781
row_extra_quote0_col6.csv,0.0014224052429199219
row_less_sep_row17_col2.csv,0.001529693603515625
row_more_sep_row7_col5.csv,0.001230478286743164
row_less_sep_row6_col1.csv,0.0013744831085205078
row_extra_quote21_col1.csv,0.0027365684509277344
row_less_sep_row54_col6.csv,0.001573324203491211
row_less_sep_row72_col8.csv,0.0025048255920410156
row_extra_quote78_col8.csv,0.0017650127410888672
row_more_sep_row67_col6.csv,0.002263784408569336
row_more_sep_row56_col3.csv,0.001758575439453125
row_less_sep_row40_col5.csv,0.0037958621978759766
row_less_sep_row78_col2.csv,0.001965761184692383
row_more_sep_row10_col8.csv,0.001958608627319336
row_more_sep_row19_col7.csv,0.0017981529235839844
row_less_sep_row54_col8.csv,0.002717733383178711
row_less_sep_row69_col5.csv,0.0014500617980957031
row_extra_quote83_col1.csv,0.0018107891082763672
row_less_sep_row78_col5.csv,0.0028645992279052734
row_less_sep_row59_col6.csv,0.002278566360473633
row_less_sep_row45_col2.csv,0.002102375030517578
row_extra_quote50_col1.csv,0.001781463623046875
row_less_sep_row22_col1.csv,0.0019524097442626953
row_less_sep_row52_col6.csv,0.0021233558654785156
row_more_sep_row56_col1.csv,0.002070188522338867
row_more_sep_row14_col5.csv,0.0020215511322021484
row_extra_quote47_col2.csv,0.0023889541625976562
row_extra_quote16_col0.csv,0.002003192901611328
row_extra_quote42_col2.csv,0.0016162395477294922
row_extra_quote29_col8.csv,0.0024709701538085938
row_extra_quote45_col7.csv,0.0017056465148925781
row_less_sep_row24_col4.csv,0.0029060840606689453
row_less_sep_row70_col2.csv,0.0016224384307861328
row_extra_quote54_col6.csv,0.0017642974853515625
row_extra_quote82_col4.csv,0.0019078254699707031
row_extra_quote12_col0.csv,0.0019237995147705078
row_extra_quote61_col8.csv,0.002396106719970703
row_field_delimiter_18_0x20.csv,0.0015344619750976562
row_less_sep_row36_col7.csv,0.0013263225555419922
row_more_sep_row35_col8.csv,0.003309488296508789
row_extra_quote68_col0.csv,0.0020470619201660156
row_less_sep_row59_col5.csv,0.0017244815826416016
row_more_sep_row43_col8.csv,0.001953601837158203
row_less_sep_row54_col4.csv,0.005343198776245117
row_less_sep_row13_col6.csv,0.0018324851989746094
row_more_sep_row70_col6.csv,0.002710580825805664
row_more_sep_row38_col7.csv,0.002975940704345703
row_extra_quote41_col8.csv,0.0023584365844726562
row_less_sep_row46_col6.csv,0.0020945072174072266
row_extra_quote69_col1.csv,0.0027017593383789062
row_more_sep_row81_col5.csv,0.0016834735870361328
row_field_delimiter_54_0x20.csv,0.0018274784088134766
row_more_sep_row8_col3.csv,0.0016455650329589844
row_more_sep_row17_col8.csv,0.002096414566040039
row_more_sep_row59_col1.csv,0.002033710479736328
row_extra_quote75_col4.csv,0.0019838809967041016
row_less_sep_row58_col3.csv,0.001657724380493164
row_less_sep_row33_col4.csv,0.001978635787963867
row_more_sep_row75_col7.csv,0.001971006393432617
row_extra_quote60_col0.csv,0.0018057823181152344
row_more_sep_row49_col8.csv,0.001697540283203125
row_extra_quote66_col4.csv,0.002191305160522461
row_extra_quote49_col1.csv,0.0017189979553222656
row_less_sep_row14_col7.csv,0.00194549560546875
row_more_sep_row81_col4.csv,0.001913309097290039
row_more_sep_row26_col8.csv,0.0018510818481445312
row_more_sep_row4_col8.csv,0.0020470619201660156
row_more_sep_row15_col7.csv,0.0029761791229248047
row_less_sep_row31_col3.csv,0.0025632381439208984
row_more_sep_row16_col1.csv,0.0023458003997802734
row_more_sep_row81_col3.csv,0.002005338668823242
row_extra_quote70_col2.csv,0.002291440963745117
row_extra_quote23_col4.csv,0.001421213150024414
row_extra_quote5_col1.csv,0.0014836788177490234
row_less_sep_row12_col7.csv,0.0030374526977539062
row_less_sep_row62_col3.csv,0.001425027847290039
row_less_sep_row50_col7.csv,0.0018301010131835938
row_less_sep_row50_col8.csv,0.0019392967224121094
row_less_sep_row6_col7.csv,0.0017240047454833984
row_extra_quote77_col1.csv,0.0016682147979736328
row_extra_quote42_col5.csv,0.0023193359375
row_more_sep_row24_col3.csv,0.002024412155151367
row_extra_quote13_col2.csv,0.0016236305236816406
row_extra_quote77_col8.csv,0.0017821788787841797
row_extra_quote37_col3.csv,0.0019998550415039062
row_more_sep_row20_col3.csv,0.002053976058959961
row_extra_quote65_col3.csv,0.0016236305236816406
row_extra_quote78_col2.csv,0.002504110336303711
row_less_sep_row16_col2.csv,0.0022134780883789062
row_extra_quote4_col6.csv,0.0024449825286865234
row_more_sep_row40_col1.csv,0.0014917850494384766
row_less_sep_row21_col3.csv,0.001697540283203125
row_extra_quote6_col7.csv,0.0025000572204589844
row_extra_quote16_col1.csv,0.0016105175018310547
row_extra_quote32_col3.csv,0.0021681785583496094
row_extra_quote16_col5.csv,0.0017542839050292969
row_less_sep_row82_col7.csv,0.0016283988952636719
row_less_sep_row10_col2.csv,0.0014584064483642578
row_more_sep_row69_col6.csv,0.002112865447998047
row_more_sep_row59_col3.csv,0.0024101734161376953
row_extra_quote27_col1.csv,0.0014190673828125
row_more_sep_row34_col0.csv,0.0014770030975341797
row_extra_quote73_col6.csv,0.0016345977783203125
row_more_sep_row77_col1.csv,0.0015304088592529297
row_extra_quote22_col3.csv,0.0025641918182373047
row_less_sep_row35_col1.csv,0.0014812946319580078
row_extra_quote83_col5.csv,0.0015976428985595703
row_more_sep_row12_col4.csv,0.0022058486938476562
row_more_sep_row67_col1.csv,0.0021009445190429688
row_more_sep_row42_col2.csv,0.0015499591827392578
row_extra_quote28_col5.csv,0.0017313957214355469
row_extra_quote56_col1.csv,0.0020155906677246094
row_less_sep_row17_col7.csv,0.0022411346435546875
row_extra_quote56_col7.csv,0.0015451908111572266
row_more_sep_row8_col4.csv,0.0015778541564941406
row_less_sep_row68_col5.csv,0.001828908920288086
row_more_sep_row57_col3.csv,0.002996683120727539
row_more_sep_row12_col8.csv,0.0022187232971191406
row_less_sep_row20_col6.csv,0.0016286373138427734
row_less_sep_row32_col7.csv,0.0027539730072021484
row_extra_quote49_col2.csv,0.0016834735870361328
row_more_sep_row83_col5.csv,0.0015835762023925781
row_more_sep_row37_col7.csv,0.0021102428436279297
row_less_sep_row38_col4.csv,0.0021178722381591797
row_extra_quote53_col0.csv,0.002420186996459961
row_more_sep_row36_col0.csv,0.001672983169555664
row_extra_quote18_col6.csv,0.0017445087432861328
row_more_sep_row23_col8.csv,0.001542806625366211
row_more_sep_row22_col0.csv,0.002371549606323242
row_more_sep_row75_col2.csv,0.0016269683837890625
row_less_sep_row83_col7.csv,0.0017101764678955078
row_more_sep_row49_col0.csv,0.001833200454711914
row_more_sep_row42_col1.csv,0.0016436576843261719
row_more_sep_row18_col0.csv,0.0016720294952392578
row_less_sep_row12_col4.csv,0.0013766288757324219
row_more_sep_row6_col8.csv,0.0024492740631103516
row_less_sep_row40_col2.csv,0.0026595592498779297
row_more_sep_row40_col8.csv,0.001979351043701172
row_extra_quote71_col8.csv,0.0021653175354003906
row_less_sep_row28_col7.csv,0.0016100406646728516
row_more_sep_row3_col2.csv,0.0026726722717285156
row_less_sep_row26_col5.csv,0.0013031959533691406
row_more_sep_row49_col6.csv,0.002653360366821289
row_less_sep_row69_col8.csv,0.003475666046142578
row_extra_quote80_col6.csv,0.002343893051147461
row_extra_quote52_col4.csv,0.00174713134765625
row_extra_quote25_col7.csv,0.0017323493957519531
row_more_sep_row62_col7.csv,0.001735687255859375
row_more_sep_row13_col0.csv,0.0014541149139404297
row_less_sep_row70_col3.csv,0.002629995346069336
row_more_sep_row50_col3.csv,0.0027048587799072266
row_extra_quote80_col5.csv,0.002134561538696289
row_less_sep_row1_col8.csv,0.0014879703521728516
row_extra_quote54_col0.csv,0.002302408218383789
row_less_sep_row36_col2.csv,0.0015630722045898438
row_less_sep_row77_col4.csv,0.0017464160919189453
row_more_sep_row41_col2.csv,0.002355337142944336
row_less_sep_row79_col3.csv,0.0014314651489257812
row_less_sep_row43_col5.csv,0.0015635490417480469
row_less_sep_row44_col2.csv,0.002087116241455078
row_less_sep_row34_col1.csv,0.002559185028076172
row_extra_quote78_col4.csv,0.002067089080810547
row_more_sep_row43_col3.csv,0.0016508102416992188
row_extra_quote45_col5.csv,0.0021936893463134766
row_more_sep_row4_col5.csv,0.0014247894287109375
row_extra_quote56_col6.csv,0.0012354850769042969
row_less_sep_row82_col2.csv,0.0016427040100097656
row_less_sep_row35_col5.csv,0.0024857521057128906
row_less_sep_row49_col3.csv,0.0016198158264160156
row_extra_quote23_col6.csv,0.0014851093292236328
row_more_sep_row68_col8.csv,0.001667022705078125
row_extra_quote8_col2.csv,0.002471923828125
row_extra_quote9_col3.csv,0.0016713142395019531
row_more_sep_row78_col2.csv,0.0017054080963134766
row_extra_quote47_col7.csv,0.002742767333984375
row_less_sep_row66_col1.csv,0.002011537551879883
row_extra_quote19_col8.csv,0.002257823944091797
row_extra_quote61_col1.csv,0.001941680908203125
row_extra_quote36_col1.csv,0.002244710922241211
row_more_sep_row60_col5.csv,0.0018262863159179688
row_less_sep_row12_col3.csv,0.0020165443420410156
row_less_sep_row42_col4.csv,0.0013685226440429688
row_more_sep_row70_col0.csv,0.0014224052429199219
row_extra_quote78_col7.csv,0.0029265880584716797
row_extra_quote51_col4.csv,0.0021238327026367188
row_extra_quote5_col6.csv,0.001504659652709961
row_extra_quote68_col7.csv,0.0019598007202148438
row_less_sep_row22_col2.csv,0.001519918441772461
row_more_sep_row28_col3.csv,0.0017549991607666016
row_extra_quote26_col4.csv,0.0016040802001953125
row_less_sep_row73_col5.csv,0.001768350601196289
row_less_sep_row14_col1.csv,0.0017380714416503906
row_less_sep_row38_col2.csv,0.0016703605651855469
file_field_delimiter_0x9.csv,0.002412557601928711
row_field_delimiter_24_0x20.csv,0.0015010833740234375
row_extra_quote71_col2.csv,0.002199411392211914
row_more_sep_row62_col8.csv,0.0019290447235107422
row_more_sep_row5_col4.csv,0.002497434616088867
row_less_sep_row45_col5.csv,0.0018894672393798828
row_less_sep_row70_col8.csv,0.0017838478088378906
row_more_sep_row34_col8.csv,0.0016715526580810547
row_more_sep_row33_col2.csv,0.002115488052368164
row_more_sep_row49_col4.csv,0.002223968505859375
row_field_delimiter_30_0x20.csv,0.0023047924041748047
row_more_sep_row74_col4.csv,0.0019283294677734375
row_less_sep_row50_col2.csv,0.0018947124481201172
row_less_sep_row36_col1.csv,0.0019156932830810547
row_more_sep_row76_col1.csv,0.002355337142944336
row_extra_quote16_col3.csv,0.0014231204986572266
row_less_sep_row28_col5.csv,0.0019631385803222656
row_more_sep_row26_col5.csv,0.0018804073333740234
row_extra_quote33_col1.csv,0.0017240047454833984
row_more_sep_row60_col4.csv,0.001680612564086914
row_more_sep_row69_col3.csv,0.001810312271118164
row_more_sep_row41_col4.csv,0.0016329288482666016
row_less_sep_row40_col6.csv,0.0019795894622802734
row_less_sep_row21_col7.csv,0.0016987323760986328
row_field_delimiter_56_0x20.csv,0.0018503665924072266
row_more_sep_row79_col1.csv,0.0022568702697753906
row_more_sep_row50_col0.csv,0.0015649795532226562
row_more_sep_row59_col4.csv,0.0018112659454345703
row_less_sep_row54_col3.csv,0.00229644775390625
row_more_sep_row35_col7.csv,0.001674652099609375
row_extra_quote16_col4.csv,0.0018198490142822266
row_extra_quote71_col1.csv,0.0016999244689941406
row_less_sep_row60_col2.csv,0.0028662681579589844
row_more_sep_row34_col1.csv,0.0017199516296386719
row_more_sep_row38_col1.csv,0.0018351078033447266
row_less_sep_row57_col7.csv,0.001621246337890625
row_extra_quote66_col8.csv,0.0016269683837890625
row_less_sep_row77_col6.csv,0.002482891082763672
row_extra_quote63_col0.csv,0.0019059181213378906
row_field_delimiter_33_0x20.csv,0.0016024112701416016
file_no_payload.csv,0.0013916492462158203
row_more_sep_row54_col8.csv,0.0014808177947998047
row_extra_quote13_col0.csv,0.0023038387298583984
row_extra_quote68_col6.csv,0.00206756591796875
row_extra_quote1_col2.csv,0.002584695816040039
row_less_sep_row49_col2.csv,0.001644134521484375
row_more_sep_row51_col0.csv,0.0019474029541015625
row_more_sep_row54_col3.csv,0.0019850730895996094
row_extra_quote58_col1.csv,0.0021979808807373047
row_less_sep_row76_col5.csv,0.0015032291412353516
row_extra_quote27_col6.csv,0.0018696784973144531
row_extra_quote77_col0.csv,0.003787517547607422
row_extra_quote12_col2.csv,0.0032083988189697266
row_extra_quote12_col8.csv,0.002636432647705078
row_extra_quote3_col6.csv,0.0031435489654541016
row_less_sep_row30_col4.csv,0.0035665035247802734
row_less_sep_row2_col3.csv,0.0017223358154296875
row_more_sep_row35_col0.csv,0.0016181468963623047
row_more_sep_row62_col6.csv,0.001943826675415039
row_more_sep_row39_col7.csv,0.0016324520111083984
row_more_sep_row48_col2.csv,0.002089262008666992
row_more_sep_row25_col8.csv,0.0016608238220214844
row_extra_quote34_col5.csv,0.0017774105072021484
row_less_sep_row25_col2.csv,0.0018310546875
row_more_sep_row21_col7.csv,0.0015120506286621094
row_less_sep_row81_col6.csv,0.001986980438232422
row_field_delimiter_40_0x20.csv,0.0018353462219238281
row_extra_quote57_col4.csv,0.0015976428985595703
row_extra_quote50_col6.csv,0.0024557113647460938
row_more_sep_row74_col3.csv,0.00225830078125
row_extra_quote79_col6.csv,0.0024514198303222656
row_less_sep_row44_col8.csv,0.0028073787689208984
row_less_sep_row56_col3.csv,0.0026955604553222656
row_extra_quote60_col1.csv,0.0027756690979003906
file_header_only.csv,0.0024225711822509766
file_escape_char_0x5C.csv,0.002473115921020508
row_less_sep_row27_col2.csv,0.002740144729614258
row_less_sep_row47_col8.csv,0.0031003952026367188
row_extra_quote60_col2.csv,0.002649545669555664
row_less_sep_row29_col1.csv,0.0019736289978027344
row_extra_quote39_col7.csv,0.0018270015716552734
row_extra_quote76_col6.csv,0.0024378299713134766
row_less_sep_row28_col3.csv,0.0017333030700683594
row_more_sep_row14_col0.csv,0.0018374919891357422
row_field_delimiter_58_0x20.csv,0.0014805793762207031
row_more_sep_row1_col6.csv,0.0015332698822021484
row_more_sep_row21_col6.csv,0.0021991729736328125
row_extra_quote61_col5.csv,0.002048015594482422
row_extra_quote15_col8.csv,0.0016422271728515625
row_more_sep_row12_col3.csv,0.001939535140991211
row_less_sep_row3_col8.csv,0.0017008781433105469
row_less_sep_row47_col3.csv,0.0015649795532226562
row_less_sep_row83_col6.csv,0.0017845630645751953
row_extra_quote77_col3.csv,0.0015513896942138672
row_extra_quote31_col0.csv,0.002221345901489258
row_more_sep_row28_col8.csv,0.0015239715576171875
row_more_sep_row19_col8.csv,0.0021810531616210938
row_less_sep_row30_col3.csv,0.0019333362579345703
row_less_sep_row14_col3.csv,0.00164794921875
row_more_sep_row79_col7.csv,0.0019176006317138672
row_more_sep_row70_col5.csv,0.0017724037170410156
row_less_sep_row37_col3.csv,0.0017001628875732422
row_extra_quote73_col2.csv,0.0017056465148925781
row_extra_quote24_col3.csv,0.0017657279968261719
row_extra_quote9_col7.csv,0.0016789436340332031
row_less_sep_row61_col4.csv,0.001954793930053711
row_less_sep_row16_col6.csv,0.0017344951629638672
row_extra_quote37_col2.csv,0.0016930103302001953
row_extra_quote81_col1.csv,0.0025882720947265625
row_less_sep_row73_col3.csv,0.0022389888763427734
row_extra_quote75_col2.csv,0.002119302749633789
row_more_sep_row63_col0.csv,0.0021169185638427734
row_extra_quote12_col1.csv,0.002024412155151367
row_less_sep_row76_col4.csv,0.0017561912536621094
row_more_sep_row82_col5.csv,0.0017054080963134766
row_more_sep_row24_col6.csv,0.0019745826721191406
row_more_sep_row4_col1.csv,0.0017132759094238281
row_more_sep_row7_col1.csv,0.002434968948364258
row_extra_quote4_col0.csv,0.0016639232635498047
row_less_sep_row67_col2.csv,0.0017704963684082031
row_extra_quote38_col3.csv,0.0014560222625732422
row_extra_quote16_col2.csv,0.0019600391387939453
row_extra_quote5_col0.csv,0.0020008087158203125
row_extra_quote40_col2.csv,0.002127408981323242
row_more_sep_row54_col6.csv,0.0019757747650146484
row_extra_quote6_col2.csv,0.0019402503967285156
file_multitable_more.csv,0.0024335384368896484
row_less_sep_row18_col6.csv,0.001544952392578125
row_more_sep_row12_col5.csv,0.0022230148315429688
row_extra_quote2_col6.csv,0.001435995101928711
row_extra_quote10_col0.csv,0.00170135498046875
row_field_delimiter_69_0x20.csv,0.0015554428100585938
row_more_sep_row3_col8.csv,0.0017328262329101562
row_more_sep_row38_col4.csv,0.0014119148254394531
row_extra_quote28_col6.csv,0.0016753673553466797
row_extra_quote38_col8.csv,0.0016527175903320312
row_less_sep_row8_col6.csv,0.001611948013305664
row_extra_quote32_col7.csv,0.0015816688537597656
row_less_sep_row35_col8.csv,0.0020134449005126953
row_less_sep_row19_col1.csv,0.0020449161529541016
row_more_sep_row16_col0.csv,0.0017116069793701172
row_field_delimiter_14_0x20.csv,0.001650094985961914
row_extra_quote35_col5.csv,0.001825571060180664
row_extra_quote14_col0.csv,0.0015327930450439453
row_extra_quote59_col6.csv,0.0015742778778076172
row_more_sep_row14_col6.csv,0.0014019012451171875
row_extra_quote82_col6.csv,0.002468109130859375
row_less_sep_row17_col3.csv,0.0018877983093261719
row_less_sep_row31_col7.csv,0.0018215179443359375
row_less_sep_row48_col5.csv,0.0024013519287109375
row_more_sep_row34_col7.csv,0.001560211181640625
row_extra_quote60_col8.csv,0.0015254020690917969
row_less_sep_row29_col5.csv,0.0016987323760986328
row_extra_quote69_col6.csv,0.0016055107116699219
row_extra_quote36_col0.csv,0.0015807151794433594
row_extra_quote18_col1.csv,0.0016560554504394531
row_less_sep_row1_col3.csv,0.0015959739685058594
row_less_sep_row56_col1.csv,0.0019788742065429688
row_more_sep_row77_col6.csv,0.0018239021301269531
row_more_sep_row5_col7.csv,0.002071857452392578
row_extra_quote19_col3.csv,0.0014803409576416016
row_more_sep_row4_col0.csv,0.002077817916870117
row_more_sep_row68_col6.csv,0.0015866756439208984
row_more_sep_row25_col3.csv,0.0018310546875
row_more_sep_row73_col1.csv,0.001554250717163086
row_less_sep_row33_col1.csv,0.0021734237670898438
row_less_sep_row43_col6.csv,0.0016105175018310547
row_more_sep_row3_col6.csv,0.0028557777404785156
row_extra_quote19_col1.csv,0.0016341209411621094
row_less_sep_row26_col7.csv,0.0021147727966308594
row_field_delimiter_57_0x20.csv,0.002359628677368164
row_extra_quote76_col4.csv,0.0025637149810791016
row_less_sep_row61_col7.csv,0.0018880367279052734
row_more_sep_row20_col8.csv,0.0018894672393798828
row_extra_quote33_col3.csv,0.0015704631805419922
row_more_sep_row44_col7.csv,0.0022935867309570312
row_less_sep_row34_col4.csv,0.002051115036010742
row_extra_quote68_col4.csv,0.001657724380493164
row_less_sep_row68_col4.csv,0.001421213150024414
row_more_sep_row48_col5.csv,0.0019655227661132812
row_extra_quote46_col1.csv,0.0016171932220458984
row_more_sep_row48_col1.csv,0.0018093585968017578
row_extra_quote69_col2.csv,0.0017011165618896484
row_less_sep_row65_col7.csv,0.002710580825805664
row_extra_quote35_col7.csv,0.001764059066772461
row_more_sep_row23_col0.csv,0.002011537551879883
row_field_delimiter_8_0x20.csv,0.0022988319396972656
row_extra_quote75_col6.csv,0.0016469955444335938
row_more_sep_row50_col2.csv,0.0015947818756103516
file_field_delimiter_0x3B.csv,0.0018067359924316406
row_extra_quote62_col5.csv,0.002180814743041992
row_less_sep_row52_col7.csv,0.002279520034790039
row_extra_quote80_col3.csv,0.0016932487487792969
row_extra_quote41_col6.csv,0.002268075942993164
row_extra_quote35_col3.csv,0.0016183853149414062
row_extra_quote51_col3.csv,0.0015461444854736328
row_less_sep_row15_col8.csv,0.0017426013946533203
row_more_sep_row56_col7.csv,0.0014240741729736328
row_extra_quote50_col3.csv,0.0015566349029541016
row_more_sep_row21_col4.csv,0.001668691635131836
row_more_sep_row3_col3.csv,0.003056764602661133
row_more_sep_row73_col0.csv,0.0019855499267578125
row_less_sep_row30_col6.csv,0.002464771270751953
row_extra_quote46_col2.csv,0.002053976058959961
source.csv,0.0013577938079833984
row_extra_quote40_col0.csv,0.0014410018920898438
row_more_sep_row32_col6.csv,0.0019445419311523438
row_less_sep_row70_col5.csv,0.0015096664428710938
row_less_sep_row55_col6.csv,0.0016787052154541016
row_less_sep_row53_col4.csv,0.002079010009765625
row_more_sep_row68_col2.csv,0.0015265941619873047
row_more_sep_row31_col4.csv,0.0018575191497802734
row_more_sep_row74_col7.csv,0.001889944076538086
row_more_sep_row14_col3.csv,0.002502918243408203
row_more_sep_row41_col1.csv,0.0015959739685058594
row_less_sep_row62_col2.csv,0.0016865730285644531
row_less_sep_row42_col3.csv,0.0013096332550048828
row_field_delimiter_10_0x20.csv,0.0018074512481689453
row_less_sep_row73_col2.csv,0.001909494400024414
row_more_sep_row13_col4.csv,0.002087831497192383
row_extra_quote50_col5.csv,0.001718282699584961
row_more_sep_row69_col8.csv,0.0016832351684570312
row_field_delimiter_74_0x20.csv,0.0016055107116699219
row_extra_quote7_col2.csv,0.001547098159790039
row_less_sep_row11_col4.csv,0.0014162063598632812
row_extra_quote13_col3.csv,0.0018317699432373047
row_less_sep_row65_col6.csv,0.0016031265258789062
row_extra_quote69_col7.csv,0.0014619827270507812
row_more_sep_row40_col2.csv,0.0017094612121582031
row_extra_quote51_col1.csv,0.001340627670288086
row_field_delimiter_32_0x20.csv,0.0019080638885498047
row_more_sep_row10_col6.csv,0.002404928207397461
row_more_sep_row27_col3.csv,0.0014407634735107422
row_extra_quote6_col3.csv,0.0014045238494873047
row_more_sep_row33_col6.csv,0.0019545555114746094
row_extra_quote23_col0.csv,0.0015861988067626953
row_less_sep_row24_col3.csv,0.002273082733154297
row_more_sep_row23_col2.csv,0.0025467872619628906
row_extra_quote14_col2.csv,0.0018510818481445312
row_more_sep_row70_col4.csv,0.0018846988677978516
row_more_sep_row42_col8.csv,0.00150299072265625
row_less_sep_row58_col6.csv,0.0015671253204345703
row_more_sep_row73_col2.csv,0.0021572113037109375
row_more_sep_row1_col8.csv,0.0020704269409179688
row_field_delimiter_16_0x20.csv,0.001791238784790039
row_field_delimiter_51_0x20.csv,0.0020990371704101562
row_extra_quote13_col1.csv,0.0018603801727294922
row_more_sep_row18_col1.csv,0.0021038055419921875
row_extra_quote72_col1.csv,0.0019130706787109375
row_extra_quote46_col0.csv,0.0020351409912109375
row_extra_quote52_col3.csv,0.0014495849609375
row_less_sep_row71_col4.csv,0.0016164779663085938
row_more_sep_row78_col3.csv,0.002375364303588867
row_more_sep_row80_col0.csv,0.0017330646514892578
row_extra_quote33_col7.csv,0.0019321441650390625
row_extra_quote73_col3.csv,0.002190828323364258
row_less_sep_row18_col8.csv,0.0015184879302978516
row_more_sep_row45_col4.csv,0.0012445449829101562
row_extra_quote83_col3.csv,0.0016613006591796875
row_more_sep_row44_col6.csv,0.0017383098602294922
row_field_delimiter_72_0x20.csv,0.0015437602996826172
row_more_sep_row42_col4.csv,0.0021467208862304688
row_less_sep_row30_col2.csv,0.0018248558044433594
row_extra_quote35_col0.csv,0.0021209716796875
row_extra_quote82_col1.csv,0.001661062240600586
row_extra_quote83_col6.csv,0.0015575885772705078
row_extra_quote83_col2.csv,0.0019638538360595703
row_less_sep_row55_col7.csv,0.0015132427215576172
row_more_sep_row29_col1.csv,0.0021300315856933594
row_more_sep_row41_col5.csv,0.0017979145050048828
row_extra_quote73_col7.csv,0.0015745162963867188
row_more_sep_row27_col4.csv,0.0020580291748046875
row_less_sep_row19_col3.csv,0.0021181106567382812
row_extra_quote73_col1.csv,0.0019288063049316406
row_more_sep_row5_col0.csv,0.001626729965209961
row_extra_quote31_col6.csv,0.002209186553955078
row_less_sep_row63_col7.csv,0.0020706653594970703
row_less_sep_row24_col1.csv,0.0019235610961914062
row_extra_quote36_col6.csv,0.0016546249389648438
row_more_sep_row54_col2.csv,0.0016603469848632812
row_more_sep_row13_col6.csv,0.0016078948974609375
row_less_sep_row55_col5.csv,0.0015609264373779297
row_less_sep_row18_col2.csv,0.001806020736694336
row_less_sep_row5_col5.csv,0.001508951187133789
row_more_sep_row10_col5.csv,0.0017535686492919922
row_more_sep_row3_col4.csv,0.001859903335571289
row_more_sep_row81_col6.csv,0.0016102790832519531
row_extra_quote23_col2.csv,0.0016112327575683594
row_extra_quote8_col4.csv,0.0015811920166015625
row_more_sep_row22_col6.csv,0.0016815662384033203
row_more_sep_row39_col5.csv,0.002376556396484375
row_extra_quote12_col3.csv,0.0014600753784179688
row_extra_quote38_col5.csv,0.0015981197357177734
row_more_sep_row6_col7.csv,0.0014913082122802734
row_more_sep_row37_col0.csv,0.0017974376678466797
row_extra_quote82_col3.csv,0.0015718936920166016
row_extra_quote41_col2.csv,0.0014362335205078125
row_extra_quote10_col1.csv,0.0019273757934570312
row_extra_quote36_col5.csv,0.0016515254974365234
row_less_sep_row53_col1.csv,0.0016388893127441406
row_extra_quote18_col4.csv,0.0016078948974609375
row_extra_quote44_col4.csv,0.0019102096557617188
row_more_sep_row67_col3.csv,0.0015265941619873047
row_less_sep_row22_col4.csv,0.0014824867248535156
row_more_sep_row27_col5.csv,0.0023419857025146484
row_extra_quote76_col8.csv,0.001542806625366211
row_less_sep_row22_col3.csv,0.0016162395477294922
row_extra_quote27_col5.csv,0.0016400814056396484
row_extra_quote61_col7.csv,0.0016512870788574219
row_more_sep_row44_col8.csv,0.0016529560089111328
row_more_sep_row19_col3.csv,0.0016641616821289062
row_field_delimiter_62_0x20.csv,0.0016145706176757812
row_extra_quote28_col1.csv,0.0017499923706054688
row_less_sep_row74_col7.csv,0.0016396045684814453
row_extra_quote37_col6.csv,0.0016279220581054688
row_extra_quote68_col3.csv,0.0019426345825195312
row_more_sep_row7_col2.csv,0.0022034645080566406
row_less_sep_row14_col5.csv,0.0016391277313232422
row_more_sep_row32_col4.csv,0.0026807785034179688
row_more_sep_row76_col8.csv,0.0020847320556640625
row_field_delimiter_34_0x20.csv,0.0020194053649902344
row_less_sep_row38_col1.csv,0.0016314983367919922
row_more_sep_row28_col5.csv,0.002805471420288086
row_extra_quote20_col7.csv,0.0017027854919433594
row_less_sep_row9_col6.csv,0.0016160011291503906
row_extra_quote23_col3.csv,0.0016565322875976562
row_less_sep_row45_col1.csv,0.0013301372528076172
row_more_sep_row82_col7.csv,0.001692056655883789
row_more_sep_row36_col7.csv,0.0014421939849853516
row_extra_quote19_col2.csv,0.0019636154174804688
row_extra_quote32_col4.csv,0.0015749931335449219
row_less_sep_row49_col5.csv,0.0015213489532470703
row_extra_quote76_col7.csv,0.0015904903411865234
row_more_sep_row62_col2.csv,0.0022766590118408203
row_less_sep_row80_col5.csv,0.0016939640045166016
row_extra_quote25_col2.csv,0.0015616416931152344
row_extra_quote55_col2.csv,0.0018472671508789062
row_more_sep_row29_col0.csv,0.001787424087524414
row_more_sep_row81_col8.csv,0.0016226768493652344
row_extra_quote2_col1.csv,0.0016129016876220703
row_more_sep_row35_col6.csv,0.0017695426940917969
row_field_delimiter_80_0x20.csv,0.0017337799072265625
row_extra_quote51_col2.csv,0.001840353012084961
row_less_sep_row20_col1.csv,0.0019576549530029297
row_more_sep_row36_col2.csv,0.0019805431365966797
row_extra_quote67_col7.csv,0.0014150142669677734
row_less_sep_row25_col4.csv,0.0015342235565185547
row_more_sep_row20_col6.csv,0.001657724380493164
row_extra_quote27_col7.csv,0.0016033649444580078
row_extra_quote8_col7.csv,0.0019426345825195312
row_more_sep_row17_col2.csv,0.0018908977508544922
row_extra_quote22_col5.csv,0.002981901168823242
row_more_sep_row33_col1.csv,0.0013892650604248047
row_extra_quote74_col4.csv,0.0013861656188964844
row_extra_quote77_col6.csv,0.0022706985473632812
row_more_sep_row12_col1.csv,0.0014667510986328125
row_less_sep_row31_col2.csv,0.0020723342895507812
row_less_sep_row19_col7.csv,0.0018188953399658203
row_extra_quote10_col5.csv,0.002865314483642578
row_less_sep_row75_col3.csv,0.001485586166381836
row_extra_quote54_col7.csv,0.001678466796875
row_more_sep_row58_col6.csv,0.0015676021575927734
row_less_sep_row5_col7.csv,0.0020792484283447266
row_less_sep_row3_col1.csv,0.0013470649719238281
row_less_sep_row7_col4.csv,0.002923727035522461
row_field_delimiter_79_0x20.csv,0.001905202865600586
row_field_delimiter_63_0x20.csv,0.003136157989501953
row_less_sep_row75_col4.csv,0.001285552978515625
row_more_sep_row33_col5.csv,0.0024106502532958984
row_less_sep_row82_col6.csv,0.0013689994812011719
row_extra_quote21_col4.csv,0.0020356178283691406
row_less_sep_row57_col1.csv,0.0015032291412353516
row_less_sep_row64_col2.csv,0.0024404525756835938
row_less_sep_row51_col7.csv,0.00171661376953125
row_extra_quote24_col4.csv,0.0015139579772949219
row_extra_quote46_col4.csv,0.00157928466796875
row_more_sep_row0_col5.csv,0.0017666816711425781
row_less_sep_row28_col4.csv,0.001903533935546875
row_less_sep_row10_col5.csv,0.0017380714416503906
row_more_sep_row52_col5.csv,0.0017693042755126953
row_extra_quote81_col4.csv,0.0017652511596679688
row_extra_quote73_col8.csv,0.0014681816101074219
row_extra_quote73_col0.csv,0.0015778541564941406
row_more_sep_row56_col4.csv,0.0023756027221679688
row_extra_quote39_col6.csv,0.0018036365509033203
row_extra_quote3_col8.csv,0.0017180442810058594
row_more_sep_row57_col1.csv,0.002184629440307617
row_more_sep_row45_col5.csv,0.0013241767883300781
row_extra_quote75_col0.csv,0.0019762516021728516
row_extra_quote11_col5.csv,0.001447439193725586
row_more_sep_row19_col5.csv,0.00235748291015625
row_more_sep_row11_col4.csv,0.0024421215057373047
row_more_sep_row30_col1.csv,0.001646280288696289
row_extra_quote43_col5.csv,0.002226591110229492
row_less_sep_row71_col1.csv,0.0015344619750976562
row_less_sep_row81_col1.csv,0.0022830963134765625
row_less_sep_row63_col3.csv,0.0017311573028564453
row_more_sep_row7_col4.csv,0.0016329288482666016
row_extra_quote20_col0.csv,0.0030336380004882812
row_extra_quote6_col0.csv,0.0018291473388671875
row_extra_quote83_col0.csv,0.002284526824951172
row_less_sep_row38_col5.csv,0.0015301704406738281
row_extra_quote21_col7.csv,0.0013551712036132812
row_more_sep_row75_col8.csv,0.0018672943115234375
row_extra_quote5_col8.csv,0.001348733901977539
row_less_sep_row72_col1.csv,0.0017619132995605469
row_less_sep_row4_col6.csv,0.0015828609466552734
row_more_sep_row20_col5.csv,0.0022003650665283203
row_extra_quote47_col6.csv,0.0017163753509521484
row_less_sep_row30_col7.csv,0.0023856163024902344
row_less_sep_row79_col8.csv,0.0018961429595947266
row_more_sep_row50_col6.csv,0.0012578964233398438
row_more_sep_row30_col4.csv,0.002022266387939453
row_extra_quote17_col7.csv,0.001537322998046875
row_less_sep_row57_col5.csv,0.002039194107055664
row_more_sep_row48_col8.csv,0.002049684524536133
row_field_delimiter_83_0x20.csv,0.002322673797607422
row_extra_quote40_col5.csv,0.0014102458953857422
row_less_sep_row16_col1.csv,0.002164125442504883
row_more_sep_row42_col6.csv,0.0019116401672363281
row_extra_quote49_col5.csv,0.0016510486602783203
row_extra_quote13_col7.csv,0.0020558834075927734
row_less_sep_row28_col6.csv,0.001963376998901367
row_less_sep_row20_col5.csv,0.0018241405487060547
row_extra_quote64_col0.csv,0.0015416145324707031
row_less_sep_row27_col4.csv,0.0016934871673583984
row_more_sep_row1_col1.csv,0.0019888877868652344
row_less_sep_row2_col6.csv,0.0016350746154785156
row_more_sep_row52_col8.csv,0.0015747547149658203
row_more_sep_row11_col1.csv,0.0017275810241699219
row_more_sep_row1_col0.csv,0.0017197132110595703
row_more_sep_row26_col7.csv,0.0020618438720703125
row_more_sep_row73_col8.csv,0.0015490055084228516
row_extra_quote50_col7.csv,0.0012011528015136719
row_more_sep_row46_col7.csv,0.001491546630859375
row_less_sep_row39_col4.csv,0.0016922950744628906
row_more_sep_row30_col0.csv,0.0021550655364990234
row_extra_quote30_col1.csv,0.0017180442810058594
row_more_sep_row49_col2.csv,0.001802206039428711
row_extra_quote35_col1.csv,0.0016341209411621094
row_extra_quote17_col3.csv,0.00159454345703125
row_extra_quote49_col8.csv,0.002299070358276367
row_less_sep_row58_col1.csv,0.0014562606811523438
row_more_sep_row4_col7.csv,0.0022673606872558594
row_extra_quote1_col0.csv,0.0018758773803710938
row_less_sep_row21_col5.csv,0.0018317699432373047
row_more_sep_row15_col4.csv,0.0017235279083251953
row_extra_quote50_col8.csv,0.0021381378173828125
row_more_sep_row13_col7.csv,0.0020494461059570312
row_extra_quote22_col4.csv,0.0016579627990722656
row_field_delimiter_75_0x20.csv,0.0015659332275390625
row_more_sep_row59_col7.csv,0.0016853809356689453
row_more_sep_row47_col8.csv,0.0025076866149902344
row_more_sep_row54_col7.csv,0.002290010452270508
row_extra_quote29_col4.csv,0.0015838146209716797
row_more_sep_row24_col2.csv,0.0016391277313232422
row_more_sep_row78_col0.csv,0.001489877700805664
row_less_sep_row39_col1.csv,0.001461029052734375
row_less_sep_row70_col6.csv,0.0017008781433105469
row_more_sep_row3_col0.csv,0.0017466545104980469
row_extra_quote57_col0.csv,0.001708984375
row_extra_quote6_col5.csv,0.0012507438659667969
row_less_sep_row46_col2.csv,0.0016369819641113281
row_extra_quote58_col7.csv,0.0015685558319091797
row_less_sep_row37_col5.csv,0.001819610595703125
row_more_sep_row43_col2.csv,0.0016217231750488281
row_less_sep_row33_col8.csv,0.001512289047241211
row_more_sep_row57_col4.csv,0.001455068588256836
row_extra_quote47_col8.csv,0.002164125442504883
row_less_sep_row27_col8.csv,0.0014147758483886719
row_more_sep_row61_col0.csv,0.0017135143280029297
row_less_sep_row28_col2.csv,0.0017414093017578125
row_more_sep_row28_col4.csv,0.001798868179321289
row_more_sep_row64_col2.csv,0.002382516860961914
row_extra_quote0_col1.csv,0.0016384124755859375
row_extra_quote15_col3.csv,0.0015485286712646484
row_extra_quote15_col6.csv,0.002771615982055664
row_extra_quote21_col6.csv,0.001787424087524414
row_extra_quote21_col2.csv,0.001970052719116211
row_more_sep_row46_col2.csv,0.0015285015106201172
row_extra_quote18_col0.csv,0.0018246173858642578
row_field_delimiter_53_0x20.csv,0.0015645027160644531
row_extra_quote27_col8.csv,0.0018956661224365234
row_extra_quote76_col3.csv,0.0014638900756835938
row_less_sep_row3_col2.csv,0.002165079116821289
row_more_sep_row52_col3.csv,0.0014414787292480469
row_extra_quote22_col8.csv,0.0016791820526123047
row_more_sep_row17_col1.csv,0.0018112659454345703
row_extra_quote65_col7.csv,0.0026655197143554688
row_more_sep_row17_col0.csv,0.0017042160034179688
row_less_sep_row49_col6.csv,0.003057241439819336
row_extra_quote49_col3.csv,0.0020711421966552734
row_more_sep_row55_col7.csv,0.001194000244140625
row_less_sep_row17_col1.csv,0.0015003681182861328
row_less_sep_row17_col6.csv,0.0021152496337890625
row_more_sep_row20_col2.csv,0.001961231231689453
row_extra_quote4_col4.csv,0.0026597976684570312
row_extra_quote79_col7.csv,0.002167224884033203
row_less_sep_row1_col2.csv,0.002585887908935547
row_extra_quote35_col6.csv,0.0015189647674560547
row_more_sep_row66_col7.csv,0.0021643638610839844
row_less_sep_row55_col1.csv,0.0013265609741210938
row_extra_quote21_col3.csv,0.0014755725860595703
row_less_sep_row82_col4.csv,0.0018570423126220703
row_extra_quote67_col5.csv,0.0016582012176513672
row_more_sep_row6_col6.csv,0.0018601417541503906
row_extra_quote48_col2.csv,0.0018155574798583984
row_extra_quote20_col2.csv,0.0017540454864501953
row_less_sep_row19_col2.csv,0.0014495849609375
row_extra_quote49_col0.csv,0.0015087127685546875
row_less_sep_row76_col8.csv,0.00131988525390625
row_less_sep_row23_col3.csv,0.0017554759979248047
row_more_sep_row71_col0.csv,0.0015881061553955078
row_more_sep_row67_col5.csv,0.0016529560089111328
row_less_sep_row59_col2.csv,0.002069234848022461
row_more_sep_row79_col0.csv,0.001813650131225586
row_extra_quote77_col4.csv,0.002799510955810547
row_extra_quote29_col5.csv,0.002115964889526367
row_more_sep_row10_col3.csv,0.0016624927520751953
row_extra_quote44_col0.csv,0.0017392635345458984
row_more_sep_row19_col1.csv,0.0023543834686279297
row_more_sep_row66_col2.csv,0.0017244815826416016
row_less_sep_row14_col4.csv,0.002382040023803711
row_extra_quote55_col3.csv,0.0017719268798828125
row_less_sep_row27_col6.csv,0.0017824172973632812
row_extra_quote9_col4.csv,0.0023241043090820312
row_extra_quote13_col6.csv,0.0016574859619140625
row_extra_quote38_col4.csv,0.0018770694732666016
row_more_sep_row69_col1.csv,0.0013425350189208984
row_more_sep_row79_col2.csv,0.001787424087524414
row_extra_quote15_col0.csv,0.0016341209411621094
row_less_sep_row24_col6.csv,0.0017805099487304688
row_more_sep_row50_col8.csv,0.002068042755126953
row_more_sep_row25_col2.csv,0.0012695789337158203
row_extra_quote72_col2.csv,0.0018374919891357422
row_more_sep_row15_col8.csv,0.0013248920440673828
row_less_sep_row5_col6.csv,0.0024535655975341797
row_less_sep_row9_col8.csv,0.0015859603881835938
file_header_multirow_3.csv,0.0015850067138671875
row_less_sep_row73_col4.csv,0.0019469261169433594
row_less_sep_row49_col4.csv,0.0023796558380126953
row_more_sep_row83_col6.csv,0.0025129318237304688
row_extra_quote47_col0.csv,0.0019080638885498047
row_more_sep_row53_col7.csv,0.0013933181762695312
row_more_sep_row15_col3.csv,0.0014562606811523438
row_extra_quote34_col2.csv,0.0013134479522705078
row_less_sep_row50_col1.csv,0.0017809867858886719
row_extra_quote35_col2.csv,0.0020172595977783203
row_less_sep_row26_col8.csv,0.0016922950744628906
row_less_sep_row29_col3.csv,0.001482248306274414
row_extra_quote11_col1.csv,0.0013899803161621094
row_more_sep_row18_col7.csv,0.0014472007751464844
file_quotation_char_0x27.csv,0.0022687911987304688
file_double_trailing_newline.csv,0.0015993118286132812
row_less_sep_row4_col5.csv,0.001802206039428711
row_extra_quote40_col8.csv,0.0017421245574951172
row_extra_quote38_col6.csv,0.0020742416381835938
row_less_sep_row25_col1.csv,0.001672506332397461
row_less_sep_row63_col8.csv,0.002368927001953125
row_more_sep_row76_col7.csv,0.001527547836303711
row_extra_quote7_col1.csv,0.0019524097442626953
row_extra_quote82_col0.csv,0.002750873565673828
row_more_sep_row72_col4.csv,0.0027196407318115234
row_more_sep_row74_col6.csv,0.001687765121459961
row_more_sep_row75_col0.csv,0.002646923065185547
row_extra_quote22_col1.csv,0.002756357192993164
row_extra_quote44_col2.csv,0.0014390945434570312
row_extra_quote0_col7.csv,0.0018815994262695312
row_less_sep_row55_col8.csv,0.002851724624633789
row_extra_quote52_col0.csv,0.0013537406921386719
row_extra_quote44_col3.csv,0.001798868179321289
row_more_sep_row7_col0.csv,0.0017147064208984375
row_extra_quote74_col6.csv,0.0021119117736816406
row_field_delimiter_7_0x20.csv,0.0018644332885742188
row_extra_quote61_col4.csv,0.0017178058624267578
row_less_sep_row77_col5.csv,0.0016732215881347656
row_more_sep_row22_col1.csv,0.0017960071563720703
row_more_sep_row47_col4.csv,0.0015339851379394531
row_more_sep_row64_col7.csv,0.0026977062225341797
row_more_sep_row20_col7.csv,0.0018138885498046875
row_less_sep_row60_col3.csv,0.0014035701751708984
row_more_sep_row47_col0.csv,0.0015234947204589844
row_more_sep_row56_col5.csv,0.0016162395477294922
row_more_sep_row58_col1.csv,0.0015811920166015625
row_more_sep_row43_col7.csv,0.0015745162963867188
row_more_sep_row78_col8.csv,0.0016388893127441406
row_less_sep_row50_col6.csv,0.002168893814086914
row_more_sep_row17_col7.csv,0.0018703937530517578
row_extra_quote5_col7.csv,0.0018000602722167969
row_more_sep_row18_col5.csv,0.00160980224609375
row_extra_quote1_col5.csv,0.0019078254699707031
row_more_sep_row81_col0.csv,0.0017135143280029297
row_field_delimiter_19_0x20.csv,0.0019078254699707031
row_field_delimiter_35_0x20.csv,0.001500844955444336
row_more_sep_row35_col5.csv,0.0018706321716308594
row_more_sep_row76_col2.csv,0.001695871353149414
row_less_sep_row8_col5.csv,0.0017812252044677734
row_less_sep_row34_col8.csv,0.0014448165893554688
row_field_delimiter_42_0x20.csv,0.002033233642578125
row_less_sep_row51_col6.csv,0.002201557159423828
row_field_delimiter_50_0x20.csv,0.0015926361083984375
row_more_sep_row24_col8.csv,0.0017445087432861328
row_extra_quote34_col0.csv,0.001409769058227539
row_extra_quote55_col6.csv,0.0018792152404785156
row_less_sep_row26_col3.csv,0.0020911693572998047
row_less_sep_row40_col1.csv,0.001890420913696289
row_extra_quote8_col1.csv,0.0019826889038085938
row_more_sep_row48_col7.csv,0.0022852420806884766
row_more_sep_row60_col6.csv,0.0016171932220458984
row_less_sep_row0_col7.csv,0.0017459392547607422
row_more_sep_row1_col2.csv,0.002744913101196289
row_less_sep_row78_col7.csv,0.0018358230590820312
row_more_sep_row15_col5.csv,0.001397848129272461
row_more_sep_row47_col1.csv,0.0014646053314208984
row_extra_quote76_col1.csv,0.0015883445739746094
row_less_sep_row75_col5.csv,0.0013687610626220703
row_less_sep_row40_col7.csv,0.0016045570373535156
row_extra_quote3_col5.csv,0.0016727447509765625
row_extra_quote17_col8.csv,0.0021038055419921875
row_more_sep_row72_col5.csv,0.0014200210571289062
row_more_sep_row34_col6.csv,0.0022840499877929688
row_more_sep_row38_col3.csv,0.0016450881958007812
row_extra_quote35_col8.csv,0.0017926692962646484
row_more_sep_row63_col1.csv,0.0024988651275634766
row_more_sep_row31_col5.csv,0.0019927024841308594
row_less_sep_row23_col2.csv,0.0018346309661865234
row_more_sep_row62_col4.csv,0.0025000572204589844
row_more_sep_row41_col3.csv,0.0016295909881591797
row_extra_quote14_col7.csv,0.001821279525756836
row_less_sep_row60_col6.csv,0.0015740394592285156
row_extra_quote79_col2.csv,0.0013768672943115234
row_extra_quote11_col8.csv,0.0014030933380126953
row_more_sep_row32_col8.csv,0.001745462417602539
row_extra_quote34_col8.csv,0.0022554397583007812
row_extra_quote71_col0.csv,0.0029311180114746094
row_extra_quote15_col2.csv,0.0022869110107421875
file_escape_char_0x00.csv,0.0020263195037841797
row_less_sep_row61_col1.csv,0.0025298595428466797
row_extra_quote81_col5.csv,0.001954793930053711
row_less_sep_row32_col8.csv,0.0017135143280029297
row_less_sep_row83_col2.csv,0.0018222332000732422
row_less_sep_row46_col3.csv,0.0017724037170410156
row_extra_quote63_col1.csv,0.0017731189727783203
row_less_sep_row0_col8.csv,0.001477956771850586
row_less_sep_row29_col2.csv,0.0023810863494873047
row_less_sep_row80_col1.csv,0.001970529556274414
row_more_sep_row57_col0.csv,0.0017886161804199219
row_less_sep_row50_col3.csv,0.0016601085662841797
row_less_sep_row26_col1.csv,0.0023653507232666016
row_less_sep_row38_col7.csv,0.0017518997192382812
row_more_sep_row26_col1.csv,0.0017058849334716797
row_extra_quote68_col8.csv,0.0022897720336914062
row_less_sep_row36_col6.csv,0.001546621322631836
row_less_sep_row58_col5.csv,0.0014791488647460938
row_extra_quote10_col4.csv,0.0015919208526611328
row_less_sep_row68_col2.csv,0.0021817684173583984
row_extra_quote11_col6.csv,0.0021610260009765625
row_less_sep_row65_col5.csv,0.0016160011291503906
row_field_delimiter_68_0x20.csv,0.0017604827880859375
row_less_sep_row20_col2.csv,0.0015416145324707031
row_field_delimiter_65_0x20.csv,0.0019290447235107422
row_less_sep_row24_col7.csv,0.0018987655639648438
row_extra_quote14_col3.csv,0.001684427261352539
row_less_sep_row67_col6.csv,0.002058267593383789
row_less_sep_row39_col6.csv,0.002254962921142578
row_less_sep_row17_col8.csv,0.0015048980712890625
row_extra_quote71_col4.csv,0.0017328262329101562
row_more_sep_row60_col7.csv,0.0013167858123779297
row_more_sep_row74_col8.csv,0.0016660690307617188
row_extra_quote25_col0.csv,0.0019230842590332031
row_field_delimiter_71_0x20.csv,0.004259586334228516
row_more_sep_row53_col0.csv,0.0024385452270507812
row_less_sep_row81_col3.csv,0.0013964176177978516
row_less_sep_row72_col3.csv,0.0017611980438232422
row_less_sep_row6_col6.csv,0.0017082691192626953
row_less_sep_row29_col8.csv,0.001967191696166992
row_extra_quote70_col7.csv,0.0018391609191894531
row_extra_quote62_col3.csv,0.0012142658233642578
row_extra_quote81_col6.csv,0.0027036666870117188
row_less_sep_row43_col3.csv,0.002113819122314453
row_less_sep_row67_col8.csv,0.0018203258514404297
row_extra_quote2_col0.csv,0.00238037109375
row_less_sep_row41_col3.csv,0.003538846969604492
row_less_sep_row39_col7.csv,0.0018072128295898438
row_more_sep_row59_col2.csv,0.0021104812622070312
row_more_sep_row62_col0.csv,0.0013053417205810547
row_less_sep_row18_col1.csv,0.0020842552185058594
row_less_sep_row61_col2.csv,0.002407550811767578
row_extra_quote37_col7.csv,0.0018203258514404297
row_more_sep_row56_col8.csv,0.0021491050720214844
row_more_sep_row57_col7.csv,0.002571582794189453
row_extra_quote8_col6.csv,0.0014083385467529297
row_less_sep_row33_col5.csv,0.0021364688873291016
row_less_sep_row31_col1.csv,0.002559185028076172
row_extra_quote25_col6.csv,0.002216815948486328
row_less_sep_row78_col1.csv,0.0016169548034667969
row_more_sep_row24_col5.csv,0.0025949478149414062
row_field_delimiter_41_0x20.csv,0.002110004425048828
row_less_sep_row79_col6.csv,0.001617431640625
row_extra_quote22_col2.csv,0.0014574527740478516
row_extra_quote69_col8.csv,0.002852201461791992
row_more_sep_row37_col6.csv,0.0018000602722167969
row_extra_quote46_col8.csv,0.0022504329681396484
row_extra_quote18_col2.csv,0.0016176700592041016
row_more_sep_row11_col5.csv,0.001615762710571289
row_extra_quote70_col0.csv,0.0024709701538085938
row_more_sep_row51_col2.csv,0.002154111862182617
row_less_sep_row81_col8.csv,0.0018742084503173828
row_extra_quote25_col1.csv,0.002536296844482422
row_more_sep_row39_col8.csv,0.0019540786743164062
row_more_sep_row46_col3.csv,0.0027017593383789062
row_extra_quote47_col3.csv,0.002053976058959961
row_more_sep_row2_col2.csv,0.0021500587463378906
row_extra_quote54_col3.csv,0.001653432846069336
row_extra_quote6_col6.csv,0.0016558170318603516
row_less_sep_row5_col2.csv,0.0018892288208007812
row_more_sep_row39_col4.csv,0.001909494400024414
row_less_sep_row63_col1.csv,0.0019180774688720703
row_extra_quote40_col1.csv,0.002103567123413086
row_extra_quote26_col3.csv,0.0019235610961914062
row_more_sep_row9_col2.csv,0.0013816356658935547
row_more_sep_row48_col6.csv,0.0019741058349609375
row_more_sep_row74_col2.csv,0.0019636154174804688
row_field_delimiter_36_0x20.csv,0.001895904541015625
row_more_sep_row31_col7.csv,0.0017120838165283203
row_less_sep_row15_col6.csv,0.003080129623413086
row_extra_quote15_col1.csv,0.0021588802337646484
row_more_sep_row38_col2.csv,0.0015642642974853516
row_extra_quote62_col6.csv,0.0021257400512695312
row_more_sep_row38_col5.csv,0.0020499229431152344
row_less_sep_row65_col4.csv,0.002168416976928711
row_less_sep_row5_col8.csv,0.0015685558319091797
row_more_sep_row27_col6.csv,0.0016317367553710938
row_more_sep_row37_col1.csv,0.0019540786743164062
row_more_sep_row76_col3.csv,0.0015587806701660156
row_more_sep_row51_col3.csv,0.0016884803771972656
row_extra_quote36_col4.csv,0.002451658248901367
row_more_sep_row69_col7.csv,0.0020949840545654297
row_extra_quote60_col3.csv,0.0019102096557617188
row_less_sep_row55_col2.csv,0.0017659664154052734
row_extra_quote1_col1.csv,0.0013611316680908203
row_less_sep_row37_col8.csv,0.001657724380493164
row_less_sep_row33_col3.csv,0.002056598663330078
row_less_sep_row11_col1.csv,0.0019943714141845703
row_extra_quote60_col6.csv,0.0028967857360839844
row_less_sep_row44_col1.csv,0.0019750595092773438
row_more_sep_row72_col3.csv,0.0015883445739746094
row_extra_quote28_col3.csv,0.0020074844360351562
row_field_delimiter_60_0x20.csv,0.002087116241455078
row_more_sep_row10_col2.csv,0.0014774799346923828
row_field_delimiter_52_0x20.csv,0.0015964508056640625
row_less_sep_row46_col5.csv,0.0014641284942626953
row_more_sep_row27_col7.csv,0.0016570091247558594
row_extra_quote27_col2.csv,0.0018496513366699219
row_less_sep_row2_col5.csv,0.0017404556274414062
row_more_sep_row34_col3.csv,0.002755880355834961
row_less_sep_row81_col2.csv,0.0022115707397460938
row_more_sep_row66_col8.csv,0.0023157596588134766
row_extra_quote73_col4.csv,0.0015676021575927734
row_more_sep_row14_col1.csv,0.002361297607421875
row_extra_quote80_col7.csv,0.0018012523651123047
row_more_sep_row60_col3.csv,0.0024209022521972656
row_more_sep_row29_col7.csv,0.002141714096069336
row_more_sep_row8_col0.csv,0.0030884742736816406
row_more_sep_row65_col4.csv,0.001489400863647461
row_extra_quote79_col5.csv,0.0022993087768554688
row_more_sep_row49_col5.csv,0.001720428466796875
row_extra_quote29_col3.csv,0.001995563507080078
row_more_sep_row83_col0.csv,0.0016596317291259766
row_more_sep_row61_col6.csv,0.002109050750732422
row_extra_quote20_col8.csv,0.0016222000122070312
row_less_sep_row48_col1.csv,0.0020999908447265625
row_extra_quote23_col7.csv,0.002046346664428711
row_less_sep_row34_col2.csv,0.0017082691192626953
row_more_sep_row23_col1.csv,0.0023832321166992188
row_more_sep_row73_col4.csv,0.002016305923461914
row_extra_quote36_col3.csv,0.0017919540405273438
row_more_sep_row45_col3.csv,0.002321958541870117
row_more_sep_row67_col2.csv,0.0016472339630126953
row_extra_quote31_col5.csv,0.001789093017578125
row_extra_quote77_col5.csv,0.0019431114196777344
row_less_sep_row62_col5.csv,0.0016171932220458984
row_less_sep_row49_col8.csv,0.0020599365234375
row_more_sep_row33_col7.csv,0.001455068588256836
row_less_sep_row7_col3.csv,0.002016305923461914
row_less_sep_row75_col2.csv,0.0014929771423339844
row_more_sep_row28_col7.csv,0.0014955997467041016
row_more_sep_row26_col2.csv,0.00180816650390625
row_extra_quote52_col8.csv,0.0015981197357177734
row_less_sep_row49_col1.csv,0.0030183792114257812
row_less_sep_row44_col4.csv,0.0014166831970214844
row_extra_quote72_col0.csv,0.0019042491912841797
row_less_sep_row8_col7.csv,0.0016994476318359375
row_extra_quote65_col1.csv,0.0021750926971435547
row_extra_quote74_col0.csv,0.0017075538635253906
row_more_sep_row17_col5.csv,0.0033364295959472656
row_field_delimiter_43_0x20.csv,0.0018210411071777344
row_more_sep_row43_col6.csv,0.0023660659790039062
row_extra_quote9_col2.csv,0.0014922618865966797
row_field_delimiter_47_0x20.csv,0.002162456512451172
row_more_sep_row72_col0.csv,0.0014805793762207031
row_less_sep_row56_col7.csv,0.004376649856567383
row_less_sep_row8_col1.csv,0.001989603042602539
row_extra_quote15_col5.csv,0.003154277801513672
row_extra_quote67_col6.csv,0.0018024444580078125
row_more_sep_row0_col2.csv,0.0028493404388427734
row_extra_quote72_col5.csv,0.0018455982208251953
row_extra_quote29_col1.csv,0.0014166831970214844
row_extra_quote48_col6.csv,0.0017380714416503906
row_more_sep_row9_col4.csv,0.002504110336303711
row_extra_quote17_col5.csv,0.0021581649780273438
row_extra_quote46_col6.csv,0.0014731884002685547
row_less_sep_row7_col2.csv,0.0018911361694335938
row_extra_quote64_col4.csv,0.0017595291137695312
row_extra_quote55_col8.csv,0.0015246868133544922
row_extra_quote43_col1.csv,0.0015401840209960938
row_less_sep_row4_col8.csv,0.002086639404296875
row_more_sep_row24_col0.csv,0.0018944740295410156
row_extra_quote25_col8.csv,0.0020508766174316406
row_less_sep_row74_col8.csv,0.0022618770599365234
row_extra_quote30_col8.csv,0.0018165111541748047
row_less_sep_row13_col7.csv,0.0019199848175048828
row_less_sep_row80_col4.csv,0.0016510486602783203
row_less_sep_row62_col1.csv,0.002158641815185547
row_less_sep_row1_col6.csv,0.0020875930786132812
row_extra_quote66_col1.csv,0.0014526844024658203
row_more_sep_row83_col1.csv,0.00157928466796875
row_more_sep_row0_col8.csv,0.001440286636352539
row_extra_quote40_col4.csv,0.0017309188842773438
row_less_sep_row83_col3.csv,0.0018455982208251953
row_extra_quote69_col4.csv,0.0017843246459960938
row_extra_quote48_col1.csv,0.0024499893188476562
row_more_sep_row5_col2.csv,0.0015468597412109375
row_more_sep_row55_col5.csv,0.0021924972534179688
row_less_sep_row1_col7.csv,0.0026454925537109375
row_extra_quote75_col7.csv,0.0014071464538574219
row_less_sep_row12_col6.csv,0.002196788787841797
row_less_sep_row34_col7.csv,0.0021822452545166016
row_extra_quote48_col5.csv,0.0016105175018310547
row_extra_quote26_col5.csv,0.0017213821411132812
row_extra_quote66_col2.csv,0.002662181854248047
row_more_sep_row7_col3.csv,0.0015671253204345703
row_extra_quote64_col7.csv,0.001477956771850586
row_less_sep_row64_col4.csv,0.0020644664764404297
row_more_sep_row33_col4.csv,0.0019648075103759766
row_less_sep_row59_col8.csv,0.0027081966400146484
row_extra_quote26_col0.csv,0.002263307571411133
row_extra_quote58_col5.csv,0.001990795135498047
row_less_sep_row33_col6.csv,0.002135038375854492
row_more_sep_row52_col4.csv,0.002571582794189453
row_more_sep_row44_col0.csv,0.003610849380493164
row_extra_quote82_col8.csv,0.0021851062774658203
row_extra_quote3_col7.csv,0.0033626556396484375
row_field_delimiter_2_0x20.csv,0.001958608627319336
row_more_sep_row45_col6.csv,0.0018258094787597656
row_extra_quote3_col0.csv,0.0025424957275390625
row_less_sep_row34_col5.csv,0.0018455982208251953
row_extra_quote65_col8.csv,0.002573251724243164
row_more_sep_row53_col4.csv,0.003223896026611328
row_less_sep_row72_col5.csv,0.0022046566009521484
file_record_delimiter_0xD.csv,0.0023987293243408203
row_less_sep_row9_col2.csv,0.0022895336151123047
row_extra_quote52_col6.csv,0.003493070602416992
row_less_sep_row9_col7.csv,0.0020072460174560547
row_extra_quote75_col1.csv,0.002254009246826172
row_less_sep_row66_col3.csv,0.0017392635345458984
row_extra_quote51_col5.csv,0.0026133060455322266
row_extra_quote30_col2.csv,0.0023233890533447266
row_more_sep_row45_col1.csv,0.001760721206665039
row_extra_quote4_col7.csv,0.001802682876586914
row_less_sep_row68_col8.csv,0.002081155776977539
row_more_sep_row75_col3.csv,0.0014052391052246094
row_more_sep_row59_col6.csv,0.0019655227661132812
row_extra_quote30_col6.csv,0.0017910003662109375
row_extra_quote11_col3.csv,0.005130290985107422
row_more_sep_row43_col4.csv,0.002466917037963867
row_more_sep_row73_col7.csv,0.002330780029296875
row_less_sep_row61_col5.csv,0.0021352767944335938
row_less_sep_row72_col7.csv,0.002353668212890625
row_less_sep_row8_col4.csv,0.0020051002502441406
row_more_sep_row43_col0.csv,0.0014040470123291016
row_extra_quote55_col5.csv,0.0019311904907226562
row_extra_quote40_col3.csv,0.0015721321105957031
row_extra_quote61_col0.csv,0.0014979839324951172
row_less_sep_row41_col5.csv,0.0019817352294921875
row_less_sep_row62_col6.csv,0.0012593269348144531
row_more_sep_row41_col8.csv,0.0019502639770507812
row_less_sep_row1_col4.csv,0.0018830299377441406
row_extra_quote74_col1.csv,0.001493215560913086
row_extra_quote78_col0.csv,0.0017104148864746094
row_extra_quote78_col6.csv,0.002054929733276367
row_more_sep_row70_col2.csv,0.0018815994262695312
row_more_sep_row23_col5.csv,0.0015616416931152344
row_more_sep_row71_col3.csv,0.0017139911651611328
row_less_sep_row74_col5.csv,0.0034863948822021484
row_more_sep_row30_col3.csv,0.0021202564239501953
row_field_delimiter_46_0x20.csv,0.0019412040710449219
row_extra_quote37_col8.csv,0.003200531005859375
row_more_sep_row59_col5.csv,0.0017790794372558594
row_extra_quote38_col1.csv,0.0020666122436523438
row_less_sep_row43_col2.csv,0.002274036407470703
row_more_sep_row41_col6.csv,0.0022623538970947266
row_less_sep_row64_col7.csv,0.003457307815551758
row_less_sep_row18_col3.csv,0.0027704238891601562
row_more_sep_row63_col7.csv,0.0019009113311767578
row_extra_quote4_col1.csv,0.0016050338745117188
row_less_sep_row67_col1.csv,0.002000093460083008
row_more_sep_row60_col2.csv,0.001562356948852539
row_more_sep_row77_col5.csv,0.002001047134399414
row_more_sep_row29_col5.csv,0.0014705657958984375
row_extra_quote2_col3.csv,0.002256631851196289
row_extra_quote78_col5.csv,0.0020608901977539062
row_less_sep_row64_col5.csv,0.0019872188568115234
row_extra_quote60_col7.csv,0.0026121139526367188
row_less_sep_row73_col6.csv,0.0021257400512695312
row_less_sep_row79_col5.csv,0.0017290115356445312
row_extra_quote45_col2.csv,0.0022270679473876953
row_more_sep_row33_col8.csv,0.0020122528076171875
row_less_sep_row35_col2.csv,0.002061605453491211
row_more_sep_row35_col3.csv,0.0015549659729003906
row_more_sep_row76_col6.csv,0.0030364990234375
row_less_sep_row41_col8.csv,0.0014858245849609375
row_extra_quote67_col4.csv,0.0028536319732666016
row_extra_quote62_col0.csv,0.0018646717071533203
row_more_sep_row10_col1.csv,0.002044200897216797
row_extra_quote30_col4.csv,0.0018954277038574219
row_less_sep_row24_col5.csv,0.002641916275024414
row_less_sep_row68_col1.csv,0.0018470287322998047
row_more_sep_row0_col1.csv,0.0019838809967041016
row_more_sep_row31_col0.csv,0.0015649795532226562
row_less_sep_row51_col2.csv,0.0017769336700439453
row_more_sep_row56_col6.csv,0.0020933151245117188
row_more_sep_row39_col2.csv,0.0015003681182861328
row_less_sep_row19_col6.csv,0.0014781951904296875
row_less_sep_row12_col1.csv,0.001955747604370117
row_extra_quote42_col3.csv,0.0016932487487792969
row_more_sep_row79_col3.csv,0.0019221305847167969
row_extra_quote59_col7.csv,0.002318859100341797
row_more_sep_row36_col5.csv,0.001748800277709961
row_extra_quote57_col5.csv,0.0023469924926757812
row_less_sep_row41_col7.csv,0.0018475055694580078
row_more_sep_row29_col4.csv,0.002205371856689453
row_extra_quote67_col1.csv,0.001440286636352539
row_extra_quote48_col0.csv,0.002148866653442383
row_extra_quote7_col7.csv,0.0020890235900878906
row_extra_quote72_col7.csv,0.0016717910766601562
row_more_sep_row16_col4.csv,0.0019373893737792969
row_extra_quote59_col2.csv,0.0015027523040771484
row_field_delimiter_81_0x20.csv,0.001583099365234375
row_less_sep_row71_col8.csv,0.002693653106689453
row_more_sep_row23_col7.csv,0.0022683143615722656
row_less_sep_row63_col5.csv,0.0023801326751708984
row_less_sep_row52_col5.csv,0.0015058517456054688
row_more_sep_row19_col6.csv,0.0026192665100097656
row_extra_quote36_col2.csv,0.0017604827880859375
row_extra_quote33_col4.csv,0.0023851394653320312
row_more_sep_row12_col2.csv,0.0024161338806152344
row_more_sep_row68_col1.csv,0.0018875598907470703
row_more_sep_row27_col1.csv,0.0028731822967529297
row_more_sep_row44_col1.csv,0.0013535022735595703
row_less_sep_row13_col8.csv,0.002439260482788086
row_extra_quote62_col2.csv,0.0020978450775146484
row_extra_quote20_col3.csv,0.002337932586669922
row_more_sep_row51_col4.csv,0.0017766952514648438
row_extra_quote14_col6.csv,0.0016667842864990234
row_more_sep_row4_col4.csv,0.0020020008087158203
row_extra_quote3_col3.csv,0.0016319751739501953
row_extra_quote38_col7.csv,0.0022187232971191406
row_less_sep_row40_col8.csv,0.0016410350799560547
row_less_sep_row77_col2.csv,0.003052949905395508
row_more_sep_row20_col1.csv,0.0027768611907958984
row_less_sep_row44_col5.csv,0.001983165740966797
row_extra_quote76_col0.csv,0.0019431114196777344
row_less_sep_row70_col4.csv,0.0016651153564453125
row_more_sep_row20_col0.csv,0.0015764236450195312
row_less_sep_row76_col7.csv,0.0016658306121826172
row_less_sep_row6_col4.csv,0.0019812583923339844
row_extra_quote83_col8.csv,0.0021393299102783203
row_extra_quote57_col3.csv,0.0016169548034667969
row_less_sep_row14_col2.csv,0.0017468929290771484
row_extra_quote6_col4.csv,0.0020868778228759766
row_less_sep_row6_col2.csv,0.0026738643646240234
row_extra_quote70_col5.csv,0.0017750263214111328
row_more_sep_row3_col7.csv,0.0018606185913085938
row_field_delimiter_0_0x20.csv,0.0018949508666992188
row_field_delimiter_9_0x20.csv,0.0016679763793945312
row_more_sep_row6_col3.csv,0.0018215179443359375
row_less_sep_row63_col4.csv,0.0022134780883789062
row_extra_quote23_col8.csv,0.0017817020416259766
row_more_sep_row0_col4.csv,0.002480745315551758
file_no_trailing_newline.csv,0.001825094223022461
row_extra_quote24_col6.csv,0.0015759468078613281
row_extra_quote64_col6.csv,0.002096891403198242
row_field_delimiter_77_0x20.csv,0.0017352104187011719
row_extra_quote57_col1.csv,0.001981019973754883
row_extra_quote29_col0.csv,0.0021696090698242188
row_extra_quote34_col7.csv,0.002162933349609375
row_extra_quote43_col4.csv,0.0023474693298339844
row_more_sep_row24_col7.csv,0.0021567344665527344
row_extra_quote65_col4.csv,0.0017223358154296875
row_less_sep_row66_col7.csv,0.0019330978393554688
row_more_sep_row46_col0.csv,0.001556396484375
row_extra_quote48_col8.csv,0.0018892288208007812
row_less_sep_row8_col2.csv,0.0019741058349609375
row_more_sep_row35_col2.csv,0.0020172595977783203
row_extra_quote71_col7.csv,0.002217531204223633
row_extra_quote24_col0.csv,0.0019426345825195312
row_less_sep_row27_col1.csv,0.0020678043365478516
row_less_sep_row72_col2.csv,0.002627849578857422
row_less_sep_row2_col1.csv,0.001828908920288086
row_less_sep_row23_col1.csv,0.0018486976623535156
row_less_sep_row19_col5.csv,0.002386331558227539
row_more_sep_row36_col6.csv,0.0035092830657958984
row_extra_quote59_col0.csv,0.0024900436401367188
row_extra_quote81_col2.csv,0.0017075538635253906
row_less_sep_row47_col6.csv,0.001895904541015625
row_less_sep_row26_col4.csv,0.001969575881958008
row_less_sep_row0_col6.csv,0.001840353012084961
row_extra_quote9_col8.csv,0.001415252685546875
row_extra_quote59_col4.csv,0.0022978782653808594
row_more_sep_row47_col3.csv,0.001857757568359375
row_more_sep_row42_col5.csv,0.001840353012084961
row_extra_quote74_col7.csv,0.0019240379333496094
row_extra_quote51_col8.csv,0.002698183059692383
row_more_sep_row49_col7.csv,0.002082347869873047
row_more_sep_row22_col4.csv,0.0016508102416992188
row_more_sep_row7_col8.csv,0.0024356842041015625
row_less_sep_row59_col1.csv,0.002395153045654297
row_more_sep_row77_col0.csv,0.0015649795532226562
row_more_sep_row59_col0.csv,0.002157449722290039
row_more_sep_row15_col6.csv,0.0026826858520507812
row_less_sep_row3_col6.csv,0.0029544830322265625
row_more_sep_row54_col5.csv,0.0020902156829833984
row_more_sep_row34_col5.csv,0.0024023056030273438
row_extra_quote56_col5.csv,0.0026814937591552734
row_more_sep_row10_col4.csv,0.003108978271484375
row_extra_quote48_col4.csv,0.002572298049926758
row_more_sep_row2_col5.csv,0.0015664100646972656
row_less_sep_row53_col5.csv,0.002446413040161133
row_more_sep_row9_col3.csv,0.0019042491912841797
row_less_sep_row13_col4.csv,0.0017783641815185547
row_more_sep_row71_col6.csv,0.002830982208251953
row_less_sep_row83_col5.csv,0.003217935562133789
row_extra_quote64_col2.csv,0.0048716068267822266
row_less_sep_row53_col2.csv,0.004543781280517578
row_extra_quote26_col8.csv,0.0025603771209716797
row_less_sep_row64_col1.csv,0.0042307376861572266
row_extra_quote72_col8.csv,0.002087831497192383
row_extra_quote43_col0.csv,0.002677440643310547
row_extra_quote14_col1.csv,0.0027451515197753906
row_more_sep_row75_col1.csv,0.003815889358520508
row_less_sep_row46_col7.csv,0.004044532775878906
row_field_delimiter_66_0x20.csv,0.0026373863220214844
row_extra_quote17_col2.csv,0.002460002899169922
row_more_sep_row66_col6.csv,0.003165006637573242
row_extra_quote14_col5.csv,0.003053426742553711
row_more_sep_row61_col7.csv,0.0028831958770751953
row_extra_quote3_col2.csv,0.0042781829833984375
row_more_sep_row68_col0.csv,0.0030291080474853516
row_less_sep_row53_col7.csv,0.0025153160095214844
row_more_sep_row42_col7.csv,0.0024573802947998047
row_more_sep_row2_col6.csv,0.0029349327087402344
row_less_sep_row16_col4.csv,0.0019533634185791016
row_extra_quote13_col4.csv,0.0020148754119873047
row_less_sep_row19_col8.csv,0.0019066333770751953
row_less_sep_row52_col2.csv,0.0038423538208007812
row_extra_quote2_col4.csv,0.002933979034423828
row_less_sep_row57_col8.csv,0.002218484878540039
row_field_delimiter_11_0x20.csv,0.0021135807037353516
row_less_sep_row38_col8.csv,0.0018434524536132812
file_multitable_same.csv,0.0029201507568359375
row_extra_quote50_col2.csv,0.002273082733154297
file_one_data_row.csv,0.0022461414337158203
row_less_sep_row55_col3.csv,0.0021736621856689453
row_more_sep_row22_col2.csv,0.0017652511596679688
row_more_sep_row66_col3.csv,0.0022249221801757812
row_more_sep_row45_col7.csv,0.0027091503143310547
row_less_sep_row44_col7.csv,0.0020749568939208984
row_more_sep_row55_col3.csv,0.002068042755126953
row_more_sep_row14_col2.csv,0.0021500587463378906
row_extra_quote29_col6.csv,0.0017189979553222656
row_more_sep_row61_col3.csv,0.002992391586303711
row_more_sep_row80_col4.csv,0.0021009445190429688
row_extra_quote18_col8.csv,0.0018897056579589844
row_more_sep_row69_col5.csv,0.001990795135498047
row_extra_quote33_col6.csv,0.0023488998413085938
row_extra_quote4_col8.csv,0.0028352737426757812
row_less_sep_row14_col8.csv,0.0015637874603271484
row_extra_quote61_col6.csv,0.002241373062133789
row_extra_quote25_col5.csv,0.002260446548461914
row_less_sep_row9_col1.csv,0.001668691635131836
row_extra_quote2_col5.csv,0.0034465789794921875
row_less_sep_row9_col4.csv,0.003374814987182617
row_less_sep_row52_col3.csv,0.0027513504028320312
row_extra_quote82_col2.csv,0.0024743080139160156
row_more_sep_row32_col2.csv,0.0021615028381347656
row_more_sep_row13_col5.csv,0.002399921417236328
row_more_sep_row45_col2.csv,0.0018362998962402344
row_more_sep_row64_col4.csv,0.002527475357055664
row_more_sep_row47_col6.csv,0.001984119415283203
row_less_sep_row51_col8.csv,0.002655506134033203
row_more_sep_row82_col6.csv,0.0024390220642089844
row_less_sep_row51_col1.csv,0.0016684532165527344
row_more_sep_row9_col0.csv,0.0021102428436279297
row_extra_quote65_col0.csv,0.0023903846740722656
row_less_sep_row47_col5.csv,0.0020852088928222656
row_field_delimiter_25_0x20.csv,0.0016376972198486328
row_less_sep_row27_col7.csv,0.0019185543060302734
file_multitable_less.csv,0.0016164779663085938
row_more_sep_row11_col7.csv,0.0020492076873779297
row_more_sep_row64_col8.csv,0.002306222915649414
row_more_sep_row11_col3.csv,0.00205230712890625
row_more_sep_row62_col1.csv,0.0016841888427734375
row_extra_quote15_col7.csv,0.002835988998413086
row_more_sep_row68_col7.csv,0.002118349075317383
row_more_sep_row66_col1.csv,0.001863241195678711
row_less_sep_row65_col1.csv,0.001825571060180664
row_more_sep_row51_col7.csv,0.002081155776977539
row_extra_quote6_col1.csv,0.0018649101257324219
row_extra_quote49_col6.csv,0.0018343925476074219
row_more_sep_row81_col7.csv,0.004040241241455078
row_more_sep_row0_col6.csv,0.0019838809967041016
row_less_sep_row68_col6.csv,0.0027849674224853516
row_less_sep_row74_col6.csv,0.0019135475158691406
row_more_sep_row14_col4.csv,0.001766204833984375
row_extra_quote42_col1.csv,0.0017552375793457031
row_extra_quote10_col8.csv,0.0029773712158203125
row_extra_quote11_col0.csv,0.0015225410461425781
row_more_sep_row35_col1.csv,0.001771688461303711
row_less_sep_row32_col5.csv,0.0024204254150390625
row_more_sep_row73_col3.csv,0.0021207332611083984
row_extra_quote43_col8.csv,0.0019180774688720703
row_more_sep_row21_col3.csv,0.0015833377838134766
row_extra_quote78_col3.csv,0.001550912857055664
row_less_sep_row32_col3.csv,0.001653432846069336
row_less_sep_row66_col6.csv,0.0019860267639160156
row_less_sep_row0_col2.csv,0.0022394657135009766
row_more_sep_row49_col3.csv,0.0023403167724609375
row_extra_quote43_col6.csv,0.0019373893737792969
row_less_sep_row43_col7.csv,0.001890420913696289
row_extra_quote26_col7.csv,0.0015454292297363281
row_field_delimiter_26_0x20.csv,0.002295970916748047
row_more_sep_row46_col8.csv,0.0030460357666015625
row_extra_quote52_col1.csv,0.0017843246459960938
row_more_sep_row75_col6.csv,0.0019404888153076172
row_less_sep_row56_col5.csv,0.0017008781433105469
row_extra_quote2_col8.csv,0.002056121826171875
row_extra_quote8_col5.csv,0.0015056133270263672
row_more_sep_row70_col8.csv,0.0020422935485839844
row_more_sep_row43_col1.csv,0.0030198097229003906
row_more_sep_row24_col4.csv,0.0024192333221435547
row_extra_quote56_col0.csv,0.0029473304748535156
row_more_sep_row41_col7.csv,0.0017690658569335938
row_more_sep_row22_col8.csv,0.002138376235961914
row_extra_quote73_col5.csv,0.002059459686279297
row_more_sep_row71_col5.csv,0.002184629440307617
row_more_sep_row32_col3.csv,0.0015881061553955078
row_extra_quote63_col6.csv,0.0018279552459716797
row_less_sep_row8_col3.csv,0.002107858657836914
row_more_sep_row16_col2.csv,0.0015420913696289062
row_more_sep_row75_col5.csv,0.002019166946411133
row_more_sep_row1_col3.csv,0.0020835399627685547
row_less_sep_row80_col8.csv,0.0026254653930664062
row_more_sep_row29_col3.csv,0.001779794692993164
row_less_sep_row11_col5.csv,0.0018992424011230469
row_field_delimiter_49_0x20.csv,0.0018153190612792969
row_extra_quote39_col8.csv,0.0017533302307128906
row_less_sep_row57_col3.csv,0.002074718475341797
row_less_sep_row7_col5.csv,0.002050161361694336
row_less_sep_row82_col3.csv,0.0020275115966796875
row_extra_quote0_col2.csv,0.0020933151245117188
row_less_sep_row11_col8.csv,0.0018732547760009766
row_less_sep_row58_col8.csv,0.0022122859954833984
row_more_sep_row11_col8.csv,0.002309083938598633
row_more_sep_row23_col3.csv,0.0022869110107421875
row_less_sep_row32_col2.csv,0.0021944046020507812
row_less_sep_row22_col8.csv,0.0018057823181152344
row_less_sep_row42_col1.csv,0.0018110275268554688
row_more_sep_row70_col1.csv,0.0025446414947509766
row_less_sep_row5_col3.csv,0.002179384231567383
row_extra_quote18_col5.csv,0.002015352249145508
row_less_sep_row64_col3.csv,0.002028942108154297
row_field_delimiter_39_0x20.csv,0.0017328262329101562
row_extra_quote38_col2.csv,0.0018529891967773438
row_less_sep_row15_col3.csv,0.0018422603607177734
row_extra_quote21_col8.csv,0.0017092227935791016
row_less_sep_row54_col7.csv,0.001733541488647461
row_extra_quote52_col2.csv,0.002483367919921875
row_less_sep_row79_col4.csv,0.003239870071411133
row_more_sep_row58_col7.csv,0.002521038055419922
row_extra_quote63_col7.csv,0.001851797103881836
row_extra_quote63_col2.csv,0.0016748905181884766
row_less_sep_row20_col7.csv,0.0029299259185791016
row_extra_quote33_col0.csv,0.0020127296447753906
row_more_sep_row33_col0.csv,0.0021317005157470703
row_extra_quote26_col6.csv,0.0017545223236083984
row_less_sep_row45_col6.csv,0.0022962093353271484
row_more_sep_row55_col8.csv,0.0020933151245117188
row_less_sep_row26_col2.csv,0.0021228790283203125
row_more_sep_row58_col3.csv,0.0019333362579345703
row_more_sep_row72_col8.csv,0.0017650127410888672
row_extra_quote82_col5.csv,0.0021257400512695312
row_more_sep_row45_col0.csv,0.0018262863159179688
row_extra_quote37_col1.csv,0.0021958351135253906
row_more_sep_row16_col6.csv,0.0019316673278808594
row_more_sep_row63_col5.csv,0.001997709274291992
row_extra_quote54_col5.csv,0.0019791126251220703
row_more_sep_row2_col8.csv,0.0030241012573242188
row_extra_quote58_col6.csv,0.002178192138671875
row_less_sep_row16_col8.csv,0.002218008041381836
row_less_sep_row64_col6.csv,0.002691030502319336
row_less_sep_row36_col5.csv,0.002312183380126953
row_less_sep_row29_col6.csv,0.002289295196533203
row_more_sep_row0_col0.csv,0.0022475719451904297
row_less_sep_row59_col4.csv,0.0027358531951904297
row_less_sep_row14_col6.csv,0.0021126270294189453
row_more_sep_row16_col7.csv,0.003997087478637695
row_less_sep_row60_col4.csv,0.0028052330017089844
row_less_sep_row8_col8.csv,0.0017697811126708984
row_less_sep_row5_col4.csv,0.0019524097442626953
row_more_sep_row73_col5.csv,0.0025691986083984375
row_extra_quote10_col2.csv,0.003106355667114258
row_extra_quote67_col8.csv,0.0021774768829345703
row_extra_quote79_col4.csv,0.0020329952239990234
row_less_sep_row71_col3.csv,0.0017094612121582031
row_extra_quote32_col0.csv,0.0018668174743652344
row_extra_quote39_col1.csv,0.0018851757049560547
row_extra_quote31_col4.csv,0.001748800277709961
row_more_sep_row54_col4.csv,0.002783536911010742
row_extra_quote77_col2.csv,0.0023484230041503906
row_more_sep_row58_col5.csv,0.002424478530883789
row_more_sep_row46_col1.csv,0.0022962093353271484
row_less_sep_row69_col7.csv,0.002891063690185547
row_less_sep_row25_col5.csv,0.0023436546325683594
row_less_sep_row7_col7.csv,0.003326892852783203
row_extra_quote52_col5.csv,0.0033452510833740234
file_no_header.csv,0.0033087730407714844
row_more_sep_row80_col2.csv,0.0033080577850341797
row_less_sep_row72_col6.csv,0.003278970718383789
row_extra_quote17_col6.csv,0.0028374195098876953
row_extra_quote65_col2.csv,0.004277706146240234
row_field_delimiter_12_0x20.csv,0.0039975643157958984
row_more_sep_row77_col8.csv,0.002691984176635742
row_less_sep_row55_col4.csv,0.00203704833984375
row_extra_quote28_col8.csv,0.0033707618713378906
row_less_sep_row71_col5.csv,0.0020792484283447266
row_extra_quote32_col6.csv,0.0019180774688720703
row_extra_quote12_col6.csv,0.0025277137756347656
row_less_sep_row17_col5.csv,0.0029311180114746094
row_less_sep_row74_col4.csv,0.0019431114196777344
row_more_sep_row12_col6.csv,0.002211332321166992
row_more_sep_row30_col8.csv,0.0038521289825439453
row_less_sep_row75_col1.csv,0.0034410953521728516
row_extra_quote9_col1.csv,0.003017902374267578
row_extra_quote8_col8.csv,0.002164602279663086
row_more_sep_row40_col4.csv,0.0024309158325195312
row_less_sep_row10_col4.csv,0.0024404525756835938
row_extra_quote45_col4.csv,0.002614736557006836
row_more_sep_row27_col2.csv,0.0036268234252929688
row_less_sep_row45_col4.csv,0.0025200843811035156
row_extra_quote34_col1.csv,0.002366781234741211
row_less_sep_row66_col8.csv,0.002850055694580078
row_more_sep_row79_col4.csv,0.0019783973693847656
row_more_sep_row27_col0.csv,0.0029430389404296875
row_less_sep_row13_col1.csv,0.0026197433471679688
row_less_sep_row0_col5.csv,0.003152132034301758
row_less_sep_row47_col7.csv,0.0017571449279785156
row_more_sep_row1_col7.csv,0.0025687217712402344
row_field_delimiter_13_0x20.csv,0.0027856826782226562
row_less_sep_row10_col6.csv,0.003041505813598633
row_field_delimiter_20_0x20.csv,0.002579927444458008
row_more_sep_row61_col2.csv,0.0034661293029785156
row_less_sep_row11_col7.csv,0.00229644775390625
row_less_sep_row21_col6.csv,0.0024869441986083984
row_more_sep_row21_col1.csv,0.003396272659301758
row_less_sep_row3_col3.csv,0.0030002593994140625
row_extra_quote70_col6.csv,0.0028781890869140625
row_more_sep_row13_col8.csv,0.0040035247802734375
row_more_sep_row39_col3.csv,0.004049062728881836
row_less_sep_row46_col1.csv,0.003350973129272461
row_less_sep_row27_col5.csv,0.0030274391174316406
row_more_sep_row55_col0.csv,0.0021104812622070312
row_extra_quote24_col5.csv,0.003287792205810547
row_extra_quote49_col4.csv,0.0019881725311279297
row_extra_quote70_col1.csv,0.002794504165649414
row_extra_quote26_col1.csv,0.0020186901092529297
row_less_sep_row80_col7.csv,0.0037605762481689453
row_more_sep_row46_col5.csv,0.0017981529235839844
row_less_sep_row77_col8.csv,0.0023033618927001953
row_more_sep_row17_col3.csv,0.003067493438720703
row_extra_quote37_col4.csv,0.0030105113983154297
row_more_sep_row80_col3.csv,0.003968477249145508
row_less_sep_row47_col1.csv,0.002541780471801758
row_extra_quote4_col2.csv,0.002418041229248047
row_less_sep_row24_col2.csv,0.0021462440490722656
row_more_sep_row63_col6.csv,0.0053653717041015625
row_extra_quote1_col8.csv,0.00384521484375
row_less_sep_row40_col3.csv,0.0031557083129882812
row_less_sep_row52_col8.csv,0.0022454261779785156
row_less_sep_row38_col6.csv,0.0033130645751953125
row_extra_quote45_col1.csv,0.002895355224609375
row_more_sep_row58_col2.csv,0.0034666061401367188
row_less_sep_row48_col8.csv,0.0028908252716064453
row_more_sep_row40_col5.csv,0.002296924591064453
row_extra_quote48_col7.csv,0.0015392303466796875
row_more_sep_row18_col2.csv,0.001638650894165039
row_more_sep_row53_col1.csv,0.0016710758209228516
row_more_sep_row20_col4.csv,0.002579927444458008
row_more_sep_row40_col3.csv,0.0020554065704345703
row_extra_quote5_col4.csv,0.0018315315246582031
row_extra_quote70_col4.csv,0.001920938491821289
row_less_sep_row48_col3.csv,0.0017685890197753906
row_extra_quote24_col8.csv,0.0014946460723876953
row_more_sep_row37_col8.csv,0.002107858657836914
row_more_sep_row64_col3.csv,0.0015552043914794922
row_less_sep_row3_col4.csv,0.0019230842590332031
row_more_sep_row65_col7.csv,0.002923727035522461
row_more_sep_row42_col3.csv,0.0022513866424560547
row_extra_quote14_col8.csv,0.002971649169921875
row_less_sep_row45_col3.csv,0.003666400909423828
row_extra_quote43_col2.csv,0.002698183059692383
row_less_sep_row67_col3.csv,0.0020868778228759766
row_more_sep_row69_col4.csv,0.0015859603881835938
row_less_sep_row66_col5.csv,0.0017247200012207031
row_more_sep_row67_col0.csv,0.0015988349914550781
row_extra_quote81_col8.csv,0.002505779266357422
row_less_sep_row32_col6.csv,0.0020165443420410156
row_less_sep_row28_col1.csv,0.0031173229217529297
row_more_sep_row65_col0.csv,0.002170562744140625
row_extra_quote28_col4.csv,0.0028519630432128906
row_more_sep_row53_col2.csv,0.004755496978759766
row_extra_quote67_col3.csv,0.0023086071014404297
row_extra_quote20_col4.csv,0.0021910667419433594
row_more_sep_row48_col3.csv,0.0026543140411376953
row_less_sep_row45_col8.csv,0.0020313262939453125
row_less_sep_row62_col4.csv,0.004214048385620117
row_less_sep_row20_col4.csv,0.004299163818359375
row_less_sep_row41_col1.csv,0.008707046508789062
row_less_sep_row57_col4.csv,0.004567384719848633
row_more_sep_row51_col8.csv,0.002302408218383789
row_less_sep_row37_col1.csv,0.0019083023071289062
row_more_sep_row6_col2.csv,0.005022525787353516
row_more_sep_row26_col6.csv,0.001928091049194336
row_less_sep_row27_col3.csv,0.0016241073608398438
row_extra_quote1_col7.csv,0.0015006065368652344
row_extra_quote40_col7.csv,0.0017910003662109375
row_more_sep_row71_col1.csv,0.0016551017761230469
row_extra_quote80_col4.csv,0.0014650821685791016
row_extra_quote51_col6.csv,0.0015263557434082031
row_extra_quote43_col3.csv,0.0025434494018554688
row_more_sep_row2_col1.csv,0.0023000240325927734
row_extra_quote53_col5.csv,0.002057790756225586
row_less_sep_row63_col2.csv,0.002207517623901367
row_extra_quote18_col3.csv,0.001399993896484375
row_less_sep_row0_col4.csv,0.0017852783203125
row_less_sep_row13_col3.csv,0.0018219947814941406
row_more_sep_row27_col8.csv,0.002044677734375
row_extra_quote65_col6.csv,0.0016317367553710938
row_less_sep_row75_col8.csv,0.0016164779663085938
row_more_sep_row25_col0.csv,0.0019016265869140625
row_less_sep_row37_col4.csv,0.0020864009857177734
row_extra_quote68_col1.csv,0.0017871856689453125
row_less_sep_row35_col7.csv,0.0018551349639892578
row_more_sep_row46_col6.csv,0.001802682876586914
row_extra_quote57_col8.csv,0.0016589164733886719
row_more_sep_row44_col5.csv,0.0019741058349609375
row_extra_quote5_col3.csv,0.001482248306274414
file_field_delimiter_0x20.csv,0.0014882087707519531
row_more_sep_row39_col6.csv,0.0017161369323730469
row_extra_quote7_col3.csv,0.0015113353729248047
row_less_sep_row23_col5.csv,0.001500844955444336
row_more_sep_row36_col1.csv,0.0018362998962402344
row_less_sep_row77_col3.csv,0.0019888877868652344
row_field_delimiter_17_0x20.csv,0.011035680770874023
row_less_sep_row47_col4.csv,0.0023441314697265625
row_less_sep_row43_col1.csv,0.0018482208251953125
row_more_sep_row64_col0.csv,0.002872467041015625
row_extra_quote58_col0.csv,0.002203226089477539
row_less_sep_row29_col4.csv,0.002167940139770508
row_more_sep_row82_col1.csv,0.0019028186798095703
row_less_sep_row76_col2.csv,0.0021905899047851562
row_less_sep_row64_col8.csv,0.0017261505126953125
row_less_sep_row22_col6.csv,0.002018451690673828
row_extra_quote80_col8.csv,0.0017631053924560547
row_extra_quote9_col0.csv,0.0014233589172363281
row_less_sep_row22_col7.csv,0.00220489501953125
row_more_sep_row35_col4.csv,0.0017015933990478516
row_more_sep_row69_col0.csv,0.0019104480743408203
row_more_sep_row54_col0.csv,0.0017330646514892578
row_more_sep_row64_col6.csv,0.0015251636505126953
row_field_delimiter_15_0x20.csv,0.001390218734741211
row_more_sep_row68_col4.csv,0.0020215511322021484
row_less_sep_row63_col6.csv,0.0017695426940917969
row_extra_quote39_col0.csv,0.0014581680297851562
row_more_sep_row77_col3.csv,0.002713441848754883
row_extra_quote39_col2.csv,0.0015687942504882812
row_less_sep_row26_col6.csv,0.0012600421905517578
row_more_sep_row19_col2.csv,0.002004861831665039
row_more_sep_row65_col6.csv,0.0015170574188232422
row_more_sep_row72_col7.csv,0.0019693374633789062
row_less_sep_row80_col3.csv,0.0026595592498779297
