filename,llm_hybrid_parser_gpt_5_4_duckdb_time_0
row_extra_quote80_col1.csv,0.21542930603027344
row_less_sep_row57_col2.csv,0.14960646629333496
row_extra_quote57_col2.csv,0.1531670093536377
row_extra_quote33_col5.csv,0.15012645721435547
row_less_sep_row81_col5.csv,0.148651123046875
row_less_sep_row2_col7.csv,0.15154790878295898
row_less_sep_row67_col4.csv,0.15291810035705566
row_less_sep_row21_col4.csv,0.1474447250366211
row_more_sep_row17_col6.csv,0.14481472969055176
row_less_sep_row56_col2.csv,0.15193796157836914
row_more_sep_row57_col2.csv,0.14041924476623535
row_extra_quote14_col4.csv,0.1547551155090332
row_less_sep_row61_col6.csv,0.09913778305053711
row_extra_quote20_col6.csv,0.15056848526000977
row_extra_quote74_col3.csv,0.14452505111694336
row_extra_quote53_col7.csv,0.1524207592010498
row_less_sep_row34_col6.csv,0.14877891540527344
row_more_sep_row5_col3.csv,0.1425917148590088
row_more_sep_row10_col0.csv,0.1428077220916748
row_less_sep_row2_col2.csv,0.1464216709136963
row_more_sep_row61_col5.csv,0.14775919914245605
row_extra_quote12_col5.csv,0.1690664291381836
row_less_sep_row47_col2.csv,0.1482563018798828
row_more_sep_row13_col2.csv,0.14653444290161133
row_extra_quote41_col1.csv,0.14876341819763184
row_more_sep_row37_col5.csv,0.1432342529296875
row_extra_quote58_col4.csv,0.14939403533935547
row_extra_quote6_col8.csv,0.1512308120727539
row_more_sep_row2_col4.csv,0.142531156539917
row_more_sep_row76_col5.csv,0.14347553253173828
row_extra_quote75_col8.csv,0.14819645881652832
row_extra_quote16_col6.csv,0.14630985260009766
row_less_sep_row25_col7.csv,0.1535329818725586
row_extra_quote3_col1.csv,0.15066981315612793
row_less_sep_row44_col6.csv,0.14899492263793945
row_more_sep_row8_col5.csv,0.14470458030700684
row_more_sep_row31_col8.csv,0.1433112621307373
row_more_sep_row5_col6.csv,0.1429750919342041
row_extra_quote59_col8.csv,0.15006780624389648
row_less_sep_row41_col6.csv,0.1467287540435791
row_extra_quote53_col8.csv,0.14536285400390625
row_more_sep_row3_col1.csv,0.14445877075195312
row_more_sep_row81_col1.csv,0.14382076263427734
row_extra_quote44_col7.csv,0.14527249336242676
row_extra_quote41_col5.csv,0.15146756172180176
row_more_sep_row74_col5.csv,0.14438343048095703
row_more_sep_row28_col0.csv,0.14463162422180176
row_more_sep_row47_col5.csv,0.1478712558746338
row_more_sep_row44_col4.csv,0.14634132385253906
row_more_sep_row51_col6.csv,0.14330339431762695
row_more_sep_row32_col1.csv,0.14588689804077148
row_extra_quote46_col3.csv,0.15084052085876465
row_extra_quote56_col2.csv,0.1472775936126709
row_more_sep_row30_col6.csv,0.14429736137390137
row_less_sep_row69_col4.csv,0.15058016777038574
row_extra_quote0_col0.csv,0.1261119842529297
row_more_sep_row30_col2.csv,0.14340949058532715
row_more_sep_row14_col8.csv,0.1446077823638916
row_less_sep_row54_col2.csv,0.14896273612976074
row_less_sep_row31_col5.csv,0.1494309902191162
row_extra_quote30_col0.csv,0.15736770629882812
row_more_sep_row60_col1.csv,0.14679718017578125
row_extra_quote10_col3.csv,0.14731955528259277
row_less_sep_row6_col5.csv,0.1553936004638672
row_less_sep_row39_col2.csv,0.15156292915344238
row_less_sep_row46_col8.csv,0.1531054973602295
row_extra_quote76_col5.csv,0.15588831901550293
row_extra_quote31_col8.csv,0.152418851852417
row_extra_quote56_col8.csv,0.1486823558807373
row_less_sep_row48_col7.csv,0.1576831340789795
row_more_sep_row8_col2.csv,0.14602398872375488
row_less_sep_row83_col8.csv,0.14593219757080078
row_more_sep_row68_col3.csv,0.1480417251586914
row_more_sep_row0_col7.csv,0.15737533569335938
row_less_sep_row79_col2.csv,0.14986729621887207
row_less_sep_row4_col7.csv,0.1562211513519287
row_more_sep_row80_col1.csv,0.14545965194702148
row_less_sep_row13_col5.csv,0.1497948169708252
row_more_sep_row22_col3.csv,0.1481935977935791
row_less_sep_row58_col2.csv,0.1564488410949707
row_more_sep_row43_col5.csv,0.14859414100646973
row_extra_quote37_col0.csv,0.15697550773620605
row_extra_quote17_col1.csv,0.15356993675231934
row_extra_quote38_col0.csv,0.14953374862670898
row_less_sep_row37_col6.csv,0.1562819480895996
row_extra_quote16_col8.csv,0.15105080604553223
row_less_sep_row15_col5.csv,0.14805221557617188
row_less_sep_row15_col1.csv,0.1547994613647461
row_less_sep_row67_col5.csv,0.15268588066101074
row_less_sep_row12_col8.csv,0.14849281311035156
row_extra_quote45_col8.csv,0.15573525428771973
row_field_delimiter_29_0x20.csv,0.1469111442565918
row_field_delimiter_67_0x20.csv,0.14851665496826172
row_less_sep_row53_col6.csv,0.09776663780212402
row_more_sep_row60_col0.csv,0.14783048629760742
row_extra_quote70_col8.csv,0.15136003494262695
row_extra_quote22_col6.csv,0.1557636260986328
row_extra_quote20_col5.csv,0.15520334243774414
row_less_sep_row68_col3.csv,0.1488938331604004
row_less_sep_row59_col7.csv,0.15852713584899902
row_more_sep_row77_col2.csv,0.14534664154052734
row_more_sep_row82_col4.csv,0.14262962341308594
row_more_sep_row61_col4.csv,0.14518070220947266
row_less_sep_row54_col1.csv,0.1534438133239746
row_extra_quote56_col4.csv,0.14775919914245605
row_more_sep_row33_col3.csv,0.14809036254882812
row_extra_quote57_col6.csv,0.1534278392791748
row_more_sep_row19_col0.csv,0.14449644088745117
row_more_sep_row23_col6.csv,0.1485137939453125
row_less_sep_row21_col2.csv,0.1675429344177246
row_more_sep_row66_col5.csv,0.14467287063598633
row_extra_quote5_col2.csv,0.1545274257659912
row_less_sep_row4_col2.csv,0.15752267837524414
row_less_sep_row10_col1.csv,0.15417909622192383
row_extra_quote1_col3.csv,0.1503582000732422
row_extra_quote69_col3.csv,0.15107464790344238
row_more_sep_row38_col8.csv,0.15010547637939453
row_extra_quote32_col8.csv,0.15302395820617676
row_extra_quote58_col3.csv,0.15273761749267578
row_extra_quote79_col0.csv,0.1561577320098877
row_extra_quote68_col2.csv,0.15402007102966309
row_more_sep_row80_col5.csv,0.14440178871154785
row_extra_quote33_col8.csv,0.15547680854797363
row_less_sep_row37_col7.csv,0.1511213779449463
row_field_delimiter_38_0x20.csv,0.1494889259338379
row_field_delimiter_5_0x20.csv,0.15524768829345703
row_extra_quote32_col1.csv,0.15510272979736328
row_more_sep_row81_col2.csv,0.14740896224975586
row_more_sep_row21_col5.csv,0.1522817611694336
row_extra_quote41_col0.csv,0.1545727252960205
row_less_sep_row30_col8.csv,0.15172505378723145
row_less_sep_row74_col3.csv,0.15338635444641113
row_more_sep_row53_col6.csv,0.15024995803833008
row_less_sep_row9_col5.csv,0.10464811325073242
row_extra_quote34_col4.csv,0.1510007381439209
row_more_sep_row68_col5.csv,0.15064644813537598
row_extra_quote71_col6.csv,0.1531200408935547
row_extra_quote9_col6.csv,0.14981317520141602
row_more_sep_row80_col8.csv,0.15250635147094727
row_more_sep_row4_col6.csv,0.14641404151916504
row_extra_quote61_col3.csv,0.15003395080566406
row_less_sep_row4_col4.csv,0.15103435516357422
row_more_sep_row67_col8.csv,0.14811182022094727
row_more_sep_row61_col8.csv,0.14894628524780273
row_more_sep_row47_col2.csv,0.1481335163116455
row_field_delimiter_21_0x20.csv,0.15313124656677246
row_extra_quote28_col7.csv,0.15189576148986816
row_less_sep_row36_col4.csv,0.15376996994018555
row_extra_quote36_col7.csv,0.15175414085388184
row_more_sep_row82_col8.csv,0.14855384826660156
row_more_sep_row9_col7.csv,0.15265631675720215
row_extra_quote7_col5.csv,0.15437579154968262
row_more_sep_row31_col3.csv,0.14514446258544922
row_less_sep_row28_col8.csv,0.15458106994628906
row_less_sep_row65_col2.csv,0.15096116065979004
row_more_sep_row34_col4.csv,0.14249157905578613
row_less_sep_row23_col4.csv,0.15308403968811035
row_more_sep_row66_col0.csv,0.14148974418640137
row_less_sep_row15_col7.csv,0.14728879928588867
row_less_sep_row18_col5.csv,0.10294771194458008
row_field_delimiter_55_0x20.csv,0.1519603729248047
row_less_sep_row56_col6.csv,0.15131735801696777
row_field_delimiter_22_0x20.csv,0.1475231647491455
row_less_sep_row36_col3.csv,0.15623259544372559
row_less_sep_row3_col5.csv,0.15166115760803223
row_more_sep_row10_col7.csv,0.14516592025756836
row_extra_quote63_col8.csv,0.15326762199401855
row_less_sep_row82_col5.csv,0.149644136428833
row_less_sep_row19_col4.csv,0.15007972717285156
row_more_sep_row79_col5.csv,0.14545416831970215
row_extra_quote79_col8.csv,0.15088129043579102
row_less_sep_row49_col7.csv,0.14920449256896973
row_extra_quote30_col3.csv,0.1563272476196289
row_less_sep_row5_col1.csv,0.15415167808532715
row_less_sep_row76_col1.csv,0.14525580406188965
row_more_sep_row80_col7.csv,0.145707368850708
row_less_sep_row75_col6.csv,0.15239310264587402
row_more_sep_row64_col5.csv,0.14164090156555176
row_extra_quote23_col5.csv,0.154449462890625
row_more_sep_row11_col0.csv,0.14449834823608398
row_more_sep_row30_col7.csv,0.1489875316619873
row_less_sep_row82_col8.csv,0.15079927444458008
row_less_sep_row33_col2.csv,0.15236973762512207
row_extra_quote46_col5.csv,0.14719843864440918
row_field_delimiter_44_0x20.csv,0.1546926498413086
row_less_sep_row69_col1.csv,0.15014290809631348
row_extra_quote4_col3.csv,0.15180397033691406
row_more_sep_row69_col2.csv,0.14651894569396973
row_more_sep_row45_col8.csv,0.14336347579956055
row_field_delimiter_1_0x20.csv,0.15029573440551758
row_more_sep_row50_col5.csv,0.14988446235656738
row_less_sep_row16_col3.csv,0.14993071556091309
row_more_sep_row28_col1.csv,0.14361238479614258
row_more_sep_row82_col0.csv,0.1471114158630371
row_less_sep_row22_col5.csv,0.09376049041748047
row_less_sep_row51_col5.csv,0.15200066566467285
row_extra_quote83_col7.csv,-2.4615232944488525
row_extra_quote41_col7.csv,0.1455838680267334
row_more_sep_row62_col3.csv,0.14024853706359863
row_more_sep_row73_col6.csv,0.13727164268493652
row_more_sep_row71_col4.csv,0.1380290985107422
row_less_sep_row20_col3.csv,0.15050530433654785
row_less_sep_row70_col7.csv,0.13817501068115234
row_less_sep_row78_col6.csv,0.14040088653564453
row_less_sep_row18_col7.csv,0.1422412395477295
row_extra_quote55_col0.csv,0.1405048370361328
row_extra_quote71_col5.csv,0.14289331436157227
row_less_sep_row35_col4.csv,0.1421356201171875
row_extra_quote19_col5.csv,0.1420917510986328
row_extra_quote41_col4.csv,0.1408088207244873
row_more_sep_row58_col8.csv,0.13988423347473145
row_more_sep_row46_col4.csv,0.13782191276550293
row_more_sep_row13_col3.csv,0.1344740390777588
row_extra_quote78_col1.csv,0.13967251777648926
row_extra_quote57_col7.csv,0.1403193473815918
row_extra_quote59_col3.csv,0.15007972717285156
row_more_sep_row29_col2.csv,0.1492757797241211
row_more_sep_row57_col8.csv,0.14504218101501465
row_more_sep_row80_col6.csv,0.1446840763092041
row_more_sep_row52_col6.csv,0.14601850509643555
row_extra_quote80_col0.csv,0.15005111694335938
row_extra_quote66_col3.csv,0.14638638496398926
row_more_sep_row83_col8.csv,0.14945077896118164
row_less_sep_row37_col2.csv,0.1533043384552002
row_less_sep_row78_col8.csv,0.15120339393615723
row_more_sep_row26_col4.csv,0.14618611335754395
row_extra_quote67_col2.csv,0.15406203269958496
row_less_sep_row69_col6.csv,0.14918303489685059
row_extra_quote3_col4.csv,0.1559309959411621
row_more_sep_row74_col1.csv,0.14567184448242188
row_extra_quote47_col4.csv,0.1522843837738037
row_extra_quote53_col3.csv,0.15749788284301758
row_extra_quote79_col1.csv,0.15453743934631348
row_more_sep_row53_col5.csv,0.10699748992919922
row_less_sep_row79_col7.csv,0.14883041381835938
row_extra_quote1_col6.csv,0.15580034255981445
row_less_sep_row62_col8.csv,0.14879846572875977
row_more_sep_row25_col6.csv,0.14484310150146484
row_extra_quote56_col3.csv,0.14836859703063965
row_extra_quote32_col2.csv,0.15494847297668457
row_more_sep_row25_col5.csv,0.14193272590637207
row_more_sep_row6_col0.csv,0.14788126945495605
row_extra_quote62_col7.csv,0.14701008796691895
row_more_sep_row38_col0.csv,0.14592313766479492
row_less_sep_row71_col2.csv,0.15296459197998047
row_more_sep_row28_col6.csv,0.14832019805908203
row_extra_quote58_col2.csv,0.14673876762390137
row_extra_quote11_col4.csv,0.1514580249786377
row_extra_quote11_col2.csv,0.1507115364074707
row_more_sep_row25_col7.csv,0.14486265182495117
row_extra_quote30_col7.csv,0.15101003646850586
row_less_sep_row13_col2.csv,0.1560354232788086
row_field_delimiter_31_0x20.csv,0.14638257026672363
row_field_delimiter_4_0x20.csv,0.14963197708129883
row_more_sep_row18_col8.csv,0.14355707168579102
row_more_sep_row48_col0.csv,0.14824509620666504
row_more_sep_row2_col3.csv,0.14561772346496582
row_less_sep_row51_col4.csv,0.14929676055908203
row_less_sep_row24_col8.csv,0.14763903617858887
row_more_sep_row7_col7.csv,0.146087646484375
row_more_sep_row37_col4.csv,0.1403191089630127
row_more_sep_row67_col7.csv,0.14531826972961426
row_less_sep_row30_col5.csv,0.09780406951904297
row_less_sep_row80_col6.csv,0.14704346656799316
row_extra_quote37_col5.csv,0.15158295631408691
row_more_sep_row15_col2.csv,0.1460556983947754
row_more_sep_row5_col5.csv,0.14309096336364746
row_more_sep_row15_col0.csv,0.1471099853515625
row_more_sep_row63_col4.csv,0.14618372917175293
row_more_sep_row83_col2.csv,0.1451561450958252
row_extra_quote47_col5.csv,0.15051603317260742
row_less_sep_row11_col6.csv,0.14667105674743652
row_more_sep_row14_col7.csv,0.1453080177307129
row_less_sep_row60_col1.csv,0.15117979049682617
row_extra_quote64_col8.csv,0.15091729164123535
row_less_sep_row77_col1.csv,0.14870572090148926
row_extra_quote23_col1.csv,0.1548783779144287
row_extra_quote70_col3.csv,0.1483473777770996
row_more_sep_row50_col4.csv,0.14485836029052734
row_less_sep_row2_col4.csv,0.15798234939575195
row_more_sep_row44_col3.csv,0.15002775192260742
row_less_sep_row76_col6.csv,0.09868550300598145
row_less_sep_row38_col3.csv,0.15113615989685059
row_extra_quote83_col4.csv,0.15382170677185059
row_less_sep_row82_col1.csv,0.15625476837158203
row_more_sep_row47_col7.csv,0.1462411880493164
row_extra_quote63_col4.csv,0.14989709854125977
row_more_sep_row4_col3.csv,0.15157651901245117
row_more_sep_row53_col3.csv,0.1465461254119873
row_extra_quote59_col5.csv,0.15086102485656738
row_more_sep_row23_col4.csv,0.15158534049987793
row_less_sep_row78_col3.csv,0.15345525741577148
row_extra_quote42_col0.csv,0.15090465545654297
row_field_delimiter_73_0x20.csv,0.15687346458435059
row_more_sep_row5_col8.csv,0.14414668083190918
row_extra_quote1_col4.csv,0.15149545669555664
row_less_sep_row15_col2.csv,0.1522364616394043
row_more_sep_row74_col0.csv,0.14858007431030273
row_less_sep_row1_col1.csv,0.15378999710083008
row_field_delimiter_23_0x20.csv,0.1573469638824463
row_extra_quote28_col0.csv,0.15360331535339355
row_more_sep_row39_col0.csv,0.1472787857055664
row_more_sep_row56_col0.csv,0.15473556518554688
row_more_sep_row60_col8.csv,0.15023303031921387
row_more_sep_row9_col5.csv,0.14836788177490234
row_less_sep_row30_col1.csv,0.16726994514465332
row_more_sep_row79_col8.csv,0.155623197555542
row_less_sep_row25_col8.csv,0.15572309494018555
row_extra_quote77_col7.csv,0.16759800910949707
row_more_sep_row37_col3.csv,0.14939165115356445
row_less_sep_row16_col7.csv,0.1637108325958252
row_less_sep_row9_col3.csv,0.16578149795532227
row_less_sep_row39_col8.csv,0.1588125228881836
row_extra_quote25_col3.csv,0.1646440029144287
row_more_sep_row55_col6.csv,0.14979815483093262
row_more_sep_row25_col4.csv,0.16501545906066895
row_extra_quote0_col5.csv,0.13692331314086914
row_more_sep_row31_col6.csv,0.15637850761413574
row_more_sep_row77_col4.csv,0.15082716941833496
row_field_delimiter_3_0x20.csv,0.1574563980102539
row_more_sep_row6_col5.csv,0.16167378425598145
row_extra_quote10_col6.csv,0.15664291381835938
row_more_sep_row18_col4.csv,0.1526951789855957
row_more_sep_row66_col4.csv,0.1563560962677002
row_extra_quote26_col2.csv,0.1529555320739746
row_more_sep_row58_col0.csv,0.14989328384399414
row_less_sep_row56_col8.csv,0.15395784378051758
row_less_sep_row48_col6.csv,0.1517932415008545
row_less_sep_row31_col4.csv,0.15278172492980957
row_extra_quote19_col0.csv,0.154890775680542
row_extra_quote7_col8.csv,0.16115880012512207
row_less_sep_row29_col7.csv,0.16588306427001953
row_extra_quote66_col0.csv,0.16489028930664062
row_extra_quote48_col3.csv,0.18030118942260742
row_more_sep_row18_col6.csv,0.15482139587402344
row_more_sep_row50_col7.csv,0.1489887237548828
row_extra_quote13_col8.csv,0.15401864051818848
row_less_sep_row15_col4.csv,0.15688133239746094
row_less_sep_row67_col7.csv,0.1557302474975586
row_extra_quote2_col2.csv,0.1510763168334961
row_extra_quote44_col6.csv,0.15484905242919922
row_extra_quote42_col4.csv,0.15317940711975098
row_extra_quote11_col7.csv,0.15005111694335938
row_more_sep_row48_col4.csv,0.14516377449035645
row_extra_quote66_col6.csv,0.15007925033569336
row_more_sep_row78_col4.csv,0.14619874954223633
row_more_sep_row12_col0.csv,0.1512470245361328
row_extra_quote0_col3.csv,0.12846016883850098
row_extra_quote64_col1.csv,0.1517653465270996
row_less_sep_row62_col7.csv,0.15587091445922852
row_extra_quote62_col1.csv,0.1567525863647461
row_less_sep_row73_col8.csv,0.1482229232788086
row_extra_quote44_col5.csv,0.1585860252380371
row_less_sep_row42_col7.csv,0.15635466575622559
row_extra_quote64_col5.csv,0.1511540412902832
row_extra_quote31_col2.csv,0.15518760681152344
row_less_sep_row10_col3.csv,0.15387654304504395
row_extra_quote27_col4.csv,0.15195727348327637
row_extra_quote54_col4.csv,0.15607929229736328
file_header_multirow_2.csv,0.09980130195617676
row_field_delimiter_82_0x20.csv,0.1608898639678955
row_less_sep_row83_col1.csv,0.1552417278289795
row_extra_quote50_col0.csv,0.15390300750732422
row_more_sep_row77_col7.csv,0.14762163162231445
row_more_sep_row8_col1.csv,0.1473100185394287
row_more_sep_row54_col1.csv,0.14641451835632324
row_more_sep_row29_col6.csv,0.15054035186767578
row_more_sep_row24_col1.csv,0.14714574813842773
row_field_delimiter_48_0x20.csv,0.1564946174621582
row_less_sep_row65_col3.csv,0.14912796020507812
row_more_sep_row83_col7.csv,0.14632821083068848
row_less_sep_row7_col8.csv,0.1544783115386963
row_less_sep_row10_col8.csv,0.15257740020751953
row_extra_quote7_col0.csv,0.1501169204711914
row_more_sep_row15_col1.csv,0.15181660652160645
row_extra_quote16_col7.csv,0.15421438217163086
row_extra_quote52_col7.csv,0.14843273162841797
row_extra_quote13_col5.csv,0.15290164947509766
row_less_sep_row60_col5.csv,0.10162806510925293
row_more_sep_row42_col0.csv,0.14909124374389648
row_field_delimiter_78_0x20.csv,0.1552727222442627
row_extra_quote59_col1.csv,0.15415215492248535
row_less_sep_row58_col7.csv,0.15123796463012695
row_more_sep_row21_col8.csv,0.15040183067321777
row_less_sep_row20_col8.csv,0.15154027938842773
row_more_sep_row64_col1.csv,0.14773178100585938
row_extra_quote41_col3.csv,0.15539073944091797
row_less_sep_row43_col4.csv,0.15520977973937988
row_extra_quote53_col1.csv,0.14928889274597168
row_more_sep_row19_col4.csv,0.1453840732574463
row_more_sep_row12_col7.csv,0.15125346183776855
row_less_sep_row61_col8.csv,0.15029215812683105
row_more_sep_row2_col7.csv,0.14675617218017578
row_less_sep_row41_col4.csv,0.1535935401916504
row_less_sep_row39_col3.csv,0.15097618103027344
row_extra_quote71_col3.csv,0.15541934967041016
row_extra_quote22_col0.csv,0.15955114364624023
row_more_sep_row51_col1.csv,0.1475369930267334
row_extra_quote30_col5.csv,0.15090537071228027
row_extra_quote39_col3.csv,0.1547837257385254
row_field_delimiter_37_0x20.csv,0.15023207664489746
row_less_sep_row74_col1.csv,0.15412688255310059
row_extra_quote31_col7.csv,0.15173125267028809
row_field_delimiter_70_0x20.csv,0.152907133102417
row_more_sep_row44_col2.csv,0.1492753028869629
row_less_sep_row66_col4.csv,0.15358519554138184
row_less_sep_row71_col6.csv,0.15124225616455078
row_extra_quote20_col1.csv,0.1563577651977539
row_less_sep_row42_col5.csv,0.15080571174621582
row_extra_quote22_col7.csv,0.14946389198303223
row_more_sep_row83_col4.csv,-2.581041097640991
row_more_sep_row72_col1.csv,0.14051222801208496
row_extra_quote31_col3.csv,0.14503812789916992
row_field_delimiter_61_0x20.csv,0.14082026481628418
row_more_sep_row3_col5.csv,0.13612747192382812
row_more_sep_row63_col8.csv,0.10116696357727051
row_less_sep_row50_col5.csv,0.14156889915466309
file_preamble.csv,0.0895535945892334
row_extra_quote67_col0.csv,0.14168453216552734
row_more_sep_row5_col1.csv,0.14087629318237305
row_less_sep_row39_col5.csv,0.09296655654907227
row_more_sep_row76_col4.csv,0.13720989227294922
row_less_sep_row21_col8.csv,0.14329123497009277
row_more_sep_row61_col1.csv,0.1423187255859375
row_more_sep_row82_col3.csv,0.1360161304473877
row_more_sep_row16_col3.csv,0.13938689231872559
row_less_sep_row23_col6.csv,0.15137672424316406
row_more_sep_row82_col2.csv,0.1421947479248047
row_more_sep_row1_col5.csv,0.1034083366394043
row_less_sep_row33_col7.csv,0.14110660552978516
row_more_sep_row52_col1.csv,0.14861679077148438
row_less_sep_row78_col4.csv,0.15585780143737793
row_more_sep_row32_col7.csv,0.14931011199951172
row_less_sep_row0_col1.csv,0.14766287803649902
row_more_sep_row22_col7.csv,0.1494889259338379
row_extra_quote42_col8.csv,0.1543877124786377
row_more_sep_row70_col3.csv,0.14347529411315918
row_extra_quote29_col7.csv,0.15343856811523438
row_extra_quote74_col8.csv,0.15313458442687988
row_less_sep_row65_col8.csv,0.15100502967834473
row_more_sep_row49_col1.csv,0.15046048164367676
row_less_sep_row42_col6.csv,0.15067505836486816
row_more_sep_row72_col2.csv,0.1475205421447754
row_less_sep_row81_col7.csv,0.15501141548156738
row_extra_quote54_col8.csv,0.15151119232177734
row_less_sep_row70_col1.csv,0.1522996425628662
row_extra_quote60_col4.csv,0.15535426139831543
row_more_sep_row65_col2.csv,0.14826726913452148
row_less_sep_row52_col1.csv,0.15146994590759277
row_extra_quote4_col5.csv,0.15376996994018555
row_less_sep_row50_col4.csv,0.15839743614196777
row_field_delimiter_6_0x20.csv,0.15108466148376465
row_more_sep_row79_col6.csv,0.15510320663452148
row_less_sep_row53_col8.csv,0.15583133697509766
row_extra_quote24_col7.csv,0.15514516830444336
row_less_sep_row40_col4.csv,0.1688683032989502
row_less_sep_row43_col8.csv,0.16832351684570312
row_more_sep_row56_col2.csv,0.16655802726745605
row_less_sep_row74_col2.csv,0.1759810447692871
row_extra_quote25_col4.csv,0.19456934928894043
row_less_sep_row71_col7.csv,0.16849207878112793
row_more_sep_row65_col5.csv,0.14967036247253418
row_extra_quote8_col3.csv,0.15486717224121094
row_more_sep_row22_col5.csv,0.15113258361816406
row_extra_quote44_col1.csv,0.15171456336975098
row_extra_quote72_col6.csv,0.15368390083312988
row_extra_quote65_col5.csv,0.15249371528625488
row_more_sep_row26_col3.csv,0.14545297622680664
row_extra_quote12_col7.csv,0.16024231910705566
row_less_sep_row77_col7.csv,0.1534423828125
row_less_sep_row61_col3.csv,0.15006422996520996
row_more_sep_row55_col2.csv,0.14688658714294434
row_more_sep_row37_col2.csv,0.14691829681396484
file_record_delimiter_0xA.csv,0.0977470874786377
row_more_sep_row21_col0.csv,0.1413280963897705
row_less_sep_row79_col1.csv,0.1529998779296875
row_more_sep_row67_col4.csv,0.14860796928405762
row_less_sep_row60_col8.csv,0.15563678741455078
row_more_sep_row65_col8.csv,0.14162063598632812
row_extra_quote50_col4.csv,0.15155458450317383
row_less_sep_row58_col4.csv,0.15250110626220703
row_more_sep_row1_col4.csv,0.14582467079162598
row_extra_quote61_col2.csv,0.16460657119750977
row_more_sep_row36_col4.csv,0.1460416316986084
row_less_sep_row73_col7.csv,0.15949654579162598
row_more_sep_row28_col2.csv,0.14385747909545898
row_more_sep_row72_col6.csv,0.14409518241882324
row_extra_quote2_col7.csv,0.15490007400512695
row_extra_quote47_col1.csv,0.15146374702453613
row_less_sep_row7_col6.csv,0.14805078506469727
row_more_sep_row31_col1.csv,0.14966034889221191
row_extra_quote8_col0.csv,0.15887188911437988
row_extra_quote81_col3.csv,0.14913272857666016
row_more_sep_row59_col8.csv,0.1465895175933838
row_more_sep_row58_col4.csv,0.14560198783874512
row_extra_quote36_col8.csv,0.14753460884094238
row_less_sep_row1_col5.csv,0.15392470359802246
row_less_sep_row31_col8.csv,0.15395021438598633
row_less_sep_row32_col4.csv,0.14997315406799316
row_less_sep_row42_col8.csv,0.15739774703979492
row_extra_quote31_col1.csv,0.15253210067749023
row_extra_quote62_col8.csv,0.15034270286560059
row_more_sep_row32_col0.csv,0.14510345458984375
row_less_sep_row4_col3.csv,0.15450072288513184
row_less_sep_row17_col4.csv,0.14862895011901855
row_extra_quote0_col4.csv,0.13478994369506836
row_extra_quote55_col1.csv,0.16243314743041992
row_more_sep_row11_col2.csv,0.1546635627746582
row_extra_quote60_col5.csv,0.15501832962036133
row_more_sep_row8_col6.csv,0.1483011245727539
row_field_delimiter_28_0x20.csv,0.1555323600769043
row_extra_quote79_col3.csv,0.156663179397583
row_less_sep_row44_col3.csv,0.15200114250183105
row_less_sep_row48_col4.csv,0.15131711959838867
row_more_sep_row65_col3.csv,0.15137720108032227
row_more_sep_row78_col6.csv,0.14852070808410645
row_more_sep_row16_col8.csv,0.14742350578308105
row_more_sep_row41_col0.csv,0.15123915672302246
row_extra_quote39_col5.csv,0.15233159065246582
row_extra_quote55_col4.csv,0.1513528823852539
row_less_sep_row81_col4.csv,0.15750598907470703
row_less_sep_row42_col2.csv,0.15505480766296387
row_extra_quote55_col7.csv,0.1560053825378418
row_less_sep_row51_col3.csv,0.16199302673339844
row_more_sep_row71_col2.csv,0.14583516120910645
row_less_sep_row11_col2.csv,0.15596914291381836
row_more_sep_row50_col1.csv,0.14597249031066895
row_more_sep_row51_col5.csv,0.15096163749694824
row_more_sep_row8_col8.csv,0.1526961326599121
row_more_sep_row18_col3.csv,0.14836931228637695
row_extra_quote17_col0.csv,0.15098261833190918
row_extra_quote45_col0.csv,0.1567225456237793
row_extra_quote19_col4.csv,0.1503925323486328
row_less_sep_row46_col4.csv,0.149061918258667
row_more_sep_row65_col1.csv,0.15137028694152832
row_less_sep_row76_col3.csv,0.1518421173095703
row_less_sep_row75_col7.csv,0.151472806930542
row_extra_quote33_col2.csv,0.15301775932312012
row_extra_quote24_col2.csv,0.15677165985107422
row_less_sep_row69_col3.csv,0.1488959789276123
row_extra_quote69_col0.csv,0.15464568138122559
row_extra_quote68_col5.csv,0.15620207786560059
row_less_sep_row36_col8.csv,0.1501476764678955
row_extra_quote51_col7.csv,0.15677809715270996
row_less_sep_row48_col2.csv,0.15537118911743164
row_more_sep_row34_col2.csv,0.1469888687133789
row_extra_quote82_col7.csv,0.15383052825927734
row_more_sep_row57_col6.csv,0.14571809768676758
row_more_sep_row52_col0.csv,0.14774847030639648
row_extra_quote69_col5.csv,0.15863680839538574
row_less_sep_row10_col7.csv,0.15282464027404785
row_less_sep_row34_col3.csv,0.1484687328338623
row_extra_quote72_col3.csv,0.16078853607177734
row_extra_quote72_col4.csv,0.1558060646057129
row_more_sep_row8_col7.csv,0.1456890106201172
row_less_sep_row52_col4.csv,0.15614032745361328
row_more_sep_row6_col4.csv,0.14881563186645508
row_less_sep_row56_col4.csv,0.15005993843078613
row_more_sep_row55_col1.csv,0.15328097343444824
row_more_sep_row36_col8.csv,0.14747214317321777
row_more_sep_row63_col2.csv,0.14194917678833008
row_extra_quote53_col2.csv,0.1576554775238037
row_extra_quote32_col5.csv,0.15036821365356445
row_extra_quote75_col5.csv,0.14990758895874023
row_more_sep_row55_col4.csv,0.1492319107055664
row_more_sep_row2_col0.csv,0.14435505867004395
row_more_sep_row32_col5.csv,0.14674782752990723
row_less_sep_row45_col7.csv,0.15721559524536133
row_extra_quote10_col7.csv,0.1525897979736328
row_extra_quote27_col3.csv,0.14934659004211426
row_extra_quote66_col7.csv,0.15744233131408691
row_extra_quote51_col0.csv,0.15236186981201172
row_more_sep_row13_col1.csv,0.14568567276000977
row_more_sep_row71_col8.csv,0.14817357063293457
row_less_sep_row16_col5.csv,0.10211014747619629
row_more_sep_row9_col6.csv,0.14828228950500488
row_extra_quote66_col5.csv,0.14884376525878906
row_extra_quote63_col3.csv,0.15276288986206055
row_less_sep_row3_col7.csv,0.15314626693725586
row_extra_quote54_col2.csv,0.15083050727844238
row_more_sep_row6_col1.csv,0.1448221206665039
row_extra_quote27_col0.csv,0.15162897109985352
row_more_sep_row16_col5.csv,0.1445941925048828
row_extra_quote42_col7.csv,0.1513221263885498
row_less_sep_row31_col6.csv,0.1541128158569336
row_less_sep_row73_col1.csv,0.1529984474182129
row_extra_quote18_col7.csv,0.1523892879486084
row_more_sep_row31_col2.csv,0.1430509090423584
row_extra_quote74_col5.csv,0.1515038013458252
row_less_sep_row0_col3.csv,0.09830737113952637
row_extra_quote35_col4.csv,0.15269231796264648
row_less_sep_row25_col3.csv,0.15124058723449707
row_extra_quote74_col2.csv,0.15579581260681152
row_extra_quote9_col5.csv,0.1497030258178711
row_extra_quote21_col0.csv,0.14937782287597656
row_field_delimiter_27_0x20.csv,0.1499474048614502
row_more_sep_row25_col1.csv,0.1486961841583252
row_more_sep_row53_col8.csv,0.1439051628112793
row_less_sep_row12_col5.csv,0.1562352180480957
row_less_sep_row69_col2.csv,0.1539914608001709
row_extra_quote7_col4.csv,0.1498408317565918
row_less_sep_row53_col3.csv,0.15456533432006836
row_field_delimiter_45_0x20.csv,0.14955735206604004
row_extra_quote17_col4.csv,0.14858555793762207
row_less_sep_row12_col2.csv,0.1546313762664795
row_extra_quote39_col4.csv,0.15324091911315918
row_extra_quote0_col8.csv,0.1273055076599121
row_less_sep_row25_col6.csv,0.1519312858581543
row_more_sep_row26_col0.csv,0.15158510208129883
row_extra_quote28_col2.csv,0.1511061191558838
row_more_sep_row36_col3.csv,0.14347267150878906
row_more_sep_row38_col6.csv,0.15094518661499023
row_extra_quote64_col3.csv,0.15052509307861328
row_extra_quote12_col4.csv,0.1530623435974121
row_less_sep_row6_col3.csv,0.15481853485107422
row_more_sep_row17_col4.csv,0.14422059059143066
row_less_sep_row54_col5.csv,0.09599661827087402
row_less_sep_row32_col1.csv,0.15346097946166992
row_extra_quote24_col1.csv,0.1555500030517578
row_field_delimiter_64_0x20.csv,0.15162205696105957
row_less_sep_row41_col2.csv,0.14789628982543945
row_extra_quote7_col6.csv,0.15557479858398438
row_extra_quote62_col4.csv,0.15416407585144043
row_extra_quote34_col3.csv,-2.59479022026062
row_more_sep_row39_col1.csv,0.14070487022399902
row_extra_quote34_col6.csv,0.14080476760864258
row_extra_quote42_col6.csv,0.1427149772644043
row_extra_quote40_col6.csv,0.14677715301513672
row_extra_quote53_col6.csv,0.14338064193725586
row_less_sep_row59_col3.csv,0.1407933235168457
row_more_sep_row4_col2.csv,0.13208508491516113
row_extra_quote81_col0.csv,0.14473986625671387
row_extra_quote15_col4.csv,0.13568544387817383
row_less_sep_row23_col8.csv,0.14018630981445312
row_field_delimiter_59_0x20.csv,0.137192964553833
row_more_sep_row78_col5.csv,0.13172531127929688
row_more_sep_row63_col3.csv,0.13349342346191406
row_less_sep_row68_col7.csv,0.1434776782989502
row_less_sep_row66_col2.csv,0.13308382034301758
row_less_sep_row4_col1.csv,0.13936161994934082
row_less_sep_row72_col4.csv,0.13623046875
row_extra_quote21_col5.csv,0.14295029640197754
row_more_sep_row29_col8.csv,0.13432598114013672
row_less_sep_row57_col6.csv,0.09986996650695801
row_extra_quote49_col7.csv,0.14917969703674316
row_more_sep_row0_col3.csv,0.09901928901672363
row_more_sep_row7_col6.csv,0.14480805397033691
row_extra_quote58_col8.csv,0.1554114818572998
row_extra_quote80_col2.csv,0.1490182876586914
row_extra_quote63_col5.csv,0.15059542655944824
file_field_delimiter_0x2C_0x20.csv,0.10858488082885742
row_extra_quote81_col7.csv,0.1560688018798828
row_more_sep_row75_col4.csv,0.1469120979309082
row_less_sep_row23_col7.csv,0.15048456192016602
row_extra_quote46_col7.csv,0.15375351905822754
row_extra_quote19_col7.csv,0.14925074577331543
row_less_sep_row83_col4.csv,0.14970159530639648
row_more_sep_row71_col7.csv,0.14565706253051758
row_more_sep_row52_col7.csv,0.14606213569641113
row_less_sep_row60_col7.csv,0.1473689079284668
row_more_sep_row57_col5.csv,0.146881103515625
row_less_sep_row11_col3.csv,0.15457892417907715
row_less_sep_row18_col4.csv,0.14799189567565918
row_more_sep_row40_col6.csv,0.14806842803955078
row_extra_quote44_col8.csv,0.15138959884643555
row_extra_quote76_col2.csv,0.14840912818908691
row_more_sep_row78_col1.csv,0.1470646858215332
row_more_sep_row9_col1.csv,0.1434030532836914
row_field_delimiter_76_0x20.csv,0.1496267318725586
row_extra_quote19_col6.csv,0.14938020706176758
row_more_sep_row21_col2.csv,0.1448347568511963
row_more_sep_row40_col7.csv,0.14497971534729004
row_more_sep_row76_col0.csv,0.1477973461151123
row_extra_quote75_col3.csv,0.14799094200134277
row_extra_quote29_col2.csv,0.14523744583129883
row_more_sep_row30_col5.csv,0.14809060096740723
row_extra_quote54_col1.csv,0.14884424209594727
row_extra_quote45_col3.csv,0.14841151237487793
row_more_sep_row83_col3.csv,0.14563393592834473
row_more_sep_row11_col6.csv,0.14408278465270996
row_less_sep_row35_col6.csv,0.14670801162719727
row_extra_quote43_col7.csv,0.15357065200805664
row_more_sep_row9_col8.csv,0.14603734016418457
row_less_sep_row6_col8.csv,0.15304279327392578
row_less_sep_row7_col1.csv,0.15440726280212402
row_more_sep_row52_col2.csv,0.1472303867340088
row_extra_quote45_col6.csv,0.15189790725708008
row_less_sep_row21_col1.csv,0.1583080291748047
row_more_sep_row70_col7.csv,0.14544963836669922
row_extra_quote53_col4.csv,0.14879393577575684
row_more_sep_row40_col0.csv,0.1508491039276123
row_less_sep_row35_col3.csv,0.15338850021362305
row_extra_quote5_col5.csv,0.1580643653869629
row_less_sep_row80_col2.csv,0.16008281707763672
row_less_sep_row2_col8.csv,0.15279245376586914
row_more_sep_row62_col5.csv,0.14360332489013672
row_more_sep_row78_col7.csv,0.147749662399292
row_extra_quote0_col6.csv,0.13188719749450684
row_less_sep_row17_col2.csv,0.14969944953918457
row_more_sep_row7_col5.csv,0.15045833587646484
row_less_sep_row6_col1.csv,0.15197253227233887
row_extra_quote21_col1.csv,0.15230178833007812
row_less_sep_row54_col6.csv,0.15497851371765137
row_less_sep_row72_col8.csv,0.1517632007598877
row_extra_quote78_col8.csv,0.15166902542114258
row_more_sep_row67_col6.csv,0.1545116901397705
row_more_sep_row56_col3.csv,0.14866948127746582
row_less_sep_row40_col5.csv,0.09960508346557617
row_less_sep_row78_col2.csv,0.1516711711883545
row_more_sep_row10_col8.csv,0.14876818656921387
row_more_sep_row19_col7.csv,0.14887523651123047
row_less_sep_row54_col8.csv,0.15139317512512207
row_less_sep_row69_col5.csv,0.10307765007019043
row_extra_quote83_col1.csv,0.15684127807617188
row_less_sep_row78_col5.csv,0.1525423526763916
row_less_sep_row59_col6.csv,0.15410923957824707
row_less_sep_row45_col2.csv,0.1535933017730713
row_extra_quote50_col1.csv,0.15189146995544434
row_less_sep_row22_col1.csv,0.15403151512145996
row_less_sep_row52_col6.csv,0.14841556549072266
row_more_sep_row56_col1.csv,0.14686155319213867
row_more_sep_row14_col5.csv,0.14730596542358398
row_extra_quote47_col2.csv,0.1578845977783203
row_extra_quote16_col0.csv,0.15511512756347656
row_extra_quote42_col2.csv,0.1488029956817627
row_extra_quote29_col8.csv,0.15685057640075684
row_extra_quote45_col7.csv,0.1527724266052246
row_less_sep_row24_col4.csv,0.15495514869689941
row_less_sep_row70_col2.csv,0.15149784088134766
row_extra_quote54_col6.csv,0.15575742721557617
row_extra_quote82_col4.csv,0.15939617156982422
row_extra_quote12_col0.csv,0.15473628044128418
row_extra_quote61_col8.csv,0.15413141250610352
row_field_delimiter_18_0x20.csv,0.15426015853881836
row_less_sep_row36_col7.csv,0.14996552467346191
row_more_sep_row35_col8.csv,0.15169429779052734
row_extra_quote68_col0.csv,0.15463948249816895
row_less_sep_row59_col5.csv,0.15487194061279297
row_more_sep_row43_col8.csv,0.1490929126739502
row_less_sep_row54_col4.csv,0.1520707607269287
row_less_sep_row13_col6.csv,0.09893918037414551
row_more_sep_row70_col6.csv,0.14240741729736328
row_more_sep_row38_col7.csv,0.15016388893127441
row_extra_quote41_col8.csv,0.15407776832580566
row_less_sep_row46_col6.csv,0.10354876518249512
row_extra_quote69_col1.csv,0.1542656421661377
row_more_sep_row81_col5.csv,0.15111351013183594
row_field_delimiter_54_0x20.csv,0.14958882331848145
row_more_sep_row8_col3.csv,0.14673542976379395
row_more_sep_row17_col8.csv,0.15322637557983398
row_more_sep_row59_col1.csv,0.15086603164672852
row_extra_quote75_col4.csv,0.1483309268951416
row_less_sep_row58_col3.csv,0.16021490097045898
row_less_sep_row33_col4.csv,0.15079283714294434
row_more_sep_row75_col7.csv,0.14345049858093262
row_extra_quote60_col0.csv,0.1593780517578125
row_more_sep_row49_col8.csv,0.1449284553527832
row_extra_quote66_col4.csv,0.15333342552185059
row_extra_quote49_col1.csv,0.15497541427612305
row_less_sep_row14_col7.csv,0.1578836441040039
row_more_sep_row81_col4.csv,0.14731311798095703
row_more_sep_row26_col8.csv,0.15168356895446777
row_more_sep_row4_col8.csv,0.15136003494262695
row_more_sep_row15_col7.csv,0.14766716957092285
row_less_sep_row31_col3.csv,0.15626001358032227
row_more_sep_row16_col1.csv,0.14739346504211426
row_more_sep_row81_col3.csv,0.1480259895324707
row_extra_quote70_col2.csv,0.1563272476196289
row_extra_quote23_col4.csv,0.15364789962768555
row_extra_quote5_col1.csv,0.1552441120147705
row_less_sep_row12_col7.csv,0.1575756072998047
row_less_sep_row62_col3.csv,0.15247106552124023
row_less_sep_row50_col7.csv,0.15099382400512695
row_less_sep_row50_col8.csv,0.15748882293701172
row_less_sep_row6_col7.csv,0.1521158218383789
row_extra_quote77_col1.csv,0.14855694770812988
row_extra_quote42_col5.csv,0.16040611267089844
row_more_sep_row24_col3.csv,0.15307068824768066
row_extra_quote13_col2.csv,0.1517798900604248
row_extra_quote77_col8.csv,0.15416383743286133
row_extra_quote37_col3.csv,0.15216588973999023
row_more_sep_row20_col3.csv,0.14593863487243652
row_extra_quote65_col3.csv,0.15296721458435059
row_extra_quote78_col2.csv,0.15674281120300293
row_less_sep_row16_col2.csv,0.15494585037231445
row_extra_quote4_col6.csv,0.1525428295135498
row_more_sep_row40_col1.csv,0.14962315559387207
row_less_sep_row21_col3.csv,0.14874935150146484
row_extra_quote6_col7.csv,0.15898489952087402
row_extra_quote16_col1.csv,0.15518689155578613
row_extra_quote32_col3.csv,0.15397071838378906
row_extra_quote16_col5.csv,0.15520763397216797
row_less_sep_row82_col7.csv,0.1552748680114746
row_less_sep_row10_col2.csv,0.15336394309997559
row_more_sep_row69_col6.csv,0.15265583992004395
row_more_sep_row59_col3.csv,0.14748620986938477
row_extra_quote27_col1.csv,0.15252137184143066
row_more_sep_row34_col0.csv,0.15219616889953613
row_extra_quote73_col6.csv,0.15021324157714844
row_more_sep_row77_col1.csv,0.1456902027130127
row_extra_quote22_col3.csv,0.15718674659729004
row_less_sep_row35_col1.csv,0.1532895565032959
row_extra_quote83_col5.csv,0.15241742134094238
row_more_sep_row12_col4.csv,0.1542365550994873
row_more_sep_row67_col1.csv,0.14828777313232422
row_more_sep_row42_col2.csv,0.14296865463256836
row_extra_quote28_col5.csv,0.1523571014404297
row_extra_quote56_col1.csv,0.1557910442352295
row_less_sep_row17_col7.csv,0.15483617782592773
row_extra_quote56_col7.csv,0.1556110382080078
row_more_sep_row8_col4.csv,0.15296411514282227
row_less_sep_row68_col5.csv,0.15181207656860352
row_more_sep_row57_col3.csv,0.14863324165344238
row_more_sep_row12_col8.csv,0.1095879077911377
row_less_sep_row20_col6.csv,0.15418529510498047
row_less_sep_row32_col7.csv,0.1503589153289795
row_extra_quote49_col2.csv,0.15643739700317383
row_more_sep_row83_col5.csv,0.14675307273864746
row_more_sep_row37_col7.csv,0.14041662216186523
row_less_sep_row38_col4.csv,0.15604066848754883
row_extra_quote53_col0.csv,0.15225934982299805
row_more_sep_row36_col0.csv,0.14531183242797852
row_extra_quote18_col6.csv,0.15764594078063965
row_more_sep_row23_col8.csv,0.15114068984985352
row_more_sep_row22_col0.csv,0.14681267738342285
row_more_sep_row75_col2.csv,0.15245604515075684
row_less_sep_row83_col7.csv,0.15515995025634766
row_more_sep_row49_col0.csv,0.14130210876464844
row_more_sep_row42_col1.csv,0.15004467964172363
row_more_sep_row18_col0.csv,0.14763259887695312
row_less_sep_row12_col4.csv,0.1534748077392578
row_more_sep_row6_col8.csv,0.15252923965454102
row_less_sep_row40_col2.csv,0.15324163436889648
row_more_sep_row40_col8.csv,0.1494133472442627
row_extra_quote71_col8.csv,0.1567230224609375
row_less_sep_row28_col7.csv,0.1516406536102295
row_more_sep_row3_col2.csv,0.14456725120544434
row_less_sep_row26_col5.csv,0.15510773658752441
row_more_sep_row49_col6.csv,-2.630387306213379
row_less_sep_row69_col8.csv,0.15486598014831543
row_extra_quote80_col6.csv,0.1466517448425293
row_extra_quote52_col4.csv,0.14303112030029297
row_extra_quote25_col7.csv,0.14354205131530762
row_more_sep_row62_col7.csv,0.14340853691101074
row_more_sep_row13_col0.csv,0.13774633407592773
row_less_sep_row70_col3.csv,0.13895511627197266
row_more_sep_row50_col3.csv,0.14349961280822754
row_extra_quote80_col5.csv,0.1427934169769287
row_less_sep_row1_col8.csv,0.14460277557373047
row_extra_quote54_col0.csv,0.1401369571685791
row_less_sep_row36_col2.csv,0.14139723777770996
row_less_sep_row77_col4.csv,0.13949131965637207
row_more_sep_row41_col2.csv,0.14014148712158203
row_less_sep_row79_col3.csv,0.14511966705322266
row_less_sep_row43_col5.csv,0.1402270793914795
row_less_sep_row44_col2.csv,0.14460349082946777
row_less_sep_row34_col1.csv,0.1433262825012207
row_extra_quote78_col4.csv,0.14541268348693848
row_more_sep_row43_col3.csv,0.1441938877105713
row_extra_quote45_col5.csv,0.1550912857055664
row_more_sep_row4_col5.csv,0.1495506763458252
row_extra_quote56_col6.csv,0.15349078178405762
row_less_sep_row82_col2.csv,0.15334606170654297
row_less_sep_row35_col5.csv,0.15470075607299805
row_less_sep_row49_col3.csv,0.1503770351409912
row_extra_quote23_col6.csv,0.1549968719482422
row_more_sep_row68_col8.csv,0.14245033264160156
row_extra_quote8_col2.csv,0.14691424369812012
row_extra_quote9_col3.csv,0.15119385719299316
row_more_sep_row78_col2.csv,0.1444544792175293
row_extra_quote47_col7.csv,0.15062618255615234
row_less_sep_row66_col1.csv,0.1562490463256836
row_extra_quote19_col8.csv,0.15030193328857422
row_extra_quote61_col1.csv,0.14795756340026855
row_extra_quote36_col1.csv,0.15259003639221191
row_more_sep_row60_col5.csv,0.1444263458251953
row_less_sep_row12_col3.csv,0.1474454402923584
row_less_sep_row42_col4.csv,0.1538982391357422
row_more_sep_row70_col0.csv,0.1417860984802246
row_extra_quote78_col7.csv,0.1444549560546875
row_extra_quote51_col4.csv,0.1519784927368164
row_extra_quote5_col6.csv,0.14909148216247559
row_extra_quote68_col7.csv,0.14526629447937012
row_less_sep_row22_col2.csv,0.1525132656097412
row_more_sep_row28_col3.csv,0.15175890922546387
row_extra_quote26_col4.csv,0.1473684310913086
row_less_sep_row73_col5.csv,0.15096545219421387
row_less_sep_row14_col1.csv,0.1498265266418457
row_less_sep_row38_col2.csv,0.14801836013793945
file_field_delimiter_0x9.csv,0.09902215003967285
row_field_delimiter_24_0x20.csv,0.15156888961791992
row_extra_quote71_col2.csv,0.14755678176879883
row_more_sep_row62_col8.csv,0.14182114601135254
row_more_sep_row5_col4.csv,0.14956879615783691
row_less_sep_row45_col5.csv,0.09134149551391602
row_less_sep_row70_col8.csv,0.1536576747894287
row_more_sep_row34_col8.csv,0.1436760425567627
row_more_sep_row33_col2.csv,0.1460728645324707
row_more_sep_row49_col4.csv,0.14878320693969727
row_field_delimiter_30_0x20.csv,0.1486949920654297
row_more_sep_row74_col4.csv,0.15061569213867188
row_less_sep_row50_col2.csv,0.1493537425994873
row_less_sep_row36_col1.csv,0.14907217025756836
row_more_sep_row76_col1.csv,0.15071511268615723
row_extra_quote16_col3.csv,0.15180444717407227
row_less_sep_row28_col5.csv,0.09902191162109375
row_more_sep_row26_col5.csv,0.14182829856872559
row_extra_quote33_col1.csv,0.15180468559265137
row_more_sep_row60_col4.csv,0.14623761177062988
row_more_sep_row69_col3.csv,0.1443171501159668
row_more_sep_row41_col4.csv,0.14190196990966797
row_less_sep_row40_col6.csv,0.14991283416748047
row_less_sep_row21_col7.csv,0.14962029457092285
row_field_delimiter_56_0x20.csv,0.14841723442077637
row_more_sep_row79_col1.csv,0.14624309539794922
row_more_sep_row50_col0.csv,0.14943981170654297
row_more_sep_row59_col4.csv,0.14379405975341797
row_less_sep_row54_col3.csv,0.14844751358032227
row_more_sep_row35_col7.csv,0.1459951400756836
row_extra_quote16_col4.csv,0.15345239639282227
row_extra_quote71_col1.csv,0.1530613899230957
row_less_sep_row60_col2.csv,0.15160202980041504
row_more_sep_row34_col1.csv,0.1471395492553711
row_more_sep_row38_col1.csv,0.14562034606933594
row_less_sep_row57_col7.csv,0.1556997299194336
row_extra_quote66_col8.csv,0.14910650253295898
row_less_sep_row77_col6.csv,0.09931492805480957
row_extra_quote63_col0.csv,0.15415644645690918
row_field_delimiter_33_0x20.csv,0.15130376815795898
file_no_payload.csv,0.02426433563232422
row_more_sep_row54_col8.csv,0.142730712890625
row_extra_quote13_col0.csv,0.1506640911102295
row_extra_quote68_col6.csv,0.1502845287322998
row_extra_quote1_col2.csv,0.1552448272705078
row_less_sep_row49_col2.csv,0.15132761001586914
row_more_sep_row51_col0.csv,0.14943289756774902
row_more_sep_row54_col3.csv,0.15150022506713867
row_extra_quote58_col1.csv,0.15255975723266602
row_less_sep_row76_col5.csv,0.1515827178955078
row_extra_quote27_col6.csv,0.1551380157470703
row_extra_quote77_col0.csv,0.1560964584350586
row_extra_quote12_col2.csv,0.14901208877563477
row_extra_quote12_col8.csv,0.1583096981048584
row_extra_quote3_col6.csv,0.15495824813842773
row_less_sep_row30_col4.csv,0.1512141227722168
row_less_sep_row2_col3.csv,0.15503168106079102
row_more_sep_row35_col0.csv,0.14707612991333008
row_more_sep_row62_col6.csv,0.14687848091125488
row_more_sep_row39_col7.csv,0.14876055717468262
row_more_sep_row48_col2.csv,0.14718079566955566
row_more_sep_row25_col8.csv,0.14607763290405273
row_extra_quote34_col5.csv,0.15233397483825684
row_less_sep_row25_col2.csv,0.15543794631958008
row_more_sep_row21_col7.csv,0.14682674407958984
row_less_sep_row81_col6.csv,0.1512620449066162
row_field_delimiter_40_0x20.csv,0.15359091758728027
row_extra_quote57_col4.csv,0.1512892246246338
row_extra_quote50_col6.csv,0.1576673984527588
row_more_sep_row74_col3.csv,0.14534807205200195
row_extra_quote79_col6.csv,0.15282487869262695
row_less_sep_row44_col8.csv,0.15707969665527344
row_less_sep_row56_col3.csv,0.15315794944763184
row_extra_quote60_col1.csv,0.1544346809387207
file_header_only.csv,0.06167125701904297
file_escape_char_0x5C.csv,0.10073542594909668
row_less_sep_row27_col2.csv,0.1526188850402832
row_less_sep_row47_col8.csv,0.15124177932739258
row_extra_quote60_col2.csv,0.15759992599487305
row_less_sep_row29_col1.csv,0.15488672256469727
row_extra_quote39_col7.csv,0.1531386375427246
row_extra_quote76_col6.csv,0.1529684066772461
row_less_sep_row28_col3.csv,0.1546006202697754
row_more_sep_row14_col0.csv,0.15096521377563477
row_field_delimiter_58_0x20.csv,0.15417861938476562
row_more_sep_row1_col6.csv,0.14838457107543945
row_more_sep_row21_col6.csv,0.14994120597839355
row_extra_quote61_col5.csv,0.15603423118591309
row_extra_quote15_col8.csv,0.15401506423950195
row_more_sep_row12_col3.csv,0.14958906173706055
row_less_sep_row3_col8.csv,0.1506330966949463
row_less_sep_row47_col3.csv,0.14935040473937988
row_less_sep_row83_col6.csv,0.15335798263549805
row_extra_quote77_col3.csv,0.15708160400390625
row_extra_quote31_col0.csv,0.1530618667602539
row_more_sep_row28_col8.csv,0.15444397926330566
row_more_sep_row19_col8.csv,0.1475086212158203
row_less_sep_row30_col3.csv,0.15438055992126465
row_less_sep_row14_col3.csv,0.15833497047424316
row_more_sep_row79_col7.csv,0.14916110038757324
row_more_sep_row70_col5.csv,0.14469385147094727
row_less_sep_row37_col3.csv,0.1570446491241455
row_extra_quote73_col2.csv,0.15146303176879883
row_extra_quote24_col3.csv,0.1534864902496338
row_extra_quote9_col7.csv,0.15464353561401367
row_less_sep_row61_col4.csv,0.15002775192260742
row_less_sep_row16_col6.csv,0.15053057670593262
row_extra_quote37_col2.csv,0.1544954776763916
row_extra_quote81_col1.csv,0.15155339241027832
row_less_sep_row73_col3.csv,0.1531233787536621
row_extra_quote75_col2.csv,0.16069746017456055
row_more_sep_row63_col0.csv,0.15035676956176758
row_extra_quote12_col1.csv,0.1486513614654541
row_less_sep_row76_col4.csv,0.1548318862915039
row_more_sep_row82_col5.csv,0.14725303649902344
row_more_sep_row24_col6.csv,0.14752960205078125
row_more_sep_row4_col1.csv,0.15453886985778809
row_more_sep_row7_col1.csv,0.1469106674194336
row_extra_quote4_col0.csv,0.1509239673614502
row_less_sep_row67_col2.csv,0.15854096412658691
row_extra_quote38_col3.csv,0.15613746643066406
row_extra_quote16_col2.csv,0.1511094570159912
row_extra_quote5_col0.csv,0.15694975852966309
row_extra_quote40_col2.csv,0.15632867813110352
row_more_sep_row54_col6.csv,0.1457815170288086
row_extra_quote6_col2.csv,0.15470433235168457
file_multitable_more.csv,0.20595598220825195
row_less_sep_row18_col6.csv,0.15302824974060059
row_more_sep_row12_col5.csv,0.14841628074645996
row_extra_quote2_col6.csv,0.15583491325378418
row_extra_quote10_col0.csv,0.15138602256774902
row_field_delimiter_69_0x20.csv,0.14890384674072266
row_more_sep_row3_col8.csv,0.15193939208984375
row_more_sep_row38_col4.csv,0.14683914184570312
row_extra_quote28_col6.csv,0.15333318710327148
row_extra_quote38_col8.csv,0.15715980529785156
row_less_sep_row8_col6.csv,0.15452075004577637
row_extra_quote32_col7.csv,0.1531672477722168
row_less_sep_row35_col8.csv,0.15529489517211914
row_less_sep_row19_col1.csv,0.1557314395904541
row_more_sep_row16_col0.csv,0.1444416046142578
row_field_delimiter_14_0x20.csv,0.15477395057678223
row_extra_quote35_col5.csv,0.15430450439453125
row_extra_quote14_col0.csv,0.15398406982421875
row_extra_quote59_col6.csv,0.15675067901611328
row_more_sep_row14_col6.csv,0.14623069763183594
row_extra_quote82_col6.csv,0.15190458297729492
row_less_sep_row17_col3.csv,0.1582965850830078
row_less_sep_row31_col7.csv,0.15253639221191406
row_less_sep_row48_col5.csv,0.14967012405395508
row_more_sep_row34_col7.csv,0.14917707443237305
row_extra_quote60_col8.csv,0.15825819969177246
row_less_sep_row29_col5.csv,0.15034270286560059
row_extra_quote69_col6.csv,0.15377092361450195
row_extra_quote36_col0.csv,0.15483474731445312
row_extra_quote18_col1.csv,0.150193452835083
row_less_sep_row1_col3.csv,0.15347719192504883
row_less_sep_row56_col1.csv,0.15475773811340332
row_more_sep_row77_col6.csv,0.14368891716003418
row_more_sep_row5_col7.csv,0.14679288864135742
row_extra_quote19_col3.csv,0.15524768829345703
row_more_sep_row4_col0.csv,0.14589667320251465
row_more_sep_row68_col6.csv,0.1487414836883545
row_more_sep_row25_col3.csv,0.14788031578063965
row_more_sep_row73_col1.csv,-2.618656873703003
row_less_sep_row33_col1.csv,0.14591002464294434
row_less_sep_row43_col6.csv,0.14332842826843262
row_more_sep_row3_col6.csv,0.13797283172607422
row_extra_quote19_col1.csv,0.14667868614196777
row_less_sep_row26_col7.csv,0.14353179931640625
row_field_delimiter_57_0x20.csv,0.14383339881896973
row_extra_quote76_col4.csv,0.14387822151184082
row_less_sep_row61_col7.csv,0.14001965522766113
row_more_sep_row20_col8.csv,0.14373040199279785
row_extra_quote33_col3.csv,0.14232182502746582
row_more_sep_row44_col7.csv,0.13564229011535645
row_less_sep_row34_col4.csv,0.14559268951416016
row_extra_quote68_col4.csv,0.14152956008911133
row_less_sep_row68_col4.csv,0.1474292278289795
row_more_sep_row48_col5.csv,0.13657593727111816
row_extra_quote46_col1.csv,0.13920021057128906
row_more_sep_row48_col1.csv,0.1333930492401123
row_extra_quote69_col2.csv,0.1428511142730713
row_less_sep_row65_col7.csv,0.1362309455871582
row_extra_quote35_col7.csv,0.15635442733764648
row_more_sep_row23_col0.csv,0.1523571014404297
row_field_delimiter_8_0x20.csv,0.15154457092285156
row_extra_quote75_col6.csv,0.1556253433227539
row_more_sep_row50_col2.csv,0.14747023582458496
file_field_delimiter_0x3B.csv,0.10051608085632324
row_extra_quote62_col5.csv,0.15274477005004883
row_less_sep_row52_col7.csv,0.1560518741607666
row_extra_quote80_col3.csv,0.1534578800201416
row_extra_quote41_col6.csv,0.15139055252075195
row_extra_quote35_col3.csv,0.15898537635803223
row_extra_quote51_col3.csv,0.15065479278564453
row_less_sep_row15_col8.csv,0.1498270034790039
row_more_sep_row56_col7.csv,0.15291690826416016
row_extra_quote50_col3.csv,0.1516563892364502
row_more_sep_row21_col4.csv,0.14520716667175293
row_more_sep_row3_col3.csv,0.15100717544555664
row_more_sep_row73_col0.csv,0.15140342712402344
row_less_sep_row30_col6.csv,0.1503133773803711
row_extra_quote46_col2.csv,0.1542508602142334
source.csv,0.1017920970916748
row_extra_quote40_col0.csv,0.15396761894226074
row_more_sep_row32_col6.csv,0.14645934104919434
row_less_sep_row70_col5.csv,0.15343308448791504
row_less_sep_row55_col6.csv,0.1010441780090332
row_less_sep_row53_col4.csv,0.15356111526489258
row_more_sep_row68_col2.csv,0.14870905876159668
row_more_sep_row31_col4.csv,0.15012335777282715
row_more_sep_row74_col7.csv,0.14786362648010254
row_more_sep_row14_col3.csv,0.14660048484802246
row_more_sep_row41_col1.csv,0.14622735977172852
row_less_sep_row62_col2.csv,0.15407276153564453
row_less_sep_row42_col3.csv,0.15107321739196777
row_field_delimiter_10_0x20.csv,0.15465092658996582
row_less_sep_row73_col2.csv,0.1588730812072754
row_more_sep_row13_col4.csv,0.14645648002624512
row_extra_quote50_col5.csv,0.15708255767822266
row_more_sep_row69_col8.csv,0.14818453788757324
row_field_delimiter_74_0x20.csv,0.15044283866882324
row_extra_quote7_col2.csv,0.15388703346252441
row_less_sep_row11_col4.csv,0.1522367000579834
row_extra_quote13_col3.csv,0.1504688262939453
row_less_sep_row65_col6.csv,0.09917759895324707
row_extra_quote69_col7.csv,0.15279316902160645
row_more_sep_row40_col2.csv,0.14219999313354492
row_extra_quote51_col1.csv,0.1510484218597412
row_field_delimiter_32_0x20.csv,0.15741300582885742
row_more_sep_row10_col6.csv,0.14656591415405273
row_more_sep_row27_col3.csv,0.14616918563842773
row_extra_quote6_col3.csv,0.15234041213989258
row_more_sep_row33_col6.csv,0.15053391456604004
row_extra_quote23_col0.csv,0.14743852615356445
row_less_sep_row24_col3.csv,0.15726518630981445
row_more_sep_row23_col2.csv,0.14966368675231934
row_extra_quote14_col2.csv,0.15232491493225098
row_more_sep_row70_col4.csv,0.15117430686950684
row_more_sep_row42_col8.csv,0.14638328552246094
row_less_sep_row58_col6.csv,0.15335869789123535
row_more_sep_row73_col2.csv,0.15129518508911133
row_more_sep_row1_col8.csv,0.14527511596679688
row_field_delimiter_16_0x20.csv,0.15421843528747559
row_field_delimiter_51_0x20.csv,0.15257549285888672
row_extra_quote13_col1.csv,0.14853453636169434
row_more_sep_row18_col1.csv,0.1481924057006836
row_extra_quote72_col1.csv,0.15135645866394043
row_extra_quote46_col0.csv,0.14846420288085938
row_extra_quote52_col3.csv,0.15492534637451172
row_less_sep_row71_col4.csv,0.1526803970336914
row_more_sep_row78_col3.csv,0.14161109924316406
row_more_sep_row80_col0.csv,0.15004611015319824
row_extra_quote33_col7.csv,0.1532421112060547
row_extra_quote73_col3.csv,0.1505274772644043
row_less_sep_row18_col8.csv,0.15398740768432617
row_more_sep_row45_col4.csv,0.14778590202331543
row_extra_quote83_col3.csv,0.15174269676208496
row_more_sep_row44_col6.csv,0.14954733848571777
row_field_delimiter_72_0x20.csv,0.1487586498260498
row_more_sep_row42_col4.csv,0.14692378044128418
row_less_sep_row30_col2.csv,0.15592312812805176
row_extra_quote35_col0.csv,0.15253376960754395
row_extra_quote82_col1.csv,0.15116620063781738
row_extra_quote83_col6.csv,0.1543269157409668
row_extra_quote83_col2.csv,0.14931821823120117
row_less_sep_row55_col7.csv,0.15365862846374512
row_more_sep_row29_col1.csv,0.14968371391296387
row_more_sep_row41_col5.csv,0.14838004112243652
row_extra_quote73_col7.csv,0.15234971046447754
row_more_sep_row27_col4.csv,0.14843416213989258
row_less_sep_row19_col3.csv,0.15479779243469238
row_extra_quote73_col1.csv,0.15206313133239746
row_more_sep_row5_col0.csv,0.15075325965881348
row_extra_quote31_col6.csv,0.15478515625
row_less_sep_row63_col7.csv,0.15402722358703613
row_less_sep_row24_col1.csv,0.15685796737670898
row_extra_quote36_col6.csv,0.15050125122070312
row_more_sep_row54_col2.csv,0.14459967613220215
row_more_sep_row13_col6.csv,0.14926695823669434
row_less_sep_row55_col5.csv,0.15454626083374023
row_less_sep_row18_col2.csv,0.15944623947143555
row_less_sep_row5_col5.csv,0.10046505928039551
row_more_sep_row10_col5.csv,0.14545893669128418
row_more_sep_row3_col4.csv,0.14456725120544434
row_more_sep_row81_col6.csv,0.15233469009399414
row_extra_quote23_col2.csv,0.15324664115905762
row_extra_quote8_col4.csv,0.15039801597595215
row_more_sep_row22_col6.csv,0.15110492706298828
row_more_sep_row39_col5.csv,0.14784741401672363
row_extra_quote12_col3.csv,0.15431857109069824
row_extra_quote38_col5.csv,0.1572279930114746
row_more_sep_row6_col7.csv,0.14716529846191406
row_more_sep_row37_col0.csv,0.14526987075805664
row_extra_quote82_col3.csv,0.15341472625732422
row_extra_quote41_col2.csv,0.15300273895263672
row_extra_quote10_col1.csv,0.15259480476379395
row_extra_quote36_col5.csv,0.15746641159057617
row_less_sep_row53_col1.csv,0.1535201072692871
row_extra_quote18_col4.csv,0.15419578552246094
row_extra_quote44_col4.csv,0.15424370765686035
row_more_sep_row67_col3.csv,0.15201401710510254
row_less_sep_row22_col4.csv,0.15097999572753906
row_more_sep_row27_col5.csv,0.15134596824645996
row_extra_quote76_col8.csv,0.15131235122680664
row_less_sep_row22_col3.csv,0.14950346946716309
row_extra_quote27_col5.csv,0.15919756889343262
row_extra_quote61_col7.csv,0.15439057350158691
row_more_sep_row44_col8.csv,0.14897370338439941
row_more_sep_row19_col3.csv,0.1467142105102539
row_field_delimiter_62_0x20.csv,0.15254831314086914
row_extra_quote28_col1.csv,0.15117192268371582
row_less_sep_row74_col7.csv,0.15521693229675293
row_extra_quote37_col6.csv,0.1555488109588623
row_extra_quote68_col3.csv,0.150252103805542
row_more_sep_row7_col2.csv,0.14908790588378906
row_less_sep_row14_col5.csv,0.15104079246520996
row_more_sep_row32_col4.csv,0.14484024047851562
row_more_sep_row76_col8.csv,0.14728331565856934
row_field_delimiter_34_0x20.csv,0.15025687217712402
row_less_sep_row38_col1.csv,0.14542317390441895
row_more_sep_row28_col5.csv,0.14843201637268066
row_extra_quote20_col7.csv,0.14966440200805664
row_less_sep_row9_col6.csv,0.15064692497253418
row_extra_quote23_col3.csv,0.1548304557800293
row_less_sep_row45_col1.csv,0.1510162353515625
row_more_sep_row82_col7.csv,0.1467430591583252
row_more_sep_row36_col7.csv,0.1465768814086914
row_extra_quote19_col2.csv,0.15021681785583496
row_extra_quote32_col4.csv,0.14899039268493652
row_less_sep_row49_col5.csv,0.1010587215423584
row_extra_quote76_col7.csv,0.16015863418579102
row_more_sep_row62_col2.csv,0.15097689628601074
row_less_sep_row80_col5.csv,0.09763169288635254
row_extra_quote25_col2.csv,0.17504072189331055
row_extra_quote55_col2.csv,0.15611624717712402
row_more_sep_row29_col0.csv,0.1475510597229004
row_more_sep_row81_col8.csv,0.15189719200134277
row_extra_quote2_col1.csv,0.15073490142822266
row_more_sep_row35_col6.csv,0.14249467849731445
row_field_delimiter_80_0x20.csv,0.15403366088867188
row_extra_quote51_col2.csv,0.14856886863708496
row_less_sep_row20_col1.csv,0.14942169189453125
row_more_sep_row36_col2.csv,0.15542840957641602
row_extra_quote67_col7.csv,0.1521308422088623
row_less_sep_row25_col4.csv,0.15181970596313477
row_more_sep_row20_col6.csv,0.14777612686157227
row_extra_quote27_col7.csv,0.15274691581726074
row_extra_quote8_col7.csv,0.14941835403442383
row_more_sep_row17_col2.csv,0.15233540534973145
row_extra_quote22_col5.csv,0.15589332580566406
row_more_sep_row33_col1.csv,0.15516448020935059
row_extra_quote74_col4.csv,0.1667931079864502
row_extra_quote77_col6.csv,0.16240978240966797
row_more_sep_row12_col1.csv,0.1518559455871582
row_less_sep_row31_col2.csv,0.15700531005859375
row_less_sep_row19_col7.csv,0.153364896774292
row_extra_quote10_col5.csv,0.15817809104919434
row_less_sep_row75_col3.csv,0.1586616039276123
row_extra_quote54_col7.csv,0.16739845275878906
row_more_sep_row58_col6.csv,0.14769625663757324
row_less_sep_row5_col7.csv,0.1633758544921875
row_less_sep_row3_col1.csv,0.15612387657165527
row_less_sep_row7_col4.csv,0.1545112133026123
row_field_delimiter_79_0x20.csv,0.15831971168518066
row_field_delimiter_63_0x20.csv,0.15333342552185059
row_less_sep_row75_col4.csv,0.15585041046142578
row_more_sep_row33_col5.csv,0.16169977188110352
row_less_sep_row82_col6.csv,0.15411067008972168
row_extra_quote21_col4.csv,0.16110014915466309
row_less_sep_row57_col1.csv,0.1559467315673828
row_less_sep_row64_col2.csv,0.15077924728393555
row_less_sep_row51_col7.csv,0.14825773239135742
row_extra_quote24_col4.csv,0.1503298282623291
row_extra_quote46_col4.csv,0.14622783660888672
row_more_sep_row0_col5.csv,0.09752440452575684
row_less_sep_row28_col4.csv,0.16258668899536133
row_less_sep_row10_col5.csv,0.10636162757873535
row_more_sep_row52_col5.csv,0.1443479061126709
row_extra_quote81_col4.csv,0.15533185005187988
row_extra_quote73_col8.csv,0.1453239917755127
row_extra_quote73_col0.csv,0.16090655326843262
row_more_sep_row56_col4.csv,0.14540791511535645
row_extra_quote39_col6.csv,0.14055490493774414
row_extra_quote3_col8.csv,0.14811015129089355
row_more_sep_row57_col1.csv,0.13355612754821777
row_more_sep_row45_col5.csv,0.13914275169372559
row_extra_quote75_col0.csv,0.13932061195373535
row_extra_quote11_col5.csv,0.14330196380615234
row_more_sep_row19_col5.csv,0.13559365272521973
row_more_sep_row11_col4.csv,0.13636445999145508
row_more_sep_row30_col1.csv,0.13011455535888672
row_extra_quote43_col5.csv,0.14142084121704102
row_less_sep_row71_col1.csv,0.13856148719787598
row_less_sep_row81_col1.csv,0.14323091506958008
row_less_sep_row63_col3.csv,0.1477358341217041
row_more_sep_row7_col4.csv,0.1380295753479004
row_extra_quote20_col0.csv,0.13979005813598633
row_extra_quote6_col0.csv,0.1585683822631836
row_extra_quote83_col0.csv,0.14730262756347656
row_less_sep_row38_col5.csv,0.10056900978088379
row_extra_quote21_col7.csv,0.1539468765258789
row_more_sep_row75_col8.csv,0.14487147331237793
row_extra_quote5_col8.csv,0.14999747276306152
row_less_sep_row72_col1.csv,0.15530610084533691
row_less_sep_row4_col6.csv,0.14916515350341797
row_more_sep_row20_col5.csv,0.14465737342834473
row_extra_quote47_col6.csv,0.15581178665161133
row_less_sep_row30_col7.csv,0.15225768089294434
row_less_sep_row79_col8.csv,0.14572668075561523
row_more_sep_row50_col6.csv,0.1516411304473877
row_more_sep_row30_col4.csv,0.1459822654724121
row_extra_quote17_col7.csv,0.15009045600891113
row_less_sep_row57_col5.csv,0.15051555633544922
row_more_sep_row48_col8.csv,0.1443338394165039
row_field_delimiter_83_0x20.csv,0.14755511283874512
row_extra_quote40_col5.csv,0.15271663665771484
row_less_sep_row16_col1.csv,0.15164828300476074
row_more_sep_row42_col6.csv,0.14546775817871094
row_extra_quote49_col5.csv,0.1552901268005371
row_extra_quote13_col7.csv,0.15059423446655273
row_less_sep_row28_col6.csv,0.14867758750915527
row_less_sep_row20_col5.csv,0.09629392623901367
row_extra_quote64_col0.csv,0.15099048614501953
row_less_sep_row27_col4.csv,0.15263938903808594
row_more_sep_row1_col1.csv,0.1436018943786621
row_less_sep_row2_col6.csv,0.14855170249938965
row_more_sep_row52_col8.csv,0.14657092094421387
row_more_sep_row11_col1.csv,0.14261269569396973
row_more_sep_row1_col0.csv,0.1461353302001953
row_more_sep_row26_col7.csv,0.1451728343963623
row_more_sep_row73_col8.csv,0.1441051959991455
row_extra_quote50_col7.csv,0.15586495399475098
row_more_sep_row46_col7.csv,0.14617347717285156
row_less_sep_row39_col4.csv,0.14646530151367188
row_more_sep_row30_col0.csv,0.14776277542114258
row_extra_quote30_col1.csv,0.1541733741760254
row_more_sep_row49_col2.csv,0.14392685890197754
row_extra_quote35_col1.csv,0.15254974365234375
row_extra_quote17_col3.csv,0.15084409713745117
row_extra_quote49_col8.csv,0.149672269821167
row_less_sep_row58_col1.csv,0.1553056240081787
row_more_sep_row4_col7.csv,0.14864230155944824
row_extra_quote1_col0.csv,0.15000414848327637
row_less_sep_row21_col5.csv,0.09798288345336914
row_more_sep_row15_col4.csv,0.14631342887878418
row_extra_quote50_col8.csv,0.15363788604736328
row_more_sep_row13_col7.csv,0.14730429649353027
row_extra_quote22_col4.csv,0.15897893905639648
row_field_delimiter_75_0x20.csv,0.1516575813293457
row_more_sep_row59_col7.csv,0.14383530616760254
row_more_sep_row47_col8.csv,0.1496715545654297
row_more_sep_row54_col7.csv,0.14520978927612305
row_extra_quote29_col4.csv,0.15241336822509766
row_more_sep_row24_col2.csv,0.14597415924072266
row_more_sep_row78_col0.csv,0.150892972946167
row_less_sep_row39_col1.csv,0.15030407905578613
row_less_sep_row70_col6.csv,0.15562152862548828
row_more_sep_row3_col0.csv,0.15218329429626465
row_extra_quote57_col0.csv,0.15243268013000488
row_extra_quote6_col5.csv,0.15567493438720703
row_less_sep_row46_col2.csv,0.15438032150268555
row_extra_quote58_col7.csv,0.14887070655822754
row_less_sep_row37_col5.csv,0.10287165641784668
row_more_sep_row43_col2.csv,0.14980649948120117
row_less_sep_row33_col8.csv,0.15491008758544922
row_more_sep_row57_col4.csv,0.1430346965789795
row_extra_quote47_col8.csv,0.1548004150390625
row_less_sep_row27_col8.csv,0.15585970878601074
row_more_sep_row61_col0.csv,0.14635133743286133
row_less_sep_row28_col2.csv,0.15836262702941895
row_more_sep_row28_col4.csv,0.14793920516967773
row_more_sep_row64_col2.csv,0.14901089668273926
row_extra_quote0_col1.csv,0.1264348030090332
row_extra_quote15_col3.csv,0.15508580207824707
row_extra_quote15_col6.csv,0.14996767044067383
row_extra_quote21_col6.csv,0.1578826904296875
row_extra_quote21_col2.csv,0.1549680233001709
row_more_sep_row46_col2.csv,0.14522480964660645
row_extra_quote18_col0.csv,0.15219712257385254
row_field_delimiter_53_0x20.csv,0.15456652641296387
row_extra_quote27_col8.csv,0.15233087539672852
row_extra_quote76_col3.csv,0.15356874465942383
row_less_sep_row3_col2.csv,0.1525263786315918
row_more_sep_row52_col3.csv,0.1451270580291748
row_extra_quote22_col8.csv,0.15949535369873047
row_more_sep_row17_col1.csv,0.1476576328277588
row_extra_quote65_col7.csv,0.15282773971557617
row_more_sep_row17_col0.csv,0.15050792694091797
row_less_sep_row49_col6.csv,0.1567823886871338
row_extra_quote49_col3.csv,0.15209174156188965
row_more_sep_row55_col7.csv,0.14782238006591797
row_less_sep_row17_col1.csv,0.15511178970336914
row_less_sep_row17_col6.csv,0.09952235221862793
row_more_sep_row20_col2.csv,0.14510750770568848
row_extra_quote4_col4.csv,0.15916061401367188
row_extra_quote79_col7.csv,0.16983866691589355
row_less_sep_row1_col2.csv,0.15249037742614746
row_extra_quote35_col6.csv,0.1605989933013916
row_more_sep_row66_col7.csv,0.1476733684539795
row_less_sep_row55_col1.csv,0.15066242218017578
row_extra_quote21_col3.csv,0.1553175449371338
row_less_sep_row82_col4.csv,0.1548459529876709
row_extra_quote67_col5.csv,0.15191030502319336
row_more_sep_row6_col6.csv,0.15006113052368164
row_extra_quote48_col2.csv,0.15244078636169434
row_extra_quote20_col2.csv,0.14994192123413086
row_less_sep_row19_col2.csv,0.15896296501159668
row_extra_quote49_col0.csv,0.15218305587768555
row_less_sep_row76_col8.csv,0.15353012084960938
row_less_sep_row23_col3.csv,0.15694832801818848
row_more_sep_row71_col0.csv,0.1467437744140625
row_more_sep_row67_col5.csv,0.14713239669799805
row_less_sep_row59_col2.csv,0.15526723861694336
row_more_sep_row79_col0.csv,0.1490800380706787
row_extra_quote77_col4.csv,0.15105032920837402
row_extra_quote29_col5.csv,0.15603208541870117
row_more_sep_row10_col3.csv,0.14972400665283203
row_extra_quote44_col0.csv,0.14885926246643066
row_more_sep_row19_col1.csv,0.15282821655273438
row_more_sep_row66_col2.csv,0.14862322807312012
row_less_sep_row14_col4.csv,0.15187287330627441
row_extra_quote55_col3.csv,0.15514898300170898
row_less_sep_row27_col6.csv,0.14841532707214355
row_extra_quote9_col4.csv,0.14998817443847656
row_extra_quote13_col6.csv,0.16196703910827637
row_extra_quote38_col4.csv,0.150557279586792
row_more_sep_row69_col1.csv,0.1453545093536377
row_more_sep_row79_col2.csv,0.1488189697265625
row_extra_quote15_col0.csv,0.15401077270507812
row_less_sep_row24_col6.csv,0.14425992965698242
row_more_sep_row50_col8.csv,0.14944005012512207
row_more_sep_row25_col2.csv,0.15342140197753906
row_extra_quote72_col2.csv,0.15247488021850586
row_more_sep_row15_col8.csv,0.15574359893798828
row_less_sep_row5_col6.csv,0.15390253067016602
row_less_sep_row9_col8.csv,0.15201640129089355
file_header_multirow_3.csv,0.10120153427124023
row_less_sep_row73_col4.csv,0.1547083854675293
row_less_sep_row49_col4.csv,0.15465736389160156
row_more_sep_row83_col6.csv,0.1447763442993164
row_extra_quote47_col0.csv,0.1548910140991211
row_more_sep_row53_col7.csv,0.14133024215698242
row_more_sep_row15_col3.csv,0.14645147323608398
row_extra_quote34_col2.csv,0.1580829620361328
row_less_sep_row50_col1.csv,0.15544724464416504
row_extra_quote35_col2.csv,0.15329384803771973
row_less_sep_row26_col8.csv,0.15393662452697754
row_less_sep_row29_col3.csv,0.1509857177734375
row_extra_quote11_col1.csv,0.15607023239135742
row_more_sep_row18_col7.csv,0.15366411209106445
file_quotation_char_0x27.csv,0.1503007411956787
file_double_trailing_newline.csv,0.10193920135498047
row_less_sep_row4_col5.csv,0.15378904342651367
row_extra_quote40_col8.csv,0.15778422355651855
row_extra_quote38_col6.csv,0.15170717239379883
row_less_sep_row25_col1.csv,0.15384936332702637
row_less_sep_row63_col8.csv,0.15453577041625977
row_more_sep_row76_col7.csv,0.14529204368591309
row_extra_quote7_col1.csv,0.15873336791992188
row_extra_quote82_col0.csv,0.16600584983825684
row_more_sep_row72_col4.csv,0.16176056861877441
row_more_sep_row74_col6.csv,0.15330052375793457
row_more_sep_row75_col0.csv,0.14567279815673828
row_extra_quote22_col1.csv,0.15955853462219238
row_extra_quote44_col2.csv,0.15911269187927246
row_extra_quote0_col7.csv,0.1286005973815918
row_less_sep_row55_col8.csv,0.1553175449371338
row_extra_quote52_col0.csv,0.17090201377868652
row_extra_quote44_col3.csv,0.16493463516235352
row_more_sep_row7_col0.csv,0.1613328456878662
row_extra_quote74_col6.csv,0.15531611442565918
row_field_delimiter_7_0x20.csv,0.16704583168029785
row_extra_quote61_col4.csv,0.1683640480041504
row_less_sep_row77_col5.csv,0.18804430961608887
row_more_sep_row22_col1.csv,0.158217191696167
row_more_sep_row47_col4.csv,0.1541275978088379
row_more_sep_row64_col7.csv,0.14902925491333008
row_more_sep_row20_col7.csv,0.14679408073425293
row_less_sep_row60_col3.csv,0.15799593925476074
row_more_sep_row47_col0.csv,0.1481626033782959
row_more_sep_row56_col5.csv,0.14388322830200195
row_more_sep_row58_col1.csv,0.15774154663085938
row_more_sep_row43_col7.csv,0.15058374404907227
row_more_sep_row78_col8.csv,0.10653948783874512
row_less_sep_row50_col6.csv,0.09969854354858398
row_more_sep_row17_col7.csv,0.14650177955627441
row_extra_quote5_col7.csv,0.15622782707214355
row_more_sep_row18_col5.csv,0.148756742477417
row_extra_quote1_col5.csv,0.15384554862976074
row_more_sep_row81_col0.csv,0.148756742477417
row_field_delimiter_19_0x20.csv,0.149064302444458
row_field_delimiter_35_0x20.csv,-2.6494600772857666
row_more_sep_row35_col5.csv,0.135392427444458
row_more_sep_row76_col2.csv,0.14908409118652344
row_less_sep_row8_col5.csv,0.09767770767211914
row_less_sep_row34_col8.csv,0.14562773704528809
row_field_delimiter_42_0x20.csv,0.14513659477233887
row_less_sep_row51_col6.csv,0.14200997352600098
row_field_delimiter_50_0x20.csv,0.14405131340026855
row_more_sep_row24_col8.csv,0.14139580726623535
row_extra_quote34_col0.csv,0.14288592338562012
row_extra_quote55_col6.csv,0.1454317569732666
row_less_sep_row26_col3.csv,0.13851428031921387
row_less_sep_row40_col1.csv,0.14258766174316406
row_extra_quote8_col1.csv,0.13531851768493652
row_more_sep_row48_col7.csv,0.1335747241973877
row_more_sep_row60_col6.csv,0.13581395149230957
row_less_sep_row0_col7.csv,0.09054827690124512
row_more_sep_row1_col2.csv,0.1418755054473877
row_less_sep_row78_col7.csv,0.14062118530273438
row_more_sep_row15_col5.csv,0.13470458984375
row_more_sep_row47_col1.csv,0.1534440517425537
row_extra_quote76_col1.csv,0.15271353721618652
row_less_sep_row75_col5.csv,0.1600782871246338
row_less_sep_row40_col7.csv,0.15131235122680664
row_extra_quote3_col5.csv,0.15202116966247559
row_extra_quote17_col8.csv,0.15753555297851562
row_more_sep_row72_col5.csv,0.15314769744873047
row_more_sep_row34_col6.csv,0.1441352367401123
row_more_sep_row38_col3.csv,0.14718413352966309
row_extra_quote35_col8.csv,0.15248823165893555
row_more_sep_row63_col1.csv,0.14297199249267578
row_more_sep_row31_col5.csv,0.14617490768432617
row_less_sep_row23_col2.csv,0.15132999420166016
row_more_sep_row62_col4.csv,0.14240622520446777
row_more_sep_row41_col3.csv,0.14683890342712402
row_extra_quote14_col7.csv,0.1544628143310547
row_less_sep_row60_col6.csv,0.14771699905395508
row_extra_quote79_col2.csv,0.15052247047424316
row_extra_quote11_col8.csv,0.14727401733398438
row_more_sep_row32_col8.csv,0.14739489555358887
row_extra_quote34_col8.csv,0.15217232704162598
row_extra_quote71_col0.csv,0.15410256385803223
row_extra_quote15_col2.csv,0.14731740951538086
file_escape_char_0x00.csv,0.1555924415588379
row_less_sep_row61_col1.csv,0.15119433403015137
row_extra_quote81_col5.csv,0.1484518051147461
row_less_sep_row32_col8.csv,0.15799665451049805
row_less_sep_row83_col2.csv,0.14650917053222656
row_less_sep_row46_col3.csv,0.1462550163269043
row_extra_quote63_col1.csv,0.15602803230285645
row_less_sep_row0_col8.csv,0.1278548240661621
row_less_sep_row29_col2.csv,0.143843412399292
row_less_sep_row80_col1.csv,0.15158843994140625
row_more_sep_row57_col0.csv,0.15121912956237793
row_less_sep_row50_col3.csv,0.14766478538513184
row_less_sep_row26_col1.csv,0.1511397361755371
row_less_sep_row38_col7.csv,0.15387225151062012
row_more_sep_row26_col1.csv,0.14225411415100098
row_extra_quote68_col8.csv,0.15128684043884277
row_less_sep_row36_col6.csv,0.14713764190673828
row_less_sep_row58_col5.csv,0.0995798110961914
row_extra_quote10_col4.csv,0.1504056453704834
row_less_sep_row68_col2.csv,0.14898204803466797
row_extra_quote11_col6.csv,0.15228629112243652
row_less_sep_row65_col5.csv,0.14859628677368164
row_field_delimiter_68_0x20.csv,0.1659231185913086
row_less_sep_row20_col2.csv,0.15511775016784668
row_field_delimiter_65_0x20.csv,0.14970016479492188
row_less_sep_row24_col7.csv,0.14802932739257812
row_extra_quote14_col3.csv,0.15001988410949707
row_less_sep_row67_col6.csv,0.14834165573120117
row_less_sep_row39_col6.csv,0.14867544174194336
row_less_sep_row17_col8.csv,0.15283966064453125
row_extra_quote71_col4.csv,0.1490328311920166
row_more_sep_row60_col7.csv,0.1446220874786377
row_more_sep_row74_col8.csv,0.14185214042663574
row_extra_quote25_col0.csv,0.1496267318725586
row_field_delimiter_71_0x20.csv,0.15035009384155273
row_more_sep_row53_col0.csv,0.1448512077331543
row_less_sep_row81_col3.csv,0.1457350254058838
row_less_sep_row72_col3.csv,0.15754103660583496
row_less_sep_row6_col6.csv,0.10111498832702637
row_less_sep_row29_col8.csv,0.15278172492980957
row_extra_quote70_col7.csv,0.15028834342956543
row_extra_quote62_col3.csv,0.15998363494873047
row_extra_quote81_col6.csv,0.14862847328186035
row_less_sep_row43_col3.csv,0.15427494049072266
row_less_sep_row67_col8.csv,0.15689826011657715
row_extra_quote2_col0.csv,0.15309786796569824
row_less_sep_row41_col3.csv,0.1527552604675293
row_less_sep_row39_col7.csv,0.15541434288024902
row_more_sep_row59_col2.csv,0.14834904670715332
row_more_sep_row62_col0.csv,0.14740347862243652
row_less_sep_row18_col1.csv,0.15609097480773926
row_less_sep_row61_col2.csv,0.15311145782470703
row_extra_quote37_col7.csv,0.14971923828125
row_more_sep_row56_col8.csv,0.1485443115234375
row_more_sep_row57_col7.csv,0.1499345302581787
row_extra_quote8_col6.csv,0.1519005298614502
row_less_sep_row33_col5.csv,0.10002684593200684
row_less_sep_row31_col1.csv,0.15425896644592285
row_extra_quote25_col6.csv,0.14864730834960938
row_less_sep_row78_col1.csv,0.1572263240814209
row_more_sep_row24_col5.csv,0.15549254417419434
row_field_delimiter_41_0x20.csv,0.15432071685791016
row_less_sep_row79_col6.csv,0.15063214302062988
row_extra_quote22_col2.csv,0.1525106430053711
row_extra_quote69_col8.csv,0.15690207481384277
row_more_sep_row37_col6.csv,0.14700889587402344
row_extra_quote46_col8.csv,0.1584029197692871
row_extra_quote18_col2.csv,0.15442109107971191
row_more_sep_row11_col5.csv,0.14676642417907715
row_extra_quote70_col0.csv,0.16162705421447754
row_more_sep_row51_col2.csv,0.15324640274047852
row_less_sep_row81_col8.csv,0.1499624252319336
row_extra_quote25_col1.csv,0.15195775032043457
row_more_sep_row39_col8.csv,0.1473546028137207
row_more_sep_row46_col3.csv,0.14708733558654785
row_extra_quote47_col3.csv,0.1638355255126953
row_more_sep_row2_col2.csv,0.16769075393676758
row_extra_quote54_col3.csv,0.1749274730682373
row_extra_quote6_col6.csv,0.16779518127441406
row_less_sep_row5_col2.csv,0.16255402565002441
row_more_sep_row39_col4.csv,0.15100383758544922
row_less_sep_row63_col1.csv,0.15574884414672852
row_extra_quote40_col1.csv,0.1557161808013916
row_extra_quote26_col3.csv,0.15357398986816406
row_more_sep_row9_col2.csv,0.15415668487548828
row_more_sep_row48_col6.csv,0.1504039764404297
row_more_sep_row74_col2.csv,0.14548730850219727
row_field_delimiter_36_0x20.csv,0.16582632064819336
row_more_sep_row31_col7.csv,0.1515791416168213
row_less_sep_row15_col6.csv,0.16779422760009766
row_extra_quote15_col1.csv,0.1601567268371582
row_more_sep_row38_col2.csv,0.16089320182800293
row_extra_quote62_col6.csv,0.15481090545654297
row_more_sep_row38_col5.csv,0.15355968475341797
row_less_sep_row65_col4.csv,0.15868735313415527
row_less_sep_row5_col8.csv,0.1666107177734375
row_more_sep_row27_col6.csv,0.1520698070526123
row_more_sep_row37_col1.csv,0.14981651306152344
row_more_sep_row76_col3.csv,0.149139404296875
row_more_sep_row51_col3.csv,0.1496717929840088
row_extra_quote36_col4.csv,0.15588092803955078
row_more_sep_row69_col7.csv,0.14988183975219727
row_extra_quote60_col3.csv,0.15019917488098145
row_less_sep_row55_col2.csv,0.15551304817199707
row_extra_quote1_col1.csv,0.1535203456878662
row_less_sep_row37_col8.csv,0.1481773853302002
row_less_sep_row33_col3.csv,0.1570882797241211
row_less_sep_row11_col1.csv,0.15399837493896484
row_extra_quote60_col6.csv,0.15166091918945312
row_less_sep_row44_col1.csv,0.15915393829345703
row_more_sep_row72_col3.csv,0.15253639221191406
row_extra_quote28_col3.csv,0.1495668888092041
row_field_delimiter_60_0x20.csv,0.15578317642211914
row_more_sep_row10_col2.csv,0.14917206764221191
row_field_delimiter_52_0x20.csv,0.14794039726257324
row_less_sep_row46_col5.csv,0.15590357780456543
row_more_sep_row27_col7.csv,0.16289281845092773
row_extra_quote27_col2.csv,0.16202425956726074
row_less_sep_row2_col5.csv,0.15996098518371582
row_more_sep_row34_col3.csv,0.15104413032531738
row_less_sep_row81_col2.csv,0.1603560447692871
row_more_sep_row66_col8.csv,0.15065574645996094
row_extra_quote73_col4.csv,0.16355252265930176
row_more_sep_row14_col1.csv,0.1529386043548584
row_extra_quote80_col7.csv,0.1586904525756836
row_more_sep_row60_col3.csv,0.15540719032287598
row_more_sep_row29_col7.csv,0.14823532104492188
row_more_sep_row8_col0.csv,0.16465091705322266
row_more_sep_row65_col4.csv,0.14717340469360352
row_extra_quote79_col5.csv,0.16577720642089844
row_more_sep_row49_col5.csv,0.15550637245178223
row_extra_quote29_col3.csv,0.17105507850646973
row_more_sep_row83_col0.csv,0.1613006591796875
row_more_sep_row61_col6.csv,0.1679399013519287
row_extra_quote20_col8.csv,0.16505885124206543
row_less_sep_row48_col1.csv,0.18553972244262695
row_extra_quote23_col7.csv,0.16787314414978027
row_less_sep_row34_col2.csv,0.15885233879089355
row_more_sep_row23_col1.csv,0.2408149242401123
row_more_sep_row73_col4.csv,0.17367792129516602
row_extra_quote36_col3.csv,0.22013401985168457
row_more_sep_row45_col3.csv,0.18346476554870605
row_more_sep_row67_col2.csv,0.1886765956878662
row_extra_quote31_col5.csv,0.1869649887084961
row_extra_quote77_col5.csv,0.2122020721435547
row_less_sep_row62_col5.csv,0.17447876930236816
row_less_sep_row49_col8.csv,0.17740249633789062
row_more_sep_row33_col7.csv,0.16476893424987793
row_less_sep_row7_col3.csv,0.16588521003723145
row_less_sep_row75_col2.csv,0.1808185577392578
row_more_sep_row28_col7.csv,0.16816282272338867
row_more_sep_row26_col2.csv,0.1531217098236084
row_extra_quote52_col8.csv,0.15244102478027344
row_less_sep_row49_col1.csv,0.15508651733398438
row_less_sep_row44_col4.csv,0.1618351936340332
row_extra_quote72_col0.csv,0.1521756649017334
row_less_sep_row8_col7.csv,0.14748001098632812
row_extra_quote65_col1.csv,0.15712976455688477
row_extra_quote74_col0.csv,0.15187335014343262
row_more_sep_row17_col5.csv,0.14848589897155762
row_field_delimiter_43_0x20.csv,0.15604901313781738
row_more_sep_row43_col6.csv,0.15003705024719238
row_extra_quote9_col2.csv,0.15578866004943848
row_field_delimiter_47_0x20.csv,0.15691685676574707
row_more_sep_row72_col0.csv,0.14799022674560547
row_less_sep_row56_col7.csv,-2.6076934337615967
row_less_sep_row8_col1.csv,0.1405496597290039
row_extra_quote15_col5.csv,0.15430998802185059
row_extra_quote67_col6.csv,0.14744186401367188
row_more_sep_row0_col2.csv,0.15061044692993164
row_extra_quote72_col5.csv,0.14584612846374512
row_extra_quote29_col1.csv,0.16305804252624512
row_extra_quote48_col6.csv,0.15341806411743164
row_more_sep_row9_col4.csv,0.14656496047973633
row_extra_quote17_col5.csv,0.15390491485595703
row_extra_quote46_col6.csv,0.15583062171936035
row_less_sep_row7_col2.csv,0.1444838047027588
row_extra_quote64_col4.csv,0.1477372646331787
row_extra_quote55_col8.csv,0.1420750617980957
row_extra_quote43_col1.csv,0.14426755905151367
row_less_sep_row4_col8.csv,0.14572715759277344
row_more_sep_row24_col0.csv,0.13670635223388672
row_extra_quote25_col8.csv,0.14537262916564941
row_less_sep_row74_col8.csv,0.14759349822998047
row_extra_quote30_col8.csv,0.152848482131958
row_less_sep_row13_col7.csv,0.15647673606872559
row_less_sep_row80_col4.csv,0.15470623970031738
row_less_sep_row62_col1.csv,0.1562633514404297
row_less_sep_row1_col6.csv,0.1589813232421875
row_extra_quote66_col1.csv,0.15344595909118652
row_more_sep_row83_col1.csv,0.14880895614624023
row_more_sep_row0_col8.csv,0.1614990234375
row_extra_quote40_col4.csv,0.15169382095336914
row_less_sep_row83_col3.csv,0.15083885192871094
row_extra_quote69_col4.csv,0.1532878875732422
row_extra_quote48_col1.csv,0.15115118026733398
file_quotation_char_none.csv,0.1542038917541504
row_more_sep_row5_col2.csv,0.16979527473449707
row_more_sep_row55_col5.csv,0.14748907089233398
row_less_sep_row1_col7.csv,0.15997838973999023
row_extra_quote75_col7.csv,0.15258002281188965
row_less_sep_row12_col6.csv,0.10179972648620605
row_less_sep_row34_col7.csv,0.14945650100708008
row_extra_quote48_col5.csv,0.15532708168029785
row_extra_quote26_col5.csv,0.15250015258789062
row_extra_quote66_col2.csv,0.14989757537841797
row_more_sep_row7_col3.csv,0.15201854705810547
row_extra_quote64_col7.csv,0.15102887153625488
row_less_sep_row64_col4.csv,0.14930033683776855
row_more_sep_row33_col4.csv,0.17387890815734863
row_less_sep_row59_col8.csv,0.16547775268554688
row_extra_quote26_col0.csv,0.18041157722473145
row_extra_quote58_col5.csv,0.17079901695251465
row_less_sep_row33_col6.csv,0.16576719284057617
row_more_sep_row52_col4.csv,0.1666853427886963
row_more_sep_row44_col0.csv,0.15199804306030273
row_extra_quote82_col8.csv,0.16034221649169922
row_extra_quote3_col7.csv,0.1589822769165039
row_field_delimiter_2_0x20.csv,0.1643505096435547
row_more_sep_row45_col6.csv,0.1682116985321045
row_extra_quote3_col0.csv,0.1659550666809082
row_less_sep_row34_col5.csv,0.17193388938903809
row_extra_quote65_col8.csv,0.18397140502929688
row_more_sep_row53_col4.csv,0.18873286247253418
row_less_sep_row72_col5.csv,0.19275283813476562
file_record_delimiter_0xD.csv,0.11771702766418457
row_less_sep_row9_col2.csv,0.17975258827209473
row_extra_quote52_col6.csv,0.17054176330566406
row_less_sep_row9_col7.csv,0.16024470329284668
row_extra_quote75_col1.csv,0.16184020042419434
row_less_sep_row66_col3.csv,0.15529179573059082
row_extra_quote51_col5.csv,0.16521286964416504
row_extra_quote30_col2.csv,0.1705784797668457
row_more_sep_row45_col1.csv,0.15619468688964844
row_extra_quote4_col7.csv,0.16189050674438477
row_less_sep_row68_col8.csv,0.16944646835327148
row_more_sep_row75_col3.csv,0.16535568237304688
row_more_sep_row59_col6.csv,0.17106199264526367
row_extra_quote30_col6.csv,0.17559432983398438
row_extra_quote11_col3.csv,0.15331006050109863
row_more_sep_row43_col4.csv,0.15436315536499023
row_more_sep_row73_col7.csv,0.1467757225036621
row_less_sep_row61_col5.csv,0.1549234390258789
row_less_sep_row72_col7.csv,0.15793085098266602
row_less_sep_row8_col4.csv,0.15432381629943848
row_more_sep_row43_col0.csv,0.15307974815368652
row_extra_quote55_col5.csv,0.16245031356811523
row_extra_quote40_col3.csv,0.15541934967041016
row_extra_quote61_col0.csv,0.15165042877197266
row_less_sep_row41_col5.csv,0.15798282623291016
row_less_sep_row62_col6.csv,0.10126161575317383
row_more_sep_row41_col8.csv,0.14917349815368652
row_less_sep_row1_col4.csv,0.17467975616455078
row_extra_quote74_col1.csv,0.16341733932495117
row_extra_quote78_col0.csv,0.1596379280090332
row_extra_quote78_col6.csv,0.17351198196411133
row_more_sep_row70_col2.csv,0.15923500061035156
row_more_sep_row23_col5.csv,0.16286492347717285
row_more_sep_row71_col3.csv,0.1568441390991211
row_less_sep_row74_col5.csv,0.16193747520446777
row_more_sep_row30_col3.csv,0.16935181617736816
row_field_delimiter_46_0x20.csv,0.16522550582885742
row_extra_quote37_col8.csv,0.16577768325805664
row_more_sep_row59_col5.csv,0.14986348152160645
row_extra_quote38_col1.csv,0.1622176170349121
row_less_sep_row43_col2.csv,0.15216994285583496
row_more_sep_row41_col6.csv,0.14668703079223633
row_less_sep_row64_col7.csv,0.1658627986907959
row_less_sep_row18_col3.csv,0.1684706211090088
row_more_sep_row63_col7.csv,0.1620795726776123
row_extra_quote4_col1.csv,0.16600942611694336
row_less_sep_row67_col1.csv,0.16223716735839844
row_more_sep_row60_col2.csv,0.15161490440368652
row_more_sep_row77_col5.csv,0.15379929542541504
row_more_sep_row29_col5.csv,0.15822196006774902
row_extra_quote2_col3.csv,0.1549077033996582
row_extra_quote78_col5.csv,0.15384531021118164
row_less_sep_row64_col5.csv,0.10181760787963867
row_extra_quote60_col7.csv,0.15651202201843262
row_less_sep_row73_col6.csv,0.14719605445861816
row_less_sep_row79_col5.csv,0.1523425579071045
row_extra_quote45_col2.csv,0.15509438514709473
row_more_sep_row33_col8.csv,0.1495676040649414
row_less_sep_row35_col2.csv,0.1557614803314209
row_more_sep_row35_col3.csv,0.15058302879333496
row_more_sep_row76_col6.csv,0.15024352073669434
row_less_sep_row41_col8.csv,0.1513807773590088
row_extra_quote67_col4.csv,0.15541863441467285
row_extra_quote62_col0.csv,0.15611004829406738
row_more_sep_row10_col1.csv,0.14616823196411133
row_extra_quote30_col4.csv,0.1551055908203125
row_less_sep_row24_col5.csv,0.1531820297241211
row_less_sep_row68_col1.csv,0.15371298789978027
row_more_sep_row0_col1.csv,0.15923619270324707
row_more_sep_row31_col0.csv,0.14684820175170898
row_less_sep_row51_col2.csv,0.15237760543823242
row_more_sep_row56_col6.csv,0.15186667442321777
row_more_sep_row39_col2.csv,0.1492929458618164
row_less_sep_row19_col6.csv,0.15100669860839844
row_less_sep_row12_col1.csv,0.15563058853149414
row_extra_quote42_col3.csv,0.1556096076965332
row_more_sep_row79_col3.csv,0.15464997291564941
row_extra_quote59_col7.csv,0.1595451831817627
row_more_sep_row36_col5.csv,0.1490921974182129
row_extra_quote57_col5.csv,0.15317964553833008
row_less_sep_row41_col7.csv,0.15611982345581055
row_more_sep_row29_col4.csv,0.1519758701324463
row_extra_quote67_col1.csv,0.15223431587219238
row_extra_quote48_col0.csv,0.15413451194763184
row_extra_quote7_col7.csv,0.15270781517028809
row_extra_quote72_col7.csv,0.15456485748291016
row_more_sep_row16_col4.csv,0.15175628662109375
row_extra_quote59_col2.csv,0.15260815620422363
row_field_delimiter_81_0x20.csv,0.14963436126708984
row_less_sep_row71_col8.csv,0.15273523330688477
row_more_sep_row23_col7.csv,0.14303040504455566
row_less_sep_row63_col5.csv,0.14884042739868164
row_less_sep_row52_col5.csv,0.1589953899383545
row_more_sep_row19_col6.csv,0.14647507667541504
row_extra_quote36_col2.csv,0.15459227561950684
row_extra_quote33_col4.csv,0.1580815315246582
row_more_sep_row12_col2.csv,0.14719867706298828
row_more_sep_row68_col1.csv,0.14513111114501953
row_more_sep_row27_col1.csv,0.15048599243164062
row_more_sep_row44_col1.csv,0.15187811851501465
row_less_sep_row13_col8.csv,0.1523447036743164
row_extra_quote62_col2.csv,0.15533804893493652
row_extra_quote20_col3.csv,0.15471982955932617
row_more_sep_row51_col4.csv,0.1490621566772461
row_extra_quote14_col6.csv,0.15558767318725586
row_more_sep_row4_col4.csv,0.15229153633117676
row_extra_quote3_col3.csv,0.15038180351257324
row_extra_quote38_col7.csv,0.1613478660583496
row_less_sep_row40_col8.csv,0.15523958206176758
row_less_sep_row77_col2.csv,0.1520845890045166
row_more_sep_row20_col1.csv,0.15125250816345215
row_less_sep_row44_col5.csv,0.15345406532287598
row_extra_quote76_col0.csv,0.16014909744262695
row_less_sep_row70_col4.csv,0.15465784072875977
row_more_sep_row20_col0.csv,0.14393949508666992
row_less_sep_row76_col7.csv,0.15521454811096191
row_less_sep_row6_col4.csv,0.15284967422485352
row_extra_quote83_col8.csv,0.09722614288330078
row_extra_quote57_col3.csv,0.15207576751708984
row_less_sep_row14_col2.csv,0.1598045825958252
row_extra_quote6_col4.csv,0.15226984024047852
row_less_sep_row6_col2.csv,0.15388727188110352
row_extra_quote70_col5.csv,0.15720653533935547
row_more_sep_row3_col7.csv,0.14779949188232422
row_field_delimiter_0_0x20.csv,0.15735888481140137
row_field_delimiter_9_0x20.csv,0.15506696701049805
row_more_sep_row6_col3.csv,0.14591574668884277
row_less_sep_row63_col4.csv,0.15482497215270996
row_extra_quote23_col8.csv,0.15053105354309082
row_more_sep_row0_col4.csv,0.09964275360107422
file_no_trailing_newline.csv,0.09713387489318848
row_extra_quote24_col6.csv,0.1547229290008545
row_extra_quote64_col6.csv,0.14774513244628906
row_field_delimiter_77_0x20.csv,0.15444278717041016
row_extra_quote57_col1.csv,0.1513042449951172
row_extra_quote29_col0.csv,0.15297222137451172
row_extra_quote34_col7.csv,0.1528928279876709
row_extra_quote43_col4.csv,0.1508784294128418
row_more_sep_row24_col7.csv,0.15135502815246582
row_extra_quote65_col4.csv,0.15532302856445312
row_less_sep_row66_col7.csv,0.15050387382507324
row_more_sep_row46_col0.csv,0.1489720344543457
row_extra_quote48_col8.csv,0.15529894828796387
row_less_sep_row8_col2.csv,0.15126991271972656
row_more_sep_row35_col2.csv,0.14739370346069336
row_extra_quote71_col7.csv,0.1555347442626953
row_extra_quote24_col0.csv,-2.673130512237549
row_less_sep_row27_col1.csv,0.14681601524353027
row_less_sep_row72_col2.csv,0.14457273483276367
row_less_sep_row2_col1.csv,0.14069223403930664
row_less_sep_row23_col1.csv,0.1442430019378662
row_less_sep_row19_col5.csv,0.09103178977966309
row_more_sep_row36_col6.csv,0.13465023040771484
row_extra_quote59_col0.csv,0.14651179313659668
row_extra_quote81_col2.csv,0.15817975997924805
row_less_sep_row47_col6.csv,0.10606980323791504
row_less_sep_row26_col4.csv,0.14692115783691406
row_less_sep_row0_col6.csv,0.09970259666442871
row_extra_quote9_col8.csv,0.1427605152130127
row_extra_quote59_col4.csv,0.14375734329223633
row_more_sep_row47_col3.csv,0.13331007957458496
row_more_sep_row42_col5.csv,0.13514423370361328
row_extra_quote74_col7.csv,0.1461167335510254
row_extra_quote51_col8.csv,0.151045560836792
row_more_sep_row49_col7.csv,0.13785600662231445
row_more_sep_row22_col4.csv,0.1312711238861084
row_more_sep_row7_col8.csv,0.14409732818603516
row_less_sep_row59_col1.csv,0.1455857753753662
row_more_sep_row77_col0.csv,0.14722132682800293
row_more_sep_row59_col0.csv,0.15105676651000977
row_more_sep_row15_col6.csv,0.14656448364257812
row_less_sep_row3_col6.csv,0.09778285026550293
row_more_sep_row54_col5.csv,0.1503896713256836
row_more_sep_row34_col5.csv,0.1472783088684082
row_extra_quote56_col5.csv,0.15080904960632324
row_more_sep_row10_col4.csv,0.1431722640991211
row_extra_quote48_col4.csv,0.15602755546569824
row_more_sep_row2_col5.csv,0.1462399959564209
row_less_sep_row53_col5.csv,0.14911532402038574
row_more_sep_row9_col3.csv,0.14593744277954102
row_less_sep_row13_col4.csv,0.15803050994873047
row_more_sep_row71_col6.csv,0.1458437442779541
row_less_sep_row83_col5.csv,0.09736037254333496
row_extra_quote64_col2.csv,0.1490330696105957
row_less_sep_row53_col2.csv,0.15130400657653809
row_extra_quote26_col8.csv,0.15038084983825684
row_less_sep_row64_col1.csv,0.15408563613891602
row_extra_quote72_col8.csv,0.15870451927185059
row_extra_quote43_col0.csv,0.16653823852539062
row_extra_quote14_col1.csv,0.1647014617919922
row_more_sep_row75_col1.csv,0.14714574813842773
row_less_sep_row46_col7.csv,0.15447735786437988
row_field_delimiter_66_0x20.csv,0.15378999710083008
row_extra_quote17_col2.csv,0.14750432968139648
row_more_sep_row66_col6.csv,0.14876770973205566
row_extra_quote14_col5.csv,0.15241718292236328
row_more_sep_row61_col7.csv,0.14710497856140137
row_extra_quote3_col2.csv,0.1548149585723877
row_more_sep_row68_col0.csv,0.1465146541595459
row_less_sep_row53_col7.csv,0.15231704711914062
row_more_sep_row42_col7.csv,0.15190982818603516
row_more_sep_row2_col6.csv,0.14336252212524414
row_less_sep_row16_col4.csv,0.15177297592163086
row_extra_quote13_col4.csv,0.1602938175201416
row_less_sep_row19_col8.csv,0.17241907119750977
row_less_sep_row52_col2.csv,0.20412254333496094
row_extra_quote2_col4.csv,0.19585204124450684
row_less_sep_row57_col8.csv,0.16573715209960938
row_field_delimiter_11_0x20.csv,0.160935640335083
row_less_sep_row38_col8.csv,0.1689002513885498
file_multitable_same.csv,0.13835787773132324
row_extra_quote50_col2.csv,0.15385007858276367
file_one_data_row.csv,0.06345915794372559
row_less_sep_row55_col3.csv,0.17398405075073242
row_more_sep_row22_col2.csv,0.15159201622009277
row_more_sep_row66_col3.csv,0.15064787864685059
row_more_sep_row45_col7.csv,0.15535545349121094
row_less_sep_row44_col7.csv,0.16426992416381836
row_more_sep_row55_col3.csv,0.15460944175720215
row_more_sep_row14_col2.csv,0.15331554412841797
row_extra_quote29_col6.csv,0.15868401527404785
row_more_sep_row61_col3.csv,0.14700913429260254
row_more_sep_row80_col4.csv,0.14865803718566895
row_extra_quote18_col8.csv,0.15053725242614746
row_more_sep_row69_col5.csv,0.14908242225646973
row_extra_quote33_col6.csv,0.15552091598510742
row_extra_quote4_col8.csv,0.15363717079162598
row_less_sep_row14_col8.csv,0.15721416473388672
row_extra_quote61_col6.csv,0.15519332885742188
row_extra_quote25_col5.csv,0.14995551109313965
row_less_sep_row9_col1.csv,0.1508164405822754
row_extra_quote2_col5.csv,0.15836787223815918
row_less_sep_row9_col4.csv,0.14966964721679688
row_less_sep_row52_col3.csv,0.15351557731628418
row_extra_quote82_col2.csv,0.1600170135498047
row_more_sep_row32_col2.csv,0.14278841018676758
row_more_sep_row13_col5.csv,0.14779996871948242
row_more_sep_row45_col2.csv,0.14926576614379883
row_more_sep_row64_col4.csv,0.14749407768249512
row_more_sep_row47_col6.csv,0.1499767303466797
row_less_sep_row51_col8.csv,0.15270662307739258
row_more_sep_row82_col6.csv,0.1465895175933838
row_less_sep_row51_col1.csv,0.15703129768371582
row_more_sep_row9_col0.csv,0.1461646556854248
row_extra_quote65_col0.csv,0.14982032775878906
row_less_sep_row47_col5.csv,0.15831422805786133
row_field_delimiter_25_0x20.csv,0.15694808959960938
row_less_sep_row27_col7.csv,0.15363454818725586
file_multitable_less.csv,0.20696020126342773
row_more_sep_row11_col7.csv,0.14265155792236328
row_more_sep_row64_col8.csv,0.1504819393157959
row_more_sep_row11_col3.csv,0.1496577262878418
row_more_sep_row62_col1.csv,0.1437063217163086
row_extra_quote15_col7.csv,0.15662574768066406
row_more_sep_row68_col7.csv,0.1490166187286377
row_more_sep_row66_col1.csv,0.14614295959472656
row_less_sep_row65_col1.csv,0.15437746047973633
row_more_sep_row51_col7.csv,0.1487443447113037
row_extra_quote6_col1.csv,0.15184688568115234
row_extra_quote49_col6.csv,0.15370965003967285
row_more_sep_row81_col7.csv,0.1507720947265625
row_more_sep_row0_col6.csv,0.15157604217529297
row_less_sep_row68_col6.csv,0.15008997917175293
row_less_sep_row74_col6.csv,0.15441226959228516
row_more_sep_row14_col4.csv,0.1467609405517578
row_extra_quote42_col1.csv,0.16087961196899414
row_extra_quote10_col8.csv,0.15358185768127441
row_extra_quote11_col0.csv,0.15427422523498535
row_more_sep_row35_col1.csv,0.15018630027770996
row_less_sep_row32_col5.csv,0.10158228874206543
row_more_sep_row73_col3.csv,0.15119147300720215
row_extra_quote43_col8.csv,0.1474909782409668
row_more_sep_row21_col3.csv,0.1469433307647705
row_extra_quote78_col3.csv,0.1549668312072754
row_less_sep_row32_col3.csv,0.1548149585723877
row_less_sep_row66_col6.csv,0.15090584754943848
row_less_sep_row0_col2.csv,0.15061593055725098
row_more_sep_row49_col3.csv,0.14735198020935059
row_extra_quote43_col6.csv,0.16083383560180664
row_less_sep_row43_col7.csv,0.15529155731201172
row_extra_quote26_col7.csv,0.1537477970123291
row_field_delimiter_26_0x20.csv,0.16043424606323242
row_more_sep_row46_col8.csv,0.1451883316040039
row_extra_quote52_col1.csv,0.15485668182373047
row_more_sep_row75_col6.csv,0.14796161651611328
row_less_sep_row56_col5.csv,0.1525886058807373
row_extra_quote2_col8.csv,0.15340209007263184
row_extra_quote8_col5.csv,0.15653300285339355
row_more_sep_row70_col8.csv,0.1437854766845703
row_more_sep_row43_col1.csv,0.15152430534362793
row_more_sep_row24_col4.csv,0.14712810516357422
row_extra_quote56_col0.csv,0.1530144214630127
row_more_sep_row41_col7.csv,0.15007734298706055
row_more_sep_row22_col8.csv,0.1475515365600586
row_extra_quote73_col5.csv,0.15063095092773438
row_more_sep_row71_col5.csv,0.1502528190612793
row_more_sep_row32_col3.csv,0.15473699569702148
row_extra_quote63_col6.csv,0.15154027938842773
row_less_sep_row8_col3.csv,0.15420842170715332
row_more_sep_row16_col2.csv,0.14663124084472656
row_more_sep_row75_col5.csv,0.15124940872192383
row_more_sep_row1_col3.csv,0.14724087715148926
row_less_sep_row80_col8.csv,0.1521759033203125
row_more_sep_row29_col3.csv,0.14918184280395508
row_less_sep_row11_col5.csv,0.15082406997680664
row_field_delimiter_49_0x20.csv,0.1529068946838379
row_extra_quote39_col8.csv,0.15089750289916992
row_less_sep_row57_col3.csv,0.16121840476989746
row_less_sep_row7_col5.csv,0.15372943878173828
row_less_sep_row82_col3.csv,0.15048766136169434
row_extra_quote0_col2.csv,0.1308574676513672
row_less_sep_row11_col8.csv,0.1560680866241455
row_less_sep_row58_col8.csv,0.15449142456054688
row_more_sep_row11_col8.csv,0.15268373489379883
row_more_sep_row23_col3.csv,0.152008056640625
row_less_sep_row32_col2.csv,0.15610432624816895
row_less_sep_row22_col8.csv,0.15974020957946777
row_less_sep_row42_col1.csv,0.1527099609375
row_more_sep_row70_col1.csv,0.1517934799194336
row_less_sep_row5_col3.csv,0.15741705894470215
row_extra_quote18_col5.csv,0.15176725387573242
row_less_sep_row64_col3.csv,0.16246366500854492
row_field_delimiter_39_0x20.csv,0.15561771392822266
row_extra_quote38_col2.csv,0.15441155433654785
row_less_sep_row15_col3.csv,0.16171932220458984
row_extra_quote21_col8.csv,0.1568925380706787
row_less_sep_row54_col7.csv,0.1513664722442627
row_extra_quote52_col2.csv,0.16084790229797363
row_less_sep_row79_col4.csv,0.15399789810180664
row_more_sep_row58_col7.csv,0.1484687328338623
row_extra_quote63_col7.csv,0.1600329875946045
row_extra_quote63_col2.csv,0.1563413143157959
row_less_sep_row20_col7.csv,0.157029390335083
row_extra_quote33_col0.csv,0.15484881401062012
row_more_sep_row33_col0.csv,0.14914941787719727
row_extra_quote26_col6.csv,0.15984249114990234
row_less_sep_row45_col6.csv,0.1590259075164795
row_more_sep_row55_col8.csv,0.15247321128845215
row_less_sep_row26_col2.csv,0.1584477424621582
row_more_sep_row58_col3.csv,0.15163636207580566
row_more_sep_row72_col8.csv,0.14636969566345215
row_extra_quote82_col5.csv,0.16088414192199707
row_more_sep_row45_col0.csv,0.1533057689666748
row_extra_quote37_col1.csv,0.15815973281860352
row_more_sep_row16_col6.csv,0.1511375904083252
row_more_sep_row63_col5.csv,0.14961481094360352
row_extra_quote54_col5.csv,0.1617288589477539
row_more_sep_row2_col8.csv,0.14721059799194336
row_extra_quote58_col6.csv,0.15894317626953125
row_less_sep_row16_col8.csv,0.15160417556762695
row_less_sep_row64_col6.csv,0.15297794342041016
row_less_sep_row36_col5.csv,0.16403698921203613
row_less_sep_row29_col6.csv,0.15277647972106934
row_more_sep_row0_col0.csv,0.154144287109375
row_less_sep_row59_col4.csv,0.1551375389099121
row_less_sep_row14_col6.csv,0.10224652290344238
row_more_sep_row16_col7.csv,0.1446690559387207
row_less_sep_row60_col4.csv,0.14792728424072266
row_less_sep_row8_col8.csv,-2.6511218547821045
row_less_sep_row5_col4.csv,0.14902377128601074
row_more_sep_row73_col5.csv,0.14756011962890625
row_extra_quote10_col2.csv,0.14241623878479004
row_extra_quote67_col8.csv,0.1437537670135498
row_extra_quote79_col4.csv,0.1398916244506836
row_less_sep_row71_col3.csv,0.15213966369628906
row_extra_quote32_col0.csv,0.1459980010986328
row_extra_quote39_col1.csv,0.1473395824432373
row_extra_quote31_col4.csv,0.1401960849761963
row_more_sep_row54_col4.csv,0.13657259941101074
row_extra_quote77_col2.csv,0.14630842208862305
row_more_sep_row58_col5.csv,0.1366422176361084
row_more_sep_row46_col1.csv,0.13454985618591309
row_less_sep_row69_col7.csv,0.15181612968444824
row_less_sep_row25_col5.csv,0.14362287521362305
row_less_sep_row7_col7.csv,0.14229559898376465
row_extra_quote52_col5.csv,0.14586520195007324
file_no_header.csv,0.09343862533569336
row_more_sep_row80_col2.csv,0.13834881782531738
row_less_sep_row72_col6.csv,0.10320377349853516
row_extra_quote17_col6.csv,0.15687155723571777
row_extra_quote65_col2.csv,0.15376639366149902
row_field_delimiter_12_0x20.csv,0.158768892288208
row_more_sep_row77_col8.csv,0.1490800380706787
row_less_sep_row55_col4.csv,0.15369343757629395
row_extra_quote28_col8.csv,0.15517258644104004
row_less_sep_row71_col5.csv,0.10091829299926758
row_extra_quote32_col6.csv,0.15316152572631836
row_extra_quote12_col6.csv,0.1438279151916504
row_less_sep_row17_col5.csv,0.15412235260009766
row_less_sep_row74_col4.csv,0.15793156623840332
row_more_sep_row12_col6.csv,0.1510770320892334
row_more_sep_row30_col8.csv,0.15958333015441895
row_less_sep_row75_col1.csv,0.16205215454101562
row_extra_quote9_col1.csv,0.15193605422973633
row_extra_quote8_col8.csv,0.1523118019104004
row_more_sep_row40_col4.csv,0.14713168144226074
row_less_sep_row10_col4.csv,0.15068626403808594
row_extra_quote45_col4.csv,0.15393757820129395
row_more_sep_row27_col2.csv,0.14303922653198242
row_less_sep_row45_col4.csv,0.1491560935974121
row_extra_quote34_col1.csv,0.15770602226257324
row_less_sep_row66_col8.csv,0.15459656715393066
row_more_sep_row79_col4.csv,0.14333534240722656
row_more_sep_row27_col0.csv,0.1517338752746582
row_less_sep_row13_col1.csv,0.15876507759094238
row_less_sep_row0_col5.csv,0.14030241966247559
row_less_sep_row47_col7.csv,0.16504955291748047
row_more_sep_row1_col7.csv,0.15595507621765137
row_field_delimiter_13_0x20.csv,0.1523118019104004
row_less_sep_row10_col6.csv,0.15632867813110352
row_field_delimiter_20_0x20.csv,0.15722036361694336
row_more_sep_row61_col2.csv,0.1451420783996582
row_less_sep_row11_col7.csv,0.15526270866394043
row_less_sep_row21_col6.csv,0.1570143699645996
row_more_sep_row21_col1.csv,0.1487579345703125
row_less_sep_row3_col3.csv,0.16581940650939941
row_extra_quote70_col6.csv,0.15474772453308105
row_more_sep_row13_col8.csv,0.15140271186828613
row_more_sep_row39_col3.csv,0.1523113250732422
row_less_sep_row46_col1.csv,0.15888357162475586
row_less_sep_row27_col5.csv,0.15279150009155273
row_more_sep_row55_col0.csv,0.15549778938293457
row_extra_quote24_col5.csv,0.16427898406982422
row_extra_quote49_col4.csv,0.15557575225830078
row_extra_quote70_col1.csv,0.18479633331298828
row_extra_quote26_col1.csv,0.1547989845275879
row_less_sep_row80_col7.csv,0.16018223762512207
row_more_sep_row46_col5.csv,0.14866256713867188
row_less_sep_row77_col8.csv,0.15679264068603516
row_more_sep_row17_col3.csv,0.15479350090026855
row_extra_quote37_col4.csv,0.15151643753051758
row_more_sep_row80_col3.csv,0.1476597785949707
row_less_sep_row47_col1.csv,0.14783000946044922
row_extra_quote4_col2.csv,0.14906883239746094
row_less_sep_row24_col2.csv,0.1540830135345459
row_more_sep_row63_col6.csv,0.14718031883239746
row_extra_quote1_col8.csv,0.15080690383911133
row_less_sep_row40_col3.csv,0.15367770195007324
row_less_sep_row52_col8.csv,0.1524956226348877
row_less_sep_row38_col6.csv,0.15013933181762695
row_extra_quote45_col1.csv,0.15598559379577637
row_more_sep_row58_col2.csv,0.14763855934143066
row_less_sep_row48_col8.csv,0.15312910079956055
row_more_sep_row40_col5.csv,0.1491410732269287
row_extra_quote48_col7.csv,0.1519479751586914
row_more_sep_row18_col2.csv,0.14241814613342285
row_more_sep_row53_col1.csv,0.15261149406433105
row_more_sep_row20_col4.csv,0.1545259952545166
row_more_sep_row40_col3.csv,0.15632200241088867
row_extra_quote5_col4.csv,0.16763567924499512
row_extra_quote70_col4.csv,0.17624306678771973
row_less_sep_row48_col3.csv,0.17120027542114258
row_extra_quote24_col8.csv,0.16818809509277344
row_more_sep_row37_col8.csv,0.16256976127624512
row_more_sep_row64_col3.csv,0.1578822135925293
row_less_sep_row3_col4.csv,0.16619038581848145
row_more_sep_row65_col7.csv,0.1553964614868164
row_more_sep_row42_col3.csv,0.148148775100708
row_extra_quote14_col8.csv,0.15490031242370605
row_less_sep_row45_col3.csv,0.15319037437438965
row_extra_quote43_col2.csv,0.15497231483459473
row_less_sep_row67_col3.csv,0.15473437309265137
row_more_sep_row69_col4.csv,0.1450645923614502
row_less_sep_row66_col5.csv,0.15653085708618164
row_more_sep_row67_col0.csv,0.14824175834655762
row_extra_quote81_col8.csv,0.1535177230834961
row_less_sep_row32_col6.csv,0.15482282638549805
row_less_sep_row28_col1.csv,0.15734338760375977
row_more_sep_row65_col0.csv,0.14737844467163086
row_extra_quote28_col4.csv,0.16072440147399902
row_more_sep_row53_col2.csv,0.14873313903808594
row_extra_quote67_col3.csv,0.1515672206878662
row_extra_quote20_col4.csv,0.15895509719848633
row_more_sep_row48_col3.csv,0.15282368659973145
row_less_sep_row45_col8.csv,0.15277695655822754
row_less_sep_row62_col4.csv,0.15923428535461426
row_less_sep_row20_col4.csv,0.15113091468811035
row_less_sep_row41_col1.csv,0.1528000831604004
row_less_sep_row57_col4.csv,0.16135740280151367
row_more_sep_row51_col8.csv,0.14827728271484375
row_less_sep_row37_col1.csv,0.14983320236206055
row_more_sep_row6_col2.csv,0.15007472038269043
row_more_sep_row26_col6.csv,0.14923834800720215
row_less_sep_row27_col3.csv,0.16525959968566895
row_extra_quote1_col7.csv,0.15544795989990234
row_extra_quote40_col7.csv,0.15365123748779297
row_more_sep_row71_col1.csv,0.15052294731140137
row_extra_quote80_col4.csv,0.15149354934692383
row_extra_quote51_col6.csv,0.15364599227905273
row_extra_quote43_col3.csv,0.1582956314086914
row_more_sep_row2_col1.csv,0.1486797332763672
row_extra_quote53_col5.csv,0.15378832817077637
row_less_sep_row63_col2.csv,0.1552133560180664
row_extra_quote18_col3.csv,0.15265774726867676
row_less_sep_row0_col4.csv,0.10461115837097168
row_less_sep_row13_col3.csv,0.15576910972595215
row_more_sep_row27_col8.csv,0.15231013298034668
row_extra_quote65_col6.csv,0.14940309524536133
row_less_sep_row75_col8.csv,0.1618056297302246
row_more_sep_row25_col0.csv,0.1476306915283203
row_less_sep_row37_col4.csv,0.1545398235321045
row_extra_quote68_col1.csv,0.1528639793395996
row_less_sep_row35_col7.csv,0.14517688751220703
row_more_sep_row46_col6.csv,0.14680862426757812
row_extra_quote57_col8.csv,0.15766239166259766
row_more_sep_row44_col5.csv,0.14774799346923828
row_extra_quote5_col3.csv,0.15154600143432617
file_field_delimiter_0x20.csv,0.1546030044555664
row_more_sep_row39_col6.csv,0.14894747734069824
row_extra_quote7_col3.csv,0.15262818336486816
row_less_sep_row23_col5.csv,0.16429710388183594
row_more_sep_row36_col1.csv,0.14667177200317383
row_less_sep_row77_col3.csv,0.15197992324829102
row_field_delimiter_17_0x20.csv,0.15886545181274414
row_less_sep_row47_col4.csv,0.1566600799560547
row_less_sep_row43_col1.csv,0.15169382095336914
row_more_sep_row64_col0.csv,0.15064024925231934
row_extra_quote58_col0.csv,0.15117311477661133
row_less_sep_row29_col4.csv,0.15091705322265625
row_more_sep_row82_col1.csv,0.15620779991149902
row_less_sep_row76_col2.csv,0.15420174598693848
row_less_sep_row64_col8.csv,0.15244770050048828
row_less_sep_row22_col6.csv,0.15512776374816895
row_extra_quote80_col8.csv,0.1516704559326172
row_extra_quote9_col0.csv,0.15297508239746094
row_less_sep_row22_col7.csv,0.1584622859954834
row_more_sep_row35_col4.csv,0.14985394477844238
row_more_sep_row69_col0.csv,0.14802765846252441
row_more_sep_row54_col0.csv,0.15572094917297363
row_more_sep_row64_col6.csv,0.15270733833312988
row_field_delimiter_15_0x20.csv,0.15331721305847168
row_more_sep_row68_col4.csv,0.1521921157836914
row_less_sep_row63_col6.csv,0.15716767311096191
row_extra_quote39_col0.csv,0.16097426414489746
row_more_sep_row77_col3.csv,0.15120244026184082
row_extra_quote39_col2.csv,0.15496540069580078
row_less_sep_row26_col6.csv,0.10096311569213867
row_more_sep_row19_col2.csv,0.14925408363342285
row_more_sep_row65_col6.csv,0.14691519737243652
row_more_sep_row72_col7.csv,0.14517450332641602
row_less_sep_row80_col3.csv,0.15706205368041992
