filename,llm_hybrid_parser_gpt_5_4_duckdb_time_0
file_double_trailing_newline.csv,0.13077473640441895
file_escape_char_0x00.csv,0.19245624542236328
file_escape_char_0x5C.csv,0.10790562629699707
file_field_delimiter_0x20.csv,0.17677927017211914
file_field_delimiter_0x2C_0x20.csv,0.11829447746276855
file_field_delimiter_0x3B.csv,0.1087636947631836
file_field_delimiter_0x9.csv,0.11695718765258789
file_header_multirow_2.csv,0.14313220977783203
file_header_multirow_3.csv,0.10211849212646484
file_header_only.csv,0.061040401458740234
file_multitable_less.csv,0.2785773277282715
file_multitable_more.csv,0.2535688877105713
file_multitable_same.csv,0.15036988258361816
file_no_header.csv,0.11505556106567383
file_no_payload.csv,0.03127479553222656
file_no_trailing_newline.csv,0.13352274894714355
file_one_data_row.csv,0.06190323829650879
file_preamble.csv,0.10838031768798828
file_quotation_char_0x27.csv,0.2398681640625
file_record_delimiter_0xA.csv,0.10848402976989746
file_record_delimiter_0xD.csv,0.13468623161315918
row_extra_quote0_col0.csv,0.1309492588043213
row_extra_quote0_col1.csv,0.15750598907470703
row_extra_quote0_col2.csv,0.16193389892578125
row_extra_quote0_col3.csv,0.16505050659179688
row_extra_quote0_col4.csv,0.15511608123779297
row_extra_quote0_col5.csv,0.14229607582092285
row_extra_quote0_col6.csv,0.1447010040283203
row_extra_quote0_col7.csv,0.14830446243286133
row_extra_quote0_col8.csv,0.15743732452392578
row_extra_quote10_col0.csv,0.1777794361114502
row_extra_quote10_col1.csv,0.1829078197479248
row_extra_quote10_col2.csv,0.17681217193603516
row_extra_quote10_col3.csv,0.1686384677886963
row_extra_quote10_col4.csv,0.2279212474822998
row_extra_quote10_col5.csv,0.18975114822387695
row_extra_quote10_col6.csv,0.1911780834197998
row_extra_quote10_col7.csv,0.19191455841064453
row_extra_quote10_col8.csv,0.17821311950683594
row_extra_quote11_col0.csv,0.18459749221801758
row_extra_quote11_col1.csv,0.28860020637512207
row_extra_quote11_col2.csv,0.18256592750549316
row_extra_quote11_col3.csv,0.19616389274597168
row_extra_quote11_col4.csv,0.1745607852935791
row_extra_quote11_col5.csv,0.1853046417236328
row_extra_quote11_col6.csv,-0.4373610019683838
row_extra_quote11_col7.csv,0.19996953010559082
row_extra_quote11_col8.csv,0.17999887466430664
row_extra_quote12_col0.csv,0.19344234466552734
row_extra_quote12_col1.csv,0.18342280387878418
row_extra_quote12_col2.csv,0.1916828155517578
row_extra_quote12_col3.csv,0.18407034873962402
row_extra_quote12_col4.csv,0.20463895797729492
row_extra_quote12_col5.csv,0.1648101806640625
row_extra_quote12_col6.csv,0.18717718124389648
row_extra_quote12_col7.csv,0.1813509464263916
row_extra_quote12_col8.csv,0.17778778076171875
row_extra_quote13_col0.csv,0.18953609466552734
row_extra_quote13_col1.csv,0.18449640274047852
row_extra_quote13_col2.csv,0.19449996948242188
row_extra_quote13_col3.csv,0.1910700798034668
row_extra_quote13_col4.csv,0.1813647747039795
row_extra_quote13_col5.csv,0.17889070510864258
row_extra_quote13_col6.csv,0.1859281063079834
row_extra_quote13_col7.csv,0.19396376609802246
row_extra_quote13_col8.csv,0.19158267974853516
row_extra_quote14_col0.csv,0.1951596736907959
row_extra_quote14_col1.csv,0.1835949420928955
row_extra_quote14_col2.csv,0.20186614990234375
row_extra_quote14_col3.csv,0.1845240592956543
row_extra_quote14_col4.csv,0.17168331146240234
row_extra_quote14_col5.csv,0.189039945602417
row_extra_quote14_col6.csv,0.1823873519897461
row_extra_quote14_col7.csv,0.17168879508972168
row_extra_quote14_col8.csv,0.17816758155822754
row_extra_quote15_col0.csv,0.17626309394836426
row_extra_quote15_col1.csv,0.20046138763427734
row_extra_quote15_col2.csv,0.17211461067199707
row_extra_quote15_col3.csv,0.21467113494873047
row_extra_quote15_col4.csv,0.17847657203674316
row_extra_quote15_col5.csv,0.19979524612426758
row_extra_quote15_col6.csv,0.20564818382263184
row_extra_quote15_col7.csv,0.18074512481689453
row_extra_quote15_col8.csv,0.18344378471374512
row_extra_quote16_col0.csv,0.17917966842651367
row_extra_quote16_col1.csv,0.20032763481140137
row_extra_quote16_col2.csv,0.18339300155639648
row_extra_quote16_col3.csv,0.17656922340393066
row_extra_quote16_col4.csv,0.19930195808410645
row_extra_quote16_col5.csv,0.17731738090515137
row_extra_quote16_col6.csv,0.16629433631896973
row_extra_quote16_col7.csv,0.17793965339660645
row_extra_quote16_col8.csv,0.20528411865234375
row_extra_quote17_col0.csv,0.1763923168182373
row_extra_quote17_col1.csv,0.17918944358825684
row_extra_quote17_col2.csv,0.1833498477935791
row_extra_quote17_col3.csv,0.22524166107177734
row_extra_quote17_col4.csv,0.18940973281860352
row_extra_quote17_col5.csv,0.1955578327178955
row_extra_quote17_col6.csv,0.19926953315734863
row_extra_quote17_col7.csv,0.18380403518676758
row_extra_quote17_col8.csv,0.1791529655456543
row_extra_quote18_col0.csv,0.182664155960083
row_extra_quote18_col1.csv,0.18695878982543945
row_extra_quote18_col2.csv,0.18365836143493652
row_extra_quote18_col3.csv,0.18440890312194824
row_extra_quote18_col4.csv,0.20389890670776367
row_extra_quote18_col5.csv,0.1746070384979248
row_extra_quote18_col6.csv,0.20964264869689941
row_extra_quote18_col7.csv,0.18024849891662598
row_extra_quote18_col8.csv,0.18027329444885254
row_extra_quote19_col0.csv,0.18725872039794922
row_extra_quote19_col1.csv,0.2083594799041748
row_extra_quote19_col2.csv,0.1819920539855957
row_extra_quote19_col3.csv,0.17572617530822754
row_extra_quote19_col4.csv,0.17755341529846191
row_extra_quote19_col5.csv,0.18635249137878418
row_extra_quote19_col6.csv,0.19434142112731934
row_extra_quote19_col7.csv,0.17954707145690918
row_extra_quote19_col8.csv,0.1807715892791748
row_extra_quote1_col0.csv,0.22719502449035645
row_extra_quote1_col1.csv,0.1808021068572998
row_extra_quote1_col2.csv,0.18436169624328613
row_extra_quote1_col3.csv,0.17075753211975098
row_extra_quote1_col4.csv,0.18713140487670898
row_extra_quote1_col5.csv,0.21345019340515137
row_extra_quote1_col6.csv,0.1887214183807373
row_extra_quote1_col7.csv,0.19913196563720703
row_extra_quote1_col8.csv,0.17147135734558105
row_extra_quote20_col0.csv,0.1850886344909668
row_extra_quote20_col1.csv,0.18666839599609375
row_extra_quote20_col2.csv,0.18610429763793945
row_extra_quote20_col3.csv,0.18939542770385742
row_extra_quote20_col4.csv,0.18938279151916504
row_extra_quote20_col5.csv,0.1741185188293457
row_extra_quote20_col6.csv,0.1724240779876709
row_extra_quote20_col7.csv,0.2219703197479248
row_extra_quote20_col8.csv,0.18796110153198242
row_extra_quote21_col0.csv,0.17644548416137695
row_extra_quote21_col1.csv,0.24092698097229004
row_extra_quote21_col2.csv,0.21281862258911133
row_extra_quote21_col3.csv,0.1821749210357666
row_extra_quote21_col4.csv,0.18253326416015625
row_extra_quote21_col5.csv,0.1828019618988037
row_extra_quote21_col6.csv,0.20641207695007324
row_extra_quote21_col7.csv,0.18223333358764648
row_extra_quote21_col8.csv,0.17191123962402344
row_extra_quote22_col0.csv,0.1816692352294922
row_extra_quote22_col1.csv,0.21557068824768066
row_extra_quote22_col2.csv,0.1783287525177002
row_extra_quote22_col3.csv,0.17656159400939941
row_extra_quote22_col4.csv,0.19827938079833984
row_extra_quote22_col5.csv,0.1923236846923828
row_extra_quote22_col6.csv,0.16730856895446777
row_extra_quote22_col7.csv,0.17598366737365723
row_extra_quote22_col8.csv,0.19153332710266113
row_extra_quote23_col0.csv,0.1791231632232666
row_extra_quote23_col1.csv,0.18869471549987793
row_extra_quote23_col2.csv,0.18064594268798828
row_extra_quote23_col3.csv,0.21679377555847168
row_extra_quote23_col4.csv,0.17991995811462402
row_extra_quote23_col5.csv,0.19721484184265137
row_extra_quote23_col6.csv,0.13164830207824707
row_extra_quote23_col7.csv,0.1819767951965332
row_extra_quote23_col8.csv,0.19321441650390625
row_extra_quote24_col0.csv,0.19417428970336914
row_extra_quote24_col1.csv,0.22468829154968262
row_extra_quote24_col2.csv,0.2196187973022461
row_extra_quote24_col3.csv,0.18252968788146973
row_extra_quote24_col4.csv,0.17813920974731445
row_extra_quote24_col5.csv,0.1955280303955078
row_extra_quote24_col6.csv,0.17856168746948242
row_extra_quote24_col7.csv,0.20329737663269043
row_extra_quote24_col8.csv,0.18154144287109375
row_extra_quote25_col0.csv,0.18065905570983887
row_extra_quote25_col1.csv,0.17913055419921875
row_extra_quote25_col2.csv,0.1822490692138672
row_extra_quote25_col3.csv,0.18071556091308594
row_extra_quote25_col4.csv,0.1785755157470703
row_extra_quote25_col5.csv,0.17729473114013672
row_extra_quote25_col6.csv,0.18347740173339844
row_extra_quote25_col7.csv,0.18993139266967773
row_extra_quote25_col8.csv,0.18666958808898926
row_extra_quote26_col0.csv,0.19285964965820312
row_extra_quote26_col1.csv,0.17525219917297363
row_extra_quote26_col2.csv,0.18356037139892578
row_extra_quote26_col3.csv,0.17601871490478516
row_extra_quote26_col4.csv,0.18877053260803223
row_extra_quote26_col5.csv,0.1932072639465332
row_extra_quote26_col6.csv,0.1846158504486084
row_extra_quote26_col7.csv,0.1889028549194336
row_extra_quote26_col8.csv,0.1859130859375
row_extra_quote27_col0.csv,0.18828105926513672
row_extra_quote27_col1.csv,0.17717576026916504
row_extra_quote27_col2.csv,0.17977476119995117
row_extra_quote27_col3.csv,0.18163800239562988
row_extra_quote27_col4.csv,0.2077338695526123
row_extra_quote27_col5.csv,0.20531225204467773
row_extra_quote27_col6.csv,0.2193303108215332
row_extra_quote27_col7.csv,0.1848134994506836
row_extra_quote27_col8.csv,0.20187950134277344
row_extra_quote28_col0.csv,0.18329477310180664
row_extra_quote28_col1.csv,0.19497418403625488
row_extra_quote28_col2.csv,0.18833661079406738
row_extra_quote28_col3.csv,0.1878345012664795
row_extra_quote28_col4.csv,0.17905807495117188
row_extra_quote28_col5.csv,0.18992280960083008
row_extra_quote28_col6.csv,0.1753981113433838
row_extra_quote28_col7.csv,0.1828157901763916
row_extra_quote28_col8.csv,0.18771624565124512
row_extra_quote29_col0.csv,0.19264674186706543
row_extra_quote29_col1.csv,0.18441009521484375
row_extra_quote29_col2.csv,0.1913738250732422
row_extra_quote29_col3.csv,0.1842360496520996
row_extra_quote29_col4.csv,0.20262742042541504
row_extra_quote29_col5.csv,0.20989584922790527
row_extra_quote29_col6.csv,0.18513822555541992
row_extra_quote29_col7.csv,0.21875500679016113
row_extra_quote29_col8.csv,0.1806330680847168
row_extra_quote2_col0.csv,0.18110275268554688
row_extra_quote2_col1.csv,0.20415592193603516
row_extra_quote2_col2.csv,0.22983860969543457
row_extra_quote2_col3.csv,0.18124914169311523
row_extra_quote2_col4.csv,0.18190670013427734
row_extra_quote2_col5.csv,0.18567728996276855
row_extra_quote2_col6.csv,0.1837015151977539
row_extra_quote2_col7.csv,0.18714237213134766
row_extra_quote2_col8.csv,0.18156051635742188
row_extra_quote30_col0.csv,0.1714794635772705
row_extra_quote30_col1.csv,0.19514894485473633
row_extra_quote30_col2.csv,0.22810077667236328
row_extra_quote30_col3.csv,0.19794726371765137
row_extra_quote30_col4.csv,0.18017005920410156
row_extra_quote30_col5.csv,0.18269968032836914
row_extra_quote30_col6.csv,0.18311333656311035
row_extra_quote30_col7.csv,0.1776256561279297
row_extra_quote30_col8.csv,0.18167328834533691
row_extra_quote31_col0.csv,0.17510437965393066
row_extra_quote31_col1.csv,0.17763710021972656
row_extra_quote31_col2.csv,0.20093345642089844
row_extra_quote31_col3.csv,0.1777966022491455
row_extra_quote31_col4.csv,0.21821165084838867
row_extra_quote31_col5.csv,0.18885588645935059
row_extra_quote31_col6.csv,0.18448972702026367
row_extra_quote31_col7.csv,0.22244548797607422
row_extra_quote31_col8.csv,0.1685948371887207
row_extra_quote32_col0.csv,0.1899733543395996
row_extra_quote32_col1.csv,0.20006918907165527
row_extra_quote32_col2.csv,0.1831047534942627
row_extra_quote32_col3.csv,0.18072295188903809
row_extra_quote32_col4.csv,0.1825084686279297
row_extra_quote32_col5.csv,0.22200798988342285
row_extra_quote32_col6.csv,0.17807388305664062
row_extra_quote32_col7.csv,0.18159914016723633
row_extra_quote32_col8.csv,0.1717383861541748
row_extra_quote33_col0.csv,0.17583560943603516
row_extra_quote33_col1.csv,0.18419313430786133
row_extra_quote33_col2.csv,0.18805241584777832
row_extra_quote33_col3.csv,0.1776256561279297
row_extra_quote33_col4.csv,0.18379616737365723
row_extra_quote33_col5.csv,0.19127249717712402
row_extra_quote33_col6.csv,0.18691277503967285
row_extra_quote33_col7.csv,0.18483543395996094
row_extra_quote33_col8.csv,0.22801709175109863
row_extra_quote34_col0.csv,0.1955409049987793
row_extra_quote34_col1.csv,0.18856239318847656
row_extra_quote34_col2.csv,0.2172696590423584
row_extra_quote34_col3.csv,0.1884467601776123
row_extra_quote34_col4.csv,0.1725921630859375
row_extra_quote34_col5.csv,0.18555974960327148
row_extra_quote34_col6.csv,0.18505048751831055
row_extra_quote34_col7.csv,0.18640565872192383
row_extra_quote34_col8.csv,0.17816925048828125
row_extra_quote35_col0.csv,0.2019357681274414
row_extra_quote35_col1.csv,0.21525192260742188
row_extra_quote35_col2.csv,0.21110081672668457
row_extra_quote35_col3.csv,0.18920016288757324
row_extra_quote35_col4.csv,0.18052244186401367
row_extra_quote35_col5.csv,0.18166637420654297
row_extra_quote35_col6.csv,0.18442320823669434
row_extra_quote35_col7.csv,0.19233107566833496
row_extra_quote35_col8.csv,0.1953585147857666
row_extra_quote36_col0.csv,0.18381547927856445
row_extra_quote36_col1.csv,0.17490768432617188
row_extra_quote36_col2.csv,0.1894991397857666
row_extra_quote36_col3.csv,0.2394089698791504
row_extra_quote36_col4.csv,0.18965458869934082
row_extra_quote36_col5.csv,0.1841716766357422
row_extra_quote36_col6.csv,0.19870471954345703
row_extra_quote36_col7.csv,0.17405962944030762
row_extra_quote36_col8.csv,0.17980432510375977
row_extra_quote37_col0.csv,0.17399096488952637
row_extra_quote37_col1.csv,0.18408846855163574
row_extra_quote37_col2.csv,0.1897280216217041
row_extra_quote37_col3.csv,0.25551319122314453
row_extra_quote37_col4.csv,0.18899774551391602
row_extra_quote37_col5.csv,0.19462966918945312
row_extra_quote37_col6.csv,0.2160050868988037
row_extra_quote37_col7.csv,0.17981863021850586
row_extra_quote37_col8.csv,0.1775224208831787
row_extra_quote38_col0.csv,0.1678764820098877
row_extra_quote38_col1.csv,0.1924436092376709
row_extra_quote38_col2.csv,0.17766070365905762
row_extra_quote38_col3.csv,0.18174338340759277
row_extra_quote38_col4.csv,0.17711830139160156
row_extra_quote38_col5.csv,0.19031381607055664
row_extra_quote38_col6.csv,0.19646215438842773
row_extra_quote38_col7.csv,0.19237017631530762
row_extra_quote38_col8.csv,0.18782877922058105
row_extra_quote39_col0.csv,0.18288373947143555
row_extra_quote39_col1.csv,0.18405914306640625
row_extra_quote39_col2.csv,0.18920493125915527
row_extra_quote39_col3.csv,0.18262672424316406
row_extra_quote39_col4.csv,0.17689156532287598
row_extra_quote39_col5.csv,0.17039179801940918
row_extra_quote39_col6.csv,0.19745635986328125
row_extra_quote39_col7.csv,0.18382549285888672
row_extra_quote39_col8.csv,0.17851996421813965
row_extra_quote3_col0.csv,0.19984674453735352
row_extra_quote3_col1.csv,0.18727684020996094
row_extra_quote3_col2.csv,0.1970975399017334
row_extra_quote3_col3.csv,0.20764565467834473
row_extra_quote3_col4.csv,0.19402718544006348
row_extra_quote3_col5.csv,0.1773998737335205
row_extra_quote3_col6.csv,0.19799137115478516
row_extra_quote3_col7.csv,0.21005010604858398
row_extra_quote3_col8.csv,0.19464111328125
row_extra_quote40_col0.csv,0.1836223602294922
row_extra_quote40_col1.csv,0.1904292106628418
row_extra_quote40_col2.csv,0.19386577606201172
row_extra_quote40_col3.csv,0.1994462013244629
row_extra_quote40_col4.csv,0.18307900428771973
row_extra_quote40_col5.csv,0.17501044273376465
row_extra_quote40_col6.csv,0.18139266967773438
row_extra_quote40_col7.csv,0.17581892013549805
row_extra_quote40_col8.csv,0.2236776351928711
row_extra_quote41_col0.csv,0.16610026359558105
row_extra_quote41_col1.csv,0.1724395751953125
row_extra_quote41_col2.csv,0.17504239082336426
row_extra_quote41_col3.csv,0.17815256118774414
row_extra_quote41_col4.csv,0.18603968620300293
row_extra_quote41_col5.csv,0.16538000106811523
row_extra_quote41_col6.csv,0.17824792861938477
row_extra_quote41_col7.csv,0.183762788772583
row_extra_quote41_col8.csv,0.17859935760498047
row_extra_quote42_col0.csv,0.18736505508422852
row_extra_quote42_col1.csv,0.1855466365814209
row_extra_quote42_col2.csv,0.18738627433776855
row_extra_quote42_col3.csv,0.18629169464111328
row_extra_quote42_col4.csv,0.2070610523223877
row_extra_quote42_col5.csv,0.1767580509185791
row_extra_quote42_col6.csv,0.17717623710632324
row_extra_quote42_col7.csv,0.1848139762878418
row_extra_quote42_col8.csv,0.18123412132263184
row_extra_quote43_col0.csv,0.1909635066986084
row_extra_quote43_col1.csv,0.21229171752929688
row_extra_quote43_col2.csv,0.18240046501159668
row_extra_quote43_col3.csv,0.17181181907653809
row_extra_quote43_col4.csv,0.1943495273590088
row_extra_quote43_col5.csv,0.17715144157409668
row_extra_quote43_col6.csv,0.17344307899475098
row_extra_quote43_col7.csv,0.18066644668579102
row_extra_quote43_col8.csv,0.18222856521606445
row_extra_quote44_col0.csv,0.1889352798461914
row_extra_quote44_col1.csv,0.19482421875
row_extra_quote44_col2.csv,0.19805455207824707
row_extra_quote44_col3.csv,0.18599605560302734
row_extra_quote44_col4.csv,0.23371219635009766
row_extra_quote44_col5.csv,0.19688200950622559
row_extra_quote44_col6.csv,0.19632244110107422
row_extra_quote44_col7.csv,0.1833038330078125
row_extra_quote44_col8.csv,0.20816707611083984
row_extra_quote45_col0.csv,0.19203686714172363
row_extra_quote45_col1.csv,0.17811894416809082
row_extra_quote45_col2.csv,0.19753074645996094
row_extra_quote45_col3.csv,0.17808246612548828
row_extra_quote45_col4.csv,0.18060040473937988
row_extra_quote45_col5.csv,0.18042778968811035
row_extra_quote45_col6.csv,0.17827749252319336
row_extra_quote45_col7.csv,0.19182705879211426
row_extra_quote45_col8.csv,0.16796445846557617
row_extra_quote46_col0.csv,0.1781024932861328
row_extra_quote46_col1.csv,0.19140148162841797
row_extra_quote46_col2.csv,0.18909096717834473
row_extra_quote46_col3.csv,0.16322708129882812
row_extra_quote46_col4.csv,0.18616652488708496
row_extra_quote46_col5.csv,0.22512125968933105
row_extra_quote46_col6.csv,0.22395920753479004
row_extra_quote46_col7.csv,0.18310070037841797
row_extra_quote46_col8.csv,0.17174434661865234
row_extra_quote47_col0.csv,0.1974470615386963
row_extra_quote47_col1.csv,0.1806480884552002
row_extra_quote47_col2.csv,0.1815953254699707
row_extra_quote47_col3.csv,0.18997645378112793
row_extra_quote47_col4.csv,0.18524575233459473
row_extra_quote47_col5.csv,0.1810445785522461
row_extra_quote47_col6.csv,0.17573881149291992
row_extra_quote47_col7.csv,0.18033266067504883
row_extra_quote47_col8.csv,0.18906474113464355
row_extra_quote48_col0.csv,0.1859135627746582
row_extra_quote48_col1.csv,0.19629859924316406
row_extra_quote48_col2.csv,0.17919015884399414
row_extra_quote48_col3.csv,0.18747758865356445
row_extra_quote48_col4.csv,0.19349360466003418
row_extra_quote48_col5.csv,0.19446611404418945
row_extra_quote48_col6.csv,0.189711332321167
row_extra_quote48_col7.csv,0.18181967735290527
row_extra_quote48_col8.csv,0.21599817276000977
row_extra_quote49_col0.csv,0.21315979957580566
row_extra_quote49_col1.csv,0.1954178810119629
row_extra_quote49_col2.csv,0.21417856216430664
row_extra_quote49_col3.csv,0.17474365234375
row_extra_quote49_col4.csv,0.20152831077575684
row_extra_quote49_col5.csv,0.20797514915466309
row_extra_quote49_col6.csv,0.1838071346282959
row_extra_quote49_col7.csv,0.17756223678588867
row_extra_quote49_col8.csv,0.22788715362548828
row_extra_quote4_col0.csv,0.18295049667358398
row_extra_quote4_col1.csv,0.1936798095703125
row_extra_quote4_col2.csv,0.189117431640625
row_extra_quote4_col3.csv,0.20957326889038086
row_extra_quote4_col4.csv,0.17668843269348145
row_extra_quote4_col5.csv,0.17988204956054688
row_extra_quote4_col6.csv,0.18361520767211914
row_extra_quote4_col7.csv,0.20338749885559082
row_extra_quote4_col8.csv,0.18575453758239746
row_extra_quote50_col0.csv,0.18036818504333496
row_extra_quote50_col1.csv,0.19458675384521484
row_extra_quote50_col2.csv,0.1772298812866211
row_extra_quote50_col3.csv,0.18742895126342773
row_extra_quote50_col4.csv,0.18356871604919434
row_extra_quote50_col5.csv,0.1748332977294922
row_extra_quote50_col6.csv,0.18593621253967285
row_extra_quote50_col7.csv,0.1903228759765625
row_extra_quote50_col8.csv,0.19227218627929688
row_extra_quote51_col0.csv,0.1790008544921875
row_extra_quote51_col1.csv,0.18290996551513672
row_extra_quote51_col2.csv,0.19460654258728027
row_extra_quote51_col3.csv,0.19121432304382324
row_extra_quote51_col4.csv,0.18366646766662598
row_extra_quote51_col5.csv,0.23036432266235352
row_extra_quote51_col6.csv,0.17905330657958984
row_extra_quote51_col7.csv,0.17542791366577148
row_extra_quote51_col8.csv,0.19288396835327148
row_extra_quote52_col0.csv,0.20506024360656738
row_extra_quote52_col1.csv,0.20113515853881836
row_extra_quote52_col2.csv,0.19214892387390137
row_extra_quote52_col3.csv,0.18935704231262207
row_extra_quote52_col4.csv,0.1930222511291504
row_extra_quote52_col5.csv,0.19580316543579102
row_extra_quote52_col6.csv,0.19144129753112793
row_extra_quote52_col7.csv,0.19051384925842285
row_extra_quote52_col8.csv,0.19633698463439941
row_extra_quote53_col0.csv,0.18442416191101074
row_extra_quote53_col1.csv,0.19062495231628418
row_extra_quote53_col2.csv,0.17837166786193848
row_extra_quote53_col3.csv,0.20330405235290527
row_extra_quote53_col4.csv,0.19174957275390625
row_extra_quote53_col5.csv,0.1714794635772705
row_extra_quote53_col6.csv,0.18169713020324707
row_extra_quote53_col7.csv,0.16592884063720703
row_extra_quote53_col8.csv,0.1646120548248291
row_extra_quote54_col0.csv,0.225083589553833
row_extra_quote54_col1.csv,0.2020096778869629
row_extra_quote54_col2.csv,0.1768794059753418
row_extra_quote54_col3.csv,0.18529200553894043
row_extra_quote54_col4.csv,0.2243785858154297
row_extra_quote54_col5.csv,0.20240545272827148
row_extra_quote54_col6.csv,0.18309283256530762
row_extra_quote54_col7.csv,0.1870889663696289
row_extra_quote54_col8.csv,0.20407390594482422
row_extra_quote55_col0.csv,0.19452571868896484
row_extra_quote55_col1.csv,0.19286537170410156
row_extra_quote55_col2.csv,0.2024979591369629
row_extra_quote55_col3.csv,0.18872928619384766
row_extra_quote55_col4.csv,0.16457033157348633
row_extra_quote55_col5.csv,0.19505620002746582
row_extra_quote55_col6.csv,0.20130038261413574
row_extra_quote55_col7.csv,0.1796712875366211
row_extra_quote55_col8.csv,0.19713282585144043
row_extra_quote56_col0.csv,0.17711257934570312
row_extra_quote56_col1.csv,0.17538690567016602
row_extra_quote56_col2.csv,0.16184616088867188
row_extra_quote56_col3.csv,0.18482065200805664
row_extra_quote56_col4.csv,0.16823554039001465
row_extra_quote56_col5.csv,0.19232392311096191
row_extra_quote56_col6.csv,-0.4167747497558594
row_extra_quote56_col7.csv,0.18252205848693848
row_extra_quote56_col8.csv,0.16327929496765137
row_extra_quote57_col0.csv,0.21145153045654297
row_extra_quote57_col1.csv,-0.4601926803588867
row_extra_quote57_col2.csv,0.1974048614501953
row_extra_quote57_col3.csv,0.18546748161315918
row_extra_quote57_col4.csv,0.17803454399108887
row_extra_quote57_col5.csv,0.17929697036743164
row_extra_quote57_col6.csv,0.16620421409606934
row_extra_quote57_col7.csv,0.19571733474731445
row_extra_quote57_col8.csv,0.18113970756530762
row_extra_quote58_col0.csv,0.18629002571105957
row_extra_quote58_col1.csv,0.2040557861328125
row_extra_quote58_col2.csv,0.1800234317779541
row_extra_quote58_col3.csv,0.1809849739074707
row_extra_quote58_col4.csv,0.1732344627380371
row_extra_quote58_col5.csv,0.2000575065612793
row_extra_quote58_col6.csv,0.1778092384338379
row_extra_quote58_col7.csv,0.20232892036437988
row_extra_quote58_col8.csv,0.18182110786437988
row_extra_quote59_col0.csv,0.1757066249847412
row_extra_quote59_col1.csv,0.18790173530578613
row_extra_quote59_col2.csv,0.19036221504211426
row_extra_quote59_col3.csv,0.18379926681518555
row_extra_quote59_col4.csv,0.1829063892364502
row_extra_quote59_col5.csv,0.20812392234802246
row_extra_quote59_col6.csv,0.18648028373718262
row_extra_quote59_col7.csv,0.18865752220153809
row_extra_quote59_col8.csv,0.1758110523223877
row_extra_quote5_col0.csv,0.18327021598815918
row_extra_quote5_col1.csv,0.17464995384216309
row_extra_quote5_col2.csv,0.1689603328704834
row_extra_quote5_col3.csv,0.18633627891540527
row_extra_quote5_col4.csv,0.18046116828918457
row_extra_quote5_col5.csv,0.191664457321167
row_extra_quote5_col6.csv,0.19785118103027344
row_extra_quote5_col7.csv,0.26612186431884766
row_extra_quote5_col8.csv,0.17805075645446777
row_extra_quote60_col0.csv,0.20914793014526367
row_extra_quote60_col1.csv,0.18588924407958984
row_extra_quote60_col2.csv,0.18203043937683105
row_extra_quote60_col3.csv,0.18546581268310547
row_extra_quote60_col4.csv,0.17737221717834473
row_extra_quote60_col5.csv,0.18394875526428223
row_extra_quote60_col6.csv,0.1751101016998291
row_extra_quote60_col7.csv,0.2021794319152832
row_extra_quote60_col8.csv,0.17724156379699707
row_extra_quote61_col0.csv,0.19900131225585938
row_extra_quote61_col1.csv,0.18614411354064941
row_extra_quote61_col2.csv,0.18621587753295898
row_extra_quote61_col3.csv,0.1811528205871582
row_extra_quote61_col4.csv,0.20411920547485352
row_extra_quote61_col5.csv,0.18926095962524414
row_extra_quote61_col6.csv,0.1823720932006836
row_extra_quote61_col7.csv,0.19577598571777344
row_extra_quote61_col8.csv,0.18761110305786133
row_extra_quote62_col0.csv,0.17588376998901367
row_extra_quote62_col1.csv,0.18913793563842773
row_extra_quote62_col2.csv,0.20030641555786133
row_extra_quote62_col3.csv,0.18898868560791016
row_extra_quote62_col4.csv,0.22531819343566895
row_extra_quote62_col5.csv,0.19704556465148926
row_extra_quote62_col6.csv,0.17846345901489258
row_extra_quote62_col7.csv,0.19086170196533203
row_extra_quote62_col8.csv,0.1737065315246582
row_extra_quote63_col0.csv,0.17630720138549805
row_extra_quote63_col1.csv,0.18091559410095215
row_extra_quote63_col2.csv,0.19336414337158203
row_extra_quote63_col3.csv,0.18323135375976562
row_extra_quote63_col4.csv,0.18031692504882812
row_extra_quote63_col5.csv,0.18126845359802246
row_extra_quote63_col6.csv,0.1787109375
row_extra_quote63_col7.csv,0.20516681671142578
row_extra_quote63_col8.csv,0.18914413452148438
row_extra_quote64_col0.csv,0.18239998817443848
row_extra_quote64_col1.csv,0.1844167709350586
row_extra_quote64_col2.csv,0.17641520500183105
row_extra_quote64_col3.csv,0.18765544891357422
row_extra_quote64_col4.csv,0.24124407768249512
row_extra_quote64_col5.csv,0.18292903900146484
row_extra_quote64_col6.csv,0.21242380142211914
row_extra_quote64_col7.csv,0.20477032661437988
row_extra_quote64_col8.csv,0.19602394104003906
row_extra_quote65_col0.csv,0.1873946189880371
row_extra_quote65_col1.csv,0.20483183860778809
row_extra_quote65_col2.csv,0.18421578407287598
row_extra_quote65_col3.csv,0.18636035919189453
row_extra_quote65_col4.csv,0.18885254859924316
row_extra_quote65_col5.csv,0.19186639785766602
row_extra_quote65_col6.csv,0.1935408115386963
row_extra_quote65_col7.csv,0.19722986221313477
row_extra_quote65_col8.csv,0.21879982948303223
row_extra_quote66_col0.csv,0.19929957389831543
row_extra_quote66_col1.csv,0.1890869140625
row_extra_quote66_col2.csv,0.18439364433288574
row_extra_quote66_col3.csv,0.19516468048095703
row_extra_quote66_col4.csv,0.18266725540161133
row_extra_quote66_col5.csv,0.17846941947937012
row_extra_quote66_col6.csv,0.19010639190673828
row_extra_quote66_col7.csv,0.18123173713684082
row_extra_quote66_col8.csv,0.17844748497009277
row_extra_quote67_col0.csv,0.1841268539428711
row_extra_quote67_col1.csv,0.22655296325683594
row_extra_quote67_col2.csv,0.1783759593963623
row_extra_quote67_col3.csv,0.19649767875671387
row_extra_quote67_col4.csv,0.18040823936462402
row_extra_quote67_col5.csv,0.18150711059570312
row_extra_quote67_col6.csv,0.1871654987335205
row_extra_quote67_col7.csv,0.18725895881652832
row_extra_quote67_col8.csv,0.20346903800964355
row_extra_quote68_col0.csv,0.18344855308532715
row_extra_quote68_col1.csv,0.18155646324157715
row_extra_quote68_col2.csv,0.17204856872558594
row_extra_quote68_col3.csv,0.19974756240844727
row_extra_quote68_col4.csv,0.18610596656799316
row_extra_quote68_col5.csv,0.17655539512634277
row_extra_quote68_col6.csv,0.18159723281860352
row_extra_quote68_col7.csv,0.20321154594421387
row_extra_quote68_col8.csv,0.18821334838867188
row_extra_quote69_col0.csv,0.175154447555542
row_extra_quote69_col1.csv,0.18745112419128418
row_extra_quote69_col2.csv,0.17997503280639648
row_extra_quote69_col3.csv,0.1652050018310547
row_extra_quote69_col4.csv,0.2162156105041504
row_extra_quote69_col5.csv,0.17682480812072754
row_extra_quote69_col6.csv,0.17676973342895508
row_extra_quote69_col7.csv,0.18326759338378906
row_extra_quote69_col8.csv,0.17491531372070312
row_extra_quote6_col0.csv,0.17827820777893066
row_extra_quote6_col1.csv,0.17764806747436523
row_extra_quote6_col2.csv,0.18575668334960938
row_extra_quote6_col3.csv,0.18329906463623047
row_extra_quote6_col4.csv,0.2096567153930664
row_extra_quote6_col5.csv,0.20502567291259766
row_extra_quote6_col6.csv,0.1798999309539795
row_extra_quote6_col7.csv,0.17825865745544434
row_extra_quote6_col8.csv,0.17249417304992676
row_extra_quote70_col0.csv,0.1834888458251953
row_extra_quote70_col1.csv,0.21532511711120605
row_extra_quote70_col2.csv,0.18107938766479492
row_extra_quote70_col3.csv,0.18923282623291016
row_extra_quote70_col4.csv,0.21761322021484375
row_extra_quote70_col5.csv,0.20076370239257812
row_extra_quote70_col6.csv,0.18294572830200195
row_extra_quote70_col7.csv,0.21371912956237793
row_extra_quote70_col8.csv,0.17393183708190918
row_extra_quote71_col0.csv,0.17626357078552246
row_extra_quote71_col1.csv,0.18676471710205078
row_extra_quote71_col2.csv,0.1861860752105713
row_extra_quote71_col3.csv,0.18876338005065918
row_extra_quote71_col4.csv,0.19220352172851562
row_extra_quote71_col5.csv,0.18183207511901855
row_extra_quote71_col6.csv,0.16570568084716797
row_extra_quote71_col7.csv,0.22376441955566406
row_extra_quote71_col8.csv,0.19362640380859375
row_extra_quote72_col0.csv,0.2208421230316162
row_extra_quote72_col1.csv,0.18264436721801758
row_extra_quote72_col2.csv,0.22638964653015137
row_extra_quote72_col3.csv,0.17999505996704102
row_extra_quote72_col4.csv,0.1733846664428711
row_extra_quote72_col5.csv,0.2040090560913086
row_extra_quote72_col6.csv,0.20217132568359375
row_extra_quote72_col7.csv,0.18131041526794434
row_extra_quote72_col8.csv,0.19801878929138184
row_extra_quote73_col0.csv,0.1840651035308838
row_extra_quote73_col1.csv,0.18164372444152832
row_extra_quote73_col2.csv,0.17801165580749512
row_extra_quote73_col3.csv,0.1719038486480713
row_extra_quote73_col4.csv,0.1894843578338623
row_extra_quote73_col5.csv,0.17507219314575195
row_extra_quote73_col6.csv,0.18487310409545898
row_extra_quote73_col7.csv,0.17949795722961426
row_extra_quote73_col8.csv,0.19088435173034668
row_extra_quote74_col0.csv,0.20466375350952148
row_extra_quote74_col1.csv,0.19628071784973145
row_extra_quote74_col2.csv,0.18045687675476074
row_extra_quote74_col3.csv,0.17114830017089844
row_extra_quote74_col4.csv,0.17862725257873535
row_extra_quote74_col5.csv,0.1821892261505127
row_extra_quote74_col6.csv,0.18903565406799316
row_extra_quote74_col7.csv,0.18528151512145996
row_extra_quote74_col8.csv,0.17776036262512207
row_extra_quote75_col0.csv,0.17750763893127441
row_extra_quote75_col1.csv,0.1955413818359375
row_extra_quote75_col2.csv,0.19031000137329102
row_extra_quote75_col3.csv,0.1981799602508545
row_extra_quote75_col4.csv,0.1896364688873291
row_extra_quote75_col5.csv,0.22115135192871094
row_extra_quote75_col6.csv,0.19119787216186523
row_extra_quote75_col7.csv,0.1744825839996338
row_extra_quote75_col8.csv,0.17180633544921875
row_extra_quote76_col0.csv,0.2061622142791748
row_extra_quote76_col1.csv,0.19386506080627441
row_extra_quote76_col2.csv,0.22249841690063477
row_extra_quote76_col3.csv,0.19239354133605957
row_extra_quote76_col4.csv,0.21082711219787598
row_extra_quote76_col5.csv,0.17281317710876465
row_extra_quote76_col6.csv,0.18048834800720215
row_extra_quote76_col7.csv,0.19108223915100098
row_extra_quote76_col8.csv,0.21570110321044922
row_extra_quote77_col0.csv,0.1806349754333496
row_extra_quote77_col1.csv,0.1786487102508545
row_extra_quote77_col2.csv,0.18570232391357422
row_extra_quote77_col3.csv,0.20153450965881348
row_extra_quote77_col4.csv,0.1859889030456543
row_extra_quote77_col5.csv,0.1899268627166748
row_extra_quote77_col6.csv,0.17383956909179688
row_extra_quote77_col7.csv,0.18623685836791992
row_extra_quote77_col8.csv,0.17761898040771484
row_extra_quote78_col0.csv,0.19800734519958496
row_extra_quote78_col1.csv,0.18452095985412598
row_extra_quote78_col2.csv,0.18608307838439941
row_extra_quote78_col3.csv,0.19959425926208496
row_extra_quote78_col4.csv,0.18890118598937988
row_extra_quote78_col5.csv,0.18361330032348633
row_extra_quote78_col6.csv,0.2175285816192627
row_extra_quote78_col7.csv,0.176008939743042
row_extra_quote78_col8.csv,0.19206881523132324
row_extra_quote79_col0.csv,0.18276500701904297
row_extra_quote79_col1.csv,0.22577905654907227
row_extra_quote79_col2.csv,0.17788910865783691
row_extra_quote79_col3.csv,0.17938828468322754
row_extra_quote79_col4.csv,0.1799306869506836
row_extra_quote79_col5.csv,0.19251060485839844
row_extra_quote79_col6.csv,0.18292522430419922
row_extra_quote79_col7.csv,0.1742112636566162
row_extra_quote79_col8.csv,0.2255864143371582
row_extra_quote7_col0.csv,0.1831357479095459
row_extra_quote7_col1.csv,0.20612692832946777
row_extra_quote7_col2.csv,0.1958789825439453
row_extra_quote7_col3.csv,0.17368245124816895
row_extra_quote7_col4.csv,0.18511581420898438
row_extra_quote7_col5.csv,0.1783154010772705
row_extra_quote7_col6.csv,0.1746196746826172
row_extra_quote7_col7.csv,0.20159506797790527
row_extra_quote7_col8.csv,0.18276524543762207
row_extra_quote80_col0.csv,0.18129754066467285
row_extra_quote80_col1.csv,0.3746004104614258
row_extra_quote80_col2.csv,0.1931614875793457
row_extra_quote80_col3.csv,0.1791396141052246
row_extra_quote80_col4.csv,0.1732041835784912
row_extra_quote80_col5.csv,0.19990134239196777
row_extra_quote80_col6.csv,0.20586204528808594
row_extra_quote80_col7.csv,0.1980295181274414
row_extra_quote80_col8.csv,0.18391108512878418
row_extra_quote81_col0.csv,0.1799757480621338
row_extra_quote81_col1.csv,0.18727397918701172
row_extra_quote81_col2.csv,0.17889928817749023
row_extra_quote81_col3.csv,0.1791701316833496
row_extra_quote81_col4.csv,0.17567777633666992
row_extra_quote81_col5.csv,0.19873952865600586
row_extra_quote81_col6.csv,0.17855334281921387
row_extra_quote81_col7.csv,0.18840241432189941
row_extra_quote81_col8.csv,0.18551421165466309
row_extra_quote82_col0.csv,0.19607114791870117
row_extra_quote82_col1.csv,0.18146610260009766
row_extra_quote82_col2.csv,0.18237566947937012
row_extra_quote82_col3.csv,0.1814100742340088
row_extra_quote82_col4.csv,0.17947125434875488
row_extra_quote82_col5.csv,0.176469087600708
row_extra_quote82_col6.csv,0.1813795566558838
row_extra_quote82_col7.csv,0.17774629592895508
row_extra_quote82_col8.csv,0.19330716133117676
row_extra_quote83_col0.csv,0.1801605224609375
row_extra_quote83_col1.csv,0.196455717086792
row_extra_quote83_col2.csv,0.17783761024475098
row_extra_quote83_col3.csv,0.19101738929748535
row_extra_quote83_col4.csv,0.2026047706604004
row_extra_quote83_col5.csv,0.18801617622375488
row_extra_quote83_col6.csv,0.18225526809692383
row_extra_quote83_col7.csv,0.19407248497009277
row_extra_quote83_col8.csv,0.12135910987854004
row_extra_quote8_col0.csv,0.1904761791229248
row_extra_quote8_col1.csv,0.17629289627075195
row_extra_quote8_col2.csv,0.17976927757263184
row_extra_quote8_col3.csv,0.20735716819763184
row_extra_quote8_col4.csv,0.18236613273620605
row_extra_quote8_col5.csv,0.19225120544433594
row_extra_quote8_col6.csv,0.17662382125854492
row_extra_quote8_col7.csv,0.18702411651611328
row_extra_quote8_col8.csv,0.1993107795715332
row_extra_quote9_col0.csv,0.18184328079223633
row_extra_quote9_col1.csv,0.18733716011047363
row_extra_quote9_col2.csv,0.2085590362548828
row_extra_quote9_col3.csv,0.17834925651550293
row_extra_quote9_col4.csv,0.19193267822265625
row_extra_quote9_col5.csv,0.18370413780212402
row_extra_quote9_col6.csv,0.16726899147033691
row_extra_quote9_col7.csv,0.18067026138305664
row_extra_quote9_col8.csv,0.17600631713867188
row_field_delimiter_0_0x20.csv,0.20045900344848633
row_field_delimiter_10_0x20.csv,0.18978071212768555
row_field_delimiter_11_0x20.csv,0.19466757774353027
row_field_delimiter_12_0x20.csv,0.18238425254821777
row_field_delimiter_13_0x20.csv,0.2095496654510498
row_field_delimiter_14_0x20.csv,0.1852571964263916
row_field_delimiter_15_0x20.csv,0.18922948837280273
row_field_delimiter_16_0x20.csv,0.17665886878967285
row_field_delimiter_17_0x20.csv,0.17768120765686035
row_field_delimiter_18_0x20.csv,0.18114852905273438
row_field_delimiter_19_0x20.csv,0.22060561180114746
row_field_delimiter_1_0x20.csv,0.17881560325622559
row_field_delimiter_20_0x20.csv,0.17759275436401367
row_field_delimiter_21_0x20.csv,0.17757296562194824
row_field_delimiter_22_0x20.csv,0.19213223457336426
row_field_delimiter_23_0x20.csv,0.194227933883667
row_field_delimiter_24_0x20.csv,0.18245387077331543
row_field_delimiter_25_0x20.csv,0.1917891502380371
row_field_delimiter_26_0x20.csv,0.1849040985107422
row_field_delimiter_27_0x20.csv,0.18255090713500977
row_field_delimiter_28_0x20.csv,0.17865300178527832
row_field_delimiter_29_0x20.csv,0.16713404655456543
row_field_delimiter_2_0x20.csv,0.2056896686553955
row_field_delimiter_30_0x20.csv,0.20778965950012207
row_field_delimiter_31_0x20.csv,0.18514657020568848
row_field_delimiter_32_0x20.csv,0.18154692649841309
row_field_delimiter_33_0x20.csv,0.17491817474365234
row_field_delimiter_34_0x20.csv,0.1910390853881836
row_field_delimiter_35_0x20.csv,0.2072594165802002
row_field_delimiter_36_0x20.csv,0.173170804977417
row_field_delimiter_37_0x20.csv,0.1753675937652588
row_field_delimiter_38_0x20.csv,0.19173455238342285
row_field_delimiter_39_0x20.csv,0.18769621849060059
row_field_delimiter_3_0x20.csv,0.17068862915039062
row_field_delimiter_40_0x20.csv,0.18461227416992188
row_field_delimiter_41_0x20.csv,0.19713735580444336
row_field_delimiter_42_0x20.csv,0.18045258522033691
row_field_delimiter_43_0x20.csv,0.18283462524414062
row_field_delimiter_44_0x20.csv,0.21659207344055176
row_field_delimiter_45_0x20.csv,0.18590450286865234
row_field_delimiter_46_0x20.csv,0.18026137351989746
row_field_delimiter_47_0x20.csv,0.22832751274108887
row_field_delimiter_48_0x20.csv,0.18097901344299316
row_field_delimiter_49_0x20.csv,0.18255305290222168
row_field_delimiter_4_0x20.csv,0.2317044734954834
row_field_delimiter_50_0x20.csv,0.1882617473602295
row_field_delimiter_51_0x20.csv,0.17954778671264648
row_field_delimiter_52_0x20.csv,0.19435334205627441
row_field_delimiter_53_0x20.csv,0.18233084678649902
row_field_delimiter_54_0x20.csv,0.17562460899353027
row_field_delimiter_55_0x20.csv,0.18716812133789062
row_field_delimiter_56_0x20.csv,0.17990517616271973
row_field_delimiter_57_0x20.csv,0.18191003799438477
row_field_delimiter_58_0x20.csv,0.193770170211792
row_field_delimiter_59_0x20.csv,0.18367743492126465
row_field_delimiter_5_0x20.csv,0.19926857948303223
row_field_delimiter_60_0x20.csv,0.18732547760009766
row_field_delimiter_61_0x20.csv,0.19231939315795898
row_field_delimiter_62_0x20.csv,0.20740365982055664
row_field_delimiter_63_0x20.csv,0.18113470077514648
row_field_delimiter_64_0x20.csv,0.2047107219696045
row_field_delimiter_65_0x20.csv,0.18528032302856445
row_field_delimiter_66_0x20.csv,0.18630385398864746
row_field_delimiter_67_0x20.csv,0.16656255722045898
row_field_delimiter_68_0x20.csv,0.17599773406982422
row_field_delimiter_69_0x20.csv,0.1882185935974121
row_field_delimiter_6_0x20.csv,0.21344828605651855
row_field_delimiter_70_0x20.csv,0.17514514923095703
row_field_delimiter_71_0x20.csv,0.17555665969848633
row_field_delimiter_72_0x20.csv,0.17276573181152344
row_field_delimiter_73_0x20.csv,0.21034693717956543
row_field_delimiter_74_0x20.csv,0.18845200538635254
row_field_delimiter_75_0x20.csv,0.18325185775756836
row_field_delimiter_76_0x20.csv,0.178574800491333
row_field_delimiter_77_0x20.csv,0.20429253578186035
row_field_delimiter_78_0x20.csv,0.21963191032409668
row_field_delimiter_79_0x20.csv,0.18798351287841797
row_field_delimiter_7_0x20.csv,0.20496678352355957
row_field_delimiter_80_0x20.csv,0.1879575252532959
row_field_delimiter_81_0x20.csv,0.17974042892456055
row_field_delimiter_82_0x20.csv,0.2382054328918457
row_field_delimiter_83_0x20.csv,0.18112468719482422
row_field_delimiter_8_0x20.csv,0.1900486946105957
row_field_delimiter_9_0x20.csv,0.18234777450561523
row_less_sep_row0_col1.csv,0.17924833297729492
row_less_sep_row0_col2.csv,0.1856403350830078
row_less_sep_row0_col3.csv,0.10966682434082031
row_less_sep_row0_col4.csv,0.11232113838195801
row_less_sep_row0_col5.csv,0.1926894187927246
row_less_sep_row0_col6.csv,0.12613773345947266
row_less_sep_row0_col7.csv,0.19073939323425293
row_less_sep_row0_col8.csv,0.13965582847595215
row_less_sep_row10_col1.csv,0.16438055038452148
row_less_sep_row10_col2.csv,0.17797446250915527
row_less_sep_row10_col3.csv,0.20782089233398438
row_less_sep_row10_col4.csv,0.18304228782653809
row_less_sep_row10_col5.csv,0.16849398612976074
row_less_sep_row10_col6.csv,0.18637776374816895
row_less_sep_row10_col7.csv,0.183974027633667
row_less_sep_row10_col8.csv,0.19095087051391602
row_less_sep_row11_col1.csv,0.18448734283447266
row_less_sep_row11_col2.csv,0.18070530891418457
row_less_sep_row11_col3.csv,0.1861269474029541
row_less_sep_row11_col4.csv,0.1895134449005127
row_less_sep_row11_col5.csv,0.1775531768798828
row_less_sep_row11_col6.csv,0.173858642578125
row_less_sep_row11_col7.csv,0.18356108665466309
row_less_sep_row11_col8.csv,0.20741486549377441
row_less_sep_row12_col1.csv,0.17908716201782227
row_less_sep_row12_col2.csv,0.17870140075683594
row_less_sep_row12_col3.csv,0.17895793914794922
row_less_sep_row12_col4.csv,0.21236944198608398
row_less_sep_row12_col5.csv,0.17751288414001465
row_less_sep_row12_col6.csv,0.21570158004760742
row_less_sep_row12_col7.csv,0.1856551170349121
row_less_sep_row12_col8.csv,0.17533159255981445
row_less_sep_row13_col1.csv,0.17950224876403809
row_less_sep_row13_col2.csv,0.194655179977417
row_less_sep_row13_col3.csv,0.18167757987976074
row_less_sep_row13_col4.csv,0.17847347259521484
row_less_sep_row13_col5.csv,0.16785120964050293
row_less_sep_row13_col6.csv,0.17428874969482422
row_less_sep_row13_col7.csv,0.193556547164917
row_less_sep_row13_col8.csv,0.2139120101928711
row_less_sep_row14_col1.csv,0.18428707122802734
row_less_sep_row14_col2.csv,0.19033336639404297
row_less_sep_row14_col3.csv,0.18087244033813477
row_less_sep_row14_col4.csv,0.19063329696655273
row_less_sep_row14_col5.csv,0.21711230278015137
row_less_sep_row14_col6.csv,0.18654680252075195
row_less_sep_row14_col7.csv,0.19521570205688477
row_less_sep_row14_col8.csv,0.18420863151550293
row_less_sep_row15_col1.csv,0.1729261875152588
row_less_sep_row15_col2.csv,0.19140291213989258
row_less_sep_row15_col3.csv,0.17882895469665527
row_less_sep_row15_col4.csv,0.20279264450073242
row_less_sep_row15_col5.csv,0.17617464065551758
row_less_sep_row15_col6.csv,0.18611717224121094
row_less_sep_row15_col7.csv,0.1998586654663086
row_less_sep_row15_col8.csv,0.19555187225341797
row_less_sep_row16_col1.csv,0.18626093864440918
row_less_sep_row16_col2.csv,0.17376160621643066
row_less_sep_row16_col3.csv,0.178361177444458
row_less_sep_row16_col4.csv,0.17896533012390137
row_less_sep_row16_col5.csv,0.1822042465209961
row_less_sep_row16_col6.csv,0.17731714248657227
row_less_sep_row16_col7.csv,0.18650150299072266
row_less_sep_row16_col8.csv,0.17371416091918945
row_less_sep_row17_col1.csv,0.19921660423278809
row_less_sep_row17_col2.csv,0.1748182773590088
row_less_sep_row17_col3.csv,0.1791362762451172
row_less_sep_row17_col4.csv,0.18435406684875488
row_less_sep_row17_col5.csv,0.20396018028259277
row_less_sep_row17_col6.csv,0.19392657279968262
row_less_sep_row17_col7.csv,0.17842507362365723
row_less_sep_row17_col8.csv,0.18731069564819336
row_less_sep_row18_col1.csv,0.1785295009613037
row_less_sep_row18_col2.csv,0.17673277854919434
row_less_sep_row18_col3.csv,0.2193892002105713
row_less_sep_row18_col4.csv,0.21480798721313477
row_less_sep_row18_col5.csv,0.17668890953063965
row_less_sep_row18_col6.csv,0.1818222999572754
row_less_sep_row18_col7.csv,0.18838095664978027
row_less_sep_row18_col8.csv,0.17832350730895996
row_less_sep_row19_col1.csv,0.18725800514221191
row_less_sep_row19_col2.csv,0.18021631240844727
row_less_sep_row19_col3.csv,0.17873430252075195
row_less_sep_row19_col4.csv,0.1906440258026123
row_less_sep_row19_col5.csv,0.17313480377197266
row_less_sep_row19_col6.csv,0.18305277824401855
row_less_sep_row19_col7.csv,0.2019805908203125
row_less_sep_row19_col8.csv,0.19933748245239258
row_less_sep_row1_col1.csv,0.20304298400878906
row_less_sep_row1_col2.csv,0.1869192123413086
row_less_sep_row1_col3.csv,0.1953279972076416
row_less_sep_row1_col4.csv,0.20993256568908691
row_less_sep_row1_col5.csv,0.18069672584533691
row_less_sep_row1_col6.csv,0.20337772369384766
row_less_sep_row1_col7.csv,0.17900729179382324
row_less_sep_row1_col8.csv,0.18363690376281738
row_less_sep_row20_col1.csv,0.20013427734375
row_less_sep_row20_col2.csv,0.19135212898254395
row_less_sep_row20_col3.csv,0.18210077285766602
row_less_sep_row20_col4.csv,0.1904895305633545
row_less_sep_row20_col5.csv,0.18231987953186035
row_less_sep_row20_col6.csv,0.19429779052734375
row_less_sep_row20_col7.csv,0.18515658378601074
row_less_sep_row20_col8.csv,0.17313814163208008
row_less_sep_row21_col1.csv,0.17949247360229492
row_less_sep_row21_col2.csv,0.18062663078308105
row_less_sep_row21_col3.csv,0.18915152549743652
row_less_sep_row21_col4.csv,0.17753911018371582
row_less_sep_row21_col5.csv,0.19907212257385254
row_less_sep_row21_col6.csv,0.1905043125152588
row_less_sep_row21_col7.csv,0.18694186210632324
row_less_sep_row21_col8.csv,0.18192291259765625
row_less_sep_row22_col1.csv,0.19012975692749023
row_less_sep_row22_col2.csv,0.1927175521850586
row_less_sep_row22_col3.csv,0.20075750350952148
row_less_sep_row22_col4.csv,0.19733953475952148
row_less_sep_row22_col5.csv,0.17844796180725098
row_less_sep_row22_col6.csv,0.18351340293884277
row_less_sep_row22_col7.csv,0.1774582862854004
row_less_sep_row22_col8.csv,0.1754746437072754
row_less_sep_row23_col1.csv,0.1994929313659668
row_less_sep_row23_col2.csv,0.19437146186828613
row_less_sep_row23_col3.csv,0.18449974060058594
row_less_sep_row23_col4.csv,0.16912078857421875
row_less_sep_row23_col5.csv,0.1766664981842041
row_less_sep_row23_col6.csv,0.1829819679260254
row_less_sep_row23_col7.csv,0.19757294654846191
row_less_sep_row23_col8.csv,0.17972731590270996
row_less_sep_row24_col1.csv,0.19209980964660645
row_less_sep_row24_col2.csv,0.1796550750732422
row_less_sep_row24_col3.csv,0.19638299942016602
row_less_sep_row24_col4.csv,0.1830899715423584
row_less_sep_row24_col5.csv,0.18055343627929688
row_less_sep_row24_col6.csv,0.17432212829589844
row_less_sep_row24_col7.csv,0.18091726303100586
row_less_sep_row24_col8.csv,0.20041298866271973
row_less_sep_row25_col1.csv,0.19580531120300293
row_less_sep_row25_col2.csv,0.17452502250671387
row_less_sep_row25_col3.csv,0.1896672248840332
row_less_sep_row25_col4.csv,0.2057511806488037
row_less_sep_row25_col5.csv,0.18279218673706055
row_less_sep_row25_col6.csv,0.17260956764221191
row_less_sep_row25_col7.csv,0.1716625690460205
row_less_sep_row25_col8.csv,0.17645859718322754
row_less_sep_row26_col1.csv,0.1837451457977295
row_less_sep_row26_col2.csv,0.1775665283203125
row_less_sep_row26_col3.csv,0.21391844749450684
row_less_sep_row26_col4.csv,0.20366644859313965
row_less_sep_row26_col5.csv,0.1942579746246338
row_less_sep_row26_col6.csv,0.17118000984191895
row_less_sep_row26_col7.csv,0.18957829475402832
row_less_sep_row26_col8.csv,0.21950483322143555
row_less_sep_row27_col1.csv,0.19962167739868164
row_less_sep_row27_col2.csv,0.1841120719909668
row_less_sep_row27_col3.csv,0.17131876945495605
row_less_sep_row27_col4.csv,0.18064284324645996
row_less_sep_row27_col5.csv,0.1783604621887207
row_less_sep_row27_col6.csv,0.17935824394226074
row_less_sep_row27_col7.csv,0.18515634536743164
row_less_sep_row27_col8.csv,0.20226311683654785
row_less_sep_row28_col1.csv,0.18276500701904297
row_less_sep_row28_col2.csv,0.17792940139770508
row_less_sep_row28_col3.csv,0.17514824867248535
row_less_sep_row28_col4.csv,0.18487763404846191
row_less_sep_row28_col5.csv,0.17742490768432617
row_less_sep_row28_col6.csv,0.19962692260742188
row_less_sep_row28_col7.csv,0.18474626541137695
row_less_sep_row28_col8.csv,0.16368865966796875
row_less_sep_row29_col1.csv,0.1755385398864746
row_less_sep_row29_col2.csv,0.17532563209533691
row_less_sep_row29_col3.csv,0.23042869567871094
row_less_sep_row29_col4.csv,0.18260645866394043
row_less_sep_row29_col5.csv,0.1809709072113037
row_less_sep_row29_col6.csv,0.18858122825622559
row_less_sep_row29_col7.csv,0.18202757835388184
row_less_sep_row29_col8.csv,0.18497276306152344
row_less_sep_row2_col1.csv,0.1867504119873047
row_less_sep_row2_col2.csv,0.16855430603027344
row_less_sep_row2_col3.csv,0.18511676788330078
row_less_sep_row2_col4.csv,0.21189022064208984
row_less_sep_row2_col5.csv,0.1788947582244873
row_less_sep_row2_col6.csv,0.16748380661010742
row_less_sep_row2_col7.csv,0.19896697998046875
row_less_sep_row2_col8.csv,0.18678665161132812
row_less_sep_row30_col1.csv,0.1808614730834961
row_less_sep_row30_col2.csv,0.17784690856933594
row_less_sep_row30_col3.csv,0.1887366771697998
row_less_sep_row30_col4.csv,0.1940767765045166
row_less_sep_row30_col5.csv,0.23015594482421875
row_less_sep_row30_col6.csv,0.17455744743347168
row_less_sep_row30_col7.csv,0.18514275550842285
row_less_sep_row30_col8.csv,0.17706799507141113
row_less_sep_row31_col1.csv,0.17751002311706543
row_less_sep_row31_col2.csv,0.1837453842163086
row_less_sep_row31_col3.csv,0.18626952171325684
row_less_sep_row31_col4.csv,0.1945180892944336
row_less_sep_row31_col5.csv,0.16805195808410645
row_less_sep_row31_col6.csv,0.21027207374572754
row_less_sep_row31_col7.csv,-0.4258718490600586
row_less_sep_row31_col8.csv,0.18215203285217285
row_less_sep_row32_col1.csv,0.18141818046569824
row_less_sep_row32_col2.csv,0.16997003555297852
row_less_sep_row32_col3.csv,0.1810922622680664
row_less_sep_row32_col4.csv,0.1969144344329834
row_less_sep_row32_col5.csv,0.1863107681274414
row_less_sep_row32_col6.csv,0.1902759075164795
row_less_sep_row32_col7.csv,0.21297979354858398
row_less_sep_row32_col8.csv,0.18456315994262695
row_less_sep_row33_col1.csv,0.1760847568511963
row_less_sep_row33_col2.csv,0.20828676223754883
row_less_sep_row33_col3.csv,0.17766141891479492
row_less_sep_row33_col4.csv,0.184159517288208
row_less_sep_row33_col5.csv,0.17639374732971191
row_less_sep_row33_col6.csv,0.21945691108703613
row_less_sep_row33_col7.csv,0.1804344654083252
row_less_sep_row33_col8.csv,0.2056126594543457
row_less_sep_row34_col1.csv,0.1961650848388672
row_less_sep_row34_col2.csv,0.19026470184326172
row_less_sep_row34_col3.csv,0.1915147304534912
row_less_sep_row34_col4.csv,0.17710208892822266
row_less_sep_row34_col5.csv,0.2070932388305664
row_less_sep_row34_col6.csv,0.17014765739440918
row_less_sep_row34_col7.csv,0.21576976776123047
row_less_sep_row34_col8.csv,0.17657852172851562
row_less_sep_row35_col1.csv,0.18149399757385254
row_less_sep_row35_col2.csv,0.18113470077514648
row_less_sep_row35_col3.csv,0.16807961463928223
row_less_sep_row35_col4.csv,0.18172430992126465
row_less_sep_row35_col5.csv,0.18117380142211914
row_less_sep_row35_col6.csv,0.1987442970275879
row_less_sep_row35_col7.csv,0.18428301811218262
row_less_sep_row35_col8.csv,0.1783924102783203
row_less_sep_row36_col1.csv,0.17948102951049805
row_less_sep_row36_col2.csv,0.18326711654663086
row_less_sep_row36_col3.csv,0.2254624366760254
row_less_sep_row36_col4.csv,0.16854643821716309
row_less_sep_row36_col5.csv,0.18214654922485352
row_less_sep_row36_col6.csv,0.17537832260131836
row_less_sep_row36_col7.csv,0.17856669425964355
row_less_sep_row36_col8.csv,0.18193292617797852
row_less_sep_row37_col1.csv,0.1838059425354004
row_less_sep_row37_col2.csv,0.19126462936401367
row_less_sep_row37_col3.csv,0.18138575553894043
row_less_sep_row37_col4.csv,0.18773674964904785
row_less_sep_row37_col5.csv,0.20183420181274414
row_less_sep_row37_col6.csv,0.16660141944885254
row_less_sep_row37_col7.csv,0.16973280906677246
row_less_sep_row37_col8.csv,0.18811941146850586
row_less_sep_row38_col1.csv,-0.40449976921081543
row_less_sep_row38_col2.csv,0.1838676929473877
row_less_sep_row38_col3.csv,0.19539189338684082
row_less_sep_row38_col4.csv,0.19098186492919922
row_less_sep_row38_col5.csv,0.18273353576660156
row_less_sep_row38_col6.csv,0.17755889892578125
row_less_sep_row38_col7.csv,0.18895411491394043
row_less_sep_row38_col8.csv,0.1927778720855713
row_less_sep_row39_col1.csv,0.21770000457763672
row_less_sep_row39_col2.csv,0.16598796844482422
row_less_sep_row39_col3.csv,0.18542861938476562
row_less_sep_row39_col4.csv,0.21370697021484375
row_less_sep_row39_col5.csv,0.186140775680542
row_less_sep_row39_col6.csv,0.19514155387878418
row_less_sep_row39_col7.csv,0.1894664764404297
row_less_sep_row39_col8.csv,0.18984365463256836
row_less_sep_row3_col1.csv,0.1742863655090332
row_less_sep_row3_col2.csv,0.1861555576324463
row_less_sep_row3_col3.csv,0.18826675415039062
row_less_sep_row3_col4.csv,0.18052983283996582
row_less_sep_row3_col5.csv,0.18375945091247559
row_less_sep_row3_col6.csv,0.17545127868652344
row_less_sep_row3_col7.csv,0.17725467681884766
row_less_sep_row3_col8.csv,0.1781611442565918
row_less_sep_row40_col1.csv,0.20021867752075195
row_less_sep_row40_col2.csv,0.19582152366638184
row_less_sep_row40_col3.csv,0.21274280548095703
row_less_sep_row40_col4.csv,0.17174911499023438
row_less_sep_row40_col5.csv,0.1706082820892334
row_less_sep_row40_col6.csv,0.18120121955871582
row_less_sep_row40_col7.csv,0.18495941162109375
row_less_sep_row40_col8.csv,0.2084801197052002
row_less_sep_row41_col1.csv,0.2293999195098877
row_less_sep_row41_col2.csv,0.1899721622467041
row_less_sep_row41_col3.csv,0.17359566688537598
row_less_sep_row41_col4.csv,0.19323205947875977
row_less_sep_row41_col5.csv,0.185103178024292
row_less_sep_row41_col6.csv,0.17088556289672852
row_less_sep_row41_col7.csv,0.17990803718566895
row_less_sep_row41_col8.csv,0.17972612380981445
row_less_sep_row42_col1.csv,0.19366192817687988
row_less_sep_row42_col2.csv,0.19399619102478027
row_less_sep_row42_col3.csv,0.19016194343566895
row_less_sep_row42_col4.csv,0.1774611473083496
row_less_sep_row42_col5.csv,0.18222522735595703
row_less_sep_row42_col6.csv,0.1772780418395996
row_less_sep_row42_col7.csv,0.17966294288635254
row_less_sep_row42_col8.csv,0.18307042121887207
row_less_sep_row43_col1.csv,0.1862335205078125
row_less_sep_row43_col2.csv,0.1751384735107422
row_less_sep_row43_col3.csv,0.181504487991333
row_less_sep_row43_col4.csv,0.1883397102355957
row_less_sep_row43_col5.csv,0.1754758358001709
row_less_sep_row43_col6.csv,0.19302034378051758
row_less_sep_row43_col7.csv,0.1775524616241455
row_less_sep_row43_col8.csv,0.18839740753173828
row_less_sep_row44_col1.csv,0.18102145195007324
row_less_sep_row44_col2.csv,0.18140745162963867
row_less_sep_row44_col3.csv,0.1801459789276123
row_less_sep_row44_col4.csv,0.24655413627624512
row_less_sep_row44_col5.csv,0.19460773468017578
row_less_sep_row44_col6.csv,0.19019842147827148
row_less_sep_row44_col7.csv,0.18155503273010254
row_less_sep_row44_col8.csv,0.17392516136169434
row_less_sep_row45_col1.csv,0.21718120574951172
row_less_sep_row45_col2.csv,0.2002549171447754
row_less_sep_row45_col3.csv,0.18245530128479004
row_less_sep_row45_col4.csv,0.19395208358764648
row_less_sep_row45_col5.csv,0.17342877388000488
row_less_sep_row45_col6.csv,0.21935558319091797
row_less_sep_row45_col7.csv,0.17650747299194336
row_less_sep_row45_col8.csv,0.1851058006286621
row_less_sep_row46_col1.csv,0.1869521141052246
row_less_sep_row46_col2.csv,0.19385600090026855
row_less_sep_row46_col3.csv,0.181351900100708
row_less_sep_row46_col4.csv,0.18862366676330566
row_less_sep_row46_col5.csv,0.17290353775024414
row_less_sep_row46_col6.csv,0.18323779106140137
row_less_sep_row46_col7.csv,0.18670129776000977
row_less_sep_row46_col8.csv,0.16466712951660156
row_less_sep_row47_col1.csv,0.17479467391967773
row_less_sep_row47_col2.csv,0.1742725372314453
row_less_sep_row47_col3.csv,0.1808314323425293
row_less_sep_row47_col4.csv,0.1913611888885498
row_less_sep_row47_col5.csv,0.17647171020507812
row_less_sep_row47_col6.csv,0.16636204719543457
row_less_sep_row47_col7.csv,0.1895310878753662
row_less_sep_row47_col8.csv,0.17978739738464355
row_less_sep_row48_col1.csv,0.20312738418579102
row_less_sep_row48_col2.csv,0.1803133487701416
row_less_sep_row48_col3.csv,0.17667555809020996
row_less_sep_row48_col4.csv,0.18352007865905762
row_less_sep_row48_col5.csv,0.2134861946105957
row_less_sep_row48_col6.csv,0.17725753784179688
row_less_sep_row48_col7.csv,0.16875433921813965
row_less_sep_row48_col8.csv,0.19319963455200195
row_less_sep_row49_col1.csv,0.20293235778808594
row_less_sep_row49_col2.csv,0.18192124366760254
row_less_sep_row49_col3.csv,0.18056273460388184
row_less_sep_row49_col4.csv,0.1869487762451172
row_less_sep_row49_col5.csv,0.1743626594543457
row_less_sep_row49_col6.csv,0.16799283027648926
row_less_sep_row49_col7.csv,0.19815802574157715
row_less_sep_row49_col8.csv,0.20373129844665527
row_less_sep_row4_col1.csv,0.2173154354095459
row_less_sep_row4_col2.csv,0.16717147827148438
row_less_sep_row4_col3.csv,0.1799914836883545
row_less_sep_row4_col4.csv,0.16321134567260742
row_less_sep_row4_col5.csv,0.20006966590881348
row_less_sep_row4_col6.csv,0.18462443351745605
row_less_sep_row4_col7.csv,0.16476726531982422
row_less_sep_row4_col8.csv,0.2036275863647461
row_less_sep_row50_col1.csv,0.22393059730529785
row_less_sep_row50_col2.csv,0.18451762199401855
row_less_sep_row50_col3.csv,0.18233013153076172
row_less_sep_row50_col4.csv,0.1804804801940918
row_less_sep_row50_col5.csv,0.17467665672302246
row_less_sep_row50_col6.csv,0.19579339027404785
row_less_sep_row50_col7.csv,0.19382405281066895
row_less_sep_row50_col8.csv,0.18051600456237793
row_less_sep_row51_col1.csv,0.17740893363952637
row_less_sep_row51_col2.csv,0.18191981315612793
row_less_sep_row51_col3.csv,0.17830610275268555
row_less_sep_row51_col4.csv,0.18602895736694336
row_less_sep_row51_col5.csv,0.19637846946716309
row_less_sep_row51_col6.csv,0.18746042251586914
row_less_sep_row51_col7.csv,0.17849946022033691
row_less_sep_row51_col8.csv,0.18570876121520996
row_less_sep_row52_col1.csv,0.1878516674041748
row_less_sep_row52_col2.csv,0.1841118335723877
row_less_sep_row52_col3.csv,0.1780996322631836
row_less_sep_row52_col4.csv,0.17830324172973633
row_less_sep_row52_col5.csv,0.1773521900177002
row_less_sep_row52_col6.csv,0.1939563751220703
row_less_sep_row52_col7.csv,0.19202804565429688
row_less_sep_row52_col8.csv,0.18645119667053223
row_less_sep_row53_col1.csv,0.1928555965423584
row_less_sep_row53_col2.csv,0.1765449047088623
row_less_sep_row53_col3.csv,0.17949771881103516
row_less_sep_row53_col4.csv,0.1792583465576172
row_less_sep_row53_col5.csv,0.18192601203918457
row_less_sep_row53_col6.csv,0.1747875213623047
row_less_sep_row53_col7.csv,0.18512439727783203
row_less_sep_row53_col8.csv,0.19520282745361328
row_less_sep_row54_col1.csv,0.16987109184265137
row_less_sep_row54_col2.csv,0.16411972045898438
row_less_sep_row54_col3.csv,0.17579174041748047
row_less_sep_row54_col4.csv,0.17816686630249023
row_less_sep_row54_col5.csv,0.21796727180480957
row_less_sep_row54_col6.csv,0.2278144359588623
row_less_sep_row54_col7.csv,0.19268441200256348
row_less_sep_row54_col8.csv,0.25220513343811035
row_less_sep_row55_col1.csv,0.18669414520263672
row_less_sep_row55_col2.csv,0.19118380546569824
row_less_sep_row55_col3.csv,0.19083833694458008
row_less_sep_row55_col4.csv,0.1892693042755127
row_less_sep_row55_col5.csv,0.19984006881713867
row_less_sep_row55_col6.csv,0.18938136100769043
row_less_sep_row55_col7.csv,0.17957425117492676
row_less_sep_row55_col8.csv,0.20401716232299805
row_less_sep_row56_col1.csv,0.17941713333129883
row_less_sep_row56_col2.csv,0.1691892147064209
row_less_sep_row56_col3.csv,0.19209671020507812
row_less_sep_row56_col4.csv,0.1734905242919922
row_less_sep_row56_col5.csv,0.18561315536499023
row_less_sep_row56_col6.csv,0.19462990760803223
row_less_sep_row56_col7.csv,0.2230827808380127
row_less_sep_row56_col8.csv,0.1805891990661621
row_less_sep_row57_col1.csv,0.18342280387878418
row_less_sep_row57_col2.csv,0.1924893856048584
row_less_sep_row57_col3.csv,0.1850574016571045
row_less_sep_row57_col4.csv,0.1980454921722412
row_less_sep_row57_col5.csv,0.20356225967407227
row_less_sep_row57_col6.csv,0.1823582649230957
row_less_sep_row57_col7.csv,0.18448472023010254
row_less_sep_row57_col8.csv,0.18566179275512695
row_less_sep_row58_col1.csv,0.22719907760620117
row_less_sep_row58_col2.csv,0.17198562622070312
row_less_sep_row58_col3.csv,0.18103647232055664
row_less_sep_row58_col4.csv,0.1879265308380127
row_less_sep_row58_col5.csv,0.18561601638793945
row_less_sep_row58_col6.csv,0.1761765480041504
row_less_sep_row58_col7.csv,0.17645621299743652
row_less_sep_row58_col8.csv,0.1852703094482422
row_less_sep_row59_col1.csv,0.18970251083374023
row_less_sep_row59_col2.csv,0.19125676155090332
row_less_sep_row59_col3.csv,0.19146060943603516
row_less_sep_row59_col4.csv,0.18244147300720215
row_less_sep_row59_col5.csv,0.18009066581726074
row_less_sep_row59_col6.csv,0.20539402961730957
row_less_sep_row59_col7.csv,0.174149751663208
row_less_sep_row59_col8.csv,0.20770835876464844
row_less_sep_row5_col1.csv,0.20631837844848633
row_less_sep_row5_col2.csv,0.1774120330810547
row_less_sep_row5_col3.csv,0.17109012603759766
row_less_sep_row5_col4.csv,0.19229888916015625
row_less_sep_row5_col5.csv,0.17105793952941895
row_less_sep_row5_col6.csv,0.18219399452209473
row_less_sep_row5_col7.csv,0.17983245849609375
row_less_sep_row5_col8.csv,0.17675995826721191
row_less_sep_row60_col1.csv,0.19940638542175293
row_less_sep_row60_col2.csv,0.1810758113861084
row_less_sep_row60_col3.csv,0.20564603805541992
row_less_sep_row60_col4.csv,0.2041640281677246
row_less_sep_row60_col5.csv,0.1715531349182129
row_less_sep_row60_col6.csv,0.21604657173156738
row_less_sep_row60_col7.csv,0.22626209259033203
row_less_sep_row60_col8.csv,0.184190034866333
row_less_sep_row61_col1.csv,0.17680001258850098
row_less_sep_row61_col2.csv,0.17779064178466797
row_less_sep_row61_col3.csv,0.18792009353637695
row_less_sep_row61_col4.csv,0.17773985862731934
row_less_sep_row61_col5.csv,0.18615388870239258
row_less_sep_row61_col6.csv,0.16645431518554688
row_less_sep_row61_col7.csv,0.19798898696899414
row_less_sep_row61_col8.csv,0.1762688159942627
row_less_sep_row62_col1.csv,0.21526479721069336
row_less_sep_row62_col2.csv,0.17586946487426758
row_less_sep_row62_col3.csv,0.17328166961669922
row_less_sep_row62_col4.csv,0.17888784408569336
row_less_sep_row62_col5.csv,0.18864083290100098
row_less_sep_row62_col6.csv,0.18554377555847168
row_less_sep_row62_col7.csv,0.2089543342590332
row_less_sep_row62_col8.csv,0.19696831703186035
row_less_sep_row63_col1.csv,0.17673063278198242
row_less_sep_row63_col2.csv,0.1813802719116211
row_less_sep_row63_col3.csv,0.17862224578857422
row_less_sep_row63_col4.csv,0.19489002227783203
row_less_sep_row63_col5.csv,0.19140839576721191
row_less_sep_row63_col6.csv,0.17652297019958496
row_less_sep_row63_col7.csv,0.18863844871520996
row_less_sep_row63_col8.csv,0.19909882545471191
row_less_sep_row64_col1.csv,0.18326997756958008
row_less_sep_row64_col2.csv,0.17267107963562012
row_less_sep_row64_col3.csv,0.16901159286499023
row_less_sep_row64_col4.csv,0.19156122207641602
row_less_sep_row64_col5.csv,0.17252254486083984
row_less_sep_row64_col6.csv,0.17917847633361816
row_less_sep_row64_col7.csv,0.17342066764831543
row_less_sep_row64_col8.csv,0.18841814994812012
row_less_sep_row65_col1.csv,0.2102823257446289
row_less_sep_row65_col2.csv,0.18041014671325684
row_less_sep_row65_col3.csv,0.2046830654144287
row_less_sep_row65_col4.csv,0.17933201789855957
row_less_sep_row65_col5.csv,0.16781926155090332
row_less_sep_row65_col6.csv,0.180419921875
row_less_sep_row65_col7.csv,0.17980504035949707
row_less_sep_row65_col8.csv,0.17391037940979004
row_less_sep_row66_col1.csv,0.18270087242126465
row_less_sep_row66_col2.csv,0.17885541915893555
row_less_sep_row66_col3.csv,0.21819400787353516
row_less_sep_row66_col4.csv,0.18172955513000488
row_less_sep_row66_col5.csv,0.18575668334960938
row_less_sep_row66_col6.csv,0.1767261028289795
row_less_sep_row66_col7.csv,0.18776226043701172
row_less_sep_row66_col8.csv,0.18074679374694824
row_less_sep_row67_col1.csv,0.1789262294769287
row_less_sep_row67_col2.csv,0.18778443336486816
row_less_sep_row67_col3.csv,0.18212437629699707
row_less_sep_row67_col4.csv,0.18358540534973145
row_less_sep_row67_col5.csv,0.16947364807128906
row_less_sep_row67_col6.csv,0.17668962478637695
row_less_sep_row67_col7.csv,0.1950678825378418
row_less_sep_row67_col8.csv,0.18354129791259766
row_less_sep_row68_col1.csv,0.1769099235534668
row_less_sep_row68_col2.csv,0.1967768669128418
row_less_sep_row68_col3.csv,0.1666421890258789
row_less_sep_row68_col4.csv,0.17432618141174316
row_less_sep_row68_col5.csv,0.17567133903503418
row_less_sep_row68_col6.csv,0.17168068885803223
row_less_sep_row68_col7.csv,0.17940688133239746
row_less_sep_row68_col8.csv,0.2134571075439453
row_less_sep_row69_col1.csv,0.24921679496765137
row_less_sep_row69_col2.csv,0.18361234664916992
row_less_sep_row69_col3.csv,0.18534541130065918
row_less_sep_row69_col4.csv,0.1673891544342041
row_less_sep_row69_col5.csv,0.20376801490783691
row_less_sep_row69_col6.csv,0.18204784393310547
row_less_sep_row69_col7.csv,0.18100452423095703
row_less_sep_row69_col8.csv,0.1882944107055664
row_less_sep_row6_col1.csv,0.179520845413208
row_less_sep_row6_col2.csv,0.2042829990386963
row_less_sep_row6_col3.csv,0.18030214309692383
row_less_sep_row6_col4.csv,0.19607949256896973
row_less_sep_row6_col5.csv,0.16337299346923828
row_less_sep_row6_col6.csv,0.19900774955749512
row_less_sep_row6_col7.csv,0.17647147178649902
row_less_sep_row6_col8.csv,0.20326852798461914
row_less_sep_row70_col1.csv,0.1829681396484375
row_less_sep_row70_col2.csv,0.1881105899810791
row_less_sep_row70_col3.csv,0.17204809188842773
row_less_sep_row70_col4.csv,0.18961596488952637
row_less_sep_row70_col5.csv,0.18680977821350098
row_less_sep_row70_col6.csv,0.263735294342041
row_less_sep_row70_col7.csv,0.1812572479248047
row_less_sep_row70_col8.csv,0.17922520637512207
row_less_sep_row71_col1.csv,0.18227386474609375
row_less_sep_row71_col2.csv,0.17197561264038086
row_less_sep_row71_col3.csv,0.18476223945617676
row_less_sep_row71_col4.csv,0.18613862991333008
row_less_sep_row71_col5.csv,0.17841362953186035
row_less_sep_row71_col6.csv,0.19035100936889648
row_less_sep_row71_col7.csv,0.20815420150756836
row_less_sep_row71_col8.csv,0.1823277473449707
row_less_sep_row72_col1.csv,0.1912374496459961
row_less_sep_row72_col2.csv,0.1894090175628662
row_less_sep_row72_col3.csv,0.1887190341949463
row_less_sep_row72_col4.csv,0.17774677276611328
row_less_sep_row72_col5.csv,0.22310829162597656
row_less_sep_row72_col6.csv,0.18497514724731445
row_less_sep_row72_col7.csv,0.20376324653625488
row_less_sep_row72_col8.csv,0.2246415615081787
row_less_sep_row73_col1.csv,0.18888187408447266
row_less_sep_row73_col2.csv,0.18750381469726562
row_less_sep_row73_col3.csv,0.18505644798278809
row_less_sep_row73_col4.csv,0.1773509979248047
row_less_sep_row73_col5.csv,0.17816853523254395
row_less_sep_row73_col6.csv,0.20217061042785645
row_less_sep_row73_col7.csv,0.2071387767791748
row_less_sep_row73_col8.csv,0.19925522804260254
row_less_sep_row74_col1.csv,0.18369579315185547
row_less_sep_row74_col2.csv,0.1850748062133789
row_less_sep_row74_col3.csv,0.16663432121276855
row_less_sep_row74_col4.csv,0.17885708808898926
row_less_sep_row74_col5.csv,0.18143630027770996
row_less_sep_row74_col6.csv,0.1898360252380371
row_less_sep_row74_col7.csv,0.1944882869720459
row_less_sep_row74_col8.csv,0.19016385078430176
row_less_sep_row75_col1.csv,0.1945950984954834
row_less_sep_row75_col2.csv,0.18610000610351562
row_less_sep_row75_col3.csv,0.18463468551635742
row_less_sep_row75_col4.csv,0.17666006088256836
row_less_sep_row75_col5.csv,0.18142294883728027
row_less_sep_row75_col6.csv,0.1834259033203125
row_less_sep_row75_col7.csv,0.1776280403137207
row_less_sep_row75_col8.csv,0.18057632446289062
row_less_sep_row76_col1.csv,-0.40111708641052246
row_less_sep_row76_col2.csv,0.1840677261352539
row_less_sep_row76_col3.csv,0.20192360877990723
row_less_sep_row76_col4.csv,0.18559718132019043
row_less_sep_row76_col5.csv,0.17810940742492676
row_less_sep_row76_col6.csv,0.20421528816223145
row_less_sep_row76_col7.csv,0.20300531387329102
row_less_sep_row76_col8.csv,0.18900561332702637
row_less_sep_row77_col1.csv,0.19717621803283691
row_less_sep_row77_col2.csv,0.21799755096435547
row_less_sep_row77_col3.csv,0.16980195045471191
row_less_sep_row77_col4.csv,0.17850542068481445
row_less_sep_row77_col5.csv,0.2052149772644043
row_less_sep_row77_col6.csv,0.18656206130981445
row_less_sep_row77_col7.csv,0.1787729263305664
row_less_sep_row77_col8.csv,0.18066930770874023
row_less_sep_row78_col1.csv,0.1863269805908203
row_less_sep_row78_col2.csv,0.1856379508972168
row_less_sep_row78_col3.csv,0.20043706893920898
row_less_sep_row78_col4.csv,0.1834545135498047
row_less_sep_row78_col5.csv,0.21016693115234375
row_less_sep_row78_col6.csv,0.18789958953857422
row_less_sep_row78_col7.csv,0.18924498558044434
row_less_sep_row78_col8.csv,0.19333267211914062
row_less_sep_row79_col1.csv,0.18382477760314941
row_less_sep_row79_col2.csv,0.16711854934692383
row_less_sep_row79_col3.csv,0.18604540824890137
row_less_sep_row79_col4.csv,0.17731618881225586
row_less_sep_row79_col5.csv,0.188035249710083
row_less_sep_row79_col6.csv,0.17469024658203125
row_less_sep_row79_col7.csv,0.19086527824401855
row_less_sep_row79_col8.csv,0.17665886878967285
row_less_sep_row7_col1.csv,0.18383049964904785
row_less_sep_row7_col2.csv,0.19475984573364258
row_less_sep_row7_col3.csv,0.18172979354858398
row_less_sep_row7_col4.csv,0.17964935302734375
row_less_sep_row7_col5.csv,-0.4106476306915283
row_less_sep_row7_col6.csv,0.17475509643554688
row_less_sep_row7_col7.csv,0.20119309425354004
row_less_sep_row7_col8.csv,0.177473783493042
row_less_sep_row80_col1.csv,0.17541909217834473
row_less_sep_row80_col2.csv,0.17847895622253418
row_less_sep_row80_col3.csv,0.18073105812072754
row_less_sep_row80_col4.csv,0.23627257347106934
row_less_sep_row80_col5.csv,0.1882786750793457
row_less_sep_row80_col6.csv,0.20814085006713867
row_less_sep_row80_col7.csv,0.18097519874572754
row_less_sep_row80_col8.csv,0.18767952919006348
row_less_sep_row81_col1.csv,0.17937278747558594
row_less_sep_row81_col2.csv,0.1914682388305664
row_less_sep_row81_col3.csv,0.1759488582611084
row_less_sep_row81_col4.csv,0.18843722343444824
row_less_sep_row81_col5.csv,0.2080838680267334
row_less_sep_row81_col6.csv,0.1760413646697998
row_less_sep_row81_col7.csv,0.1980142593383789
row_less_sep_row81_col8.csv,0.18283653259277344
row_less_sep_row82_col1.csv,0.18790555000305176
row_less_sep_row82_col2.csv,0.17874836921691895
row_less_sep_row82_col3.csv,0.17030620574951172
row_less_sep_row82_col4.csv,0.18064117431640625
row_less_sep_row82_col5.csv,0.17356133460998535
row_less_sep_row82_col6.csv,0.18800115585327148
row_less_sep_row82_col7.csv,0.18474364280700684
row_less_sep_row82_col8.csv,0.1922898292541504
row_less_sep_row83_col1.csv,0.1913769245147705
row_less_sep_row83_col2.csv,0.17609381675720215
row_less_sep_row83_col3.csv,0.1857161521911621
row_less_sep_row83_col4.csv,0.17661786079406738
row_less_sep_row83_col5.csv,0.18199467658996582
row_less_sep_row83_col6.csv,0.18919014930725098
row_less_sep_row83_col7.csv,0.19220972061157227
row_less_sep_row83_col8.csv,0.16325879096984863
row_less_sep_row8_col1.csv,0.22529244422912598
row_less_sep_row8_col2.csv,0.20981740951538086
row_less_sep_row8_col3.csv,0.18396687507629395
row_less_sep_row8_col4.csv,0.18966031074523926
row_less_sep_row8_col5.csv,0.19008660316467285
row_less_sep_row8_col6.csv,0.17777442932128906
row_less_sep_row8_col7.csv,0.2129380702972412
row_less_sep_row8_col8.csv,0.19263458251953125
row_less_sep_row9_col1.csv,0.18303894996643066
row_less_sep_row9_col2.csv,0.19932913780212402
row_less_sep_row9_col3.csv,0.17933940887451172
row_less_sep_row9_col4.csv,0.21952199935913086
row_less_sep_row9_col5.csv,0.16589951515197754
row_less_sep_row9_col6.csv,0.21543145179748535
row_less_sep_row9_col7.csv,0.1920628547668457
row_less_sep_row9_col8.csv,0.1753997802734375
row_more_sep_row0_col0.csv,0.1785874366760254
row_more_sep_row0_col1.csv,0.10829806327819824
row_more_sep_row0_col2.csv,0.21915054321289062
row_more_sep_row0_col3.csv,0.11015510559082031
row_more_sep_row0_col4.csv,0.12958025932312012
row_more_sep_row0_col5.csv,0.18155431747436523
row_more_sep_row0_col6.csv,0.1900184154510498
row_more_sep_row0_col7.csv,0.1740267276763916
row_more_sep_row0_col8.csv,0.18759989738464355
row_more_sep_row10_col0.csv,0.16471242904663086
row_more_sep_row10_col1.csv,0.17805194854736328
row_more_sep_row10_col2.csv,0.1711580753326416
row_more_sep_row10_col3.csv,0.17986178398132324
row_more_sep_row10_col4.csv,0.17278385162353516
row_more_sep_row10_col5.csv,0.17511272430419922
row_more_sep_row10_col6.csv,0.17587828636169434
row_more_sep_row10_col7.csv,0.22008395195007324
row_more_sep_row10_col8.csv,0.16718673706054688
row_more_sep_row11_col0.csv,0.18193292617797852
row_more_sep_row11_col1.csv,0.1713418960571289
row_more_sep_row11_col2.csv,0.1829218864440918
row_more_sep_row11_col3.csv,0.18911099433898926
row_more_sep_row11_col4.csv,0.16977524757385254
row_more_sep_row11_col5.csv,0.17541885375976562
row_more_sep_row11_col6.csv,0.19653081893920898
row_more_sep_row11_col7.csv,0.1948995590209961
row_more_sep_row11_col8.csv,0.17221379280090332
row_more_sep_row12_col0.csv,0.19333910942077637
row_more_sep_row12_col1.csv,0.18271970748901367
row_more_sep_row12_col2.csv,0.1726083755493164
row_more_sep_row12_col3.csv,0.17246270179748535
row_more_sep_row12_col4.csv,0.20466017723083496
row_more_sep_row12_col5.csv,0.17673087120056152
row_more_sep_row12_col6.csv,0.17509889602661133
row_more_sep_row12_col7.csv,0.18756818771362305
row_more_sep_row12_col8.csv,0.12849950790405273
row_more_sep_row13_col0.csv,0.1810593605041504
row_more_sep_row13_col1.csv,0.17394733428955078
row_more_sep_row13_col2.csv,0.16011595726013184
row_more_sep_row13_col3.csv,0.17936921119689941
row_more_sep_row13_col4.csv,0.1725296974182129
row_more_sep_row13_col5.csv,0.17220664024353027
row_more_sep_row13_col6.csv,0.18409442901611328
row_more_sep_row13_col7.csv,0.19684290885925293
row_more_sep_row13_col8.csv,0.17902827262878418
row_more_sep_row14_col0.csv,0.17511773109436035
row_more_sep_row14_col1.csv,0.19197797775268555
row_more_sep_row14_col2.csv,0.18541526794433594
row_more_sep_row14_col3.csv,0.16662073135375977
row_more_sep_row14_col4.csv,0.17124271392822266
row_more_sep_row14_col5.csv,0.16984152793884277
row_more_sep_row14_col6.csv,0.17480754852294922
row_more_sep_row14_col7.csv,0.17416119575500488
row_more_sep_row14_col8.csv,0.1941385269165039
row_more_sep_row15_col0.csv,0.2097456455230713
row_more_sep_row15_col1.csv,0.18022465705871582
row_more_sep_row15_col2.csv,0.17882466316223145
row_more_sep_row15_col3.csv,0.18506956100463867
row_more_sep_row15_col4.csv,0.19228267669677734
row_more_sep_row15_col5.csv,0.1830730438232422
row_more_sep_row15_col6.csv,0.17396855354309082
row_more_sep_row15_col7.csv,0.16991376876831055
row_more_sep_row15_col8.csv,0.19950580596923828
row_more_sep_row16_col0.csv,0.18145060539245605
row_more_sep_row16_col1.csv,0.16775059700012207
row_more_sep_row16_col2.csv,0.17254018783569336
row_more_sep_row16_col3.csv,0.18477177619934082
row_more_sep_row16_col4.csv,0.19173145294189453
row_more_sep_row16_col5.csv,0.17704319953918457
row_more_sep_row16_col6.csv,0.17298674583435059
row_more_sep_row16_col7.csv,0.20923280715942383
row_more_sep_row16_col8.csv,-0.4483764171600342
row_more_sep_row17_col0.csv,-0.43143224716186523
row_more_sep_row17_col1.csv,0.1817455291748047
row_more_sep_row17_col2.csv,0.17096996307373047
row_more_sep_row17_col3.csv,0.18324875831604004
row_more_sep_row17_col4.csv,0.18297719955444336
row_more_sep_row17_col5.csv,0.19520807266235352
row_more_sep_row17_col6.csv,0.17288899421691895
row_more_sep_row17_col7.csv,0.18022775650024414
row_more_sep_row17_col8.csv,0.1749286651611328
row_more_sep_row18_col0.csv,0.18991661071777344
row_more_sep_row18_col1.csv,0.18026232719421387
row_more_sep_row18_col2.csv,0.17849469184875488
row_more_sep_row18_col3.csv,0.17172503471374512
row_more_sep_row18_col4.csv,0.19162511825561523
row_more_sep_row18_col5.csv,0.2694845199584961
row_more_sep_row18_col6.csv,0.21058392524719238
row_more_sep_row18_col7.csv,0.2508811950683594
row_more_sep_row18_col8.csv,0.1904008388519287
row_more_sep_row19_col0.csv,0.16344237327575684
row_more_sep_row19_col1.csv,0.1807560920715332
row_more_sep_row19_col2.csv,0.17238450050354004
row_more_sep_row19_col3.csv,0.22319436073303223
row_more_sep_row19_col4.csv,0.16986584663391113
row_more_sep_row19_col5.csv,0.17185759544372559
row_more_sep_row19_col6.csv,0.18321609497070312
row_more_sep_row19_col7.csv,0.20172762870788574
row_more_sep_row19_col8.csv,0.18299388885498047
row_more_sep_row1_col0.csv,0.18510007858276367
row_more_sep_row1_col1.csv,0.17483901977539062
row_more_sep_row1_col2.csv,0.18435263633728027
row_more_sep_row1_col3.csv,0.17396235466003418
row_more_sep_row1_col4.csv,0.2076892852783203
row_more_sep_row1_col5.csv,0.13283824920654297
row_more_sep_row1_col6.csv,0.1750507354736328
row_more_sep_row1_col7.csv,0.17130804061889648
row_more_sep_row1_col8.csv,0.17712831497192383
row_more_sep_row20_col0.csv,0.20488214492797852
row_more_sep_row20_col1.csv,0.21760845184326172
row_more_sep_row20_col2.csv,0.16794157028198242
row_more_sep_row20_col3.csv,0.1965339183807373
row_more_sep_row20_col4.csv,0.1724696159362793
row_more_sep_row20_col5.csv,0.1779937744140625
row_more_sep_row20_col6.csv,0.20573878288269043
row_more_sep_row20_col7.csv,0.19655513763427734
row_more_sep_row20_col8.csv,0.17828679084777832
row_more_sep_row21_col0.csv,0.17142462730407715
row_more_sep_row21_col1.csv,0.18351459503173828
row_more_sep_row21_col2.csv,0.18270635604858398
row_more_sep_row21_col3.csv,0.16937971115112305
row_more_sep_row21_col4.csv,0.16689395904541016
row_more_sep_row21_col5.csv,0.17788434028625488
row_more_sep_row21_col6.csv,0.18271112442016602
row_more_sep_row21_col7.csv,0.17304444313049316
row_more_sep_row21_col8.csv,0.1735689640045166
row_more_sep_row22_col0.csv,0.20157980918884277
row_more_sep_row22_col1.csv,0.21894598007202148
row_more_sep_row22_col2.csv,0.17396259307861328
row_more_sep_row22_col3.csv,0.16067957878112793
row_more_sep_row22_col4.csv,0.1842341423034668
row_more_sep_row22_col5.csv,0.19336915016174316
row_more_sep_row22_col6.csv,0.2014615535736084
row_more_sep_row22_col7.csv,0.17473673820495605
row_more_sep_row22_col8.csv,0.17269349098205566
row_more_sep_row23_col0.csv,0.17103886604309082
row_more_sep_row23_col1.csv,0.1722431182861328
row_more_sep_row23_col2.csv,0.18019580841064453
row_more_sep_row23_col3.csv,0.18269133567810059
row_more_sep_row23_col4.csv,0.18339014053344727
row_more_sep_row23_col5.csv,0.1784505844116211
row_more_sep_row23_col6.csv,0.15948772430419922
row_more_sep_row23_col7.csv,0.1804361343383789
row_more_sep_row23_col8.csv,0.17946672439575195
row_more_sep_row24_col0.csv,0.2240138053894043
row_more_sep_row24_col1.csv,0.17330503463745117
row_more_sep_row24_col2.csv,0.17352747917175293
row_more_sep_row24_col3.csv,0.17569708824157715
row_more_sep_row24_col4.csv,0.18308091163635254
row_more_sep_row24_col5.csv,0.1670982837677002
row_more_sep_row24_col6.csv,0.17280197143554688
row_more_sep_row24_col7.csv,0.18138504028320312
row_more_sep_row24_col8.csv,0.20130658149719238
row_more_sep_row25_col0.csv,0.1678926944732666
row_more_sep_row25_col1.csv,0.16955947875976562
row_more_sep_row25_col2.csv,0.18472599983215332
row_more_sep_row25_col3.csv,0.19428563117980957
row_more_sep_row25_col4.csv,0.17959046363830566
row_more_sep_row25_col5.csv,0.18500661849975586
row_more_sep_row25_col6.csv,0.18337631225585938
row_more_sep_row25_col7.csv,0.17182230949401855
row_more_sep_row25_col8.csv,0.18009495735168457
row_more_sep_row26_col0.csv,0.17374897003173828
row_more_sep_row26_col1.csv,0.18359613418579102
row_more_sep_row26_col2.csv,0.22618627548217773
row_more_sep_row26_col3.csv,0.16948628425598145
row_more_sep_row26_col4.csv,0.1751856803894043
row_more_sep_row26_col5.csv,0.17587804794311523
row_more_sep_row26_col6.csv,0.17517709732055664
row_more_sep_row26_col7.csv,0.18187451362609863
row_more_sep_row26_col8.csv,0.1712322235107422
row_more_sep_row27_col0.csv,0.18326973915100098
row_more_sep_row27_col1.csv,0.1865856647491455
row_more_sep_row27_col2.csv,0.19895672798156738
row_more_sep_row27_col3.csv,0.1737067699432373
row_more_sep_row27_col4.csv,0.1796414852142334
row_more_sep_row27_col5.csv,0.19626379013061523
row_more_sep_row27_col6.csv,0.18114185333251953
row_more_sep_row27_col7.csv,0.17434096336364746
row_more_sep_row27_col8.csv,0.16891241073608398
row_more_sep_row28_col0.csv,0.16138768196105957
row_more_sep_row28_col1.csv,0.17702150344848633
row_more_sep_row28_col2.csv,0.18354582786560059
row_more_sep_row28_col3.csv,0.17033886909484863
row_more_sep_row28_col4.csv,0.2221510410308838
row_more_sep_row28_col5.csv,0.2018146514892578
row_more_sep_row28_col6.csv,0.1730480194091797
row_more_sep_row28_col7.csv,0.21667194366455078
row_more_sep_row28_col8.csv,0.19178056716918945
row_more_sep_row29_col0.csv,0.19904494285583496
row_more_sep_row29_col1.csv,0.18120408058166504
row_more_sep_row29_col2.csv,0.18784213066101074
row_more_sep_row29_col3.csv,0.17858123779296875
row_more_sep_row29_col4.csv,0.17969655990600586
row_more_sep_row29_col5.csv,0.18180227279663086
row_more_sep_row29_col6.csv,0.17524957656860352
row_more_sep_row29_col7.csv,0.1836392879486084
row_more_sep_row29_col8.csv,0.17942523956298828
row_more_sep_row2_col0.csv,0.17062735557556152
row_more_sep_row2_col1.csv,0.18231916427612305
row_more_sep_row2_col2.csv,0.17885828018188477
row_more_sep_row2_col3.csv,0.17780613899230957
row_more_sep_row2_col4.csv,0.16657018661499023
row_more_sep_row2_col5.csv,0.17358636856079102
row_more_sep_row2_col6.csv,0.17695903778076172
row_more_sep_row2_col7.csv,0.17878127098083496
row_more_sep_row2_col8.csv,0.18860244750976562
row_more_sep_row30_col0.csv,0.20949029922485352
row_more_sep_row30_col1.csv,0.16924357414245605
row_more_sep_row30_col2.csv,0.15989398956298828
row_more_sep_row30_col3.csv,0.1845722198486328
row_more_sep_row30_col4.csv,0.17731475830078125
row_more_sep_row30_col5.csv,0.19231891632080078
row_more_sep_row30_col6.csv,0.16373443603515625
row_more_sep_row30_col7.csv,0.17849421501159668
row_more_sep_row30_col8.csv,0.17383694648742676
row_more_sep_row31_col0.csv,0.1710047721862793
row_more_sep_row31_col1.csv,0.18757891654968262
row_more_sep_row31_col2.csv,0.1771409511566162
row_more_sep_row31_col3.csv,0.16331720352172852
row_more_sep_row31_col4.csv,0.17521429061889648
row_more_sep_row31_col5.csv,0.17733454704284668
row_more_sep_row31_col6.csv,0.17383575439453125
row_more_sep_row31_col7.csv,0.17235708236694336
row_more_sep_row31_col8.csv,0.20430541038513184
row_more_sep_row32_col0.csv,0.1980268955230713
row_more_sep_row32_col1.csv,0.15752530097961426
row_more_sep_row32_col2.csv,0.17266845703125
row_more_sep_row32_col3.csv,0.16713786125183105
row_more_sep_row32_col4.csv,0.22504138946533203
row_more_sep_row32_col5.csv,0.17474150657653809
row_more_sep_row32_col6.csv,0.1873457431793213
row_more_sep_row32_col7.csv,0.184739351272583
row_more_sep_row32_col8.csv,0.17533469200134277
row_more_sep_row33_col0.csv,0.17973637580871582
row_more_sep_row33_col1.csv,0.19127225875854492
row_more_sep_row33_col2.csv,0.17174959182739258
row_more_sep_row33_col3.csv,0.15723228454589844
row_more_sep_row33_col4.csv,0.1861257553100586
row_more_sep_row33_col5.csv,0.17517447471618652
row_more_sep_row33_col6.csv,0.16962051391601562
row_more_sep_row33_col7.csv,0.1813640594482422
row_more_sep_row33_col8.csv,0.1846299171447754
row_more_sep_row34_col0.csv,0.17580175399780273
row_more_sep_row34_col1.csv,0.19256377220153809
row_more_sep_row34_col2.csv,0.1729590892791748
row_more_sep_row34_col3.csv,0.17304706573486328
row_more_sep_row34_col4.csv,0.16344022750854492
row_more_sep_row34_col5.csv,0.17862319946289062
row_more_sep_row34_col6.csv,0.18356895446777344
row_more_sep_row34_col7.csv,0.15915536880493164
row_more_sep_row34_col8.csv,0.17523694038391113
row_more_sep_row35_col0.csv,0.19180727005004883
row_more_sep_row35_col1.csv,0.17137789726257324
row_more_sep_row35_col2.csv,0.1788015365600586
row_more_sep_row35_col3.csv,0.17240214347839355
row_more_sep_row35_col4.csv,0.1683518886566162
row_more_sep_row35_col5.csv,0.2071070671081543
row_more_sep_row35_col6.csv,0.18132948875427246
row_more_sep_row35_col7.csv,0.18304061889648438
row_more_sep_row35_col8.csv,0.17645549774169922
row_more_sep_row36_col0.csv,0.19128155708312988
row_more_sep_row36_col1.csv,0.16760849952697754
row_more_sep_row36_col2.csv,0.17264056205749512
row_more_sep_row36_col3.csv,0.17070960998535156
row_more_sep_row36_col4.csv,0.18624448776245117
row_more_sep_row36_col5.csv,0.16397643089294434
row_more_sep_row36_col6.csv,0.18457484245300293
row_more_sep_row36_col7.csv,0.19633269309997559
row_more_sep_row36_col8.csv,0.16671085357666016
row_more_sep_row37_col0.csv,0.17421603202819824
row_more_sep_row37_col1.csv,0.17460131645202637
row_more_sep_row37_col2.csv,0.1806776523590088
row_more_sep_row37_col3.csv,0.16977548599243164
row_more_sep_row37_col4.csv,0.18582630157470703
row_more_sep_row37_col5.csv,0.16643929481506348
row_more_sep_row37_col6.csv,0.17080211639404297
row_more_sep_row37_col7.csv,0.17413640022277832
row_more_sep_row37_col8.csv,0.17725324630737305
row_more_sep_row38_col0.csv,0.16837096214294434
row_more_sep_row38_col1.csv,0.17888522148132324
row_more_sep_row38_col2.csv,0.18115592002868652
row_more_sep_row38_col3.csv,0.1766815185546875
row_more_sep_row38_col4.csv,0.17464113235473633
row_more_sep_row38_col5.csv,0.17404484748840332
row_more_sep_row38_col6.csv,0.17926621437072754
row_more_sep_row38_col7.csv,0.17899513244628906
row_more_sep_row38_col8.csv,0.1590871810913086
row_more_sep_row39_col0.csv,0.17128300666809082
row_more_sep_row39_col1.csv,0.17569756507873535
row_more_sep_row39_col2.csv,0.1764218807220459
row_more_sep_row39_col3.csv,0.18085813522338867
row_more_sep_row39_col4.csv,0.1830897331237793
row_more_sep_row39_col5.csv,0.17643499374389648
row_more_sep_row39_col6.csv,0.17371153831481934
row_more_sep_row39_col7.csv,0.18581342697143555
row_more_sep_row39_col8.csv,0.1785738468170166
row_more_sep_row3_col0.csv,0.21504735946655273
row_more_sep_row3_col1.csv,0.18285059928894043
row_more_sep_row3_col2.csv,0.17068147659301758
row_more_sep_row3_col3.csv,0.16980862617492676
row_more_sep_row3_col4.csv,0.17454147338867188
row_more_sep_row3_col5.csv,0.17543268203735352
row_more_sep_row3_col6.csv,0.1860198974609375
row_more_sep_row3_col7.csv,0.18768525123596191
row_more_sep_row3_col8.csv,0.17029476165771484
row_more_sep_row40_col0.csv,-0.4272115230560303
row_more_sep_row40_col1.csv,0.189208984375
row_more_sep_row40_col2.csv,0.1757512092590332
row_more_sep_row40_col3.csv,0.17848873138427734
row_more_sep_row40_col4.csv,0.18146085739135742
row_more_sep_row40_col5.csv,0.17566180229187012
row_more_sep_row40_col6.csv,0.19417405128479004
row_more_sep_row40_col7.csv,0.18803858757019043
row_more_sep_row40_col8.csv,0.19285225868225098
row_more_sep_row41_col0.csv,0.1659097671508789
row_more_sep_row41_col1.csv,0.17509245872497559
row_more_sep_row41_col2.csv,0.17282438278198242
row_more_sep_row41_col3.csv,0.18276596069335938
row_more_sep_row41_col4.csv,0.18856406211853027
row_more_sep_row41_col5.csv,0.17007040977478027
row_more_sep_row41_col6.csv,0.17012453079223633
row_more_sep_row41_col7.csv,0.17021441459655762
row_more_sep_row41_col8.csv,0.17250895500183105
row_more_sep_row42_col0.csv,0.1684415340423584
row_more_sep_row42_col1.csv,0.18640565872192383
row_more_sep_row42_col2.csv,0.17568063735961914
row_more_sep_row42_col3.csv,0.1731550693511963
row_more_sep_row42_col4.csv,0.17170143127441406
row_more_sep_row42_col5.csv,0.17727231979370117
row_more_sep_row42_col6.csv,0.17313003540039062
row_more_sep_row42_col7.csv,0.17843031883239746
row_more_sep_row42_col8.csv,0.18917584419250488
row_more_sep_row43_col0.csv,0.17651009559631348
row_more_sep_row43_col1.csv,0.1795051097869873
row_more_sep_row43_col2.csv,0.20163989067077637
row_more_sep_row43_col3.csv,0.17820191383361816
row_more_sep_row43_col4.csv,0.17893576622009277
row_more_sep_row43_col5.csv,0.16333460807800293
row_more_sep_row43_col6.csv,0.18340659141540527
row_more_sep_row43_col7.csv,0.19667673110961914
row_more_sep_row43_col8.csv,0.16827845573425293
row_more_sep_row44_col0.csv,0.1917130947113037
row_more_sep_row44_col1.csv,0.1762523651123047
row_more_sep_row44_col2.csv,0.1838235855102539
row_more_sep_row44_col3.csv,0.21164751052856445
row_more_sep_row44_col4.csv,0.1621263027191162
row_more_sep_row44_col5.csv,0.21398019790649414
row_more_sep_row44_col6.csv,0.1756453514099121
row_more_sep_row44_col7.csv,0.17436766624450684
row_more_sep_row44_col8.csv,0.19243502616882324
row_more_sep_row45_col0.csv,0.16620898246765137
row_more_sep_row45_col1.csv,0.22025442123413086
row_more_sep_row45_col2.csv,0.17517495155334473
row_more_sep_row45_col3.csv,0.1721787452697754
row_more_sep_row45_col4.csv,0.16932249069213867
row_more_sep_row45_col5.csv,0.17679476737976074
row_more_sep_row45_col6.csv,0.20142531394958496
row_more_sep_row45_col7.csv,0.1742081642150879
row_more_sep_row45_col8.csv,0.1789383888244629
row_more_sep_row46_col0.csv,0.1994335651397705
row_more_sep_row46_col1.csv,0.18978214263916016
row_more_sep_row46_col2.csv,0.179640531539917
row_more_sep_row46_col3.csv,0.2150568962097168
row_more_sep_row46_col4.csv,0.16799426078796387
row_more_sep_row46_col5.csv,0.19001007080078125
row_more_sep_row46_col6.csv,0.18224334716796875
row_more_sep_row46_col7.csv,0.17322897911071777
row_more_sep_row46_col8.csv,0.18617939949035645
row_more_sep_row47_col0.csv,0.23859643936157227
row_more_sep_row47_col1.csv,0.17212772369384766
row_more_sep_row47_col2.csv,0.16119885444641113
row_more_sep_row47_col3.csv,0.16969799995422363
row_more_sep_row47_col4.csv,0.20650148391723633
row_more_sep_row47_col5.csv,0.16666293144226074
row_more_sep_row47_col6.csv,0.18305706977844238
row_more_sep_row47_col7.csv,0.17148137092590332
row_more_sep_row47_col8.csv,0.18497514724731445
row_more_sep_row48_col0.csv,0.1858212947845459
row_more_sep_row48_col1.csv,0.17539548873901367
row_more_sep_row48_col2.csv,0.18706035614013672
row_more_sep_row48_col3.csv,0.17374563217163086
row_more_sep_row48_col4.csv,-0.38587474822998047
row_more_sep_row48_col5.csv,0.18273091316223145
row_more_sep_row48_col6.csv,0.17519545555114746
row_more_sep_row48_col7.csv,0.18755030632019043
row_more_sep_row48_col8.csv,0.1799759864807129
row_more_sep_row49_col0.csv,0.2217423915863037
row_more_sep_row49_col1.csv,0.17050671577453613
row_more_sep_row49_col2.csv,0.18655633926391602
row_more_sep_row49_col3.csv,0.17602276802062988
row_more_sep_row49_col4.csv,0.21685791015625
row_more_sep_row49_col5.csv,0.18046975135803223
row_more_sep_row49_col6.csv,0.18673992156982422
row_more_sep_row49_col7.csv,0.19324016571044922
row_more_sep_row49_col8.csv,0.1702861785888672
row_more_sep_row4_col0.csv,0.16882705688476562
row_more_sep_row4_col1.csv,0.17930054664611816
row_more_sep_row4_col2.csv,0.17731666564941406
row_more_sep_row4_col3.csv,0.18856430053710938
row_more_sep_row4_col4.csv,0.1897284984588623
row_more_sep_row4_col5.csv,0.18657851219177246
row_more_sep_row4_col6.csv,0.15955734252929688
row_more_sep_row4_col7.csv,0.21650123596191406
row_more_sep_row4_col8.csv,0.17159700393676758
row_more_sep_row50_col0.csv,0.17584586143493652
row_more_sep_row50_col1.csv,0.18071413040161133
row_more_sep_row50_col2.csv,0.1875782012939453
row_more_sep_row50_col3.csv,0.17755675315856934
row_more_sep_row50_col4.csv,0.19810032844543457
row_more_sep_row50_col5.csv,0.18159699440002441
row_more_sep_row50_col6.csv,0.17583250999450684
row_more_sep_row50_col7.csv,0.2123725414276123
row_more_sep_row50_col8.csv,0.1751875877380371
row_more_sep_row51_col0.csv,0.1864182949066162
row_more_sep_row51_col1.csv,0.1775045394897461
row_more_sep_row51_col2.csv,0.17614221572875977
row_more_sep_row51_col3.csv,0.1807401180267334
row_more_sep_row51_col4.csv,0.1807234287261963
row_more_sep_row51_col5.csv,0.17302179336547852
row_more_sep_row51_col6.csv,0.15769577026367188
row_more_sep_row51_col7.csv,0.175858736038208
row_more_sep_row51_col8.csv,0.1939072608947754
row_more_sep_row52_col0.csv,0.17873287200927734
row_more_sep_row52_col1.csv,0.1821146011352539
row_more_sep_row52_col2.csv,0.1754283905029297
row_more_sep_row52_col3.csv,0.18743467330932617
row_more_sep_row52_col4.csv,0.1833798885345459
row_more_sep_row52_col5.csv,0.17170357704162598
row_more_sep_row52_col6.csv,0.16963577270507812
row_more_sep_row52_col7.csv,0.18565034866333008
row_more_sep_row52_col8.csv,0.17402386665344238
row_more_sep_row53_col0.csv,0.17187142372131348
row_more_sep_row53_col1.csv,0.1784670352935791
row_more_sep_row53_col2.csv,0.17777729034423828
row_more_sep_row53_col3.csv,0.20233464241027832
row_more_sep_row53_col4.csv,0.20638728141784668
row_more_sep_row53_col5.csv,0.13170361518859863
row_more_sep_row53_col6.csv,0.15972089767456055
row_more_sep_row53_col7.csv,0.19340848922729492
row_more_sep_row53_col8.csv,0.16880512237548828
row_more_sep_row54_col0.csv,0.17321300506591797
row_more_sep_row54_col1.csv,0.17665791511535645
row_more_sep_row54_col2.csv,0.18209481239318848
row_more_sep_row54_col3.csv,0.174407958984375
row_more_sep_row54_col4.csv,0.16617345809936523
row_more_sep_row54_col5.csv,0.180711030960083
row_more_sep_row54_col6.csv,0.190887451171875
row_more_sep_row54_col7.csv,0.1815183162689209
row_more_sep_row54_col8.csv,0.1769723892211914
row_more_sep_row55_col0.csv,0.19204258918762207
row_more_sep_row55_col1.csv,0.1791822910308838
row_more_sep_row55_col2.csv,0.18293333053588867
row_more_sep_row55_col3.csv,0.18929696083068848
row_more_sep_row55_col4.csv,0.1836683750152588
row_more_sep_row55_col5.csv,0.17562079429626465
row_more_sep_row55_col6.csv,0.17861580848693848
row_more_sep_row55_col7.csv,0.16849637031555176
row_more_sep_row55_col8.csv,0.1717989444732666
row_more_sep_row56_col0.csv,0.17748045921325684
row_more_sep_row56_col1.csv,0.1760859489440918
row_more_sep_row56_col2.csv,0.16452646255493164
row_more_sep_row56_col3.csv,0.18801450729370117
row_more_sep_row56_col4.csv,0.17500782012939453
row_more_sep_row56_col5.csv,0.22647953033447266
row_more_sep_row56_col6.csv,0.1773087978363037
row_more_sep_row56_col7.csv,0.18258357048034668
row_more_sep_row56_col8.csv,0.18425273895263672
row_more_sep_row57_col0.csv,0.16734099388122559
row_more_sep_row57_col1.csv,0.1744084358215332
row_more_sep_row57_col2.csv,0.17045259475708008
row_more_sep_row57_col3.csv,0.18239951133728027
row_more_sep_row57_col4.csv,0.1863257884979248
row_more_sep_row57_col5.csv,0.2110579013824463
row_more_sep_row57_col6.csv,0.17426347732543945
row_more_sep_row57_col7.csv,0.17088770866394043
row_more_sep_row57_col8.csv,0.18530702590942383
row_more_sep_row58_col0.csv,0.17290377616882324
row_more_sep_row58_col1.csv,0.200514554977417
row_more_sep_row58_col2.csv,0.17551326751708984
row_more_sep_row58_col3.csv,0.1755223274230957
row_more_sep_row58_col4.csv,0.17093634605407715
row_more_sep_row58_col5.csv,0.18119359016418457
row_more_sep_row58_col6.csv,0.20221781730651855
row_more_sep_row58_col7.csv,0.1813032627105713
row_more_sep_row58_col8.csv,0.17866778373718262
row_more_sep_row59_col0.csv,0.17484426498413086
row_more_sep_row59_col1.csv,0.16953396797180176
row_more_sep_row59_col2.csv,0.17389416694641113
row_more_sep_row59_col3.csv,0.18663954734802246
row_more_sep_row59_col4.csv,0.18238306045532227
row_more_sep_row59_col5.csv,0.1744840145111084
row_more_sep_row59_col6.csv,0.20223307609558105
row_more_sep_row59_col7.csv,0.19230437278747559
row_more_sep_row59_col8.csv,0.1728506088256836
row_more_sep_row5_col0.csv,0.18593835830688477
row_more_sep_row5_col1.csv,0.17813968658447266
row_more_sep_row5_col2.csv,0.1748366355895996
row_more_sep_row5_col3.csv,0.16439604759216309
row_more_sep_row5_col4.csv,0.17004823684692383
row_more_sep_row5_col5.csv,0.18126773834228516
row_more_sep_row5_col6.csv,0.17784690856933594
row_more_sep_row5_col7.csv,0.17093658447265625
row_more_sep_row5_col8.csv,0.1782379150390625
row_more_sep_row60_col0.csv,0.16819190979003906
row_more_sep_row60_col1.csv,0.15220975875854492
row_more_sep_row60_col2.csv,0.1745009422302246
row_more_sep_row60_col3.csv,0.17375540733337402
row_more_sep_row60_col4.csv,0.17934083938598633
row_more_sep_row60_col5.csv,0.20938754081726074
row_more_sep_row60_col6.csv,0.173112154006958
row_more_sep_row60_col7.csv,0.17786884307861328
row_more_sep_row60_col8.csv,0.17513060569763184
row_more_sep_row61_col0.csv,0.17086291313171387
row_more_sep_row61_col1.csv,0.18724679946899414
row_more_sep_row61_col2.csv,0.18305659294128418
row_more_sep_row61_col3.csv,0.17653560638427734
row_more_sep_row61_col4.csv,0.15884637832641602
row_more_sep_row61_col5.csv,0.1627345085144043
row_more_sep_row61_col6.csv,0.18333840370178223
row_more_sep_row61_col7.csv,0.17972946166992188
row_more_sep_row61_col8.csv,0.15517711639404297
row_more_sep_row62_col0.csv,0.19211649894714355
row_more_sep_row62_col1.csv,0.17432594299316406
row_more_sep_row62_col2.csv,0.17276954650878906
row_more_sep_row62_col3.csv,0.1773691177368164
row_more_sep_row62_col4.csv,0.17852210998535156
row_more_sep_row62_col5.csv,0.23673343658447266
row_more_sep_row62_col6.csv,0.1716163158416748
row_more_sep_row62_col7.csv,0.1700587272644043
row_more_sep_row62_col8.csv,0.17404437065124512
row_more_sep_row63_col0.csv,0.17684340476989746
row_more_sep_row63_col1.csv,0.1697981357574463
row_more_sep_row63_col2.csv,0.1686701774597168
row_more_sep_row63_col3.csv,0.17912721633911133
row_more_sep_row63_col4.csv,0.17410683631896973
row_more_sep_row63_col5.csv,0.17444658279418945
row_more_sep_row63_col6.csv,0.17293882369995117
row_more_sep_row63_col7.csv,0.18117094039916992
row_more_sep_row63_col8.csv,0.1290726661682129
row_more_sep_row64_col0.csv,0.1762831211090088
row_more_sep_row64_col1.csv,0.17452335357666016
row_more_sep_row64_col2.csv,0.1866135597229004
row_more_sep_row64_col3.csv,0.1821298599243164
row_more_sep_row64_col4.csv,0.18143200874328613
row_more_sep_row64_col5.csv,0.1835637092590332
row_more_sep_row64_col6.csv,0.18281006813049316
row_more_sep_row64_col7.csv,0.22279119491577148
row_more_sep_row64_col8.csv,0.18594789505004883
row_more_sep_row65_col0.csv,0.17601537704467773
row_more_sep_row65_col1.csv,0.17839336395263672
row_more_sep_row65_col2.csv,0.17191052436828613
row_more_sep_row65_col3.csv,0.21563196182250977
row_more_sep_row65_col4.csv,0.18151092529296875
row_more_sep_row65_col5.csv,0.19857072830200195
row_more_sep_row65_col6.csv,0.16929888725280762
row_more_sep_row65_col7.csv,0.17656803131103516
row_more_sep_row65_col8.csv,0.2015984058380127
row_more_sep_row66_col0.csv,0.24612689018249512
row_more_sep_row66_col1.csv,0.1875903606414795
row_more_sep_row66_col2.csv,0.1846475601196289
row_more_sep_row66_col3.csv,0.17145895957946777
row_more_sep_row66_col4.csv,0.18945789337158203
row_more_sep_row66_col5.csv,0.16227293014526367
row_more_sep_row66_col6.csv,0.2088334560394287
row_more_sep_row66_col7.csv,0.17338299751281738
row_more_sep_row66_col8.csv,0.1717066764831543
row_more_sep_row67_col0.csv,0.17170381546020508
row_more_sep_row67_col1.csv,0.17352890968322754
row_more_sep_row67_col2.csv,0.18443655967712402
row_more_sep_row67_col3.csv,0.19065380096435547
row_more_sep_row67_col4.csv,0.17738056182861328
row_more_sep_row67_col5.csv,0.1766369342803955
row_more_sep_row67_col6.csv,0.1767287254333496
row_more_sep_row67_col7.csv,0.244065523147583
row_more_sep_row67_col8.csv,0.16008305549621582
row_more_sep_row68_col0.csv,0.17753291130065918
row_more_sep_row68_col1.csv,0.1755220890045166
row_more_sep_row68_col2.csv,0.17356419563293457
row_more_sep_row68_col3.csv,0.1658327579498291
row_more_sep_row68_col4.csv,0.20879912376403809
row_more_sep_row68_col5.csv,0.16549396514892578
row_more_sep_row68_col6.csv,0.1786353588104248
row_more_sep_row68_col7.csv,0.21827149391174316
row_more_sep_row68_col8.csv,0.17427468299865723
row_more_sep_row69_col0.csv,0.18258213996887207
row_more_sep_row69_col1.csv,0.17305469512939453
row_more_sep_row69_col2.csv,0.18433380126953125
row_more_sep_row69_col3.csv,0.1846311092376709
row_more_sep_row69_col4.csv,0.17705225944519043
row_more_sep_row69_col5.csv,0.1748654842376709
row_more_sep_row69_col6.csv,0.17931270599365234
row_more_sep_row69_col7.csv,0.1705169677734375
row_more_sep_row69_col8.csv,0.173431396484375
row_more_sep_row6_col0.csv,0.18768095970153809
row_more_sep_row6_col1.csv,0.17350244522094727
row_more_sep_row6_col2.csv,-0.442920446395874
row_more_sep_row6_col3.csv,0.19917798042297363
row_more_sep_row6_col4.csv,0.17567181587219238
row_more_sep_row6_col5.csv,0.17165493965148926
row_more_sep_row6_col6.csv,0.17127656936645508
row_more_sep_row6_col7.csv,0.17402100563049316
row_more_sep_row6_col8.csv,0.1965007781982422
row_more_sep_row70_col0.csv,0.17498469352722168
row_more_sep_row70_col1.csv,0.17032337188720703
row_more_sep_row70_col2.csv,0.17793679237365723
row_more_sep_row70_col3.csv,0.18294262886047363
row_more_sep_row70_col4.csv,0.18754291534423828
row_more_sep_row70_col5.csv,0.17100119590759277
row_more_sep_row70_col6.csv,0.20408129692077637
row_more_sep_row70_col7.csv,0.17606616020202637
row_more_sep_row70_col8.csv,0.17751431465148926
row_more_sep_row71_col0.csv,0.1922307014465332
row_more_sep_row71_col1.csv,0.1754305362701416
row_more_sep_row71_col2.csv,0.16605162620544434
row_more_sep_row71_col3.csv,0.1947159767150879
row_more_sep_row71_col4.csv,0.18642592430114746
row_more_sep_row71_col5.csv,0.179978609085083
row_more_sep_row71_col6.csv,0.1764078140258789
row_more_sep_row71_col7.csv,0.18587493896484375
row_more_sep_row71_col8.csv,0.1688528060913086
row_more_sep_row72_col0.csv,0.23685479164123535
row_more_sep_row72_col1.csv,0.1756441593170166
row_more_sep_row72_col2.csv,0.18136882781982422
row_more_sep_row72_col3.csv,0.18160200119018555
row_more_sep_row72_col4.csv,0.17989730834960938
row_more_sep_row72_col5.csv,0.17351031303405762
row_more_sep_row72_col6.csv,0.18932104110717773
row_more_sep_row72_col7.csv,0.18768596649169922
row_more_sep_row72_col8.csv,0.18158602714538574
row_more_sep_row73_col0.csv,0.1761784553527832
row_more_sep_row73_col1.csv,0.1841895580291748
row_more_sep_row73_col2.csv,0.16896271705627441
row_more_sep_row73_col3.csv,0.18398571014404297
row_more_sep_row73_col4.csv,0.18870973587036133
row_more_sep_row73_col5.csv,0.17942237854003906
row_more_sep_row73_col6.csv,0.17194199562072754
row_more_sep_row73_col7.csv,0.16992926597595215
row_more_sep_row73_col8.csv,0.17311620712280273
row_more_sep_row74_col0.csv,0.1745009422302246
row_more_sep_row74_col1.csv,0.2101154327392578
row_more_sep_row74_col2.csv,0.17875242233276367
row_more_sep_row74_col3.csv,0.1757197380065918
row_more_sep_row74_col4.csv,0.18204545974731445
row_more_sep_row74_col5.csv,0.15564632415771484
row_more_sep_row74_col6.csv,0.1866617202758789
row_more_sep_row74_col7.csv,0.18560242652893066
row_more_sep_row74_col8.csv,0.1658320426940918
row_more_sep_row75_col0.csv,0.18575477600097656
row_more_sep_row75_col1.csv,0.1744680404663086
row_more_sep_row75_col2.csv,0.21012115478515625
row_more_sep_row75_col3.csv,0.18859314918518066
row_more_sep_row75_col4.csv,0.17882943153381348
row_more_sep_row75_col5.csv,0.16759991645812988
row_more_sep_row75_col6.csv,0.20697736740112305
row_more_sep_row75_col7.csv,0.19153785705566406
row_more_sep_row75_col8.csv,0.1894237995147705
row_more_sep_row76_col0.csv,0.17686128616333008
row_more_sep_row76_col1.csv,0.1705617904663086
row_more_sep_row76_col2.csv,0.19174790382385254
row_more_sep_row76_col3.csv,0.19342041015625
row_more_sep_row76_col4.csv,0.17160654067993164
row_more_sep_row76_col5.csv,0.15861892700195312
row_more_sep_row76_col6.csv,0.17679715156555176
row_more_sep_row76_col7.csv,0.21761107444763184
row_more_sep_row76_col8.csv,0.21776390075683594
row_more_sep_row77_col0.csv,0.17439651489257812
row_more_sep_row77_col1.csv,0.17346572875976562
row_more_sep_row77_col2.csv,0.15973281860351562
row_more_sep_row77_col3.csv,0.18754839897155762
row_more_sep_row77_col4.csv,0.17804336547851562
row_more_sep_row77_col5.csv,0.1775977611541748
row_more_sep_row77_col6.csv,0.1746833324432373
row_more_sep_row77_col7.csv,0.17748618125915527
row_more_sep_row77_col8.csv,0.18171095848083496
row_more_sep_row78_col0.csv,0.17643117904663086
row_more_sep_row78_col1.csv,0.17305707931518555
row_more_sep_row78_col2.csv,0.17503046989440918
row_more_sep_row78_col3.csv,0.18289995193481445
row_more_sep_row78_col4.csv,0.20903348922729492
row_more_sep_row78_col5.csv,0.17615747451782227
row_more_sep_row78_col6.csv,0.17080926895141602
row_more_sep_row78_col7.csv,0.20918631553649902
row_more_sep_row78_col8.csv,0.14498376846313477
row_more_sep_row79_col0.csv,0.17675185203552246
row_more_sep_row79_col1.csv,0.18758440017700195
row_more_sep_row79_col2.csv,0.17539453506469727
row_more_sep_row79_col3.csv,0.1698911190032959
row_more_sep_row79_col4.csv,0.1758122444152832
row_more_sep_row79_col5.csv,0.19465351104736328
row_more_sep_row79_col6.csv,0.18433570861816406
row_more_sep_row79_col7.csv,0.17470598220825195
row_more_sep_row79_col8.csv,0.17385220527648926
row_more_sep_row7_col0.csv,0.193223237991333
row_more_sep_row7_col1.csv,0.17361927032470703
row_more_sep_row7_col2.csv,0.2122945785522461
row_more_sep_row7_col3.csv,0.18612957000732422
row_more_sep_row7_col4.csv,0.1736469268798828
row_more_sep_row7_col5.csv,0.18358349800109863
row_more_sep_row7_col6.csv,0.18079042434692383
row_more_sep_row7_col7.csv,0.19414424896240234
row_more_sep_row7_col8.csv,0.17211484909057617
row_more_sep_row80_col0.csv,0.1815178394317627
row_more_sep_row80_col1.csv,0.15789222717285156
row_more_sep_row80_col2.csv,0.19653630256652832
row_more_sep_row80_col3.csv,0.18224835395812988
row_more_sep_row80_col4.csv,0.16891694068908691
row_more_sep_row80_col5.csv,0.19313335418701172
row_more_sep_row80_col6.csv,0.1887357234954834
row_more_sep_row80_col7.csv,0.1833176612854004
row_more_sep_row80_col8.csv,0.1573641300201416
row_more_sep_row81_col0.csv,0.17571020126342773
row_more_sep_row81_col1.csv,0.2167186737060547
row_more_sep_row81_col2.csv,0.1797635555267334
row_more_sep_row81_col3.csv,0.18450617790222168
row_more_sep_row81_col4.csv,0.17134618759155273
row_more_sep_row81_col5.csv,0.17127585411071777
row_more_sep_row81_col6.csv,0.1818692684173584
row_more_sep_row81_col7.csv,0.17560267448425293
row_more_sep_row81_col8.csv,0.18535709381103516
row_more_sep_row82_col0.csv,0.1893923282623291
row_more_sep_row82_col1.csv,0.1697242259979248
row_more_sep_row82_col2.csv,0.1755208969116211
row_more_sep_row82_col3.csv,0.2078099250793457
row_more_sep_row82_col4.csv,0.16881251335144043
row_more_sep_row82_col5.csv,0.18314337730407715
row_more_sep_row82_col6.csv,0.17456817626953125
row_more_sep_row82_col7.csv,0.20200538635253906
row_more_sep_row82_col8.csv,0.16251063346862793
row_more_sep_row83_col0.csv,0.1777498722076416
row_more_sep_row83_col1.csv,-0.45153212547302246
row_more_sep_row83_col2.csv,0.18314170837402344
row_more_sep_row83_col3.csv,0.20320367813110352
row_more_sep_row83_col4.csv,0.18377470970153809
row_more_sep_row83_col5.csv,0.18731260299682617
row_more_sep_row83_col6.csv,0.17459368705749512
row_more_sep_row83_col7.csv,0.17380237579345703
row_more_sep_row83_col8.csv,0.177748441696167
row_more_sep_row8_col0.csv,0.1741948127746582
row_more_sep_row8_col1.csv,0.18058276176452637
row_more_sep_row8_col2.csv,0.16592836380004883
row_more_sep_row8_col3.csv,0.17775487899780273
row_more_sep_row8_col4.csv,0.1752309799194336
row_more_sep_row8_col5.csv,0.1783599853515625
row_more_sep_row8_col6.csv,0.18396782875061035
row_more_sep_row8_col7.csv,0.19360876083374023
row_more_sep_row8_col8.csv,0.17968535423278809
row_more_sep_row9_col0.csv,0.16910457611083984
row_more_sep_row9_col1.csv,0.17670941352844238
row_more_sep_row9_col2.csv,0.17949724197387695
row_more_sep_row9_col3.csv,0.17750215530395508
row_more_sep_row9_col4.csv,0.16748762130737305
row_more_sep_row9_col5.csv,0.17552399635314941
row_more_sep_row9_col6.csv,0.18567705154418945
row_more_sep_row9_col7.csv,0.16143441200256348
row_more_sep_row9_col8.csv,0.17134308815002441
source.csv,0.1085214614868164
