filename,duckdbauto_time_0
row_extra_quote80_col1.csv,0.029740571975708008
row_less_sep_row57_col2.csv,0.007688045501708984
row_extra_quote57_col2.csv,0.010212182998657227
row_extra_quote33_col5.csv,0.007169246673583984
row_less_sep_row81_col5.csv,0.0077800750732421875
row_less_sep_row2_col7.csv,0.009088277816772461
row_less_sep_row67_col4.csv,0.007696866989135742
row_less_sep_row21_col4.csv,0.008608102798461914
row_more_sep_row17_col6.csv,0.008199930191040039
row_less_sep_row56_col2.csv,0.009757041931152344
row_more_sep_row57_col2.csv,0.008247613906860352
row_extra_quote14_col4.csv,0.010585546493530273
row_less_sep_row61_col6.csv,0.010760068893432617
row_extra_quote20_col6.csv,0.011640787124633789
row_extra_quote74_col3.csv,0.009017705917358398
row_extra_quote53_col7.csv,0.011223554611206055
row_less_sep_row34_col6.csv,0.00983572006225586
row_more_sep_row5_col3.csv,0.011558055877685547
row_more_sep_row10_col0.csv,0.010012626647949219
row_less_sep_row2_col2.csv,0.009135723114013672
row_more_sep_row61_col5.csv,0.00941920280456543
row_extra_quote12_col5.csv,0.01055908203125
row_less_sep_row47_col2.csv,0.012539386749267578
row_more_sep_row13_col2.csv,0.009804487228393555
row_extra_quote41_col1.csv,0.010129213333129883
row_more_sep_row37_col5.csv,0.009416818618774414
row_extra_quote58_col4.csv,0.009099483489990234
row_extra_quote6_col8.csv,0.01009058952331543
row_more_sep_row2_col4.csv,0.009529352188110352
row_more_sep_row76_col5.csv,0.01000070571899414
row_extra_quote75_col8.csv,0.011993408203125
row_extra_quote16_col6.csv,0.00927734375
row_less_sep_row25_col7.csv,0.008943796157836914
row_extra_quote3_col1.csv,0.010377168655395508
row_less_sep_row44_col6.csv,0.010626554489135742
row_more_sep_row8_col5.csv,0.010058164596557617
row_more_sep_row31_col8.csv,0.009857654571533203
row_more_sep_row5_col6.csv,0.010622501373291016
row_extra_quote59_col8.csv,0.01020956039428711
row_less_sep_row41_col6.csv,0.008981466293334961
row_extra_quote53_col8.csv,0.010200023651123047
row_more_sep_row3_col1.csv,0.009842395782470703
row_more_sep_row81_col1.csv,0.009270429611206055
row_extra_quote44_col7.csv,0.009939193725585938
row_extra_quote41_col5.csv,0.010996818542480469
row_more_sep_row74_col5.csv,0.010544776916503906
row_more_sep_row28_col0.csv,0.011664867401123047
row_more_sep_row47_col5.csv,0.010000467300415039
row_more_sep_row44_col4.csv,0.008670330047607422
row_more_sep_row51_col6.csv,0.01069021224975586
row_more_sep_row32_col1.csv,0.009631872177124023
row_extra_quote46_col3.csv,0.010583877563476562
row_extra_quote56_col2.csv,0.009958028793334961
row_more_sep_row30_col6.csv,0.010170221328735352
row_less_sep_row69_col4.csv,0.009845495223999023
row_extra_quote0_col0.csv,0.010112762451171875
row_more_sep_row30_col2.csv,0.009532928466796875
row_more_sep_row14_col8.csv,0.011180639266967773
row_less_sep_row54_col2.csv,0.011030912399291992
row_less_sep_row31_col5.csv,0.011627435684204102
row_extra_quote30_col0.csv,0.010775089263916016
row_more_sep_row60_col1.csv,0.00885152816772461
row_extra_quote10_col3.csv,0.010195016860961914
row_less_sep_row6_col5.csv,0.008800029754638672
row_less_sep_row39_col2.csv,0.011919260025024414
row_less_sep_row46_col8.csv,0.01014256477355957
row_extra_quote76_col5.csv,0.012012958526611328
row_extra_quote31_col8.csv,0.010539054870605469
row_extra_quote56_col8.csv,0.011219263076782227
row_less_sep_row48_col7.csv,0.009497880935668945
row_more_sep_row8_col2.csv,0.009570837020874023
row_less_sep_row83_col8.csv,0.009987354278564453
row_more_sep_row68_col3.csv,0.009258031845092773
row_more_sep_row0_col7.csv,0.009358882904052734
row_less_sep_row79_col2.csv,0.010736465454101562
row_less_sep_row4_col7.csv,0.009907007217407227
row_more_sep_row80_col1.csv,0.010512113571166992
row_less_sep_row13_col5.csv,0.010818958282470703
row_more_sep_row22_col3.csv,0.009557485580444336
row_less_sep_row58_col2.csv,0.009570598602294922
row_more_sep_row43_col5.csv,0.010401010513305664
row_extra_quote37_col0.csv,0.012473106384277344
row_extra_quote17_col1.csv,0.009604215621948242
row_extra_quote38_col0.csv,0.010758161544799805
row_less_sep_row37_col6.csv,0.009459495544433594
row_extra_quote16_col8.csv,0.0099945068359375
row_less_sep_row15_col5.csv,0.0107574462890625
row_less_sep_row15_col1.csv,0.008985280990600586
row_less_sep_row67_col5.csv,0.009863615036010742
row_less_sep_row12_col8.csv,0.008403301239013672
row_extra_quote45_col8.csv,0.010694742202758789
row_field_delimiter_29_0x20.csv,0.011265039443969727
row_field_delimiter_67_0x20.csv,0.010210275650024414
row_less_sep_row53_col6.csv,0.009686470031738281
row_more_sep_row60_col0.csv,0.010891437530517578
row_extra_quote70_col8.csv,0.009349584579467773
row_extra_quote22_col6.csv,0.010479450225830078
row_extra_quote20_col5.csv,0.008899450302124023
row_less_sep_row68_col3.csv,0.009386301040649414
row_less_sep_row59_col7.csv,0.010232210159301758
row_more_sep_row77_col2.csv,0.009501934051513672
row_more_sep_row82_col4.csv,0.008901834487915039
row_more_sep_row61_col4.csv,0.010584592819213867
row_less_sep_row54_col1.csv,0.009123563766479492
row_extra_quote56_col4.csv,0.009859085083007812
row_more_sep_row33_col3.csv,0.010495662689208984
row_extra_quote57_col6.csv,0.008984088897705078
row_more_sep_row19_col0.csv,0.00989985466003418
row_more_sep_row23_col6.csv,0.008790969848632812
row_less_sep_row21_col2.csv,0.009544610977172852
row_more_sep_row66_col5.csv,0.008688688278198242
row_extra_quote5_col2.csv,0.009907007217407227
row_less_sep_row4_col2.csv,0.01090860366821289
row_less_sep_row10_col1.csv,0.009462594985961914
row_extra_quote1_col3.csv,0.008904695510864258
row_extra_quote69_col3.csv,0.00906991958618164
row_more_sep_row38_col8.csv,0.01046133041381836
row_extra_quote32_col8.csv,0.009811878204345703
row_extra_quote58_col3.csv,0.009823799133300781
row_extra_quote79_col0.csv,0.009590625762939453
row_extra_quote68_col2.csv,0.009770870208740234
row_more_sep_row80_col5.csv,0.009505748748779297
row_extra_quote33_col8.csv,0.009700775146484375
row_less_sep_row37_col7.csv,0.009512186050415039
row_field_delimiter_38_0x20.csv,0.009999990463256836
row_field_delimiter_5_0x20.csv,0.010317325592041016
row_extra_quote32_col1.csv,0.009648561477661133
row_more_sep_row81_col2.csv,0.009249448776245117
row_more_sep_row21_col5.csv,0.010440826416015625
row_extra_quote41_col0.csv,0.009756326675415039
row_less_sep_row30_col8.csv,0.011572599411010742
row_less_sep_row74_col3.csv,0.010989189147949219
row_more_sep_row53_col6.csv,0.009453296661376953
row_less_sep_row9_col5.csv,0.008976459503173828
row_extra_quote34_col4.csv,0.010570049285888672
row_more_sep_row68_col5.csv,0.00867319107055664
row_extra_quote71_col6.csv,0.00972890853881836
row_extra_quote9_col6.csv,0.01108241081237793
row_more_sep_row80_col8.csv,0.009534835815429688
row_more_sep_row4_col6.csv,0.008577585220336914
row_extra_quote61_col3.csv,0.01013636589050293
row_less_sep_row4_col4.csv,0.008501768112182617
row_more_sep_row67_col8.csv,0.009812355041503906
row_more_sep_row61_col8.csv,0.00921177864074707
row_more_sep_row47_col2.csv,0.008603334426879883
row_field_delimiter_21_0x20.csv,0.009711503982543945
row_extra_quote28_col7.csv,0.009649991989135742
row_less_sep_row36_col4.csv,0.008875846862792969
row_extra_quote36_col7.csv,0.00887918472290039
row_more_sep_row82_col8.csv,0.00931692123413086
row_more_sep_row9_col7.csv,0.010863065719604492
row_extra_quote7_col5.csv,0.008550882339477539
row_more_sep_row31_col3.csv,0.00883030891418457
row_less_sep_row28_col8.csv,0.011065959930419922
row_less_sep_row65_col2.csv,0.008377313613891602
row_more_sep_row34_col4.csv,0.008521795272827148
row_less_sep_row23_col4.csv,0.008716106414794922
row_more_sep_row66_col0.csv,0.009551048278808594
row_less_sep_row15_col7.csv,0.009191036224365234
row_less_sep_row18_col5.csv,0.010255098342895508
row_field_delimiter_55_0x20.csv,0.010636329650878906
row_less_sep_row56_col6.csv,0.00893402099609375
row_field_delimiter_22_0x20.csv,0.009638309478759766
row_less_sep_row36_col3.csv,0.008701801300048828
row_less_sep_row3_col5.csv,0.00949859619140625
row_more_sep_row10_col7.csv,0.009560585021972656
row_extra_quote63_col8.csv,0.010491609573364258
row_less_sep_row82_col5.csv,0.00846242904663086
row_less_sep_row19_col4.csv,0.009945392608642578
row_more_sep_row79_col5.csv,0.008488655090332031
row_extra_quote79_col8.csv,0.010991096496582031
row_less_sep_row49_col7.csv,0.009406805038452148
row_extra_quote30_col3.csv,0.008841753005981445
row_less_sep_row5_col1.csv,0.010249614715576172
row_less_sep_row76_col1.csv,0.010192394256591797
row_more_sep_row80_col7.csv,0.010634660720825195
row_less_sep_row75_col6.csv,0.011477231979370117
row_more_sep_row64_col5.csv,0.009563684463500977
row_extra_quote23_col5.csv,0.00860452651977539
row_more_sep_row11_col0.csv,0.010209321975708008
row_more_sep_row30_col7.csv,0.009961128234863281
row_less_sep_row82_col8.csv,0.010257244110107422
row_less_sep_row33_col2.csv,0.011427879333496094
row_extra_quote46_col5.csv,0.009724140167236328
row_field_delimiter_44_0x20.csv,0.00946044921875
row_less_sep_row69_col1.csv,0.010344505310058594
row_extra_quote4_col3.csv,0.008875131607055664
row_more_sep_row69_col2.csv,0.010002374649047852
row_more_sep_row45_col8.csv,0.008697986602783203
row_field_delimiter_1_0x20.csv,0.009610414505004883
row_more_sep_row50_col5.csv,0.009101390838623047
row_less_sep_row16_col3.csv,0.0096435546875
row_more_sep_row28_col1.csv,0.01025700569152832
row_more_sep_row82_col0.csv,0.009224891662597656
row_less_sep_row22_col5.csv,0.008532047271728516
row_less_sep_row51_col5.csv,0.010671377182006836
row_extra_quote83_col7.csv,0.008486270904541016
row_extra_quote41_col7.csv,0.009172439575195312
row_more_sep_row62_col3.csv,0.008967399597167969
row_more_sep_row73_col6.csv,0.011688232421875
row_more_sep_row71_col4.csv,0.010286569595336914
row_less_sep_row20_col3.csv,0.00886225700378418
row_less_sep_row70_col7.csv,0.010543346405029297
row_less_sep_row78_col6.csv,0.008406639099121094
row_less_sep_row18_col7.csv,0.009473562240600586
row_extra_quote55_col0.csv,0.010319709777832031
row_extra_quote71_col5.csv,0.00957942008972168
row_less_sep_row35_col4.csv,0.009601593017578125
row_extra_quote19_col5.csv,0.009456396102905273
row_extra_quote41_col4.csv,0.010744333267211914
row_more_sep_row58_col8.csv,0.010530710220336914
row_more_sep_row46_col4.csv,0.009999513626098633
row_more_sep_row13_col3.csv,0.010550260543823242
row_extra_quote78_col1.csv,0.008654594421386719
row_extra_quote57_col7.csv,0.009252786636352539
row_extra_quote59_col3.csv,0.008731365203857422
row_more_sep_row29_col2.csv,0.009693384170532227
row_more_sep_row57_col8.csv,0.008732080459594727
row_more_sep_row80_col6.csv,0.009844064712524414
row_more_sep_row52_col6.csv,0.010607242584228516
row_extra_quote80_col0.csv,0.0087738037109375
row_extra_quote66_col3.csv,0.00936746597290039
row_more_sep_row83_col8.csv,0.010284662246704102
row_less_sep_row37_col2.csv,0.008868217468261719
row_less_sep_row78_col8.csv,0.010022640228271484
row_more_sep_row26_col4.csv,0.010773897171020508
row_extra_quote67_col2.csv,0.00888204574584961
row_less_sep_row69_col6.csv,0.00950169563293457
row_extra_quote3_col4.csv,0.009576797485351562
row_more_sep_row74_col1.csv,0.00930023193359375
row_extra_quote47_col4.csv,0.009369373321533203
row_extra_quote53_col3.csv,0.009310722351074219
row_extra_quote79_col1.csv,0.010504961013793945
row_more_sep_row53_col5.csv,0.00980830192565918
row_less_sep_row79_col7.csv,0.008563041687011719
row_extra_quote1_col6.csv,0.011722803115844727
row_less_sep_row62_col8.csv,0.009996891021728516
row_more_sep_row25_col6.csv,0.009575366973876953
row_extra_quote56_col3.csv,0.010664701461791992
row_extra_quote32_col2.csv,0.009384632110595703
row_more_sep_row25_col5.csv,0.01026296615600586
row_more_sep_row6_col0.csv,0.010863542556762695
row_extra_quote62_col7.csv,0.008656740188598633
row_more_sep_row38_col0.csv,0.009746551513671875
row_less_sep_row71_col2.csv,0.009864330291748047
row_more_sep_row28_col6.csv,0.00951075553894043
row_extra_quote58_col2.csv,0.010326385498046875
row_extra_quote11_col4.csv,0.008729696273803711
row_extra_quote11_col2.csv,0.011989831924438477
row_more_sep_row25_col7.csv,0.008945465087890625
row_extra_quote30_col7.csv,0.00926971435546875
row_less_sep_row13_col2.csv,0.009380817413330078
row_field_delimiter_31_0x20.csv,0.009843111038208008
row_field_delimiter_4_0x20.csv,0.008534908294677734
row_more_sep_row18_col8.csv,0.01034855842590332
row_more_sep_row48_col0.csv,0.010598421096801758
row_more_sep_row2_col3.csv,0.009010791778564453
row_less_sep_row51_col4.csv,0.01028585433959961
row_less_sep_row24_col8.csv,0.01013493537902832
row_more_sep_row7_col7.csv,0.00950765609741211
row_more_sep_row37_col4.csv,0.008780717849731445
row_more_sep_row67_col7.csv,0.011006593704223633
row_less_sep_row30_col5.csv,0.008874893188476562
row_less_sep_row80_col6.csv,0.008993148803710938
row_extra_quote37_col5.csv,0.008996725082397461
row_more_sep_row15_col2.csv,0.012111425399780273
row_more_sep_row5_col5.csv,0.009175777435302734
row_more_sep_row15_col0.csv,0.011030197143554688
row_more_sep_row63_col4.csv,0.010806560516357422
row_more_sep_row83_col2.csv,0.009673357009887695
row_extra_quote47_col5.csv,0.010307073593139648
row_less_sep_row11_col6.csv,0.011688470840454102
row_more_sep_row14_col7.csv,0.009250164031982422
row_less_sep_row60_col1.csv,0.010398387908935547
row_extra_quote64_col8.csv,0.010999202728271484
row_less_sep_row77_col1.csv,0.00897359848022461
row_extra_quote23_col1.csv,0.010364294052124023
row_extra_quote70_col3.csv,0.008635759353637695
row_more_sep_row50_col4.csv,0.009279966354370117
row_less_sep_row2_col4.csv,0.009098291397094727
row_more_sep_row44_col3.csv,0.00907754898071289
row_less_sep_row76_col6.csv,0.010632514953613281
row_less_sep_row38_col3.csv,0.008972406387329102
row_extra_quote83_col4.csv,0.008825540542602539
row_less_sep_row82_col1.csv,0.0091552734375
row_more_sep_row47_col7.csv,0.009571313858032227
row_extra_quote63_col4.csv,0.0085906982421875
row_more_sep_row4_col3.csv,0.009478569030761719
row_more_sep_row53_col3.csv,0.010623693466186523
row_extra_quote59_col5.csv,0.008949995040893555
row_more_sep_row23_col4.csv,0.008739948272705078
row_less_sep_row78_col3.csv,0.01082158088684082
row_extra_quote42_col0.csv,0.01102900505065918
row_field_delimiter_73_0x20.csv,0.008316516876220703
row_more_sep_row5_col8.csv,0.008608341217041016
row_extra_quote1_col4.csv,0.0102996826171875
row_less_sep_row15_col2.csv,0.009057044982910156
row_more_sep_row74_col0.csv,0.009077310562133789
row_less_sep_row1_col1.csv,0.01276707649230957
row_field_delimiter_23_0x20.csv,0.00975489616394043
row_extra_quote28_col0.csv,0.012104034423828125
row_more_sep_row39_col0.csv,0.013188838958740234
row_more_sep_row56_col0.csv,0.012337207794189453
row_more_sep_row60_col8.csv,0.009557247161865234
row_more_sep_row9_col5.csv,0.009594917297363281
row_less_sep_row30_col1.csv,0.00987100601196289
row_more_sep_row79_col8.csv,0.009922504425048828
row_less_sep_row25_col8.csv,0.0111236572265625
row_extra_quote77_col7.csv,0.01125478744506836
row_more_sep_row37_col3.csv,0.009986162185668945
row_less_sep_row16_col7.csv,0.010529756546020508
row_less_sep_row9_col3.csv,0.010484457015991211
row_less_sep_row39_col8.csv,0.008257627487182617
row_extra_quote25_col3.csv,0.01051473617553711
row_more_sep_row55_col6.csv,0.008607149124145508
row_more_sep_row25_col4.csv,0.009674549102783203
row_extra_quote0_col5.csv,0.010965347290039062
row_more_sep_row31_col6.csv,0.010840177536010742
row_more_sep_row77_col4.csv,0.00979304313659668
row_field_delimiter_3_0x20.csv,0.010560750961303711
row_more_sep_row6_col5.csv,0.008835077285766602
row_extra_quote10_col6.csv,0.009773969650268555
row_more_sep_row18_col4.csv,0.008872509002685547
row_more_sep_row66_col4.csv,0.009826421737670898
row_extra_quote26_col2.csv,0.009022951126098633
row_more_sep_row58_col0.csv,0.00869607925415039
row_less_sep_row56_col8.csv,0.010768651962280273
row_less_sep_row48_col6.csv,0.009018421173095703
row_less_sep_row31_col4.csv,0.009644508361816406
row_extra_quote19_col0.csv,0.012416362762451172
row_extra_quote7_col8.csv,0.009578466415405273
row_less_sep_row29_col7.csv,0.008980751037597656
row_extra_quote66_col0.csv,0.010664224624633789
row_extra_quote48_col3.csv,0.009396076202392578
row_more_sep_row18_col6.csv,0.009163141250610352
row_more_sep_row50_col7.csv,0.010289669036865234
row_extra_quote13_col8.csv,0.008689641952514648
row_less_sep_row15_col4.csv,0.0086669921875
row_less_sep_row67_col7.csv,0.009059906005859375
row_extra_quote2_col2.csv,0.010723352432250977
row_extra_quote44_col6.csv,0.00936746597290039
row_extra_quote42_col4.csv,0.00927114486694336
row_extra_quote11_col7.csv,0.010349512100219727
row_more_sep_row48_col4.csv,0.008722543716430664
row_extra_quote66_col6.csv,0.00942850112915039
row_more_sep_row78_col4.csv,0.011015176773071289
row_more_sep_row12_col0.csv,0.009282350540161133
row_extra_quote0_col3.csv,0.008661746978759766
row_extra_quote64_col1.csv,0.010695219039916992
row_less_sep_row62_col7.csv,0.008959770202636719
row_extra_quote62_col1.csv,0.009997367858886719
row_less_sep_row73_col8.csv,0.008878707885742188
row_extra_quote44_col5.csv,0.010375499725341797
row_less_sep_row42_col7.csv,0.008768558502197266
row_extra_quote64_col5.csv,0.011506795883178711
row_extra_quote31_col2.csv,0.010290145874023438
row_less_sep_row10_col3.csv,0.009600639343261719
row_extra_quote27_col4.csv,0.00899505615234375
row_extra_quote54_col4.csv,0.00884699821472168
file_header_multirow_2.csv,0.00972747802734375
row_field_delimiter_82_0x20.csv,0.008715391159057617
row_less_sep_row83_col1.csv,0.00910043716430664
row_extra_quote50_col0.csv,0.011324882507324219
row_more_sep_row77_col7.csv,0.009320497512817383
row_more_sep_row8_col1.csv,0.009576559066772461
row_more_sep_row54_col1.csv,0.010220527648925781
row_more_sep_row29_col6.csv,0.008635759353637695
row_more_sep_row24_col1.csv,0.010432958602905273
row_field_delimiter_48_0x20.csv,0.010434627532958984
row_less_sep_row65_col3.csv,0.008853912353515625
row_more_sep_row83_col7.csv,0.00925755500793457
row_less_sep_row7_col8.csv,0.01036381721496582
row_less_sep_row10_col8.csv,0.009398937225341797
row_extra_quote7_col0.csv,0.012935400009155273
row_more_sep_row15_col1.csv,0.010790109634399414
row_extra_quote16_col7.csv,0.008999347686767578
row_extra_quote52_col7.csv,0.008723974227905273
row_extra_quote13_col5.csv,0.013107776641845703
row_less_sep_row60_col5.csv,0.009070873260498047
row_more_sep_row42_col0.csv,0.010761260986328125
row_field_delimiter_78_0x20.csv,0.01214909553527832
row_extra_quote59_col1.csv,0.009834766387939453
row_less_sep_row58_col7.csv,0.008996963500976562
row_more_sep_row21_col8.csv,0.010303497314453125
row_less_sep_row20_col8.csv,0.009511947631835938
row_more_sep_row64_col1.csv,0.009458780288696289
row_extra_quote41_col3.csv,0.010890960693359375
row_less_sep_row43_col4.csv,0.009267807006835938
row_extra_quote53_col1.csv,0.008899211883544922
row_more_sep_row19_col4.csv,0.00969696044921875
row_more_sep_row12_col7.csv,0.008983373641967773
row_less_sep_row61_col8.csv,0.010303497314453125
row_more_sep_row2_col7.csv,0.008783817291259766
row_less_sep_row41_col4.csv,0.010277271270751953
row_less_sep_row39_col3.csv,0.009188175201416016
row_extra_quote71_col3.csv,0.009867668151855469
row_extra_quote22_col0.csv,0.011671304702758789
row_more_sep_row51_col1.csv,0.009738445281982422
row_extra_quote30_col5.csv,0.009340524673461914
row_extra_quote39_col3.csv,0.010659933090209961
row_field_delimiter_37_0x20.csv,0.00949406623840332
row_less_sep_row74_col1.csv,0.009002923965454102
row_extra_quote31_col7.csv,0.009202241897583008
row_field_delimiter_70_0x20.csv,0.011342287063598633
row_more_sep_row44_col2.csv,0.009639263153076172
row_less_sep_row66_col4.csv,0.010650634765625
row_less_sep_row71_col6.csv,0.010974407196044922
row_extra_quote20_col1.csv,0.009084224700927734
row_less_sep_row42_col5.csv,0.00896453857421875
row_extra_quote22_col7.csv,0.01018071174621582
row_more_sep_row83_col4.csv,0.009173154830932617
row_more_sep_row72_col1.csv,0.008791208267211914
row_extra_quote31_col3.csv,0.009132862091064453
row_field_delimiter_61_0x20.csv,0.011330127716064453
row_more_sep_row3_col5.csv,0.009891986846923828
row_more_sep_row63_col8.csv,0.008706092834472656
row_less_sep_row50_col5.csv,0.01067805290222168
file_preamble.csv,0.009268045425415039
row_extra_quote67_col0.csv,0.010073184967041016
row_more_sep_row5_col1.csv,0.00859832763671875
row_less_sep_row39_col5.csv,0.010689735412597656
row_more_sep_row76_col4.csv,0.009902477264404297
row_less_sep_row21_col8.csv,0.009837150573730469
row_more_sep_row61_col1.csv,0.01103663444519043
row_more_sep_row82_col3.csv,0.008801460266113281
row_more_sep_row16_col3.csv,0.009076356887817383
row_less_sep_row23_col6.csv,0.010205745697021484
row_more_sep_row82_col2.csv,0.008926153182983398
row_more_sep_row1_col5.csv,0.011739730834960938
row_less_sep_row33_col7.csv,0.011162757873535156
row_more_sep_row52_col1.csv,0.009245157241821289
row_less_sep_row78_col4.csv,0.010103464126586914
row_more_sep_row32_col7.csv,0.014241218566894531
row_less_sep_row0_col1.csv,0.008607625961303711
row_more_sep_row22_col7.csv,0.009855985641479492
row_extra_quote42_col8.csv,0.01138758659362793
row_more_sep_row70_col3.csv,0.009854793548583984
row_extra_quote29_col7.csv,0.008400440216064453
row_extra_quote74_col8.csv,0.01038217544555664
row_less_sep_row65_col8.csv,0.008360862731933594
row_more_sep_row49_col1.csv,0.009716272354125977
row_less_sep_row42_col6.csv,0.008712291717529297
row_more_sep_row72_col2.csv,0.009002447128295898
row_less_sep_row81_col7.csv,0.008265972137451172
row_extra_quote54_col8.csv,0.010486602783203125
row_less_sep_row70_col1.csv,0.010897636413574219
row_extra_quote60_col4.csv,0.009142398834228516
row_more_sep_row65_col2.csv,0.009036779403686523
row_less_sep_row52_col1.csv,0.01304316520690918
row_extra_quote4_col5.csv,0.00899052619934082
row_less_sep_row50_col4.csv,0.010007619857788086
row_field_delimiter_6_0x20.csv,0.010954618453979492
row_more_sep_row79_col6.csv,0.008784770965576172
row_less_sep_row53_col8.csv,0.010373830795288086
row_extra_quote24_col7.csv,0.00945281982421875
row_less_sep_row40_col4.csv,0.009476184844970703
row_less_sep_row43_col8.csv,0.008254528045654297
row_more_sep_row56_col2.csv,0.010493993759155273
row_less_sep_row74_col2.csv,0.011949539184570312
row_extra_quote25_col4.csv,0.009454965591430664
row_less_sep_row71_col7.csv,0.00879669189453125
row_more_sep_row65_col5.csv,0.010383844375610352
row_extra_quote8_col3.csv,0.009897947311401367
row_more_sep_row22_col5.csv,0.00964212417602539
row_extra_quote44_col1.csv,0.009020566940307617
row_extra_quote72_col6.csv,0.008873462677001953
row_extra_quote65_col5.csv,0.00870370864868164
row_more_sep_row26_col3.csv,0.009972095489501953
row_extra_quote12_col7.csv,0.01163172721862793
row_less_sep_row77_col7.csv,0.009057283401489258
row_less_sep_row61_col3.csv,0.009404659271240234
row_more_sep_row55_col2.csv,0.011812210083007812
row_more_sep_row37_col2.csv,0.009662151336669922
file_record_delimiter_0xA.csv,0.010680198669433594
row_more_sep_row21_col0.csv,0.010455846786499023
row_less_sep_row79_col1.csv,0.008797168731689453
row_more_sep_row67_col4.csv,0.009947061538696289
row_less_sep_row60_col8.csv,0.00940394401550293
row_more_sep_row65_col8.csv,0.009478092193603516
row_extra_quote50_col4.csv,0.008497476577758789
row_less_sep_row58_col4.csv,0.010945320129394531
row_more_sep_row1_col4.csv,0.011703252792358398
row_extra_quote61_col2.csv,0.01030111312866211
row_more_sep_row36_col4.csv,0.01024007797241211
row_less_sep_row73_col7.csv,0.01033163070678711
row_more_sep_row28_col2.csv,0.008772611618041992
row_more_sep_row72_col6.csv,0.008417367935180664
row_extra_quote2_col7.csv,0.010514020919799805
row_extra_quote47_col1.csv,0.010770559310913086
row_less_sep_row7_col6.csv,0.008749246597290039
row_more_sep_row31_col1.csv,0.008553266525268555
row_extra_quote8_col0.csv,0.01111149787902832
row_extra_quote81_col3.csv,0.009357213973999023
row_more_sep_row59_col8.csv,0.009061813354492188
row_more_sep_row58_col4.csv,0.010320901870727539
row_extra_quote36_col8.csv,0.008899688720703125
row_less_sep_row1_col5.csv,0.010372400283813477
row_less_sep_row31_col8.csv,0.010645389556884766
row_less_sep_row32_col4.csv,0.010899543762207031
row_less_sep_row42_col8.csv,0.00915980339050293
row_extra_quote31_col1.csv,0.009852886199951172
row_extra_quote62_col8.csv,0.008931636810302734
row_more_sep_row32_col0.csv,0.010087728500366211
row_less_sep_row4_col3.csv,0.009810209274291992
row_less_sep_row17_col4.csv,0.011249542236328125
row_extra_quote0_col4.csv,0.008443355560302734
row_extra_quote55_col1.csv,0.009660482406616211
row_more_sep_row11_col2.csv,0.010990381240844727
row_extra_quote60_col5.csv,0.009384393692016602
row_more_sep_row8_col6.csv,0.008398294448852539
row_field_delimiter_28_0x20.csv,0.00812673568725586
row_extra_quote79_col3.csv,0.011009693145751953
row_less_sep_row44_col3.csv,0.009560346603393555
row_less_sep_row48_col4.csv,0.009465456008911133
row_more_sep_row65_col3.csv,0.011144876480102539
row_more_sep_row78_col6.csv,0.010255813598632812
row_more_sep_row16_col8.csv,0.008391141891479492
row_more_sep_row41_col0.csv,0.010370492935180664
row_extra_quote39_col5.csv,0.008783817291259766
row_extra_quote55_col4.csv,0.009624242782592773
row_less_sep_row81_col4.csv,0.009588003158569336
row_less_sep_row42_col2.csv,0.011428117752075195
row_extra_quote55_col7.csv,0.011443376541137695
row_less_sep_row51_col3.csv,0.009127140045166016
row_more_sep_row71_col2.csv,0.009167194366455078
row_less_sep_row11_col2.csv,0.009522676467895508
row_more_sep_row50_col1.csv,0.011083841323852539
row_more_sep_row51_col5.csv,0.010184526443481445
row_more_sep_row8_col8.csv,0.009172201156616211
row_more_sep_row18_col3.csv,0.00889897346496582
row_extra_quote17_col0.csv,0.011154651641845703
row_extra_quote45_col0.csv,0.010730981826782227
row_extra_quote19_col4.csv,0.009769439697265625
row_less_sep_row46_col4.csv,0.011029481887817383
row_more_sep_row65_col1.csv,0.00883626937866211
row_less_sep_row76_col3.csv,0.009028911590576172
row_less_sep_row75_col7.csv,0.009316205978393555
row_extra_quote33_col2.csv,0.008532524108886719
row_extra_quote24_col2.csv,0.008612394332885742
row_less_sep_row69_col3.csv,0.009040594100952148
row_extra_quote69_col0.csv,0.011787176132202148
row_extra_quote68_col5.csv,0.010366439819335938
row_less_sep_row36_col8.csv,0.008533716201782227
row_extra_quote51_col7.csv,0.00934290885925293
row_less_sep_row48_col2.csv,0.009152650833129883
row_more_sep_row34_col2.csv,0.010277748107910156
row_extra_quote82_col7.csv,0.00957036018371582
row_more_sep_row57_col6.csv,0.010949850082397461
row_more_sep_row52_col0.csv,0.008909463882446289
row_extra_quote69_col5.csv,0.00914144515991211
row_less_sep_row10_col7.csv,0.009641170501708984
row_less_sep_row34_col3.csv,0.008942842483520508
row_extra_quote72_col3.csv,0.009801864624023438
row_extra_quote72_col4.csv,0.009737491607666016
row_more_sep_row8_col7.csv,0.011880636215209961
row_less_sep_row52_col4.csv,0.009314537048339844
row_more_sep_row6_col4.csv,0.008385658264160156
row_less_sep_row56_col4.csv,0.010245800018310547
row_more_sep_row55_col1.csv,0.009068965911865234
row_more_sep_row36_col8.csv,0.010514020919799805
row_more_sep_row63_col2.csv,0.010589361190795898
row_extra_quote53_col2.csv,0.009441614151000977
row_extra_quote32_col5.csv,0.0085601806640625
row_extra_quote75_col5.csv,0.010281085968017578
row_more_sep_row55_col4.csv,0.009987354278564453
row_more_sep_row2_col0.csv,0.00894021987915039
row_more_sep_row32_col5.csv,0.008198976516723633
row_less_sep_row45_col7.csv,0.012240409851074219
row_extra_quote10_col7.csv,0.008193492889404297
row_extra_quote27_col3.csv,0.01254129409790039
row_extra_quote66_col7.csv,0.010398387908935547
row_extra_quote51_col0.csv,0.010498523712158203
row_more_sep_row13_col1.csv,0.008540153503417969
row_more_sep_row71_col8.csv,0.011051654815673828
row_less_sep_row16_col5.csv,0.00907444953918457
row_more_sep_row9_col6.csv,0.009192943572998047
row_extra_quote66_col5.csv,0.010912418365478516
row_extra_quote63_col3.csv,0.01068878173828125
row_less_sep_row3_col7.csv,0.008899688720703125
row_extra_quote54_col2.csv,0.011532783508300781
row_more_sep_row6_col1.csv,0.009046077728271484
row_extra_quote27_col0.csv,0.011170387268066406
row_more_sep_row16_col5.csv,0.011342763900756836
row_extra_quote42_col7.csv,0.009936809539794922
row_less_sep_row31_col6.csv,0.010953903198242188
row_less_sep_row73_col1.csv,0.011820554733276367
row_extra_quote18_col7.csv,0.010359525680541992
row_more_sep_row31_col2.csv,0.008543729782104492
row_extra_quote74_col5.csv,0.009766101837158203
row_less_sep_row0_col3.csv,0.01009821891784668
row_extra_quote35_col4.csv,0.010249614715576172
row_less_sep_row25_col3.csv,0.010871410369873047
row_extra_quote74_col2.csv,0.010059833526611328
row_extra_quote9_col5.csv,0.008803606033325195
row_extra_quote21_col0.csv,0.012917041778564453
row_field_delimiter_27_0x20.csv,0.009975671768188477
row_more_sep_row25_col1.csv,0.00899195671081543
row_more_sep_row53_col8.csv,0.010188579559326172
row_less_sep_row12_col5.csv,0.010816574096679688
row_less_sep_row69_col2.csv,0.012588977813720703
row_extra_quote7_col4.csv,0.010565757751464844
row_less_sep_row53_col3.csv,0.008944034576416016
row_field_delimiter_45_0x20.csv,0.010478019714355469
row_extra_quote17_col4.csv,0.011396646499633789
row_less_sep_row12_col2.csv,0.009830713272094727
row_extra_quote39_col4.csv,0.00910329818725586
row_extra_quote0_col8.csv,0.00947260856628418
row_less_sep_row25_col6.csv,0.009014606475830078
row_more_sep_row26_col0.csv,0.010359525680541992
row_extra_quote28_col2.csv,0.008785724639892578
row_more_sep_row36_col3.csv,0.011301517486572266
row_more_sep_row38_col6.csv,0.008656501770019531
row_extra_quote64_col3.csv,0.01001596450805664
row_extra_quote12_col4.csv,0.011664628982543945
row_less_sep_row6_col3.csv,0.010309934616088867
row_more_sep_row17_col4.csv,0.009589433670043945
row_less_sep_row54_col5.csv,0.01119089126586914
row_less_sep_row32_col1.csv,0.008591413497924805
row_extra_quote24_col1.csv,0.009303092956542969
row_field_delimiter_64_0x20.csv,0.009537935256958008
row_less_sep_row41_col2.csv,0.009739398956298828
row_extra_quote7_col6.csv,0.010265111923217773
row_extra_quote62_col4.csv,0.009909391403198242
row_extra_quote34_col3.csv,0.010251998901367188
row_more_sep_row39_col1.csv,0.009862661361694336
row_extra_quote34_col6.csv,0.01004934310913086
row_extra_quote42_col6.csv,0.011276721954345703
row_extra_quote40_col6.csv,0.010552644729614258
row_extra_quote53_col6.csv,0.009980440139770508
row_less_sep_row59_col3.csv,0.011023283004760742
row_more_sep_row4_col2.csv,0.010118246078491211
row_extra_quote81_col0.csv,0.009929418563842773
row_extra_quote15_col4.csv,0.010150671005249023
row_less_sep_row23_col8.csv,0.008873939514160156
row_field_delimiter_59_0x20.csv,0.009727954864501953
row_more_sep_row78_col5.csv,0.008881330490112305
row_more_sep_row63_col3.csv,0.010344982147216797
row_less_sep_row68_col7.csv,0.008897066116333008
row_less_sep_row66_col2.csv,0.009581327438354492
row_less_sep_row4_col1.csv,0.009679079055786133
row_less_sep_row72_col4.csv,0.00985097885131836
row_extra_quote21_col5.csv,0.010391473770141602
row_more_sep_row29_col8.csv,0.009120464324951172
row_less_sep_row57_col6.csv,0.010893583297729492
row_extra_quote49_col7.csv,0.009423971176147461
row_more_sep_row0_col3.csv,0.009854316711425781
row_more_sep_row7_col6.csv,0.009887456893920898
row_extra_quote58_col8.csv,0.00919651985168457
row_extra_quote80_col2.csv,0.009696006774902344
row_extra_quote63_col5.csv,0.00871419906616211
file_field_delimiter_0x2C_0x20.csv,0.009653568267822266
row_extra_quote81_col7.csv,0.008533954620361328
row_more_sep_row75_col4.csv,0.009797096252441406
row_less_sep_row23_col7.csv,0.01086878776550293
row_extra_quote46_col7.csv,0.009187698364257812
row_extra_quote19_col7.csv,0.009428262710571289
row_less_sep_row83_col4.csv,0.009823322296142578
row_more_sep_row71_col7.csv,0.009643316268920898
row_more_sep_row52_col7.csv,0.009805440902709961
row_less_sep_row60_col7.csv,0.010529279708862305
row_more_sep_row57_col5.csv,0.009053468704223633
row_less_sep_row11_col3.csv,0.008571386337280273
row_less_sep_row18_col4.csv,0.008352994918823242
row_more_sep_row40_col6.csv,0.009263277053833008
row_extra_quote44_col8.csv,0.008774518966674805
row_extra_quote76_col2.csv,0.010587453842163086
row_more_sep_row78_col1.csv,0.008327484130859375
row_more_sep_row9_col1.csv,0.010367393493652344
row_field_delimiter_76_0x20.csv,0.008815765380859375
row_extra_quote19_col6.csv,0.009976863861083984
row_more_sep_row21_col2.csv,0.009222269058227539
row_more_sep_row40_col7.csv,0.008275270462036133
row_more_sep_row76_col0.csv,0.009258270263671875
row_extra_quote75_col3.csv,0.009959697723388672
row_extra_quote29_col2.csv,0.008711099624633789
row_more_sep_row30_col5.csv,0.00905919075012207
row_extra_quote54_col1.csv,0.009379863739013672
row_extra_quote45_col3.csv,0.00987100601196289
row_more_sep_row83_col3.csv,0.008780241012573242
row_more_sep_row11_col6.csv,0.008629322052001953
row_less_sep_row35_col6.csv,0.009427785873413086
row_extra_quote43_col7.csv,0.009040594100952148
row_more_sep_row9_col8.csv,0.009669780731201172
row_less_sep_row6_col8.csv,0.008753538131713867
row_less_sep_row7_col1.csv,0.01198720932006836
row_more_sep_row52_col2.csv,0.010112762451171875
row_extra_quote45_col6.csv,0.008524894714355469
row_less_sep_row21_col1.csv,0.008357763290405273
row_more_sep_row70_col7.csv,0.009139299392700195
row_extra_quote53_col4.csv,0.010128974914550781
row_more_sep_row40_col0.csv,0.008995771408081055
row_less_sep_row35_col3.csv,0.008949041366577148
row_extra_quote5_col5.csv,0.010353565216064453
row_less_sep_row80_col2.csv,0.008576154708862305
row_less_sep_row2_col8.csv,0.009555816650390625
row_more_sep_row62_col5.csv,0.008424520492553711
row_more_sep_row78_col7.csv,0.010037422180175781
row_extra_quote0_col6.csv,0.008536338806152344
row_less_sep_row17_col2.csv,0.009663820266723633
row_more_sep_row7_col5.csv,0.00867009162902832
row_less_sep_row6_col1.csv,0.00860452651977539
row_extra_quote21_col1.csv,0.009267091751098633
row_less_sep_row54_col6.csv,0.009258270263671875
row_less_sep_row72_col8.csv,0.01314401626586914
row_extra_quote78_col8.csv,0.013709306716918945
row_more_sep_row67_col6.csv,0.010593175888061523
row_more_sep_row56_col3.csv,0.009193181991577148
row_less_sep_row40_col5.csv,0.00941324234008789
row_less_sep_row78_col2.csv,0.00892329216003418
row_more_sep_row10_col8.csv,0.010321617126464844
row_more_sep_row19_col7.csv,0.011603116989135742
row_less_sep_row54_col8.csv,0.009993791580200195
row_less_sep_row69_col5.csv,0.008660316467285156
row_extra_quote83_col1.csv,0.010438680648803711
row_less_sep_row78_col5.csv,0.01015019416809082
row_less_sep_row59_col6.csv,0.01039886474609375
row_less_sep_row45_col2.csv,0.011326074600219727
row_extra_quote50_col1.csv,0.009988784790039062
row_less_sep_row22_col1.csv,0.008675098419189453
row_less_sep_row52_col6.csv,0.012125730514526367
row_more_sep_row56_col1.csv,0.011713504791259766
row_more_sep_row14_col5.csv,0.009148836135864258
row_extra_quote47_col2.csv,0.009649515151977539
row_extra_quote16_col0.csv,0.011445760726928711
row_extra_quote42_col2.csv,0.009788036346435547
row_extra_quote29_col8.csv,0.01092529296875
row_extra_quote45_col7.csv,0.008661985397338867
row_less_sep_row24_col4.csv,0.009792089462280273
row_less_sep_row70_col2.csv,0.010371685028076172
row_extra_quote54_col6.csv,0.009070873260498047
row_extra_quote82_col4.csv,0.010290384292602539
row_extra_quote12_col0.csv,0.01239776611328125
row_extra_quote61_col8.csv,0.009322881698608398
row_field_delimiter_18_0x20.csv,0.008434295654296875
row_less_sep_row36_col7.csv,0.01033639907836914
row_more_sep_row35_col8.csv,0.010970592498779297
row_extra_quote68_col0.csv,0.009776830673217773
row_less_sep_row59_col5.csv,0.010392189025878906
row_more_sep_row43_col8.csv,0.012944698333740234
row_less_sep_row54_col4.csv,0.010485649108886719
row_less_sep_row13_col6.csv,0.01151895523071289
row_more_sep_row70_col6.csv,0.009363412857055664
row_more_sep_row38_col7.csv,0.009570837020874023
row_extra_quote41_col8.csv,0.009423017501831055
row_less_sep_row46_col6.csv,0.009845972061157227
row_extra_quote69_col1.csv,0.00850987434387207
row_more_sep_row81_col5.csv,0.010761022567749023
row_field_delimiter_54_0x20.csv,0.009114265441894531
row_more_sep_row8_col3.csv,0.009809732437133789
row_more_sep_row17_col8.csv,0.010815858840942383
row_more_sep_row59_col1.csv,0.009870290756225586
row_extra_quote75_col4.csv,0.009614229202270508
row_less_sep_row58_col3.csv,0.009601593017578125
row_less_sep_row33_col4.csv,0.008914709091186523
row_more_sep_row75_col7.csv,0.01045370101928711
row_extra_quote60_col0.csv,0.009034395217895508
row_more_sep_row49_col8.csv,0.010284662246704102
row_extra_quote66_col4.csv,0.008699655532836914
row_extra_quote49_col1.csv,0.009961366653442383
row_less_sep_row14_col7.csv,0.010442256927490234
row_more_sep_row81_col4.csv,0.010794639587402344
row_more_sep_row26_col8.csv,0.008801698684692383
row_more_sep_row4_col8.csv,0.010050535202026367
row_more_sep_row15_col7.csv,0.009184122085571289
row_less_sep_row31_col3.csv,0.010109901428222656
row_more_sep_row16_col1.csv,0.009111642837524414
row_more_sep_row81_col3.csv,0.010453939437866211
row_extra_quote70_col2.csv,0.00865316390991211
row_extra_quote23_col4.csv,0.009010791778564453
row_extra_quote5_col1.csv,0.010790348052978516
row_less_sep_row12_col7.csv,0.011152029037475586
row_less_sep_row62_col3.csv,0.008767843246459961
row_less_sep_row50_col7.csv,0.010661125183105469
row_less_sep_row50_col8.csv,0.008957386016845703
row_less_sep_row6_col7.csv,0.00922250747680664
row_extra_quote77_col1.csv,0.009091615676879883
row_extra_quote42_col5.csv,0.009542226791381836
row_more_sep_row24_col3.csv,0.008693933486938477
row_extra_quote13_col2.csv,0.01027059555053711
row_extra_quote77_col8.csv,0.01098322868347168
row_extra_quote37_col3.csv,0.009134054183959961
row_more_sep_row20_col3.csv,0.008718252182006836
row_extra_quote65_col3.csv,0.009720802307128906
row_extra_quote78_col2.csv,0.010106325149536133
row_less_sep_row16_col2.csv,0.009439706802368164
row_extra_quote4_col6.csv,0.008479595184326172
row_more_sep_row40_col1.csv,0.010206222534179688
row_less_sep_row21_col3.csv,0.009183406829833984
row_extra_quote6_col7.csv,0.010404348373413086
row_extra_quote16_col1.csv,0.010677576065063477
row_extra_quote32_col3.csv,0.009998321533203125
row_extra_quote16_col5.csv,0.009098052978515625
row_less_sep_row82_col7.csv,0.012047767639160156
row_less_sep_row10_col2.csv,0.008679389953613281
row_more_sep_row69_col6.csv,0.010027170181274414
row_more_sep_row59_col3.csv,0.009077072143554688
row_extra_quote27_col1.csv,0.009931325912475586
row_more_sep_row34_col0.csv,0.010811805725097656
row_extra_quote73_col6.csv,0.00957632064819336
row_more_sep_row77_col1.csv,0.009256362915039062
row_extra_quote22_col3.csv,0.011502265930175781
row_less_sep_row35_col1.csv,0.008483648300170898
row_extra_quote83_col5.csv,0.011170148849487305
row_more_sep_row12_col4.csv,0.009061574935913086
row_more_sep_row67_col1.csv,0.009706258773803711
row_more_sep_row42_col2.csv,0.011375188827514648
row_extra_quote28_col5.csv,0.009462833404541016
row_extra_quote56_col1.csv,0.009273767471313477
row_less_sep_row17_col7.csv,0.009772062301635742
row_extra_quote56_col7.csv,0.009408950805664062
row_more_sep_row8_col4.csv,0.011172056198120117
row_less_sep_row68_col5.csv,0.00992584228515625
row_more_sep_row57_col3.csv,0.01160883903503418
row_more_sep_row12_col8.csv,0.012583494186401367
row_less_sep_row20_col6.csv,0.009183883666992188
row_less_sep_row32_col7.csv,0.01091456413269043
row_extra_quote49_col2.csv,0.009231090545654297
row_more_sep_row83_col5.csv,0.009035110473632812
row_more_sep_row37_col7.csv,0.010441064834594727
row_less_sep_row38_col4.csv,0.00896000862121582
row_extra_quote53_col0.csv,0.011291265487670898
row_more_sep_row36_col0.csv,0.011573076248168945
row_extra_quote18_col6.csv,0.009897470474243164
row_more_sep_row23_col8.csv,0.008786916732788086
row_more_sep_row22_col0.csv,0.010471105575561523
row_more_sep_row75_col2.csv,0.009599924087524414
row_less_sep_row83_col7.csv,0.009210586547851562
row_more_sep_row49_col0.csv,0.00884556770324707
row_more_sep_row42_col1.csv,0.010280370712280273
row_more_sep_row18_col0.csv,0.009522199630737305
row_less_sep_row12_col4.csv,0.010747432708740234
row_more_sep_row6_col8.csv,0.009115934371948242
row_less_sep_row40_col2.csv,0.010109424591064453
row_more_sep_row40_col8.csv,0.010418415069580078
row_extra_quote71_col8.csv,0.009958267211914062
row_less_sep_row28_col7.csv,0.008987903594970703
row_more_sep_row3_col2.csv,0.010498762130737305
row_less_sep_row26_col5.csv,0.009901762008666992
row_more_sep_row49_col6.csv,0.00886678695678711
row_less_sep_row69_col8.csv,0.011194467544555664
row_extra_quote80_col6.csv,0.008762359619140625
row_extra_quote52_col4.csv,0.009026765823364258
row_extra_quote25_col7.csv,0.009771347045898438
row_more_sep_row62_col7.csv,0.008769989013671875
row_more_sep_row13_col0.csv,0.008464813232421875
row_less_sep_row70_col3.csv,0.008909225463867188
row_more_sep_row50_col3.csv,0.010452985763549805
row_extra_quote80_col5.csv,0.00963282585144043
row_less_sep_row1_col8.csv,0.008574247360229492
row_extra_quote54_col0.csv,0.009737253189086914
row_less_sep_row36_col2.csv,0.009989738464355469
row_less_sep_row77_col4.csv,0.010075092315673828
row_more_sep_row41_col2.csv,0.009496927261352539
row_less_sep_row79_col3.csv,0.01027369499206543
row_less_sep_row43_col5.csv,0.008814811706542969
row_less_sep_row44_col2.csv,0.010237455368041992
row_less_sep_row34_col1.csv,0.010699272155761719
row_extra_quote78_col4.csv,0.009526729583740234
row_more_sep_row43_col3.csv,0.009040594100952148
row_extra_quote45_col5.csv,0.009565353393554688
row_more_sep_row4_col5.csv,0.010115623474121094
row_extra_quote56_col6.csv,0.010421991348266602
row_less_sep_row82_col2.csv,0.009581804275512695
row_less_sep_row35_col5.csv,0.011660575866699219
row_less_sep_row49_col3.csv,0.00931239128112793
row_extra_quote23_col6.csv,0.010554075241088867
row_more_sep_row68_col8.csv,0.010502099990844727
row_extra_quote8_col2.csv,0.01286625862121582
row_extra_quote9_col3.csv,0.009563446044921875
row_more_sep_row78_col2.csv,0.011065959930419922
row_extra_quote47_col7.csv,0.010254859924316406
row_less_sep_row66_col1.csv,0.009307384490966797
row_extra_quote19_col8.csv,0.011277437210083008
row_extra_quote61_col1.csv,0.01040339469909668
row_extra_quote36_col1.csv,0.009202241897583008
row_more_sep_row60_col5.csv,0.010839223861694336
row_less_sep_row12_col3.csv,0.009583711624145508
row_less_sep_row42_col4.csv,0.010251283645629883
row_more_sep_row70_col0.csv,0.011011838912963867
row_extra_quote78_col7.csv,0.009420633316040039
row_extra_quote51_col4.csv,0.01120448112487793
row_extra_quote5_col6.csv,0.010168313980102539
row_extra_quote68_col7.csv,0.011103391647338867
row_less_sep_row22_col2.csv,0.010593652725219727
row_more_sep_row28_col3.csv,0.009299278259277344
row_extra_quote26_col4.csv,0.010547161102294922
row_less_sep_row73_col5.csv,0.01033473014831543
row_less_sep_row14_col1.csv,0.009187459945678711
row_less_sep_row38_col2.csv,0.010363340377807617
file_field_delimiter_0x9.csv,0.009608268737792969
row_field_delimiter_24_0x20.csv,0.010196208953857422
row_extra_quote71_col2.csv,0.011239767074584961
row_more_sep_row62_col8.csv,0.008890867233276367
row_more_sep_row5_col4.csv,0.009287357330322266
row_less_sep_row45_col5.csv,0.010781049728393555
row_less_sep_row70_col8.csv,0.009962797164916992
row_more_sep_row34_col8.csv,0.009562253952026367
row_more_sep_row33_col2.csv,0.010371208190917969
row_more_sep_row49_col4.csv,0.010101318359375
row_field_delimiter_30_0x20.csv,0.009880781173706055
row_more_sep_row74_col4.csv,0.01069331169128418
row_less_sep_row50_col2.csv,0.008627653121948242
row_less_sep_row36_col1.csv,0.00899362564086914
row_more_sep_row76_col1.csv,0.010362863540649414
row_extra_quote16_col3.csv,0.009766101837158203
row_less_sep_row28_col5.csv,0.009677648544311523
row_more_sep_row26_col5.csv,0.010895729064941406
row_extra_quote33_col1.csv,0.009655475616455078
row_more_sep_row60_col4.csv,0.009965181350708008
row_more_sep_row69_col3.csv,0.012173652648925781
row_more_sep_row41_col4.csv,0.011777162551879883
row_less_sep_row40_col6.csv,0.010201454162597656
row_less_sep_row21_col7.csv,0.010576009750366211
row_field_delimiter_56_0x20.csv,0.0363306999206543
row_more_sep_row79_col1.csv,0.023969650268554688
row_more_sep_row50_col0.csv,0.01829814910888672
row_more_sep_row59_col4.csv,0.0334315299987793
row_less_sep_row54_col3.csv,0.018167972564697266
row_more_sep_row35_col7.csv,0.014473199844360352
row_extra_quote16_col4.csv,0.014168024063110352
row_extra_quote71_col1.csv,0.013934135437011719
row_less_sep_row60_col2.csv,0.012890338897705078
row_more_sep_row34_col1.csv,0.01861739158630371
row_more_sep_row38_col1.csv,0.014265775680541992
row_less_sep_row57_col7.csv,0.011934280395507812
row_extra_quote66_col8.csv,0.010741233825683594
row_less_sep_row77_col6.csv,0.009792804718017578
row_extra_quote63_col0.csv,0.010418176651000977
row_field_delimiter_33_0x20.csv,0.00995945930480957
file_no_payload.csv,0.007990598678588867
row_more_sep_row54_col8.csv,0.014605998992919922
row_extra_quote13_col0.csv,0.016842365264892578
row_extra_quote68_col6.csv,0.01162409782409668
row_extra_quote1_col2.csv,0.01375436782836914
row_less_sep_row49_col2.csv,0.017156124114990234
row_more_sep_row51_col0.csv,0.022467851638793945
row_more_sep_row54_col3.csv,0.02083754539489746
row_extra_quote58_col1.csv,0.014869213104248047
row_less_sep_row76_col5.csv,0.01750636100769043
row_extra_quote27_col6.csv,0.01357889175415039
row_extra_quote77_col0.csv,0.013841629028320312
row_extra_quote12_col2.csv,0.010548830032348633
row_extra_quote12_col8.csv,0.016744613647460938
row_extra_quote3_col6.csv,0.011645078659057617
row_less_sep_row30_col4.csv,0.01572132110595703
row_less_sep_row2_col3.csv,0.013901710510253906
row_more_sep_row35_col0.csv,0.011571884155273438
row_more_sep_row62_col6.csv,0.012553691864013672
row_more_sep_row39_col7.csv,0.010704517364501953
row_more_sep_row48_col2.csv,0.00942230224609375
row_more_sep_row25_col8.csv,0.010652542114257812
row_extra_quote34_col5.csv,0.010325193405151367
row_less_sep_row25_col2.csv,0.010818004608154297
row_more_sep_row21_col7.csv,0.009283065795898438
row_less_sep_row81_col6.csv,0.015345335006713867
row_field_delimiter_40_0x20.csv,0.010962963104248047
row_extra_quote57_col4.csv,0.008852958679199219
row_extra_quote50_col6.csv,0.01399850845336914
row_more_sep_row74_col3.csv,0.01589059829711914
row_extra_quote79_col6.csv,0.01535797119140625
row_less_sep_row44_col8.csv,0.01896214485168457
row_less_sep_row56_col3.csv,0.013848543167114258
row_extra_quote60_col1.csv,0.009633779525756836
file_header_only.csv,0.008733034133911133
file_escape_char_0x5C.csv,0.010158300399780273
row_less_sep_row27_col2.csv,0.011264801025390625
row_less_sep_row47_col8.csv,0.010552406311035156
row_extra_quote60_col2.csv,0.011388063430786133
row_less_sep_row29_col1.csv,0.009535789489746094
row_extra_quote39_col7.csv,0.011245012283325195
row_extra_quote76_col6.csv,0.022352218627929688
row_less_sep_row28_col3.csv,0.013893365859985352
row_more_sep_row14_col0.csv,0.024807214736938477
row_field_delimiter_58_0x20.csv,0.032866716384887695
row_more_sep_row1_col6.csv,0.012072086334228516
row_more_sep_row21_col6.csv,0.011728525161743164
row_extra_quote61_col5.csv,0.01062631607055664
row_extra_quote15_col8.csv,0.010235071182250977
row_more_sep_row12_col3.csv,0.012759923934936523
row_less_sep_row3_col8.csv,0.010713338851928711
row_less_sep_row47_col3.csv,0.01088094711303711
row_less_sep_row83_col6.csv,0.01076960563659668
row_extra_quote77_col3.csv,0.01125192642211914
row_extra_quote31_col0.csv,0.016149520874023438
row_more_sep_row28_col8.csv,0.011547565460205078
row_more_sep_row19_col8.csv,0.010925054550170898
row_less_sep_row30_col3.csv,0.010442495346069336
row_less_sep_row14_col3.csv,0.009294986724853516
row_more_sep_row79_col7.csv,0.009575128555297852
row_more_sep_row70_col5.csv,0.009787797927856445
row_less_sep_row37_col3.csv,0.011622190475463867
row_extra_quote73_col2.csv,0.009843587875366211
row_extra_quote24_col3.csv,0.010612964630126953
row_extra_quote9_col7.csv,0.011358261108398438
row_less_sep_row61_col4.csv,0.009824991226196289
row_less_sep_row16_col6.csv,0.010749578475952148
row_extra_quote37_col2.csv,0.012619972229003906
row_extra_quote81_col1.csv,0.012726783752441406
row_less_sep_row73_col3.csv,0.010336637496948242
row_extra_quote75_col2.csv,0.010146856307983398
row_more_sep_row63_col0.csv,0.009485960006713867
row_extra_quote12_col1.csv,0.011553049087524414
row_less_sep_row76_col4.csv,0.010188817977905273
row_more_sep_row82_col5.csv,0.01136159896850586
row_more_sep_row24_col6.csv,0.01225137710571289
row_more_sep_row4_col1.csv,0.012555360794067383
row_more_sep_row7_col1.csv,0.010953664779663086
row_extra_quote4_col0.csv,0.012598991394042969
row_less_sep_row67_col2.csv,0.01293182373046875
row_extra_quote38_col3.csv,0.012984991073608398
row_extra_quote16_col2.csv,0.014362573623657227
row_extra_quote5_col0.csv,0.012109994888305664
row_extra_quote40_col2.csv,0.0106964111328125
row_more_sep_row54_col6.csv,0.010938405990600586
row_extra_quote6_col2.csv,0.009702444076538086
file_multitable_more.csv,0.011237382888793945
row_less_sep_row18_col6.csv,0.009293079376220703
row_more_sep_row12_col5.csv,0.01128387451171875
row_extra_quote2_col6.csv,0.009188175201416016
row_extra_quote10_col0.csv,0.011929988861083984
row_field_delimiter_69_0x20.csv,0.009339332580566406
row_more_sep_row3_col8.csv,0.010519981384277344
row_more_sep_row38_col4.csv,0.011281490325927734
row_extra_quote28_col6.csv,0.009638547897338867
row_extra_quote38_col8.csv,0.009212493896484375
row_less_sep_row8_col6.csv,0.010911703109741211
row_extra_quote32_col7.csv,0.009357929229736328
row_less_sep_row35_col8.csv,0.012179374694824219
row_less_sep_row19_col1.csv,0.01118016242980957
row_more_sep_row16_col0.csv,0.01293802261352539
row_field_delimiter_14_0x20.csv,0.010514020919799805
row_extra_quote35_col5.csv,0.010431528091430664
row_extra_quote14_col0.csv,0.011782169342041016
row_extra_quote59_col6.csv,0.009102106094360352
row_more_sep_row14_col6.csv,0.01114964485168457
row_extra_quote82_col6.csv,0.009137392044067383
row_less_sep_row17_col3.csv,0.010462284088134766
row_less_sep_row31_col7.csv,0.010581016540527344
row_less_sep_row48_col5.csv,0.009428024291992188
row_more_sep_row34_col7.csv,0.009504079818725586
row_extra_quote60_col8.csv,0.010880231857299805
row_less_sep_row29_col5.csv,0.010069131851196289
row_extra_quote69_col6.csv,0.009294748306274414
row_extra_quote36_col0.csv,0.012716054916381836
row_extra_quote18_col1.csv,0.00970911979675293
row_less_sep_row1_col3.csv,0.010438203811645508
row_less_sep_row56_col1.csv,0.010113716125488281
row_more_sep_row77_col6.csv,0.00953817367553711
row_more_sep_row5_col7.csv,0.010935544967651367
row_extra_quote19_col3.csv,0.012881755828857422
row_more_sep_row4_col0.csv,0.010787725448608398
row_more_sep_row68_col6.csv,0.010210514068603516
row_more_sep_row25_col3.csv,0.010177373886108398
row_more_sep_row73_col1.csv,0.013472557067871094
row_less_sep_row33_col1.csv,0.012881040573120117
row_less_sep_row43_col6.csv,0.010769367218017578
row_more_sep_row3_col6.csv,0.01252889633178711
row_extra_quote19_col1.csv,0.010644197463989258
row_less_sep_row26_col7.csv,0.010110855102539062
row_field_delimiter_57_0x20.csv,0.014930009841918945
row_extra_quote76_col4.csv,0.009847879409790039
row_less_sep_row61_col7.csv,0.009699583053588867
row_more_sep_row20_col8.csv,0.009837865829467773
row_extra_quote33_col3.csv,0.010850667953491211
row_more_sep_row44_col7.csv,0.012411117553710938
row_less_sep_row34_col4.csv,0.01075124740600586
row_extra_quote68_col4.csv,0.008722543716430664
row_less_sep_row68_col4.csv,0.011164665222167969
row_more_sep_row48_col5.csv,0.00891256332397461
row_extra_quote46_col1.csv,0.011508464813232422
row_more_sep_row48_col1.csv,0.011059284210205078
row_extra_quote69_col2.csv,0.010433673858642578
row_less_sep_row65_col7.csv,0.009903192520141602
row_extra_quote35_col7.csv,0.011868953704833984
row_more_sep_row23_col0.csv,0.01029515266418457
row_field_delimiter_8_0x20.csv,0.011188745498657227
row_extra_quote75_col6.csv,0.01230478286743164
row_more_sep_row50_col2.csv,0.011618375778198242
file_field_delimiter_0x3B.csv,0.009854793548583984
row_extra_quote62_col5.csv,0.012026548385620117
row_less_sep_row52_col7.csv,0.010552167892456055
row_extra_quote80_col3.csv,0.01101374626159668
row_extra_quote41_col6.csv,0.00976705551147461
row_extra_quote35_col3.csv,0.009165525436401367
row_extra_quote51_col3.csv,0.008574247360229492
row_less_sep_row15_col8.csv,0.010074377059936523
row_more_sep_row56_col7.csv,0.009856939315795898
row_extra_quote50_col3.csv,0.01153421401977539
row_more_sep_row21_col4.csv,0.011024951934814453
row_more_sep_row3_col3.csv,0.011008501052856445
row_more_sep_row73_col0.csv,0.010886907577514648
row_less_sep_row30_col6.csv,0.011553764343261719
row_extra_quote46_col2.csv,0.010276079177856445
source.csv,0.009970664978027344
row_extra_quote40_col0.csv,0.0107879638671875
row_more_sep_row32_col6.csv,0.009618997573852539
row_less_sep_row70_col5.csv,0.009046554565429688
row_less_sep_row55_col6.csv,0.010561704635620117
row_less_sep_row53_col4.csv,0.010242700576782227
row_more_sep_row68_col2.csv,0.009307146072387695
row_more_sep_row31_col4.csv,0.010862588882446289
row_more_sep_row74_col7.csv,0.010635852813720703
row_more_sep_row14_col3.csv,0.009968996047973633
row_more_sep_row41_col1.csv,0.010717153549194336
row_less_sep_row62_col2.csv,0.009827136993408203
row_less_sep_row42_col3.csv,0.01021885871887207
row_field_delimiter_10_0x20.csv,0.011954069137573242
row_less_sep_row73_col2.csv,0.010869503021240234
row_more_sep_row13_col4.csv,0.009305000305175781
row_extra_quote50_col5.csv,0.012775182723999023
row_more_sep_row69_col8.csv,0.008833169937133789
row_field_delimiter_74_0x20.csv,0.010266780853271484
row_extra_quote7_col2.csv,0.01073598861694336
row_less_sep_row11_col4.csv,0.01078343391418457
row_extra_quote13_col3.csv,0.010672330856323242
row_less_sep_row65_col6.csv,0.01154470443725586
row_extra_quote69_col7.csv,0.010854721069335938
row_more_sep_row40_col2.csv,0.010770082473754883
row_extra_quote51_col1.csv,0.011952400207519531
row_field_delimiter_32_0x20.csv,0.010866403579711914
row_more_sep_row10_col6.csv,0.010255098342895508
row_more_sep_row27_col3.csv,0.01157999038696289
row_extra_quote6_col3.csv,0.013460636138916016
row_more_sep_row33_col6.csv,0.010355472564697266
row_extra_quote23_col0.csv,0.011896610260009766
row_less_sep_row24_col3.csv,0.010328292846679688
row_more_sep_row23_col2.csv,0.00971364974975586
row_extra_quote14_col2.csv,0.01278066635131836
row_more_sep_row70_col4.csv,0.011923789978027344
row_more_sep_row42_col8.csv,0.01063227653503418
row_less_sep_row58_col6.csv,0.011091470718383789
row_more_sep_row73_col2.csv,0.012239933013916016
row_more_sep_row1_col8.csv,0.011901378631591797
row_field_delimiter_16_0x20.csv,0.010776042938232422
row_field_delimiter_51_0x20.csv,0.010766983032226562
row_extra_quote13_col1.csv,0.011874198913574219
row_more_sep_row18_col1.csv,0.011159420013427734
row_extra_quote72_col1.csv,0.011801958084106445
row_extra_quote46_col0.csv,0.009968280792236328
row_extra_quote52_col3.csv,0.010295867919921875
row_less_sep_row71_col4.csv,0.008318662643432617
row_more_sep_row78_col3.csv,0.01088857650756836
row_more_sep_row80_col0.csv,0.011214256286621094
row_extra_quote33_col7.csv,0.011101722717285156
row_extra_quote73_col3.csv,0.010518074035644531
row_less_sep_row18_col8.csv,0.012135028839111328
row_more_sep_row45_col4.csv,0.01139688491821289
row_extra_quote83_col3.csv,0.012825250625610352
row_more_sep_row44_col6.csv,0.011656045913696289
row_field_delimiter_72_0x20.csv,0.011837244033813477
row_more_sep_row42_col4.csv,0.010841608047485352
row_less_sep_row30_col2.csv,0.012477636337280273
row_extra_quote35_col0.csv,0.014230728149414062
row_extra_quote82_col1.csv,0.013443231582641602
row_extra_quote83_col6.csv,0.009470939636230469
row_extra_quote83_col2.csv,0.010694742202758789
row_less_sep_row55_col7.csv,0.011040925979614258
row_more_sep_row29_col1.csv,0.011865854263305664
row_more_sep_row41_col5.csv,0.010713338851928711
row_extra_quote73_col7.csv,0.010970354080200195
row_more_sep_row27_col4.csv,0.014073848724365234
row_less_sep_row19_col3.csv,0.0142822265625
row_extra_quote73_col1.csv,0.01203465461730957
row_more_sep_row5_col0.csv,0.012004852294921875
row_extra_quote31_col6.csv,0.010375022888183594
row_less_sep_row63_col7.csv,0.009324073791503906
row_less_sep_row24_col1.csv,0.009167671203613281
row_extra_quote36_col6.csv,0.009914398193359375
row_more_sep_row54_col2.csv,0.011116504669189453
row_more_sep_row13_col6.csv,0.018744707107543945
row_less_sep_row55_col5.csv,0.011929988861083984
row_less_sep_row18_col2.csv,0.011945009231567383
row_less_sep_row5_col5.csv,0.011492490768432617
row_more_sep_row10_col5.csv,0.011492013931274414
row_more_sep_row3_col4.csv,0.010428190231323242
row_more_sep_row81_col6.csv,0.010376453399658203
row_extra_quote23_col2.csv,0.01001119613647461
row_extra_quote8_col4.csv,0.009142398834228516
row_more_sep_row22_col6.csv,0.009118318557739258
row_more_sep_row39_col5.csv,0.009574413299560547
row_extra_quote12_col3.csv,0.010778427124023438
row_extra_quote38_col5.csv,0.009889364242553711
row_more_sep_row6_col7.csv,0.010415315628051758
row_more_sep_row37_col0.csv,0.010356903076171875
row_extra_quote82_col3.csv,0.010896921157836914
row_extra_quote41_col2.csv,0.009836673736572266
row_extra_quote10_col1.csv,0.01040959358215332
row_extra_quote36_col5.csv,0.010943889617919922
row_less_sep_row53_col1.csv,0.01065969467163086
row_extra_quote18_col4.csv,0.0098724365234375
row_extra_quote44_col4.csv,0.011655807495117188
row_more_sep_row67_col3.csv,0.009901046752929688
row_less_sep_row22_col4.csv,0.010196208953857422
row_more_sep_row27_col5.csv,0.012462139129638672
row_extra_quote76_col8.csv,0.010252237319946289
row_less_sep_row22_col3.csv,0.009665727615356445
row_extra_quote27_col5.csv,0.010871410369873047
row_extra_quote61_col7.csv,0.00993967056274414
row_more_sep_row44_col8.csv,0.011361837387084961
row_more_sep_row19_col3.csv,0.011530637741088867
row_field_delimiter_62_0x20.csv,0.010005474090576172
row_extra_quote28_col1.csv,0.010099172592163086
row_less_sep_row74_col7.csv,0.010793447494506836
row_extra_quote37_col6.csv,0.010281085968017578
row_extra_quote68_col3.csv,0.008583545684814453
row_more_sep_row7_col2.csv,0.012322664260864258
row_less_sep_row14_col5.csv,0.009736061096191406
row_more_sep_row32_col4.csv,0.010857582092285156
row_more_sep_row76_col8.csv,0.011592864990234375
row_field_delimiter_34_0x20.csv,0.010185480117797852
row_less_sep_row38_col1.csv,0.009485244750976562
row_more_sep_row28_col5.csv,0.010204792022705078
row_extra_quote20_col7.csv,0.009739160537719727
row_less_sep_row9_col6.csv,0.010083913803100586
row_extra_quote23_col3.csv,0.010699033737182617
row_less_sep_row45_col1.csv,0.009908437728881836
row_more_sep_row82_col7.csv,0.00959920883178711
row_more_sep_row36_col7.csv,0.009599447250366211
row_extra_quote19_col2.csv,0.010660886764526367
row_extra_quote32_col4.csv,0.010602712631225586
row_less_sep_row49_col5.csv,0.009430646896362305
row_extra_quote76_col7.csv,0.009903669357299805
row_more_sep_row62_col2.csv,0.009718656539916992
row_less_sep_row80_col5.csv,0.009791851043701172
row_extra_quote25_col2.csv,0.009481668472290039
row_extra_quote55_col2.csv,0.009256601333618164
row_more_sep_row29_col0.csv,0.009558439254760742
row_more_sep_row81_col8.csv,0.010236501693725586
row_extra_quote2_col1.csv,0.010978221893310547
row_more_sep_row35_col6.csv,0.009929418563842773
row_field_delimiter_80_0x20.csv,0.008695840835571289
row_extra_quote51_col2.csv,0.010869979858398438
row_less_sep_row20_col1.csv,0.01043558120727539
row_more_sep_row36_col2.csv,0.010492086410522461
row_extra_quote67_col7.csv,0.008503198623657227
row_less_sep_row25_col4.csv,0.010478019714355469
row_more_sep_row20_col6.csv,0.008950948715209961
row_extra_quote27_col7.csv,0.010628461837768555
row_extra_quote8_col7.csv,0.010833501815795898
row_more_sep_row17_col2.csv,0.009685516357421875
row_extra_quote22_col5.csv,0.009473562240600586
row_more_sep_row33_col1.csv,0.010483503341674805
row_extra_quote74_col4.csv,0.010391473770141602
row_extra_quote77_col6.csv,0.010238170623779297
row_more_sep_row12_col1.csv,0.009337902069091797
row_less_sep_row31_col2.csv,0.011756658554077148
row_less_sep_row19_col7.csv,0.011075496673583984
row_extra_quote10_col5.csv,0.010301351547241211
row_less_sep_row75_col3.csv,0.011656522750854492
row_extra_quote54_col7.csv,0.00975346565246582
row_more_sep_row58_col6.csv,0.009829998016357422
row_less_sep_row5_col7.csv,0.009685039520263672
row_less_sep_row3_col1.csv,0.010493993759155273
row_less_sep_row7_col4.csv,0.010736703872680664
row_field_delimiter_79_0x20.csv,0.01067495346069336
row_field_delimiter_63_0x20.csv,0.01100778579711914
row_less_sep_row75_col4.csv,0.009627580642700195
row_more_sep_row33_col5.csv,0.01018071174621582
row_less_sep_row82_col6.csv,0.009970903396606445
row_extra_quote21_col4.csv,0.009700298309326172
row_less_sep_row57_col1.csv,0.009428977966308594
row_less_sep_row64_col2.csv,0.009241580963134766
row_less_sep_row51_col7.csv,0.011008977890014648
row_extra_quote24_col4.csv,0.009662628173828125
row_extra_quote46_col4.csv,0.00997471809387207
row_more_sep_row0_col5.csv,0.012263059616088867
row_less_sep_row28_col4.csv,0.009172916412353516
row_less_sep_row10_col5.csv,0.00893712043762207
row_more_sep_row52_col5.csv,0.010841608047485352
row_extra_quote81_col4.csv,0.008435487747192383
row_extra_quote73_col8.csv,0.009524345397949219
row_extra_quote73_col0.csv,0.011374235153198242
row_more_sep_row56_col4.csv,0.010642528533935547
row_extra_quote39_col6.csv,0.009176492691040039
row_extra_quote3_col8.csv,0.011571884155273438
row_more_sep_row57_col1.csv,0.009070158004760742
row_more_sep_row45_col5.csv,0.01044321060180664
row_extra_quote75_col0.csv,0.009560585021972656
row_extra_quote11_col5.csv,0.009867668151855469
row_more_sep_row19_col5.csv,0.00903177261352539
row_more_sep_row11_col4.csv,0.010243415832519531
row_more_sep_row30_col1.csv,0.011358261108398438
row_extra_quote43_col5.csv,0.009510040283203125
row_less_sep_row71_col1.csv,0.008867740631103516
row_less_sep_row81_col1.csv,0.009099245071411133
row_less_sep_row63_col3.csv,0.010201692581176758
row_more_sep_row7_col4.csv,0.009749889373779297
row_extra_quote20_col0.csv,0.010058879852294922
row_extra_quote6_col0.csv,0.012219667434692383
row_extra_quote83_col0.csv,0.009273529052734375
row_less_sep_row38_col5.csv,0.010725736618041992
row_extra_quote21_col7.csv,0.011153697967529297
row_more_sep_row75_col8.csv,0.009329080581665039
row_extra_quote5_col8.csv,0.009454727172851562
row_less_sep_row72_col1.csv,0.011286735534667969
row_less_sep_row4_col6.csv,0.008612394332885742
row_more_sep_row20_col5.csv,0.00994873046875
row_extra_quote47_col6.csv,0.011728763580322266
row_less_sep_row30_col7.csv,0.009821653366088867
row_less_sep_row79_col8.csv,0.009550809860229492
row_more_sep_row50_col6.csv,0.010425567626953125
row_more_sep_row30_col4.csv,0.009657621383666992
row_extra_quote17_col7.csv,0.009116888046264648
row_less_sep_row57_col5.csv,0.011193275451660156
row_more_sep_row48_col8.csv,0.00959634780883789
row_field_delimiter_83_0x20.csv,0.009021759033203125
row_extra_quote40_col5.csv,0.00856161117553711
row_less_sep_row16_col1.csv,0.009639501571655273
row_more_sep_row42_col6.csv,0.010336875915527344
row_extra_quote49_col5.csv,0.009073972702026367
row_extra_quote13_col7.csv,0.010219335556030273
row_less_sep_row28_col6.csv,0.008990049362182617
row_less_sep_row20_col5.csv,0.009886503219604492
row_extra_quote64_col0.csv,0.010749101638793945
row_less_sep_row27_col4.csv,0.00921010971069336
row_more_sep_row1_col1.csv,0.01009511947631836
row_less_sep_row2_col6.csv,0.010071992874145508
row_more_sep_row52_col8.csv,0.011229753494262695
row_more_sep_row11_col1.csv,0.009955167770385742
row_more_sep_row1_col0.csv,0.01240992546081543
row_more_sep_row26_col7.csv,0.010648012161254883
row_more_sep_row73_col8.csv,0.009987115859985352
row_extra_quote50_col7.csv,0.008464336395263672
row_more_sep_row46_col7.csv,0.00980830192565918
row_less_sep_row39_col4.csv,0.010100603103637695
row_more_sep_row30_col0.csv,0.01019906997680664
row_extra_quote30_col1.csv,0.008891105651855469
row_more_sep_row49_col2.csv,0.01076960563659668
row_extra_quote35_col1.csv,0.008774995803833008
row_extra_quote17_col3.csv,0.009971141815185547
row_extra_quote49_col8.csv,0.010655879974365234
row_less_sep_row58_col1.csv,0.010440349578857422
row_more_sep_row4_col7.csv,0.009714841842651367
row_extra_quote1_col0.csv,0.011670589447021484
row_less_sep_row21_col5.csv,0.009563446044921875
row_more_sep_row15_col4.csv,0.009793758392333984
row_extra_quote50_col8.csv,0.011063098907470703
row_more_sep_row13_col7.csv,0.009491205215454102
row_extra_quote22_col4.csv,0.010057687759399414
row_field_delimiter_75_0x20.csv,0.011135101318359375
row_more_sep_row59_col7.csv,0.00930476188659668
row_more_sep_row47_col8.csv,0.009218692779541016
row_more_sep_row54_col7.csv,0.009057760238647461
row_extra_quote29_col4.csv,0.009244918823242188
row_more_sep_row24_col2.csv,0.010377168655395508
row_more_sep_row78_col0.csv,0.009777307510375977
row_less_sep_row39_col1.csv,0.011326789855957031
row_less_sep_row70_col6.csv,0.009003162384033203
row_more_sep_row3_col0.csv,0.008855819702148438
row_extra_quote57_col0.csv,0.009887933731079102
row_extra_quote6_col5.csv,0.009912252426147461
row_less_sep_row46_col2.csv,0.008897542953491211
row_extra_quote58_col7.csv,0.008910179138183594
row_less_sep_row37_col5.csv,0.010514974594116211
row_more_sep_row43_col2.csv,0.009091854095458984
row_less_sep_row33_col8.csv,0.009897708892822266
row_more_sep_row57_col4.csv,0.00859212875366211
row_extra_quote47_col8.csv,0.009343624114990234
row_less_sep_row27_col8.csv,0.009193897247314453
row_more_sep_row61_col0.csv,0.009815216064453125
row_less_sep_row28_col2.csv,0.011054754257202148
row_more_sep_row28_col4.csv,0.009143590927124023
row_more_sep_row64_col2.csv,0.010182857513427734
row_extra_quote0_col1.csv,0.010532379150390625
row_extra_quote15_col3.csv,0.008726835250854492
row_extra_quote15_col6.csv,0.01043701171875
row_extra_quote21_col6.csv,0.011235237121582031
row_extra_quote21_col2.csv,0.009946584701538086
row_more_sep_row46_col2.csv,0.009895563125610352
row_extra_quote18_col0.csv,0.009907245635986328
row_field_delimiter_53_0x20.csv,0.01115727424621582
row_extra_quote27_col8.csv,0.009697675704956055
row_extra_quote76_col3.csv,0.009404182434082031
row_less_sep_row3_col2.csv,0.011156797409057617
row_more_sep_row52_col3.csv,0.010332345962524414
row_extra_quote22_col8.csv,0.009577512741088867
row_more_sep_row17_col1.csv,0.00968170166015625
row_extra_quote65_col7.csv,0.008210420608520508
row_more_sep_row17_col0.csv,0.01001596450805664
row_less_sep_row49_col6.csv,0.010086536407470703
row_extra_quote49_col3.csv,0.010871171951293945
row_more_sep_row55_col7.csv,0.009238481521606445
row_less_sep_row17_col1.csv,0.01047205924987793
row_less_sep_row17_col6.csv,0.010355472564697266
row_more_sep_row20_col2.csv,0.009341716766357422
row_extra_quote4_col4.csv,0.009662151336669922
row_extra_quote79_col7.csv,0.008392333984375
row_less_sep_row1_col2.csv,0.009390115737915039
row_extra_quote35_col6.csv,0.009639978408813477
row_more_sep_row66_col7.csv,0.009218931198120117
row_less_sep_row55_col1.csv,0.010681867599487305
row_extra_quote21_col3.csv,0.010626792907714844
row_less_sep_row82_col4.csv,0.008641481399536133
row_extra_quote67_col5.csv,0.010755300521850586
row_more_sep_row6_col6.csv,0.009284257888793945
row_extra_quote48_col2.csv,0.010243415832519531
row_extra_quote20_col2.csv,0.011156082153320312
row_less_sep_row19_col2.csv,0.010226726531982422
row_extra_quote49_col0.csv,0.009619712829589844
row_less_sep_row76_col8.csv,0.010713338851928711
row_less_sep_row23_col3.csv,0.008835315704345703
row_more_sep_row71_col0.csv,0.010535478591918945
row_more_sep_row67_col5.csv,0.00933218002319336
row_less_sep_row59_col2.csv,0.009367942810058594
row_more_sep_row79_col0.csv,0.009106636047363281
row_extra_quote77_col4.csv,0.01273202896118164
row_extra_quote29_col5.csv,0.00960087776184082
row_more_sep_row10_col3.csv,0.009781599044799805
row_extra_quote44_col0.csv,0.010766029357910156
row_more_sep_row19_col1.csv,0.011384248733520508
row_more_sep_row66_col2.csv,0.008918046951293945
row_less_sep_row14_col4.csv,0.008765935897827148
row_extra_quote55_col3.csv,0.009762763977050781
row_less_sep_row27_col6.csv,0.009835004806518555
row_extra_quote9_col4.csv,0.008883953094482422
row_extra_quote13_col6.csv,0.009712934494018555
row_extra_quote38_col4.csv,0.010822534561157227
row_more_sep_row69_col1.csv,0.0095367431640625
row_more_sep_row79_col2.csv,0.012171268463134766
row_extra_quote15_col0.csv,0.01174163818359375
row_less_sep_row24_col6.csv,0.010619401931762695
row_more_sep_row50_col8.csv,0.00938868522644043
row_more_sep_row25_col2.csv,0.010769367218017578
row_extra_quote72_col2.csv,0.009813785552978516
row_more_sep_row15_col8.csv,0.009171009063720703
row_less_sep_row5_col6.csv,0.010998249053955078
row_less_sep_row9_col8.csv,0.00873255729675293
file_header_multirow_3.csv,0.009975433349609375
row_less_sep_row73_col4.csv,0.009382009506225586
row_less_sep_row49_col4.csv,0.011114835739135742
row_more_sep_row83_col6.csv,0.009325265884399414
row_extra_quote47_col0.csv,0.009305477142333984
row_more_sep_row53_col7.csv,0.01230764389038086
row_more_sep_row15_col3.csv,0.009536027908325195
row_extra_quote34_col2.csv,0.00935673713684082
row_less_sep_row50_col1.csv,0.009570837020874023
row_extra_quote35_col2.csv,0.010396480560302734
row_less_sep_row26_col8.csv,0.010219097137451172
row_less_sep_row29_col3.csv,0.011307001113891602
row_extra_quote11_col1.csv,0.013473033905029297
row_more_sep_row18_col7.csv,0.0198671817779541
file_quotation_char_0x27.csv,0.012675285339355469
file_double_trailing_newline.csv,0.012508153915405273
row_less_sep_row4_col5.csv,0.01029205322265625
row_extra_quote40_col8.csv,0.011290311813354492
row_extra_quote38_col6.csv,0.01113748550415039
row_less_sep_row25_col1.csv,0.012048482894897461
row_less_sep_row63_col8.csv,0.011503934860229492
row_more_sep_row76_col7.csv,0.010776758193969727
row_extra_quote7_col1.csv,0.010708093643188477
row_extra_quote82_col0.csv,0.009333133697509766
row_more_sep_row72_col4.csv,0.008797168731689453
row_more_sep_row74_col6.csv,0.01007390022277832
row_more_sep_row75_col0.csv,0.009452342987060547
row_extra_quote22_col1.csv,0.009351491928100586
row_extra_quote44_col2.csv,0.008617877960205078
row_extra_quote0_col7.csv,0.010377883911132812
row_less_sep_row55_col8.csv,0.008451461791992188
row_extra_quote52_col0.csv,0.010984659194946289
row_extra_quote44_col3.csv,0.010489463806152344
row_more_sep_row7_col0.csv,0.009189367294311523
row_extra_quote74_col6.csv,0.010075569152832031
row_field_delimiter_7_0x20.csv,0.01001596450805664
row_extra_quote61_col4.csv,0.009282827377319336
row_less_sep_row77_col5.csv,0.009950637817382812
row_more_sep_row22_col1.csv,0.009618282318115234
row_more_sep_row47_col4.csv,0.010334253311157227
row_more_sep_row64_col7.csv,0.008902788162231445
row_more_sep_row20_col7.csv,0.009833097457885742
row_less_sep_row60_col3.csv,0.009208917617797852
row_more_sep_row47_col0.csv,0.009827613830566406
row_more_sep_row56_col5.csv,0.010213136672973633
row_more_sep_row58_col1.csv,0.009662628173828125
row_more_sep_row43_col7.csv,0.0112457275390625
row_more_sep_row78_col8.csv,0.010365962982177734
row_less_sep_row50_col6.csv,0.012552261352539062
row_more_sep_row17_col7.csv,0.012287139892578125
row_extra_quote5_col7.csv,0.010621786117553711
row_more_sep_row18_col5.csv,0.010090827941894531
row_extra_quote1_col5.csv,0.011378288269042969
row_more_sep_row81_col0.csv,0.009757041931152344
row_field_delimiter_19_0x20.csv,0.00949859619140625
row_field_delimiter_35_0x20.csv,0.010870695114135742
row_more_sep_row35_col5.csv,0.010016918182373047
row_more_sep_row76_col2.csv,0.009759902954101562
row_less_sep_row8_col5.csv,0.011342287063598633
row_less_sep_row34_col8.csv,0.00951242446899414
row_field_delimiter_42_0x20.csv,0.009608030319213867
row_less_sep_row51_col6.csv,0.013151884078979492
row_field_delimiter_50_0x20.csv,0.008704185485839844
row_more_sep_row24_col8.csv,0.00943303108215332
row_extra_quote34_col0.csv,0.011729955673217773
row_extra_quote55_col6.csv,0.009753227233886719
row_less_sep_row26_col3.csv,0.009636640548706055
row_less_sep_row40_col1.csv,0.010493040084838867
row_extra_quote8_col1.csv,0.009119987487792969
row_more_sep_row48_col7.csv,0.010123252868652344
row_more_sep_row60_col6.csv,0.011739492416381836
row_less_sep_row0_col7.csv,0.009631872177124023
row_more_sep_row1_col2.csv,0.009604454040527344
row_less_sep_row78_col7.csv,0.010161399841308594
row_more_sep_row15_col5.csv,0.009890317916870117
row_more_sep_row47_col1.csv,0.009180068969726562
row_extra_quote76_col1.csv,0.009630680084228516
row_less_sep_row75_col5.csv,0.008906126022338867
row_less_sep_row40_col7.csv,0.009250402450561523
row_extra_quote3_col5.csv,0.009615421295166016
row_extra_quote17_col8.csv,0.01087331771850586
row_more_sep_row72_col5.csv,0.010619878768920898
row_more_sep_row34_col6.csv,0.009155750274658203
row_more_sep_row38_col3.csv,0.01019287109375
row_extra_quote35_col8.csv,0.009530067443847656
row_more_sep_row63_col1.csv,0.009509086608886719
row_more_sep_row31_col5.csv,0.010499238967895508
row_less_sep_row23_col2.csv,0.010099649429321289
row_more_sep_row62_col4.csv,0.008332252502441406
row_more_sep_row41_col3.csv,0.009829044342041016
row_extra_quote14_col7.csv,0.010987043380737305
row_less_sep_row60_col6.csv,0.01077580451965332
row_extra_quote79_col2.csv,0.008591651916503906
row_extra_quote11_col8.csv,0.010863065719604492
row_more_sep_row32_col8.csv,0.009538650512695312
row_extra_quote34_col8.csv,0.011761903762817383
row_extra_quote71_col0.csv,0.00914764404296875
row_extra_quote15_col2.csv,0.01166224479675293
file_escape_char_0x00.csv,0.008780956268310547
row_less_sep_row61_col1.csv,0.00993490219116211
row_extra_quote81_col5.csv,0.01030278205871582
row_less_sep_row32_col8.csv,0.012004852294921875
row_less_sep_row83_col2.csv,0.008711576461791992
row_less_sep_row46_col3.csv,0.01130986213684082
row_extra_quote63_col1.csv,0.009131908416748047
row_less_sep_row0_col8.csv,0.008533716201782227
row_less_sep_row29_col2.csv,0.010277748107910156
row_less_sep_row80_col1.csv,0.008803844451904297
row_more_sep_row57_col0.csv,0.010505199432373047
row_less_sep_row50_col3.csv,0.0094757080078125
row_less_sep_row26_col1.csv,0.008916139602661133
row_less_sep_row38_col7.csv,0.010988712310791016
row_more_sep_row26_col1.csv,0.009800195693969727
row_extra_quote68_col8.csv,0.011269807815551758
row_less_sep_row36_col6.csv,0.008492469787597656
row_less_sep_row58_col5.csv,0.010008096694946289
row_extra_quote10_col4.csv,0.010418176651000977
row_less_sep_row68_col2.csv,0.010234832763671875
row_extra_quote11_col6.csv,0.009188413619995117
row_less_sep_row65_col5.csv,0.008731842041015625
row_field_delimiter_68_0x20.csv,0.01019430160522461
row_less_sep_row20_col2.csv,0.010978460311889648
row_field_delimiter_65_0x20.csv,0.009855508804321289
row_less_sep_row24_col7.csv,0.0112152099609375
row_extra_quote14_col3.csv,0.008597850799560547
row_less_sep_row67_col6.csv,0.009552478790283203
row_less_sep_row39_col6.csv,0.01103520393371582
row_less_sep_row17_col8.csv,0.00976419448852539
row_extra_quote71_col4.csv,0.009564876556396484
row_more_sep_row60_col7.csv,0.009403228759765625
row_more_sep_row74_col8.csv,0.009241104125976562
row_extra_quote25_col0.csv,0.011649370193481445
row_field_delimiter_71_0x20.csv,0.008489847183227539
row_more_sep_row53_col0.csv,0.009525775909423828
row_less_sep_row81_col3.csv,0.009337186813354492
row_less_sep_row72_col3.csv,0.009986639022827148
row_less_sep_row6_col6.csv,0.008656501770019531
row_less_sep_row29_col8.csv,0.010128021240234375
row_extra_quote70_col7.csv,0.00878763198852539
row_extra_quote62_col3.csv,0.009183168411254883
row_extra_quote81_col6.csv,0.009033679962158203
row_less_sep_row43_col3.csv,0.010322093963623047
row_less_sep_row67_col8.csv,0.008825540542602539
row_extra_quote2_col0.csv,0.010709762573242188
row_less_sep_row41_col3.csv,0.008999109268188477
row_less_sep_row39_col7.csv,0.009994029998779297
row_more_sep_row59_col2.csv,0.00844120979309082
row_more_sep_row62_col0.csv,0.009073495864868164
row_less_sep_row18_col1.csv,0.009448766708374023
row_less_sep_row61_col2.csv,0.009731054306030273
row_extra_quote37_col7.csv,0.008896589279174805
row_more_sep_row56_col8.csv,0.009183645248413086
row_more_sep_row57_col7.csv,0.009029388427734375
row_extra_quote8_col6.csv,0.00916743278503418
row_less_sep_row33_col5.csv,0.008818864822387695
row_less_sep_row31_col1.csv,0.010179758071899414
row_extra_quote25_col6.csv,0.009411811828613281
row_less_sep_row78_col1.csv,0.008687734603881836
row_more_sep_row24_col5.csv,0.010203838348388672
row_field_delimiter_41_0x20.csv,0.011106014251708984
row_less_sep_row79_col6.csv,0.009124517440795898
row_extra_quote22_col2.csv,0.008901119232177734
row_extra_quote69_col8.csv,0.009097576141357422
row_more_sep_row37_col6.csv,0.009401798248291016
row_extra_quote46_col8.csv,0.008617877960205078
row_extra_quote18_col2.csv,0.010809898376464844
row_more_sep_row11_col5.csv,0.009016990661621094
row_extra_quote70_col0.csv,0.00972127914428711
row_more_sep_row51_col2.csv,0.008696317672729492
row_less_sep_row81_col8.csv,0.009187459945678711
row_extra_quote25_col1.csv,0.008925914764404297
row_more_sep_row39_col8.csv,0.008874893188476562
row_more_sep_row46_col3.csv,0.008915901184082031
row_extra_quote47_col3.csv,0.011148929595947266
row_more_sep_row2_col2.csv,0.009975910186767578
row_extra_quote54_col3.csv,0.009010553359985352
row_extra_quote6_col6.csv,0.008939743041992188
row_less_sep_row5_col2.csv,0.009755373001098633
row_more_sep_row39_col4.csv,0.009864091873168945
row_less_sep_row63_col1.csv,0.01004171371459961
row_extra_quote40_col1.csv,0.009330511093139648
row_extra_quote26_col3.csv,0.009290933609008789
row_more_sep_row9_col2.csv,0.008619070053100586
row_more_sep_row48_col6.csv,0.00976419448852539
row_more_sep_row74_col2.csv,0.009929418563842773
row_field_delimiter_36_0x20.csv,0.009114265441894531
row_more_sep_row31_col7.csv,0.009641170501708984
row_less_sep_row15_col6.csv,0.009853839874267578
row_extra_quote15_col1.csv,0.008848905563354492
row_more_sep_row38_col2.csv,0.009066343307495117
row_extra_quote62_col6.csv,0.009624481201171875
row_more_sep_row38_col5.csv,0.0096282958984375
row_less_sep_row65_col4.csv,0.008787393569946289
row_less_sep_row5_col8.csv,0.00901341438293457
row_more_sep_row27_col6.csv,0.009580850601196289
row_more_sep_row37_col1.csv,0.008576631546020508
row_more_sep_row76_col3.csv,0.010251045227050781
row_more_sep_row51_col3.csv,0.00902247428894043
row_extra_quote36_col4.csv,0.010235071182250977
row_more_sep_row69_col7.csv,0.009135246276855469
row_extra_quote60_col3.csv,0.009288549423217773
row_less_sep_row55_col2.csv,0.010196924209594727
row_extra_quote1_col1.csv,0.009577274322509766
row_less_sep_row37_col8.csv,0.010133504867553711
row_less_sep_row33_col3.csv,0.008954048156738281
row_less_sep_row11_col1.csv,0.009989023208618164
row_extra_quote60_col6.csv,0.009088993072509766
row_less_sep_row44_col1.csv,0.010342121124267578
row_more_sep_row72_col3.csv,0.009109735488891602
row_extra_quote28_col3.csv,0.01035761833190918
row_field_delimiter_60_0x20.csv,0.00979304313659668
row_more_sep_row10_col2.csv,0.010120868682861328
row_field_delimiter_52_0x20.csv,0.008864879608154297
row_less_sep_row46_col5.csv,0.010529756546020508
row_more_sep_row27_col7.csv,0.009793519973754883
row_extra_quote27_col2.csv,0.010086536407470703
row_less_sep_row2_col5.csv,0.008613348007202148
row_more_sep_row34_col3.csv,0.009772777557373047
row_less_sep_row81_col2.csv,0.00971221923828125
row_more_sep_row66_col8.csv,0.010720014572143555
row_extra_quote73_col4.csv,0.012414216995239258
row_more_sep_row14_col1.csv,0.009854555130004883
row_extra_quote80_col7.csv,0.00859522819519043
row_more_sep_row60_col3.csv,0.01085972785949707
row_more_sep_row29_col7.csv,0.009670257568359375
row_more_sep_row8_col0.csv,0.009263277053833008
row_more_sep_row65_col4.csv,0.008926868438720703
row_extra_quote79_col5.csv,0.00977182388305664
row_more_sep_row49_col5.csv,0.010380744934082031
row_extra_quote29_col3.csv,0.009682893753051758
row_more_sep_row83_col0.csv,0.01148676872253418
row_more_sep_row61_col6.csv,0.008809328079223633
row_extra_quote20_col8.csv,0.010367155075073242
row_less_sep_row48_col1.csv,0.011201620101928711
row_extra_quote23_col7.csv,0.009357929229736328
row_less_sep_row34_col2.csv,0.009392023086547852
row_more_sep_row23_col1.csv,0.008876800537109375
row_more_sep_row73_col4.csv,0.010022640228271484
row_extra_quote36_col3.csv,0.009054899215698242
row_more_sep_row45_col3.csv,0.009601831436157227
row_more_sep_row67_col2.csv,0.010352849960327148
row_extra_quote31_col5.csv,0.00946664810180664
row_extra_quote77_col5.csv,0.009260177612304688
row_less_sep_row62_col5.csv,0.008980274200439453
row_less_sep_row49_col8.csv,0.008924722671508789
row_more_sep_row33_col7.csv,0.010110855102539062
row_less_sep_row7_col3.csv,0.010084390640258789
row_less_sep_row75_col2.csv,0.011521339416503906
row_more_sep_row28_col7.csv,0.009541988372802734
row_more_sep_row26_col2.csv,0.010271310806274414
row_extra_quote52_col8.csv,0.01039433479309082
row_less_sep_row49_col1.csv,0.009863853454589844
row_less_sep_row44_col4.csv,0.009297609329223633
row_extra_quote72_col0.csv,0.009345054626464844
row_less_sep_row8_col7.csv,0.010849475860595703
row_extra_quote65_col1.csv,0.009496688842773438
row_extra_quote74_col0.csv,0.010002613067626953
row_more_sep_row17_col5.csv,0.009764432907104492
row_field_delimiter_43_0x20.csv,0.010079622268676758
row_more_sep_row43_col6.csv,0.011761188507080078
row_extra_quote9_col2.csv,0.009326696395874023
row_field_delimiter_47_0x20.csv,0.011540412902832031
row_more_sep_row72_col0.csv,0.011082887649536133
row_less_sep_row56_col7.csv,0.010385751724243164
row_less_sep_row8_col1.csv,0.01212930679321289
row_extra_quote15_col5.csv,0.00914144515991211
row_extra_quote67_col6.csv,0.010282516479492188
row_more_sep_row0_col2.csv,0.010896921157836914
row_extra_quote72_col5.csv,0.010077476501464844
row_extra_quote29_col1.csv,0.008679628372192383
row_extra_quote48_col6.csv,0.010123252868652344
row_more_sep_row9_col4.csv,0.008996248245239258
row_extra_quote17_col5.csv,0.00965261459350586
row_extra_quote46_col6.csv,0.010131120681762695
row_less_sep_row7_col2.csv,0.010432243347167969
row_extra_quote64_col4.csv,0.008769512176513672
row_extra_quote55_col8.csv,0.010613441467285156
row_extra_quote43_col1.csv,0.01090693473815918
row_less_sep_row4_col8.csv,0.010181903839111328
row_more_sep_row24_col0.csv,0.010833501815795898
row_extra_quote25_col8.csv,0.01156306266784668
row_less_sep_row74_col8.csv,0.009462356567382812
row_extra_quote30_col8.csv,0.010263919830322266
row_less_sep_row13_col7.csv,0.010369539260864258
row_less_sep_row80_col4.csv,0.011438131332397461
row_less_sep_row62_col1.csv,0.00999760627746582
row_less_sep_row1_col6.csv,0.009356260299682617
row_extra_quote66_col1.csv,0.009436368942260742
row_more_sep_row83_col1.csv,0.010260820388793945
row_more_sep_row0_col8.csv,0.010978460311889648
row_extra_quote40_col4.csv,0.009582757949829102
row_less_sep_row83_col3.csv,0.009036540985107422
row_extra_quote69_col4.csv,0.010431766510009766
row_extra_quote48_col1.csv,0.011697053909301758
row_more_sep_row5_col2.csv,0.009898185729980469
row_more_sep_row55_col5.csv,0.011374950408935547
row_less_sep_row1_col7.csv,0.009371757507324219
row_extra_quote75_col7.csv,0.008973360061645508
row_less_sep_row12_col6.csv,0.01134943962097168
row_less_sep_row34_col7.csv,0.00899648666381836
row_extra_quote48_col5.csv,0.009911298751831055
row_extra_quote26_col5.csv,0.00982046127319336
row_extra_quote66_col2.csv,0.010435342788696289
row_more_sep_row7_col3.csv,0.009588956832885742
row_extra_quote64_col7.csv,0.00992727279663086
row_less_sep_row64_col4.csv,0.014657735824584961
row_more_sep_row33_col4.csv,0.010141372680664062
row_less_sep_row59_col8.csv,0.009708404541015625
row_extra_quote26_col0.csv,0.010857582092285156
row_extra_quote58_col5.csv,0.010990142822265625
row_less_sep_row33_col6.csv,0.01007223129272461
row_more_sep_row52_col4.csv,0.009654045104980469
row_more_sep_row44_col0.csv,0.010420083999633789
row_extra_quote82_col8.csv,0.00913858413696289
row_extra_quote3_col7.csv,0.009413003921508789
row_field_delimiter_2_0x20.csv,0.009197473526000977
row_more_sep_row45_col6.csv,0.01001119613647461
row_extra_quote3_col0.csv,0.011739492416381836
row_less_sep_row34_col5.csv,0.010164976119995117
row_extra_quote65_col8.csv,0.010865926742553711
row_more_sep_row53_col4.csv,0.010560989379882812
row_less_sep_row72_col5.csv,0.008708477020263672
file_record_delimiter_0xD.csv,0.009050846099853516
row_less_sep_row9_col2.csv,0.009242773056030273
row_extra_quote52_col6.csv,0.009546041488647461
row_less_sep_row9_col7.csv,0.009070396423339844
row_extra_quote75_col1.csv,0.010128021240234375
row_less_sep_row66_col3.csv,0.011081218719482422
row_extra_quote51_col5.csv,0.008742570877075195
row_extra_quote30_col2.csv,0.009037017822265625
row_more_sep_row45_col1.csv,0.009228944778442383
row_extra_quote4_col7.csv,0.009599447250366211
row_less_sep_row68_col8.csv,0.008512496948242188
row_more_sep_row75_col3.csv,0.009030818939208984
row_more_sep_row59_col6.csv,0.010669469833374023
row_extra_quote30_col6.csv,0.010341644287109375
row_extra_quote11_col3.csv,0.01012730598449707
row_more_sep_row43_col4.csv,0.010492324829101562
row_more_sep_row73_col7.csv,0.009690284729003906
row_less_sep_row61_col5.csv,0.008727788925170898
row_less_sep_row72_col7.csv,0.009937047958374023
row_less_sep_row8_col4.csv,0.012427806854248047
row_more_sep_row43_col0.csv,0.01032400131225586
row_extra_quote55_col5.csv,0.010483503341674805
row_extra_quote40_col3.csv,0.009052753448486328
row_extra_quote61_col0.csv,0.011245012283325195
row_less_sep_row41_col5.csv,0.00908041000366211
row_less_sep_row62_col6.csv,0.0108642578125
row_more_sep_row41_col8.csv,0.009489297866821289
row_less_sep_row1_col4.csv,0.009146451950073242
row_extra_quote74_col1.csv,0.009264469146728516
row_extra_quote78_col0.csv,0.009350061416625977
row_extra_quote78_col6.csv,0.009237289428710938
row_more_sep_row70_col2.csv,0.009059906005859375
row_more_sep_row23_col5.csv,0.011350154876708984
row_more_sep_row71_col3.csv,0.008978843688964844
row_less_sep_row74_col5.csv,0.009379386901855469
row_more_sep_row30_col3.csv,0.010348796844482422
row_field_delimiter_46_0x20.csv,0.00925898551940918
row_extra_quote37_col8.csv,0.01115560531616211
row_more_sep_row59_col5.csv,0.009629011154174805
row_extra_quote38_col1.csv,0.009516716003417969
row_less_sep_row43_col2.csv,0.008443117141723633
row_more_sep_row41_col6.csv,0.00948786735534668
row_less_sep_row64_col7.csv,0.010118246078491211
row_less_sep_row18_col3.csv,0.009111166000366211
row_more_sep_row63_col7.csv,0.010074377059936523
row_extra_quote4_col1.csv,0.008155584335327148
row_less_sep_row67_col1.csv,0.010268211364746094
row_more_sep_row60_col2.csv,0.009565353393554688
row_more_sep_row77_col5.csv,0.009160280227661133
row_more_sep_row29_col5.csv,0.010577678680419922
row_extra_quote2_col3.csv,0.009771585464477539
row_extra_quote78_col5.csv,0.011204004287719727
row_less_sep_row64_col5.csv,0.010382890701293945
row_extra_quote60_col7.csv,0.009060382843017578
row_less_sep_row73_col6.csv,0.010190010070800781
row_less_sep_row79_col5.csv,0.009915828704833984
row_extra_quote45_col2.csv,0.010733366012573242
row_more_sep_row33_col8.csv,0.009213447570800781
row_less_sep_row35_col2.csv,0.010521650314331055
row_more_sep_row35_col3.csv,0.010955810546875
row_more_sep_row76_col6.csv,0.00915217399597168
row_less_sep_row41_col8.csv,0.009362936019897461
row_extra_quote67_col4.csv,0.00924062728881836
row_extra_quote62_col0.csv,0.011360645294189453
row_more_sep_row10_col1.csv,0.010431766510009766
row_extra_quote30_col4.csv,0.00944828987121582
row_less_sep_row24_col5.csv,0.011334896087646484
row_less_sep_row68_col1.csv,0.008900165557861328
row_more_sep_row0_col1.csv,0.009208917617797852
row_more_sep_row31_col0.csv,0.010589838027954102
row_less_sep_row51_col2.csv,0.00958561897277832
row_more_sep_row56_col6.csv,0.009720802307128906
row_more_sep_row39_col2.csv,0.009701013565063477
row_less_sep_row19_col6.csv,0.008713722229003906
row_less_sep_row12_col1.csv,0.009776830673217773
row_extra_quote42_col3.csv,0.009254217147827148
row_more_sep_row79_col3.csv,0.011201143264770508
row_extra_quote59_col7.csv,0.008727073669433594
row_more_sep_row36_col5.csv,0.009182929992675781
row_extra_quote57_col5.csv,0.010626077651977539
row_less_sep_row41_col7.csv,0.01084280014038086
row_more_sep_row29_col4.csv,0.009064674377441406
row_extra_quote67_col1.csv,0.008599996566772461
row_extra_quote48_col0.csv,0.009795665740966797
row_extra_quote7_col7.csv,0.009268999099731445
row_extra_quote72_col7.csv,0.008795022964477539
row_more_sep_row16_col4.csv,0.01075434684753418
row_extra_quote59_col2.csv,0.008685588836669922
row_field_delimiter_81_0x20.csv,0.01000666618347168
row_less_sep_row71_col8.csv,0.009770870208740234
row_more_sep_row23_col7.csv,0.009672164916992188
row_less_sep_row63_col5.csv,0.009057998657226562
row_less_sep_row52_col5.csv,0.011078834533691406
row_more_sep_row19_col6.csv,0.011352062225341797
row_extra_quote36_col2.csv,0.010257482528686523
row_extra_quote33_col4.csv,0.009760379791259766
row_more_sep_row12_col2.csv,0.010601282119750977
row_more_sep_row68_col1.csv,0.008882522583007812
row_more_sep_row27_col1.csv,0.009874105453491211
row_more_sep_row44_col1.csv,0.008945941925048828
row_less_sep_row13_col8.csv,0.008723020553588867
row_extra_quote62_col2.csv,0.0088043212890625
row_extra_quote20_col3.csv,0.009284496307373047
row_more_sep_row51_col4.csv,0.010866641998291016
row_extra_quote14_col6.csv,0.008607864379882812
row_more_sep_row4_col4.csv,0.010479927062988281
row_extra_quote3_col3.csv,0.009415388107299805
row_extra_quote38_col7.csv,0.009893178939819336
row_less_sep_row40_col8.csv,0.008736371994018555
row_less_sep_row77_col2.csv,0.009591817855834961
row_more_sep_row20_col1.csv,0.01107478141784668
row_less_sep_row44_col5.csv,0.010272741317749023
row_extra_quote76_col0.csv,0.009134054183959961
row_less_sep_row70_col4.csv,0.010447025299072266
row_more_sep_row20_col0.csv,0.009701728820800781
row_less_sep_row76_col7.csv,0.009750604629516602
row_less_sep_row6_col4.csv,0.008928298950195312
row_extra_quote83_col8.csv,0.008749961853027344
row_extra_quote57_col3.csv,0.009979009628295898
row_less_sep_row14_col2.csv,0.009989023208618164
row_extra_quote6_col4.csv,0.010819435119628906
row_less_sep_row6_col2.csv,0.00897359848022461
row_extra_quote70_col5.csv,0.009196758270263672
row_more_sep_row3_col7.csv,0.00911092758178711
row_field_delimiter_0_0x20.csv,0.009115457534790039
row_field_delimiter_9_0x20.csv,0.009330272674560547
row_more_sep_row6_col3.csv,0.00868678092956543
row_less_sep_row63_col4.csv,0.010442256927490234
row_extra_quote23_col8.csv,0.00973653793334961
row_more_sep_row0_col4.csv,0.009417533874511719
file_no_trailing_newline.csv,0.010839223861694336
row_extra_quote24_col6.csv,0.008712530136108398
row_extra_quote64_col6.csv,0.009280920028686523
row_field_delimiter_77_0x20.csv,0.011027097702026367
row_extra_quote57_col1.csv,0.009579658508300781
row_extra_quote29_col0.csv,0.01027226448059082
row_extra_quote34_col7.csv,0.012058019638061523
row_extra_quote43_col4.csv,0.008432149887084961
row_more_sep_row24_col7.csv,0.008941173553466797
row_extra_quote65_col4.csv,0.009677648544311523
row_less_sep_row66_col7.csv,0.010052919387817383
row_more_sep_row46_col0.csv,0.010453462600708008
row_extra_quote48_col8.csv,0.009276866912841797
row_less_sep_row8_col2.csv,0.01104426383972168
row_more_sep_row35_col2.csv,0.009915828704833984
row_extra_quote71_col7.csv,0.008759498596191406
row_extra_quote24_col0.csv,0.012497901916503906
row_less_sep_row27_col1.csv,0.009054422378540039
row_less_sep_row72_col2.csv,0.009116411209106445
row_less_sep_row2_col1.csv,0.010741233825683594
row_less_sep_row23_col1.csv,0.009929418563842773
row_less_sep_row19_col5.csv,0.00887441635131836
row_more_sep_row36_col6.csv,0.010324954986572266
row_extra_quote59_col0.csv,0.009096622467041016
row_extra_quote81_col2.csv,0.010405540466308594
row_less_sep_row47_col6.csv,0.010397195816040039
row_less_sep_row26_col4.csv,0.010922670364379883
row_less_sep_row0_col6.csv,0.0088958740234375
row_extra_quote9_col8.csv,0.009697198867797852
row_extra_quote59_col4.csv,0.008768558502197266
row_more_sep_row47_col3.csv,0.010116100311279297
row_more_sep_row42_col5.csv,0.009399652481079102
row_extra_quote74_col7.csv,0.009128332138061523
row_extra_quote51_col8.csv,0.010833501815795898
row_more_sep_row49_col7.csv,0.010011911392211914
row_more_sep_row22_col4.csv,0.010452747344970703
row_more_sep_row7_col8.csv,0.011540651321411133
row_less_sep_row59_col1.csv,0.00872182846069336
row_more_sep_row77_col0.csv,0.010426044464111328
row_more_sep_row59_col0.csv,0.010783910751342773
row_more_sep_row15_col6.csv,0.009500741958618164
row_less_sep_row3_col6.csv,0.009428024291992188
row_more_sep_row54_col5.csv,0.01071619987487793
row_more_sep_row34_col5.csv,0.008441686630249023
row_extra_quote56_col5.csv,0.009541034698486328
row_more_sep_row10_col4.csv,0.00976252555847168
row_extra_quote48_col4.csv,0.009003400802612305
row_more_sep_row2_col5.csv,0.008934259414672852
row_less_sep_row53_col5.csv,0.009180307388305664
row_more_sep_row9_col3.csv,0.010946273803710938
row_less_sep_row13_col4.csv,0.010105609893798828
row_more_sep_row71_col6.csv,0.008591175079345703
row_less_sep_row83_col5.csv,0.009239435195922852
row_extra_quote64_col2.csv,0.009512186050415039
row_less_sep_row53_col2.csv,0.009030342102050781
row_extra_quote26_col8.csv,0.009578704833984375
row_less_sep_row64_col1.csv,0.010971307754516602
row_extra_quote72_col8.csv,0.009334802627563477
row_extra_quote43_col0.csv,0.00983285903930664
row_extra_quote14_col1.csv,0.008866548538208008
row_more_sep_row75_col1.csv,0.010627031326293945
row_less_sep_row46_col7.csv,0.009736299514770508
row_field_delimiter_66_0x20.csv,0.010725259780883789
row_extra_quote17_col2.csv,0.010548114776611328
row_more_sep_row66_col6.csv,0.009006500244140625
row_extra_quote14_col5.csv,0.010326147079467773
row_more_sep_row61_col7.csv,0.009734153747558594
row_extra_quote3_col2.csv,0.008834123611450195
row_more_sep_row68_col0.csv,0.00908350944519043
row_less_sep_row53_col7.csv,0.009749889373779297
row_more_sep_row42_col7.csv,0.010486364364624023
row_more_sep_row2_col6.csv,0.009990930557250977
row_less_sep_row16_col4.csv,0.009140729904174805
row_extra_quote13_col4.csv,0.00994420051574707
row_less_sep_row19_col8.csv,0.010380029678344727
row_less_sep_row52_col2.csv,0.009903430938720703
row_extra_quote2_col4.csv,0.009193181991577148
row_less_sep_row57_col8.csv,0.010318994522094727
row_field_delimiter_11_0x20.csv,0.009915590286254883
row_less_sep_row38_col8.csv,0.008989810943603516
file_multitable_same.csv,0.012259483337402344
row_extra_quote50_col2.csv,0.009275197982788086
file_one_data_row.csv,0.009532690048217773
row_less_sep_row55_col3.csv,0.00967550277709961
row_more_sep_row22_col2.csv,0.011248350143432617
row_more_sep_row66_col3.csv,0.008496999740600586
row_more_sep_row45_col7.csv,0.00948333740234375
row_less_sep_row44_col7.csv,0.010520458221435547
row_more_sep_row55_col3.csv,0.009125471115112305
row_more_sep_row14_col2.csv,0.008518695831298828
row_extra_quote29_col6.csv,0.009254693984985352
row_more_sep_row61_col3.csv,0.009597539901733398
row_more_sep_row80_col4.csv,0.008895397186279297
row_extra_quote18_col8.csv,0.008820533752441406
row_more_sep_row69_col5.csv,0.01034998893737793
row_extra_quote33_col6.csv,0.009416341781616211
row_extra_quote4_col8.csv,0.009473085403442383
row_less_sep_row14_col8.csv,0.008613109588623047
row_extra_quote61_col6.csv,0.009274005889892578
row_extra_quote25_col5.csv,0.009702444076538086
row_less_sep_row9_col1.csv,0.008545637130737305
row_extra_quote2_col5.csv,0.01004934310913086
row_less_sep_row9_col4.csv,0.010251998901367188
row_less_sep_row52_col3.csv,0.009788990020751953
row_extra_quote82_col2.csv,0.009616613388061523
row_more_sep_row32_col2.csv,0.010167360305786133
row_more_sep_row13_col5.csv,0.009347200393676758
row_more_sep_row45_col2.csv,0.009556055068969727
row_more_sep_row64_col4.csv,0.010619163513183594
row_more_sep_row47_col6.csv,0.010113239288330078
row_less_sep_row51_col8.csv,0.00980830192565918
row_more_sep_row82_col6.csv,0.010645151138305664
row_less_sep_row51_col1.csv,0.008694887161254883
row_more_sep_row9_col0.csv,0.010100603103637695
row_extra_quote65_col0.csv,0.009718179702758789
row_less_sep_row47_col5.csv,0.009335756301879883
row_field_delimiter_25_0x20.csv,0.009405374526977539
row_less_sep_row27_col7.csv,0.009491682052612305
file_multitable_less.csv,0.01291203498840332
row_more_sep_row11_col7.csv,0.010281085968017578
row_more_sep_row64_col8.csv,0.008853912353515625
row_more_sep_row11_col3.csv,0.010706186294555664
row_more_sep_row62_col1.csv,0.009322643280029297
row_extra_quote15_col7.csv,0.009015560150146484
row_more_sep_row68_col7.csv,0.010253429412841797
row_more_sep_row66_col1.csv,0.008482217788696289
row_less_sep_row65_col1.csv,0.010010719299316406
row_more_sep_row51_col7.csv,0.009231090545654297
row_extra_quote6_col1.csv,0.011312246322631836
row_extra_quote49_col6.csv,0.009455204010009766
row_more_sep_row81_col7.csv,0.009788274765014648
row_more_sep_row0_col6.csv,0.010224342346191406
row_less_sep_row68_col6.csv,0.010092020034790039
row_less_sep_row74_col6.csv,0.009220361709594727
row_more_sep_row14_col4.csv,0.009346961975097656
row_extra_quote42_col1.csv,0.008949041366577148
row_extra_quote10_col8.csv,0.01020193099975586
row_extra_quote11_col0.csv,0.010071039199829102
row_more_sep_row35_col1.csv,0.010827064514160156
row_less_sep_row32_col5.csv,0.00845956802368164
row_more_sep_row73_col3.csv,0.010615348815917969
row_extra_quote43_col8.csv,0.009003162384033203
row_more_sep_row21_col3.csv,0.010129690170288086
row_extra_quote78_col3.csv,0.008317708969116211
row_less_sep_row32_col3.csv,0.01110386848449707
row_less_sep_row66_col6.csv,0.010667562484741211
row_less_sep_row0_col2.csv,0.009671449661254883
row_more_sep_row49_col3.csv,0.008659839630126953
row_extra_quote43_col6.csv,0.01022791862487793
row_less_sep_row43_col7.csv,0.009869575500488281
row_extra_quote26_col7.csv,0.00872659683227539
row_field_delimiter_26_0x20.csv,0.008596658706665039
row_more_sep_row46_col8.csv,0.010936975479125977
row_extra_quote52_col1.csv,0.009735822677612305
row_more_sep_row75_col6.csv,0.010146856307983398
row_less_sep_row56_col5.csv,0.00900721549987793
row_extra_quote2_col8.csv,0.010996103286743164
row_extra_quote8_col5.csv,0.009092569351196289
row_more_sep_row70_col8.csv,0.009406328201293945
row_more_sep_row43_col1.csv,0.010190963745117188
row_more_sep_row24_col4.csv,0.009671688079833984
row_extra_quote56_col0.csv,0.011399030685424805
row_more_sep_row41_col7.csv,0.010725259780883789
row_more_sep_row22_col8.csv,0.00956106185913086
row_extra_quote73_col5.csv,0.00951385498046875
row_more_sep_row71_col5.csv,0.009231805801391602
row_more_sep_row32_col3.csv,0.010308980941772461
row_extra_quote63_col6.csv,0.009029388427734375
row_less_sep_row8_col3.csv,0.008925199508666992
row_more_sep_row16_col2.csv,0.01143193244934082
row_more_sep_row75_col5.csv,0.009550094604492188
row_more_sep_row1_col3.csv,0.009545087814331055
row_less_sep_row80_col8.csv,0.011778116226196289
row_more_sep_row29_col3.csv,0.00960993766784668
row_less_sep_row11_col5.csv,0.010207414627075195
row_field_delimiter_49_0x20.csv,0.009989500045776367
row_extra_quote39_col8.csv,0.010213613510131836
row_less_sep_row57_col3.csv,0.009945392608642578
row_less_sep_row7_col5.csv,0.010240793228149414
row_less_sep_row82_col3.csv,0.009914159774780273
row_extra_quote0_col2.csv,0.009367942810058594
row_less_sep_row11_col8.csv,0.009512662887573242
row_less_sep_row58_col8.csv,0.01331186294555664
row_more_sep_row11_col8.csv,0.010302543640136719
row_more_sep_row23_col3.csv,0.010853290557861328
row_less_sep_row32_col2.csv,0.010761022567749023
row_less_sep_row22_col8.csv,0.01009988784790039
row_less_sep_row42_col1.csv,0.008879899978637695
row_more_sep_row70_col1.csv,0.010362625122070312
row_less_sep_row5_col3.csv,0.008538246154785156
row_extra_quote18_col5.csv,0.010305643081665039
row_less_sep_row64_col3.csv,0.011239290237426758
row_field_delimiter_39_0x20.csv,0.009608030319213867
row_extra_quote38_col2.csv,0.008985757827758789
row_less_sep_row15_col3.csv,0.01061701774597168
row_extra_quote21_col8.csv,0.009641408920288086
row_less_sep_row54_col7.csv,0.010343313217163086
row_extra_quote52_col2.csv,0.008789777755737305
row_less_sep_row79_col4.csv,0.010097503662109375
row_more_sep_row58_col7.csv,0.009161949157714844
row_extra_quote63_col7.csv,0.009603738784790039
row_extra_quote63_col2.csv,0.008681297302246094
row_less_sep_row20_col7.csv,0.008765220642089844
row_extra_quote33_col0.csv,0.010671854019165039
row_more_sep_row33_col0.csv,0.009988784790039062
row_extra_quote26_col6.csv,0.010953903198242188
row_less_sep_row45_col6.csv,0.009145021438598633
row_more_sep_row55_col8.csv,0.010513544082641602
row_less_sep_row26_col2.csv,0.00973367691040039
row_more_sep_row58_col3.csv,0.008936405181884766
row_more_sep_row72_col8.csv,0.009264230728149414
row_extra_quote82_col5.csv,0.009562492370605469
row_more_sep_row45_col0.csv,0.01110076904296875
row_extra_quote37_col1.csv,0.010221481323242188
row_more_sep_row16_col6.csv,0.009140968322753906
row_more_sep_row63_col5.csv,0.010540962219238281
row_extra_quote54_col5.csv,0.008679628372192383
row_more_sep_row2_col8.csv,0.010709524154663086
row_extra_quote58_col6.csv,0.009801149368286133
row_less_sep_row16_col8.csv,0.010140657424926758
row_less_sep_row64_col6.csv,0.008467435836791992
row_less_sep_row36_col5.csv,0.010829448699951172
row_less_sep_row29_col6.csv,0.01142263412475586
row_more_sep_row0_col0.csv,0.01044464111328125
row_less_sep_row59_col4.csv,0.009632349014282227
row_less_sep_row14_col6.csv,0.010729551315307617
row_more_sep_row16_col7.csv,0.008688688278198242
row_less_sep_row60_col4.csv,0.009861469268798828
row_less_sep_row8_col8.csv,0.010563373565673828
row_less_sep_row5_col4.csv,0.009836912155151367
row_more_sep_row73_col5.csv,0.008638381958007812
row_extra_quote10_col2.csv,0.010137319564819336
row_extra_quote67_col8.csv,0.010931730270385742
row_extra_quote79_col4.csv,0.009653806686401367
row_less_sep_row71_col3.csv,0.009124040603637695
row_extra_quote32_col0.csv,0.01053762435913086
row_extra_quote39_col1.csv,0.00946044921875
row_extra_quote31_col4.csv,0.01035928726196289
row_more_sep_row54_col4.csv,0.008900642395019531
row_extra_quote77_col2.csv,0.010616540908813477
row_more_sep_row58_col5.csv,0.009984970092773438
row_more_sep_row46_col1.csv,0.01009368896484375
row_less_sep_row69_col7.csv,0.010407209396362305
row_less_sep_row25_col5.csv,0.009688377380371094
row_less_sep_row7_col7.csv,0.009159326553344727
row_extra_quote52_col5.csv,0.009373903274536133
file_no_header.csv,0.010841608047485352
row_more_sep_row80_col2.csv,0.008487224578857422
row_less_sep_row72_col6.csv,0.00958704948425293
row_extra_quote17_col6.csv,0.010712623596191406
row_extra_quote65_col2.csv,0.009485483169555664
row_field_delimiter_12_0x20.csv,0.00976419448852539
row_more_sep_row77_col8.csv,0.00888514518737793
row_less_sep_row55_col4.csv,0.008986473083496094
row_extra_quote28_col8.csv,0.00977182388305664
row_less_sep_row71_col5.csv,0.011023283004760742
row_extra_quote32_col6.csv,0.010563850402832031
row_extra_quote12_col6.csv,0.00909566879272461
row_less_sep_row17_col5.csv,0.008809804916381836
row_less_sep_row74_col4.csv,0.010570526123046875
row_more_sep_row12_col6.csv,0.01018977165222168
row_more_sep_row30_col8.csv,0.00927114486694336
row_less_sep_row75_col1.csv,0.008634090423583984
row_extra_quote9_col1.csv,0.008971214294433594
row_extra_quote8_col8.csv,0.010663032531738281
row_more_sep_row40_col4.csv,0.009625673294067383
row_less_sep_row10_col4.csv,0.010298728942871094
row_extra_quote45_col4.csv,0.008618354797363281
row_more_sep_row27_col2.csv,0.009840726852416992
row_less_sep_row45_col4.csv,0.009779214859008789
row_extra_quote34_col1.csv,0.009461402893066406
row_less_sep_row66_col8.csv,0.00839090347290039
row_more_sep_row79_col4.csv,0.009538650512695312
row_more_sep_row27_col0.csv,0.01098942756652832
row_less_sep_row13_col1.csv,0.009716987609863281
row_less_sep_row0_col5.csv,0.008742332458496094
row_less_sep_row47_col7.csv,0.009069681167602539
row_more_sep_row1_col7.csv,0.010200977325439453
row_field_delimiter_13_0x20.csv,0.009790420532226562
row_less_sep_row10_col6.csv,0.00845193862915039
row_field_delimiter_20_0x20.csv,0.010546684265136719
row_more_sep_row61_col2.csv,0.009566068649291992
row_less_sep_row11_col7.csv,0.009722471237182617
row_less_sep_row21_col6.csv,0.009125471115112305
row_more_sep_row21_col1.csv,0.00870203971862793
row_less_sep_row3_col3.csv,0.010499715805053711
row_extra_quote70_col6.csv,0.009767770767211914
row_more_sep_row13_col8.csv,0.011326074600219727
row_more_sep_row39_col3.csv,0.008849859237670898
row_less_sep_row46_col1.csv,0.010577917098999023
row_less_sep_row27_col5.csv,0.009653568267822266
row_more_sep_row55_col0.csv,0.011553049087524414
row_extra_quote24_col5.csv,0.00878143310546875
row_extra_quote49_col4.csv,0.009784698486328125
row_extra_quote70_col1.csv,0.010719060897827148
row_extra_quote26_col1.csv,0.009964942932128906
row_less_sep_row80_col7.csv,0.0088653564453125
row_more_sep_row46_col5.csv,0.010909318923950195
row_less_sep_row77_col8.csv,0.009727954864501953
row_more_sep_row17_col3.csv,0.009635448455810547
row_extra_quote37_col4.csv,0.009343147277832031
row_more_sep_row80_col3.csv,0.010130882263183594
row_less_sep_row47_col1.csv,0.009784221649169922
row_extra_quote4_col2.csv,0.010045051574707031
row_less_sep_row24_col2.csv,0.008681297302246094
row_more_sep_row63_col6.csv,0.009568929672241211
row_extra_quote1_col8.csv,0.00965118408203125
row_less_sep_row40_col3.csv,0.01079869270324707
row_less_sep_row52_col8.csv,0.011092424392700195
row_less_sep_row38_col6.csv,0.009540081024169922
row_extra_quote45_col1.csv,0.008476018905639648
row_more_sep_row58_col2.csv,0.01050877571105957
row_less_sep_row48_col8.csv,0.009136199951171875
row_more_sep_row40_col5.csv,0.011386394500732422
row_extra_quote48_col7.csv,0.010798931121826172
row_more_sep_row18_col2.csv,0.009011507034301758
row_more_sep_row53_col1.csv,0.008653640747070312
row_more_sep_row20_col4.csv,0.010597944259643555
row_more_sep_row40_col3.csv,0.01007533073425293
row_extra_quote5_col4.csv,0.010007619857788086
row_extra_quote70_col4.csv,0.00949549674987793
row_less_sep_row48_col3.csv,0.010429620742797852
row_extra_quote24_col8.csv,0.008664369583129883
row_more_sep_row37_col8.csv,0.009818792343139648
row_more_sep_row64_col3.csv,0.010410547256469727
row_less_sep_row3_col4.csv,0.009538650512695312
row_more_sep_row65_col7.csv,0.00862741470336914
row_more_sep_row42_col3.csv,0.01091909408569336
row_extra_quote14_col8.csv,0.009989738464355469
row_less_sep_row45_col3.csv,0.008815526962280273
row_extra_quote43_col2.csv,0.01088261604309082
row_less_sep_row67_col3.csv,0.008953332901000977
row_more_sep_row69_col4.csv,0.010134458541870117
row_less_sep_row66_col5.csv,0.011020898818969727
row_more_sep_row67_col0.csv,0.009443521499633789
row_extra_quote81_col8.csv,0.009688854217529297
row_less_sep_row32_col6.csv,0.010618209838867188
row_less_sep_row28_col1.csv,0.009215116500854492
row_more_sep_row65_col0.csv,0.009186506271362305
row_extra_quote28_col4.csv,0.010199308395385742
row_more_sep_row53_col2.csv,0.010897636413574219
row_extra_quote67_col3.csv,0.010041952133178711
row_extra_quote20_col4.csv,0.008765220642089844
row_more_sep_row48_col3.csv,0.009965181350708008
row_less_sep_row45_col8.csv,0.009277582168579102
row_less_sep_row62_col4.csv,0.009423494338989258
row_less_sep_row20_col4.csv,0.009071826934814453
row_less_sep_row41_col1.csv,0.01062917709350586
row_less_sep_row57_col4.csv,0.009289979934692383
row_more_sep_row51_col8.csv,0.00966644287109375
row_less_sep_row37_col1.csv,0.010721921920776367
row_more_sep_row6_col2.csv,0.00983738899230957
row_more_sep_row26_col6.csv,0.009186506271362305
row_less_sep_row27_col3.csv,0.008966922760009766
row_extra_quote1_col7.csv,0.010567903518676758
row_extra_quote40_col7.csv,0.009966850280761719
row_more_sep_row71_col1.csv,0.009772777557373047
row_extra_quote80_col4.csv,0.01114344596862793
row_extra_quote51_col6.csv,0.00872182846069336
row_extra_quote43_col3.csv,0.010436534881591797
row_more_sep_row2_col1.csv,0.01042032241821289
row_extra_quote53_col5.csv,0.00919198989868164
row_less_sep_row63_col2.csv,0.00956869125366211
row_extra_quote18_col3.csv,0.009463787078857422
row_less_sep_row0_col4.csv,0.010867595672607422
row_less_sep_row13_col3.csv,0.009373903274536133
row_more_sep_row27_col8.csv,0.009978294372558594
row_extra_quote65_col6.csv,0.01121068000793457
row_less_sep_row75_col8.csv,0.008992671966552734
row_more_sep_row25_col0.csv,0.009231090545654297
row_less_sep_row37_col4.csv,0.009659767150878906
row_extra_quote68_col1.csv,0.009482860565185547
row_less_sep_row35_col7.csv,0.00906682014465332
row_more_sep_row46_col6.csv,0.010942459106445312
row_extra_quote57_col8.csv,0.01118779182434082
row_more_sep_row44_col5.csv,0.01024770736694336
row_extra_quote5_col3.csv,0.008558988571166992
file_field_delimiter_0x20.csv,0.008692741394042969
row_more_sep_row39_col6.csv,0.009463787078857422
row_extra_quote7_col3.csv,0.009924650192260742
row_less_sep_row23_col5.csv,0.008714675903320312
row_more_sep_row36_col1.csv,0.01026773452758789
row_less_sep_row77_col3.csv,0.009315013885498047
row_field_delimiter_17_0x20.csv,0.010513067245483398
row_less_sep_row47_col4.csv,0.008896112442016602
row_less_sep_row43_col1.csv,0.00909733772277832
row_more_sep_row64_col0.csv,0.009606361389160156
row_extra_quote58_col0.csv,0.010316610336303711
row_less_sep_row29_col4.csv,0.010784626007080078
row_more_sep_row82_col1.csv,0.00917506217956543
row_less_sep_row76_col2.csv,0.009389162063598633
row_less_sep_row64_col8.csv,0.009258508682250977
row_less_sep_row22_col6.csv,0.009132623672485352
row_extra_quote80_col8.csv,0.008808612823486328
row_extra_quote9_col0.csv,0.010044336318969727
row_less_sep_row22_col7.csv,0.010831117630004883
row_more_sep_row35_col4.csv,0.009878158569335938
row_more_sep_row69_col0.csv,0.010509490966796875
row_more_sep_row54_col0.csv,0.010800600051879883
row_more_sep_row64_col6.csv,0.008294820785522461
row_field_delimiter_15_0x20.csv,0.009950637817382812
row_more_sep_row68_col4.csv,0.009575366973876953
row_less_sep_row63_col6.csv,0.009777069091796875
row_extra_quote39_col0.csv,0.010187625885009766
row_more_sep_row77_col3.csv,0.009588956832885742
row_extra_quote39_col2.csv,0.010805130004882812
row_less_sep_row26_col6.csv,0.009132862091064453
row_more_sep_row19_col2.csv,0.01020503044128418
row_more_sep_row65_col6.csv,0.010999441146850586
row_more_sep_row72_col7.csv,0.009158134460449219
row_less_sep_row80_col3.csv,0.01053476333618164
