filename,pycsv_time_0
row_extra_quote80_col1.csv,0.005548954010009766
row_less_sep_row57_col2.csv,0.00477290153503418
row_extra_quote57_col2.csv,0.0049626827239990234
row_extra_quote33_col5.csv,0.0048258304595947266
row_less_sep_row81_col5.csv,0.0047533512115478516
row_less_sep_row2_col7.csv,0.004761934280395508
row_less_sep_row67_col4.csv,0.0047168731689453125
row_less_sep_row21_col4.csv,0.004874467849731445
row_more_sep_row17_col6.csv,0.004950523376464844
row_less_sep_row56_col2.csv,0.004877328872680664
row_more_sep_row57_col2.csv,0.004853725433349609
row_extra_quote14_col4.csv,0.004945516586303711
row_less_sep_row61_col6.csv,0.004856586456298828
row_extra_quote20_col6.csv,0.004764080047607422
row_extra_quote74_col3.csv,0.005227327346801758
row_extra_quote53_col7.csv,0.0044918060302734375
row_less_sep_row34_col6.csv,0.0047075748443603516
row_more_sep_row5_col3.csv,0.004750728607177734
row_more_sep_row10_col0.csv,0.004758596420288086
row_less_sep_row2_col2.csv,0.004801034927368164
row_more_sep_row61_col5.csv,0.004754543304443359
row_extra_quote12_col5.csv,0.004891633987426758
row_less_sep_row47_col2.csv,0.004780292510986328
row_more_sep_row13_col2.csv,0.004739999771118164
row_extra_quote41_col1.csv,0.004943370819091797
row_more_sep_row37_col5.csv,0.004706859588623047
row_extra_quote58_col4.csv,0.004686594009399414
row_extra_quote6_col8.csv,0.004914522171020508
row_more_sep_row2_col4.csv,0.004738807678222656
row_more_sep_row76_col5.csv,0.004718780517578125
row_extra_quote75_col8.csv,0.004893064498901367
row_extra_quote16_col6.csv,0.004241943359375
row_less_sep_row25_col7.csv,0.004502534866333008
row_extra_quote3_col1.csv,0.005089521408081055
row_less_sep_row44_col6.csv,0.0050733089447021484
row_more_sep_row8_col5.csv,0.0048084259033203125
row_more_sep_row31_col8.csv,0.004850625991821289
row_more_sep_row5_col6.csv,0.004668474197387695
row_extra_quote59_col8.csv,0.004790306091308594
row_less_sep_row41_col6.csv,0.004802227020263672
row_extra_quote53_col8.csv,0.00518345832824707
row_more_sep_row3_col1.csv,0.004803180694580078
row_more_sep_row81_col1.csv,0.004781246185302734
row_extra_quote44_col7.csv,0.0057065486907958984
row_extra_quote41_col5.csv,0.004903554916381836
row_more_sep_row74_col5.csv,0.0052967071533203125
row_more_sep_row28_col0.csv,0.0051000118255615234
row_more_sep_row47_col5.csv,0.004885196685791016
row_more_sep_row44_col4.csv,0.0049593448638916016
row_more_sep_row51_col6.csv,0.005085945129394531
row_more_sep_row32_col1.csv,0.0049285888671875
row_extra_quote46_col3.csv,0.005629777908325195
row_extra_quote56_col2.csv,0.005458831787109375
row_more_sep_row30_col6.csv,0.004787445068359375
row_less_sep_row69_col4.csv,0.005040168762207031
row_extra_quote0_col0.csv,0.004868507385253906
row_more_sep_row30_col2.csv,0.004950761795043945
row_more_sep_row14_col8.csv,0.005186319351196289
row_less_sep_row54_col2.csv,0.0049397945404052734
row_less_sep_row31_col5.csv,0.004885673522949219
row_extra_quote30_col0.csv,0.0052607059478759766
row_more_sep_row60_col1.csv,0.0049550533294677734
row_extra_quote10_col3.csv,0.005036592483520508
row_less_sep_row6_col5.csv,0.005268573760986328
row_less_sep_row39_col2.csv,0.005054950714111328
row_less_sep_row46_col8.csv,0.004931211471557617
row_extra_quote76_col5.csv,0.005292415618896484
row_extra_quote31_col8.csv,0.004640340805053711
row_extra_quote56_col8.csv,0.004747152328491211
row_less_sep_row48_col7.csv,0.004927396774291992
row_more_sep_row8_col2.csv,0.004855632781982422
row_less_sep_row83_col8.csv,0.005149364471435547
row_more_sep_row68_col3.csv,0.0049474239349365234
row_more_sep_row0_col7.csv,0.005191802978515625
row_less_sep_row79_col2.csv,0.005254983901977539
row_less_sep_row4_col7.csv,0.004563808441162109
row_more_sep_row80_col1.csv,0.005370616912841797
row_less_sep_row13_col5.csv,0.005228757858276367
row_more_sep_row22_col3.csv,0.005067586898803711
row_less_sep_row58_col2.csv,0.005887508392333984
row_more_sep_row43_col5.csv,0.0053119659423828125
row_extra_quote37_col0.csv,0.005360126495361328
row_extra_quote17_col1.csv,0.00558781623840332
row_extra_quote38_col0.csv,0.0053844451904296875
row_less_sep_row37_col6.csv,0.005365133285522461
row_extra_quote16_col8.csv,0.005347251892089844
row_less_sep_row15_col5.csv,0.00536656379699707
row_less_sep_row15_col1.csv,0.005248546600341797
row_less_sep_row67_col5.csv,0.006417989730834961
row_less_sep_row12_col8.csv,0.0054035186767578125
row_extra_quote45_col8.csv,0.005293846130371094
row_field_delimiter_29_0x20.csv,0.005238771438598633
row_field_delimiter_67_0x20.csv,0.005114555358886719
row_less_sep_row53_col6.csv,0.005200624465942383
row_more_sep_row60_col0.csv,0.005223751068115234
row_extra_quote70_col8.csv,0.005046367645263672
row_extra_quote22_col6.csv,0.005514621734619141
row_extra_quote20_col5.csv,0.0052623748779296875
row_less_sep_row68_col3.csv,0.005262851715087891
row_less_sep_row59_col7.csv,0.00503849983215332
row_more_sep_row77_col2.csv,0.0050623416900634766
row_more_sep_row82_col4.csv,0.005117177963256836
row_more_sep_row61_col4.csv,0.00499725341796875
row_less_sep_row54_col1.csv,0.00509190559387207
row_extra_quote56_col4.csv,0.005092620849609375
row_more_sep_row33_col3.csv,0.005080699920654297
row_extra_quote57_col6.csv,0.005053281784057617
row_more_sep_row19_col0.csv,0.005511760711669922
row_more_sep_row23_col6.csv,0.005561351776123047
row_less_sep_row21_col2.csv,0.0051043033599853516
row_more_sep_row66_col5.csv,0.005394935607910156
row_extra_quote5_col2.csv,0.005170583724975586
row_less_sep_row4_col2.csv,0.005089759826660156
row_less_sep_row10_col1.csv,0.005139350891113281
row_extra_quote1_col3.csv,0.0050280094146728516
row_extra_quote69_col3.csv,0.00507044792175293
row_more_sep_row38_col8.csv,0.005102872848510742
row_extra_quote32_col8.csv,0.005461692810058594
row_extra_quote58_col3.csv,0.005771160125732422
row_extra_quote79_col0.csv,0.0056149959564208984
row_extra_quote68_col2.csv,0.005296230316162109
row_more_sep_row80_col5.csv,0.005266427993774414
row_extra_quote33_col8.csv,0.0050661563873291016
row_less_sep_row37_col7.csv,0.005331277847290039
row_field_delimiter_38_0x20.csv,0.0052547454833984375
row_field_delimiter_5_0x20.csv,0.0048635005950927734
row_extra_quote32_col1.csv,0.004909992218017578
row_more_sep_row81_col2.csv,0.004930973052978516
row_more_sep_row21_col5.csv,0.0047512054443359375
row_extra_quote41_col0.csv,0.00467371940612793
row_less_sep_row30_col8.csv,0.005106687545776367
row_less_sep_row74_col3.csv,0.0047490596771240234
row_more_sep_row53_col6.csv,0.00470733642578125
row_less_sep_row9_col5.csv,0.004691123962402344
row_extra_quote34_col4.csv,0.004709005355834961
row_more_sep_row68_col5.csv,0.004622220993041992
row_extra_quote71_col6.csv,0.004930019378662109
row_extra_quote9_col6.csv,0.004773616790771484
row_more_sep_row80_col8.csv,0.0046825408935546875
row_more_sep_row4_col6.csv,0.004912853240966797
row_extra_quote61_col3.csv,0.0047757625579833984
row_less_sep_row4_col4.csv,0.004778146743774414
row_more_sep_row67_col8.csv,0.004976987838745117
row_more_sep_row61_col8.csv,0.00499725341796875
row_more_sep_row47_col2.csv,0.004845142364501953
row_field_delimiter_21_0x20.csv,0.004662513732910156
row_extra_quote28_col7.csv,0.004433393478393555
row_less_sep_row36_col4.csv,0.00580596923828125
row_extra_quote36_col7.csv,0.005131959915161133
row_more_sep_row82_col8.csv,0.005110502243041992
row_more_sep_row9_col7.csv,0.005011081695556641
row_extra_quote7_col5.csv,0.005208492279052734
row_more_sep_row31_col3.csv,0.005262136459350586
row_less_sep_row28_col8.csv,0.005215167999267578
row_less_sep_row65_col2.csv,0.005531787872314453
row_more_sep_row34_col4.csv,0.005002737045288086
row_less_sep_row23_col4.csv,0.004987239837646484
row_more_sep_row66_col0.csv,0.004893064498901367
row_less_sep_row15_col7.csv,0.004452943801879883
row_less_sep_row18_col5.csv,0.005036354064941406
row_field_delimiter_55_0x20.csv,0.005044698715209961
row_less_sep_row56_col6.csv,0.005201578140258789
row_field_delimiter_22_0x20.csv,0.006230592727661133
row_less_sep_row36_col3.csv,0.00501561164855957
row_less_sep_row3_col5.csv,0.005579471588134766
row_more_sep_row10_col7.csv,0.0051648616790771484
row_extra_quote63_col8.csv,0.0049021244049072266
row_less_sep_row82_col5.csv,0.004947185516357422
row_less_sep_row19_col4.csv,0.0048427581787109375
row_more_sep_row79_col5.csv,0.005388021469116211
row_extra_quote79_col8.csv,0.005829572677612305
row_less_sep_row49_col7.csv,0.007384777069091797
row_extra_quote30_col3.csv,0.00799250602722168
row_less_sep_row5_col1.csv,0.007647991180419922
row_less_sep_row76_col1.csv,0.007930517196655273
row_more_sep_row80_col7.csv,0.007096052169799805
row_less_sep_row75_col6.csv,0.0074117183685302734
row_more_sep_row64_col5.csv,0.007090091705322266
row_extra_quote23_col5.csv,0.007404327392578125
row_more_sep_row11_col0.csv,0.007264375686645508
row_more_sep_row30_col7.csv,0.007337093353271484
row_less_sep_row82_col8.csv,0.0071146488189697266
row_less_sep_row33_col2.csv,0.005973100662231445
row_extra_quote46_col5.csv,0.004702329635620117
row_field_delimiter_44_0x20.csv,0.004828929901123047
row_less_sep_row69_col1.csv,0.0048983097076416016
row_extra_quote4_col3.csv,0.0048847198486328125
row_more_sep_row69_col2.csv,0.004893302917480469
row_more_sep_row45_col8.csv,0.0050547122955322266
row_field_delimiter_1_0x20.csv,0.0053288936614990234
row_more_sep_row50_col5.csv,0.004925966262817383
row_less_sep_row16_col3.csv,0.004921436309814453
row_more_sep_row28_col1.csv,0.004947185516357422
row_more_sep_row82_col0.csv,0.00493168830871582
row_less_sep_row22_col5.csv,0.005214214324951172
row_less_sep_row51_col5.csv,0.005446434020996094
row_extra_quote83_col7.csv,0.00539088249206543
row_extra_quote41_col7.csv,0.004869222640991211
row_more_sep_row62_col3.csv,0.0049974918365478516
row_more_sep_row73_col6.csv,0.004948854446411133
row_more_sep_row71_col4.csv,0.005033254623413086
row_less_sep_row20_col3.csv,0.005383729934692383
row_less_sep_row70_col7.csv,0.004749774932861328
row_less_sep_row78_col6.csv,0.004914283752441406
row_less_sep_row18_col7.csv,0.0048482418060302734
row_extra_quote55_col0.csv,0.005217552185058594
row_extra_quote71_col5.csv,0.005022764205932617
row_less_sep_row35_col4.csv,0.004976749420166016
row_extra_quote19_col5.csv,0.004950284957885742
row_extra_quote41_col4.csv,0.0049474239349365234
row_more_sep_row58_col8.csv,0.004865884780883789
row_more_sep_row46_col4.csv,0.00507664680480957
row_more_sep_row13_col3.csv,0.004966259002685547
row_extra_quote78_col1.csv,0.004930257797241211
row_extra_quote57_col7.csv,0.005062580108642578
row_extra_quote59_col3.csv,0.004957675933837891
row_more_sep_row29_col2.csv,0.004888772964477539
row_more_sep_row57_col8.csv,0.005177736282348633
row_more_sep_row80_col6.csv,0.005015373229980469
row_more_sep_row52_col6.csv,0.005132198333740234
row_extra_quote80_col0.csv,0.004796028137207031
row_extra_quote66_col3.csv,0.005223751068115234
row_more_sep_row83_col8.csv,0.0048105716705322266
row_less_sep_row37_col2.csv,0.004912376403808594
row_less_sep_row78_col8.csv,0.004902362823486328
row_more_sep_row26_col4.csv,0.004819393157958984
row_extra_quote67_col2.csv,0.004830360412597656
row_less_sep_row69_col6.csv,0.005361795425415039
row_extra_quote3_col4.csv,0.004914760589599609
row_more_sep_row74_col1.csv,0.005040407180786133
row_extra_quote47_col4.csv,0.004987239837646484
row_extra_quote53_col3.csv,0.004981040954589844
row_extra_quote79_col1.csv,0.004983663558959961
row_more_sep_row53_col5.csv,0.0050601959228515625
row_less_sep_row79_col7.csv,0.004940986633300781
row_extra_quote1_col6.csv,0.0050411224365234375
row_less_sep_row62_col8.csv,0.0050678253173828125
row_more_sep_row25_col6.csv,0.005060672760009766
row_extra_quote56_col3.csv,0.004823923110961914
row_extra_quote32_col2.csv,0.0049495697021484375
row_more_sep_row25_col5.csv,0.004891633987426758
row_more_sep_row6_col0.csv,0.0047016143798828125
row_extra_quote62_col7.csv,0.0049359798431396484
row_more_sep_row38_col0.csv,0.004777431488037109
row_less_sep_row71_col2.csv,0.004533052444458008
row_more_sep_row28_col6.csv,0.004892110824584961
row_extra_quote58_col2.csv,0.00499725341796875
row_extra_quote11_col4.csv,0.004660606384277344
row_extra_quote11_col2.csv,0.004742860794067383
row_more_sep_row25_col7.csv,0.004767179489135742
row_extra_quote30_col7.csv,0.004507541656494141
row_less_sep_row13_col2.csv,0.0051174163818359375
row_field_delimiter_31_0x20.csv,0.004885196685791016
row_field_delimiter_4_0x20.csv,0.004746198654174805
row_more_sep_row18_col8.csv,0.00499725341796875
row_more_sep_row48_col0.csv,0.004731416702270508
row_more_sep_row2_col3.csv,0.004883766174316406
row_less_sep_row51_col4.csv,0.004835367202758789
row_less_sep_row24_col8.csv,0.004723787307739258
row_more_sep_row7_col7.csv,0.0046710968017578125
row_more_sep_row37_col4.csv,0.005206108093261719
row_more_sep_row67_col7.csv,0.004736661911010742
row_less_sep_row30_col5.csv,0.004740476608276367
row_less_sep_row80_col6.csv,0.004846811294555664
row_extra_quote37_col5.csv,0.004620075225830078
row_more_sep_row15_col2.csv,0.004747152328491211
row_more_sep_row5_col5.csv,0.0047414302825927734
row_more_sep_row15_col0.csv,0.005113124847412109
row_more_sep_row63_col4.csv,0.004782676696777344
row_more_sep_row83_col2.csv,0.004725933074951172
row_extra_quote47_col5.csv,0.005928754806518555
row_less_sep_row11_col6.csv,0.004922151565551758
row_more_sep_row14_col7.csv,0.004965066909790039
row_less_sep_row60_col1.csv,0.005022287368774414
row_extra_quote64_col8.csv,0.004749298095703125
row_less_sep_row77_col1.csv,0.004794120788574219
row_extra_quote23_col1.csv,0.004871845245361328
row_extra_quote70_col3.csv,0.004897117614746094
row_more_sep_row50_col4.csv,0.004931926727294922
row_less_sep_row2_col4.csv,0.005015134811401367
row_more_sep_row44_col3.csv,0.004803180694580078
row_less_sep_row76_col6.csv,0.0048351287841796875
row_less_sep_row38_col3.csv,0.004894733428955078
row_extra_quote83_col4.csv,0.004799604415893555
row_less_sep_row82_col1.csv,0.004981517791748047
row_more_sep_row47_col7.csv,0.005002021789550781
row_extra_quote63_col4.csv,0.00481724739074707
row_more_sep_row4_col3.csv,0.004910707473754883
row_more_sep_row53_col3.csv,0.004944801330566406
row_extra_quote59_col5.csv,0.004821062088012695
row_more_sep_row23_col4.csv,0.004838705062866211
row_less_sep_row78_col3.csv,0.005410909652709961
row_extra_quote42_col0.csv,0.0048329830169677734
row_field_delimiter_73_0x20.csv,0.004976511001586914
row_more_sep_row5_col8.csv,0.004886150360107422
row_extra_quote1_col4.csv,0.004808902740478516
row_less_sep_row15_col2.csv,0.004887580871582031
row_more_sep_row74_col0.csv,0.004881143569946289
row_less_sep_row1_col1.csv,0.0048732757568359375
row_field_delimiter_23_0x20.csv,0.004842996597290039
row_extra_quote28_col0.csv,0.004864931106567383
row_more_sep_row39_col0.csv,0.004839420318603516
row_more_sep_row56_col0.csv,0.005129575729370117
row_more_sep_row60_col8.csv,0.004901409149169922
row_more_sep_row9_col5.csv,0.004790544509887695
row_less_sep_row30_col1.csv,0.004794597625732422
row_more_sep_row79_col8.csv,0.00495600700378418
row_less_sep_row25_col8.csv,0.004920244216918945
row_extra_quote77_col7.csv,0.004790067672729492
row_more_sep_row37_col3.csv,0.005587100982666016
row_less_sep_row16_col7.csv,0.004357337951660156
row_less_sep_row9_col3.csv,0.004793405532836914
row_less_sep_row39_col8.csv,0.004830837249755859
row_extra_quote25_col3.csv,0.00480341911315918
row_more_sep_row55_col6.csv,0.004926443099975586
row_more_sep_row25_col4.csv,0.004920482635498047
row_extra_quote0_col5.csv,0.004792451858520508
row_more_sep_row31_col6.csv,0.004672527313232422
row_more_sep_row77_col4.csv,0.005443096160888672
row_field_delimiter_3_0x20.csv,0.004827022552490234
row_more_sep_row6_col5.csv,0.0047528743743896484
row_extra_quote10_col6.csv,0.004896879196166992
row_more_sep_row18_col4.csv,0.004782438278198242
row_more_sep_row66_col4.csv,0.004811286926269531
row_extra_quote26_col2.csv,0.004865407943725586
row_more_sep_row58_col0.csv,0.004778146743774414
row_less_sep_row56_col8.csv,0.004899024963378906
row_less_sep_row48_col6.csv,0.005062580108642578
row_less_sep_row31_col4.csv,0.004796743392944336
row_extra_quote19_col0.csv,0.0047910213470458984
row_extra_quote7_col8.csv,0.0048427581787109375
row_less_sep_row29_col7.csv,0.004804372787475586
row_extra_quote66_col0.csv,0.004797458648681641
row_extra_quote48_col3.csv,0.004848957061767578
row_more_sep_row18_col6.csv,0.00471949577331543
row_more_sep_row50_col7.csv,0.0048122406005859375
row_extra_quote13_col8.csv,0.004863739013671875
row_less_sep_row15_col4.csv,0.004792928695678711
row_less_sep_row67_col7.csv,0.004879951477050781
row_extra_quote2_col2.csv,0.0048618316650390625
row_extra_quote44_col6.csv,0.005196094512939453
row_extra_quote42_col4.csv,0.004908084869384766
row_extra_quote11_col7.csv,0.004414558410644531
row_more_sep_row48_col4.csv,0.004907369613647461
row_extra_quote66_col6.csv,0.004771232604980469
row_more_sep_row78_col4.csv,0.005068778991699219
row_more_sep_row12_col0.csv,0.004831075668334961
row_extra_quote0_col3.csv,0.0048046112060546875
row_extra_quote64_col1.csv,0.005167961120605469
row_less_sep_row62_col7.csv,0.004873991012573242
row_extra_quote62_col1.csv,0.004857778549194336
row_less_sep_row73_col8.csv,0.00507354736328125
row_extra_quote44_col5.csv,0.0048007965087890625
row_less_sep_row42_col7.csv,0.004893302917480469
row_extra_quote64_col5.csv,0.0055010318756103516
row_extra_quote31_col2.csv,0.007188320159912109
row_less_sep_row10_col3.csv,0.005743741989135742
row_extra_quote27_col4.csv,0.007222414016723633
row_extra_quote54_col4.csv,0.007055759429931641
file_header_multirow_2.csv,0.005203723907470703
row_field_delimiter_82_0x20.csv,0.005000114440917969
row_less_sep_row83_col1.csv,0.0053043365478515625
row_extra_quote50_col0.csv,0.005113124847412109
row_more_sep_row77_col7.csv,0.004971981048583984
row_more_sep_row8_col1.csv,0.0052700042724609375
row_more_sep_row54_col1.csv,0.005063533782958984
row_more_sep_row29_col6.csv,0.005167484283447266
row_more_sep_row24_col1.csv,0.005614519119262695
row_field_delimiter_48_0x20.csv,0.005404949188232422
row_less_sep_row65_col3.csv,0.0051877498626708984
row_more_sep_row83_col7.csv,0.005312204360961914
row_less_sep_row7_col8.csv,0.005177021026611328
row_less_sep_row10_col8.csv,0.005045175552368164
row_extra_quote7_col0.csv,0.005994319915771484
row_more_sep_row15_col1.csv,0.00496220588684082
row_extra_quote16_col7.csv,0.004539012908935547
row_extra_quote52_col7.csv,0.0047833919525146484
row_extra_quote13_col5.csv,0.004883766174316406
row_less_sep_row60_col5.csv,0.004848480224609375
row_more_sep_row42_col0.csv,0.005040168762207031
row_field_delimiter_78_0x20.csv,0.0049495697021484375
row_extra_quote59_col1.csv,0.004940986633300781
row_less_sep_row58_col7.csv,0.005139827728271484
row_more_sep_row21_col8.csv,0.005056858062744141
row_less_sep_row20_col8.csv,0.0048825740814208984
row_more_sep_row64_col1.csv,0.005269765853881836
row_extra_quote41_col3.csv,0.004771232604980469
row_less_sep_row43_col4.csv,0.004803180694580078
row_extra_quote53_col1.csv,0.0050885677337646484
row_more_sep_row19_col4.csv,0.00512385368347168
row_more_sep_row12_col7.csv,0.005171298980712891
row_less_sep_row61_col8.csv,0.005610466003417969
row_more_sep_row2_col7.csv,0.004889011383056641
row_less_sep_row41_col4.csv,0.004958152770996094
row_less_sep_row39_col3.csv,0.005692958831787109
row_extra_quote71_col3.csv,0.004802227020263672
row_extra_quote22_col0.csv,0.004775524139404297
row_more_sep_row51_col1.csv,0.005059719085693359
row_extra_quote30_col5.csv,0.004801273345947266
row_extra_quote39_col3.csv,0.004842519760131836
row_field_delimiter_37_0x20.csv,0.005010366439819336
row_less_sep_row74_col1.csv,0.0048100948333740234
row_extra_quote31_col7.csv,0.0045013427734375
row_field_delimiter_70_0x20.csv,0.0048007965087890625
row_more_sep_row44_col2.csv,0.004876613616943359
row_less_sep_row66_col4.csv,0.004854917526245117
row_less_sep_row71_col6.csv,0.005103111267089844
row_extra_quote20_col1.csv,0.004841804504394531
row_less_sep_row42_col5.csv,0.004703998565673828
row_extra_quote22_col7.csv,0.004725933074951172
row_more_sep_row83_col4.csv,0.004854440689086914
row_more_sep_row72_col1.csv,0.004837751388549805
row_extra_quote31_col3.csv,0.00512385368347168
row_field_delimiter_61_0x20.csv,0.004947185516357422
row_more_sep_row3_col5.csv,0.004792451858520508
row_more_sep_row63_col8.csv,0.004877328872680664
row_less_sep_row50_col5.csv,0.005014181137084961
file_preamble.csv,0.004911899566650391
row_extra_quote67_col0.csv,0.004991769790649414
row_more_sep_row5_col1.csv,0.0050046443939208984
row_less_sep_row39_col5.csv,0.004717588424682617
row_more_sep_row76_col4.csv,0.00510716438293457
row_less_sep_row21_col8.csv,0.0048503875732421875
row_more_sep_row61_col1.csv,0.004781007766723633
row_more_sep_row82_col3.csv,0.0048520565032958984
row_more_sep_row16_col3.csv,0.004914283752441406
row_less_sep_row23_col6.csv,0.004881143569946289
row_more_sep_row82_col2.csv,0.004911899566650391
row_more_sep_row1_col5.csv,0.004773378372192383
row_less_sep_row33_col7.csv,0.004815340042114258
row_more_sep_row52_col1.csv,0.004645109176635742
row_less_sep_row78_col4.csv,0.004739284515380859
row_more_sep_row32_col7.csv,0.004602193832397461
row_less_sep_row0_col1.csv,0.005891561508178711
row_more_sep_row22_col7.csv,0.006879091262817383
row_extra_quote42_col8.csv,0.006886482238769531
row_more_sep_row70_col3.csv,0.006784677505493164
row_extra_quote29_col7.csv,0.0061724185943603516
row_extra_quote74_col8.csv,0.007026195526123047
row_less_sep_row65_col8.csv,0.006925106048583984
row_more_sep_row49_col1.csv,0.006905555725097656
row_less_sep_row42_col6.csv,0.006791591644287109
row_more_sep_row72_col2.csv,0.0069408416748046875
row_less_sep_row81_col7.csv,0.006790637969970703
row_extra_quote54_col8.csv,0.006770133972167969
row_less_sep_row70_col1.csv,0.006667137145996094
row_extra_quote60_col4.csv,0.006432771682739258
row_more_sep_row65_col2.csv,0.005055427551269531
row_less_sep_row52_col1.csv,0.004939079284667969
row_extra_quote4_col5.csv,0.004774808883666992
row_less_sep_row50_col4.csv,0.004799365997314453
row_field_delimiter_6_0x20.csv,0.004803180694580078
row_more_sep_row79_col6.csv,0.004792928695678711
row_less_sep_row53_col8.csv,0.004769325256347656
row_extra_quote24_col7.csv,0.005483150482177734
row_less_sep_row40_col4.csv,0.004996061325073242
row_less_sep_row43_col8.csv,0.00510859489440918
row_more_sep_row56_col2.csv,0.005184173583984375
row_less_sep_row74_col2.csv,0.005044698715209961
row_extra_quote25_col4.csv,0.005030632019042969
row_less_sep_row71_col7.csv,0.004879474639892578
row_more_sep_row65_col5.csv,0.0049397945404052734
row_extra_quote8_col3.csv,0.005144834518432617
row_more_sep_row22_col5.csv,0.004863262176513672
row_extra_quote44_col1.csv,0.005122661590576172
row_extra_quote72_col6.csv,0.004953145980834961
row_extra_quote65_col5.csv,0.005042314529418945
row_more_sep_row26_col3.csv,0.005483150482177734
row_extra_quote12_col7.csv,0.004384040832519531
row_less_sep_row77_col7.csv,0.004765033721923828
row_less_sep_row61_col3.csv,0.004793405532836914
row_more_sep_row55_col2.csv,0.004816770553588867
row_more_sep_row37_col2.csv,0.0051517486572265625
file_record_delimiter_0xA.csv,0.004713296890258789
row_more_sep_row21_col0.csv,0.005110263824462891
row_less_sep_row79_col1.csv,0.0046846866607666016
row_more_sep_row67_col4.csv,0.0048329830169677734
row_less_sep_row60_col8.csv,0.004911899566650391
row_more_sep_row65_col8.csv,0.004823207855224609
row_extra_quote50_col4.csv,0.005391359329223633
row_less_sep_row58_col4.csv,0.005190372467041016
row_more_sep_row1_col4.csv,0.004872322082519531
row_extra_quote61_col2.csv,0.004889965057373047
row_more_sep_row36_col4.csv,0.0056018829345703125
row_less_sep_row73_col7.csv,0.00485992431640625
row_more_sep_row28_col2.csv,0.005220174789428711
row_more_sep_row72_col6.csv,0.005307674407958984
row_extra_quote2_col7.csv,0.004828214645385742
row_extra_quote47_col1.csv,0.005445003509521484
row_less_sep_row7_col6.csv,0.005360126495361328
row_more_sep_row31_col1.csv,0.0051212310791015625
row_extra_quote8_col0.csv,0.005382537841796875
row_extra_quote81_col3.csv,0.005285501480102539
row_more_sep_row59_col8.csv,0.005148172378540039
row_more_sep_row58_col4.csv,0.005351066589355469
row_extra_quote36_col8.csv,0.005072832107543945
row_less_sep_row1_col5.csv,0.0058956146240234375
row_less_sep_row31_col8.csv,0.005031108856201172
row_less_sep_row32_col4.csv,0.0048770904541015625
row_less_sep_row42_col8.csv,0.005035877227783203
row_extra_quote31_col1.csv,0.004988431930541992
row_extra_quote62_col8.csv,0.004777431488037109
row_more_sep_row32_col0.csv,0.00501561164855957
row_less_sep_row4_col3.csv,0.00494694709777832
row_less_sep_row17_col4.csv,0.0047991275787353516
row_extra_quote0_col4.csv,0.004786968231201172
row_extra_quote55_col1.csv,0.004838705062866211
row_more_sep_row11_col2.csv,0.004807949066162109
row_extra_quote60_col5.csv,0.005362272262573242
row_more_sep_row8_col6.csv,0.005012035369873047
row_field_delimiter_28_0x20.csv,0.0048482418060302734
row_extra_quote79_col3.csv,0.004796028137207031
row_less_sep_row44_col3.csv,0.004787445068359375
row_less_sep_row48_col4.csv,0.004763603210449219
row_more_sep_row65_col3.csv,0.0046689510345458984
row_more_sep_row78_col6.csv,0.0049593448638916016
row_more_sep_row16_col8.csv,0.004803895950317383
row_more_sep_row41_col0.csv,0.00495600700378418
row_extra_quote39_col5.csv,0.005016803741455078
row_extra_quote55_col4.csv,0.004891872406005859
row_less_sep_row81_col4.csv,0.0047681331634521484
row_less_sep_row42_col2.csv,0.005244731903076172
row_extra_quote55_col7.csv,0.004654645919799805
row_less_sep_row51_col3.csv,0.004843711853027344
row_more_sep_row71_col2.csv,0.005449771881103516
row_less_sep_row11_col2.csv,0.005100727081298828
row_more_sep_row50_col1.csv,0.005221366882324219
row_more_sep_row51_col5.csv,0.007880687713623047
row_more_sep_row8_col8.csv,0.007720232009887695
row_more_sep_row18_col3.csv,0.005178213119506836
row_extra_quote17_col0.csv,0.005059003829956055
row_extra_quote45_col0.csv,0.005116939544677734
row_extra_quote19_col4.csv,0.0049591064453125
row_less_sep_row46_col4.csv,0.004948854446411133
row_more_sep_row65_col1.csv,0.004973411560058594
row_less_sep_row76_col3.csv,0.004977226257324219
row_less_sep_row75_col7.csv,0.004831790924072266
row_extra_quote33_col2.csv,0.005054473876953125
row_extra_quote24_col2.csv,0.004972696304321289
row_less_sep_row69_col3.csv,0.0049114227294921875
row_extra_quote69_col0.csv,0.005419015884399414
row_extra_quote68_col5.csv,0.005080461502075195
row_less_sep_row36_col8.csv,0.004887104034423828
row_extra_quote51_col7.csv,0.004990816116333008
row_less_sep_row48_col2.csv,0.004877567291259766
row_more_sep_row34_col2.csv,0.004754781723022461
row_extra_quote82_col7.csv,0.0049591064453125
row_more_sep_row57_col6.csv,0.00481724739074707
row_more_sep_row52_col0.csv,0.00475001335144043
row_extra_quote69_col5.csv,0.004750728607177734
row_less_sep_row10_col7.csv,0.0048863887786865234
row_less_sep_row34_col3.csv,0.004797220230102539
row_extra_quote72_col3.csv,0.004729270935058594
row_extra_quote72_col4.csv,0.005400419235229492
row_more_sep_row8_col7.csv,0.0047299861907958984
row_less_sep_row52_col4.csv,0.004808902740478516
row_more_sep_row6_col4.csv,0.004889011383056641
row_less_sep_row56_col4.csv,0.004799365997314453
row_more_sep_row55_col1.csv,0.004741668701171875
row_more_sep_row36_col8.csv,0.004709482192993164
row_more_sep_row63_col2.csv,0.005072593688964844
row_extra_quote53_col2.csv,0.004643440246582031
row_extra_quote32_col5.csv,0.004799365997314453
row_extra_quote75_col5.csv,0.004736900329589844
row_more_sep_row55_col4.csv,0.004893779754638672
row_more_sep_row2_col0.csv,0.004801034927368164
row_more_sep_row32_col5.csv,0.004929542541503906
row_less_sep_row45_col7.csv,0.0044858455657958984
row_extra_quote10_col7.csv,0.004610776901245117
row_extra_quote27_col3.csv,0.005016326904296875
row_extra_quote66_col7.csv,0.004613161087036133
row_extra_quote51_col0.csv,0.00589442253112793
row_more_sep_row13_col1.csv,0.0047724246978759766
row_more_sep_row71_col8.csv,0.004846811294555664
row_less_sep_row16_col5.csv,0.004929542541503906
row_more_sep_row9_col6.csv,0.004580497741699219
row_extra_quote66_col5.csv,0.004767179489135742
row_extra_quote63_col3.csv,0.004899024963378906
row_less_sep_row3_col7.csv,0.0047817230224609375
row_extra_quote54_col2.csv,0.004766225814819336
row_more_sep_row6_col1.csv,0.004859209060668945
row_extra_quote27_col0.csv,0.004943132400512695
row_more_sep_row16_col5.csv,0.004765987396240234
row_extra_quote42_col7.csv,0.0047228336334228516
row_less_sep_row31_col6.csv,0.0046727657318115234
row_less_sep_row73_col1.csv,0.004746675491333008
row_extra_quote18_col7.csv,0.004648447036743164
row_more_sep_row31_col2.csv,0.005070924758911133
row_extra_quote74_col5.csv,0.004805803298950195
row_less_sep_row0_col3.csv,0.004915714263916016
row_extra_quote35_col4.csv,0.004820346832275391
row_less_sep_row25_col3.csv,0.004876375198364258
row_extra_quote74_col2.csv,0.004848957061767578
row_extra_quote9_col5.csv,0.0064601898193359375
row_extra_quote21_col0.csv,0.00702214241027832
row_field_delimiter_27_0x20.csv,0.00561213493347168
row_more_sep_row25_col1.csv,0.00501251220703125
row_more_sep_row53_col8.csv,0.005271434783935547
row_less_sep_row12_col5.csv,0.0053942203521728516
row_less_sep_row69_col2.csv,0.004965066909790039
row_extra_quote7_col4.csv,0.004899024963378906
row_less_sep_row53_col3.csv,0.004938840866088867
row_field_delimiter_45_0x20.csv,0.005043506622314453
row_extra_quote17_col4.csv,0.004973649978637695
row_less_sep_row12_col2.csv,0.005095720291137695
row_extra_quote39_col4.csv,0.004951000213623047
row_extra_quote0_col8.csv,0.004900932312011719
row_less_sep_row25_col6.csv,0.0051233768463134766
row_more_sep_row26_col0.csv,0.0049285888671875
row_extra_quote28_col2.csv,0.005026817321777344
row_more_sep_row36_col3.csv,0.005188941955566406
row_more_sep_row38_col6.csv,0.005166769027709961
row_extra_quote64_col3.csv,0.005286216735839844
row_extra_quote12_col4.csv,0.005150556564331055
row_less_sep_row6_col3.csv,0.005225419998168945
row_more_sep_row17_col4.csv,0.005717754364013672
row_less_sep_row54_col5.csv,0.005212545394897461
row_less_sep_row32_col1.csv,0.00554966926574707
row_extra_quote24_col1.csv,0.005524873733520508
row_field_delimiter_64_0x20.csv,0.005090236663818359
row_less_sep_row41_col2.csv,0.004992008209228516
row_extra_quote7_col6.csv,0.00532984733581543
row_extra_quote62_col4.csv,0.0051419734954833984
row_extra_quote34_col3.csv,0.005445957183837891
row_more_sep_row39_col1.csv,0.005136966705322266
row_extra_quote34_col6.csv,0.005110025405883789
row_extra_quote42_col6.csv,0.00581669807434082
row_extra_quote40_col6.csv,0.005048513412475586
row_extra_quote53_col6.csv,0.005039215087890625
row_less_sep_row59_col3.csv,0.0055084228515625
row_more_sep_row4_col2.csv,0.0051686763763427734
row_extra_quote81_col0.csv,0.005219459533691406
row_extra_quote15_col4.csv,0.005629301071166992
row_less_sep_row23_col8.csv,0.004895210266113281
row_field_delimiter_59_0x20.csv,0.004860639572143555
row_more_sep_row78_col5.csv,0.004994630813598633
row_more_sep_row63_col3.csv,0.005005598068237305
row_less_sep_row68_col7.csv,0.005075931549072266
row_less_sep_row66_col2.csv,0.005374908447265625
row_less_sep_row4_col1.csv,0.00503993034362793
row_less_sep_row72_col4.csv,0.005372285842895508
row_extra_quote21_col5.csv,0.005248546600341797
row_more_sep_row29_col8.csv,0.004977703094482422
row_less_sep_row57_col6.csv,0.005592823028564453
row_extra_quote49_col7.csv,0.004904508590698242
row_more_sep_row0_col3.csv,0.0050504207611083984
row_more_sep_row7_col6.csv,0.005002498626708984
row_extra_quote58_col8.csv,0.00498509407043457
row_extra_quote80_col2.csv,0.0048258304595947266
row_extra_quote63_col5.csv,0.0052831172943115234
file_field_delimiter_0x2C_0x20.csv,0.0013127326965332031
row_extra_quote81_col7.csv,0.0048825740814208984
row_more_sep_row75_col4.csv,0.005009174346923828
row_less_sep_row23_col7.csv,0.004584789276123047
row_extra_quote46_col7.csv,0.0048084259033203125
row_extra_quote19_col7.csv,0.004630327224731445
row_less_sep_row83_col4.csv,0.005273342132568359
row_more_sep_row71_col7.csv,0.005019664764404297
row_more_sep_row52_col7.csv,0.004966259002685547
row_less_sep_row60_col7.csv,0.005036830902099609
row_more_sep_row57_col5.csv,0.0051381587982177734
row_less_sep_row11_col3.csv,0.005045175552368164
row_less_sep_row18_col4.csv,0.005333423614501953
row_more_sep_row40_col6.csv,0.004874706268310547
row_extra_quote44_col8.csv,0.0049686431884765625
row_extra_quote76_col2.csv,0.0048596858978271484
row_more_sep_row78_col1.csv,0.005131244659423828
row_more_sep_row9_col1.csv,0.005614519119262695
row_field_delimiter_76_0x20.csv,0.00622868537902832
row_extra_quote19_col6.csv,0.006392717361450195
row_more_sep_row21_col2.csv,0.005364656448364258
row_more_sep_row40_col7.csv,0.005247592926025391
row_more_sep_row76_col0.csv,0.0056040287017822266
row_extra_quote75_col3.csv,0.00533294677734375
row_extra_quote29_col2.csv,0.005056858062744141
row_more_sep_row30_col5.csv,0.00494384765625
row_extra_quote54_col1.csv,0.004914999008178711
row_extra_quote45_col3.csv,0.0047626495361328125
row_more_sep_row83_col3.csv,0.005165815353393555
row_more_sep_row11_col6.csv,0.004769086837768555
row_less_sep_row35_col6.csv,0.004828214645385742
row_extra_quote43_col7.csv,0.004557132720947266
row_more_sep_row9_col8.csv,0.004789590835571289
row_less_sep_row6_col8.csv,0.0047037601470947266
row_less_sep_row7_col1.csv,0.0047147274017333984
row_more_sep_row52_col2.csv,0.004916191101074219
row_extra_quote45_col6.csv,0.004648923873901367
row_less_sep_row21_col1.csv,0.004896879196166992
row_more_sep_row70_col7.csv,0.004841327667236328
row_extra_quote53_col4.csv,0.004743337631225586
row_more_sep_row40_col0.csv,0.004675865173339844
row_less_sep_row35_col3.csv,0.0067882537841796875
row_extra_quote5_col5.csv,0.0069217681884765625
row_less_sep_row80_col2.csv,0.0068624019622802734
row_less_sep_row2_col8.csv,0.0067746639251708984
row_more_sep_row62_col5.csv,0.0060291290283203125
row_more_sep_row78_col7.csv,0.004934549331665039
row_extra_quote0_col6.csv,0.004291534423828125
row_less_sep_row17_col2.csv,0.004862546920776367
row_more_sep_row7_col5.csv,0.004796504974365234
row_less_sep_row6_col1.csv,0.004830598831176758
row_extra_quote21_col1.csv,0.005389690399169922
row_less_sep_row54_col6.csv,0.004832267761230469
row_less_sep_row72_col8.csv,0.004873991012573242
row_extra_quote78_col8.csv,0.0049059391021728516
row_more_sep_row67_col6.csv,0.0048558712005615234
row_more_sep_row56_col3.csv,0.00485682487487793
row_less_sep_row40_col5.csv,0.0049250125885009766
row_less_sep_row78_col2.csv,0.004720926284790039
row_more_sep_row10_col8.csv,0.004780769348144531
row_more_sep_row19_col7.csv,0.005724906921386719
row_less_sep_row54_col8.csv,0.0047376155853271484
row_less_sep_row69_col5.csv,0.0046710968017578125
row_extra_quote83_col1.csv,0.0049626827239990234
row_less_sep_row78_col5.csv,0.004733562469482422
row_less_sep_row59_col6.csv,0.004968881607055664
row_less_sep_row45_col2.csv,0.0046961307525634766
row_extra_quote50_col1.csv,0.004887819290161133
row_less_sep_row22_col1.csv,0.0048618316650390625
row_less_sep_row52_col6.csv,0.005240678787231445
row_more_sep_row56_col1.csv,0.004850864410400391
row_more_sep_row14_col5.csv,0.004729032516479492
row_extra_quote47_col2.csv,0.004759788513183594
row_extra_quote16_col0.csv,0.005028486251831055
row_extra_quote42_col2.csv,0.004809379577636719
row_extra_quote29_col8.csv,0.005193471908569336
row_extra_quote45_col7.csv,0.004540205001831055
row_less_sep_row24_col4.csv,0.0047893524169921875
row_less_sep_row70_col2.csv,0.004734992980957031
row_extra_quote54_col6.csv,0.004925251007080078
row_extra_quote82_col4.csv,0.005002021789550781
row_extra_quote12_col0.csv,0.005279064178466797
row_extra_quote61_col8.csv,0.00526118278503418
row_field_delimiter_18_0x20.csv,0.00500035285949707
row_less_sep_row36_col7.csv,0.005244255065917969
row_more_sep_row35_col8.csv,0.005037546157836914
row_extra_quote68_col0.csv,0.005328178405761719
row_less_sep_row59_col5.csv,0.00517725944519043
row_more_sep_row43_col8.csv,0.0052852630615234375
row_less_sep_row54_col4.csv,0.00510096549987793
row_less_sep_row13_col6.csv,0.005339145660400391
row_more_sep_row70_col6.csv,0.005099296569824219
row_more_sep_row38_col7.csv,0.004930019378662109
row_extra_quote41_col8.csv,0.00529932975769043
row_less_sep_row46_col6.csv,0.005064725875854492
row_extra_quote69_col1.csv,0.005013465881347656
row_more_sep_row81_col5.csv,0.0052182674407958984
row_field_delimiter_54_0x20.csv,0.005234241485595703
row_more_sep_row8_col3.csv,0.004988670349121094
row_more_sep_row17_col8.csv,0.0051271915435791016
row_more_sep_row59_col1.csv,0.005101203918457031
row_extra_quote75_col4.csv,0.00503849983215332
row_less_sep_row58_col3.csv,0.005342960357666016
row_less_sep_row33_col4.csv,0.005031108856201172
row_more_sep_row75_col7.csv,0.005128383636474609
row_extra_quote60_col0.csv,0.005064964294433594
row_more_sep_row49_col8.csv,0.0048944950103759766
row_extra_quote66_col4.csv,0.004765987396240234
row_extra_quote49_col1.csv,0.004615306854248047
row_less_sep_row14_col7.csv,0.004666805267333984
row_more_sep_row81_col4.csv,0.004826545715332031
row_more_sep_row26_col8.csv,0.004833698272705078
row_more_sep_row4_col8.csv,0.004802703857421875
row_more_sep_row15_col7.csv,0.0046694278717041016
row_less_sep_row31_col3.csv,0.004881143569946289
row_more_sep_row16_col1.csv,0.004590511322021484
row_more_sep_row81_col3.csv,0.0047380924224853516
row_extra_quote70_col2.csv,0.00499725341796875
row_extra_quote23_col4.csv,0.004820108413696289
row_extra_quote5_col1.csv,0.005041837692260742
row_less_sep_row12_col7.csv,0.004996776580810547
row_less_sep_row62_col3.csv,0.004845619201660156
row_less_sep_row50_col7.csv,0.004742145538330078
row_less_sep_row50_col8.csv,0.005001068115234375
row_less_sep_row6_col7.csv,0.0046770572662353516
row_extra_quote77_col1.csv,0.004713773727416992
row_extra_quote42_col5.csv,0.004617929458618164
row_more_sep_row24_col3.csv,0.004743337631225586
row_extra_quote13_col2.csv,0.004885673522949219
row_extra_quote77_col8.csv,0.004781484603881836
row_extra_quote37_col3.csv,0.004772186279296875
row_more_sep_row20_col3.csv,0.004667758941650391
row_extra_quote65_col3.csv,0.00489354133605957
row_extra_quote78_col2.csv,0.004673957824707031
row_less_sep_row16_col2.csv,0.004778623580932617
row_extra_quote4_col6.csv,0.004202842712402344
row_more_sep_row40_col1.csv,0.004842042922973633
row_less_sep_row21_col3.csv,0.00472569465637207
row_extra_quote6_col7.csv,0.004256486892700195
row_extra_quote16_col1.csv,0.0047113895416259766
row_extra_quote32_col3.csv,0.004804849624633789
row_extra_quote16_col5.csv,0.0048465728759765625
row_less_sep_row82_col7.csv,0.005062580108642578
row_less_sep_row10_col2.csv,0.004699230194091797
row_more_sep_row69_col6.csv,0.005005359649658203
row_more_sep_row59_col3.csv,0.004708766937255859
row_extra_quote27_col1.csv,0.00484156608581543
row_more_sep_row34_col0.csv,0.004636049270629883
row_extra_quote73_col6.csv,0.005195140838623047
row_more_sep_row77_col1.csv,0.0047914981842041016
row_extra_quote22_col3.csv,0.004714012145996094
row_less_sep_row35_col1.csv,0.004924297332763672
row_extra_quote83_col5.csv,0.004760026931762695
row_more_sep_row12_col4.csv,0.004904270172119141
row_more_sep_row67_col1.csv,0.004991292953491211
row_more_sep_row42_col2.csv,0.005012035369873047
row_extra_quote28_col5.csv,0.004743814468383789
row_extra_quote56_col1.csv,0.004854440689086914
row_less_sep_row17_col7.csv,0.004851579666137695
row_extra_quote56_col7.csv,0.0046579837799072266
row_more_sep_row8_col4.csv,0.004885435104370117
row_less_sep_row68_col5.csv,0.0049800872802734375
row_more_sep_row57_col3.csv,0.004780769348144531
row_more_sep_row12_col8.csv,0.004692792892456055
row_less_sep_row20_col6.csv,0.00480341911315918
row_less_sep_row32_col7.csv,0.0045664310455322266
row_extra_quote49_col2.csv,0.005273103713989258
row_more_sep_row83_col5.csv,0.005228519439697266
row_more_sep_row37_col7.csv,0.00497746467590332
row_less_sep_row38_col4.csv,0.005365848541259766
row_extra_quote53_col0.csv,0.004931926727294922
row_more_sep_row36_col0.csv,0.004987239837646484
row_extra_quote18_col6.csv,0.00503993034362793
row_more_sep_row23_col8.csv,0.004984617233276367
row_more_sep_row22_col0.csv,0.0048694610595703125
row_more_sep_row75_col2.csv,0.004917144775390625
row_less_sep_row83_col7.csv,0.0048215389251708984
row_more_sep_row49_col0.csv,0.0047740936279296875
row_more_sep_row42_col1.csv,0.004817962646484375
row_more_sep_row18_col0.csv,0.004850149154663086
row_less_sep_row12_col4.csv,0.00476837158203125
row_more_sep_row6_col8.csv,0.004659891128540039
row_less_sep_row40_col2.csv,0.004801750183105469
row_more_sep_row40_col8.csv,0.004853010177612305
row_extra_quote71_col8.csv,0.004787921905517578
row_less_sep_row28_col7.csv,0.0049550533294677734
row_more_sep_row3_col2.csv,0.004759788513183594
row_less_sep_row26_col5.csv,0.004782438278198242
row_more_sep_row49_col6.csv,0.004695892333984375
row_less_sep_row69_col8.csv,0.0048542022705078125
row_extra_quote80_col6.csv,0.004777193069458008
row_extra_quote52_col4.csv,0.004868745803833008
row_extra_quote25_col7.csv,0.004385471343994141
row_more_sep_row62_col7.csv,0.004858732223510742
row_more_sep_row13_col0.csv,0.004971981048583984
row_less_sep_row70_col3.csv,0.005181074142456055
row_more_sep_row50_col3.csv,0.005383968353271484
row_extra_quote80_col5.csv,0.00559234619140625
row_less_sep_row1_col8.csv,0.005501270294189453
row_extra_quote54_col0.csv,0.005318641662597656
row_less_sep_row36_col2.csv,0.005707502365112305
row_less_sep_row77_col4.csv,0.0052945613861083984
row_more_sep_row41_col2.csv,0.005556821823120117
row_less_sep_row79_col3.csv,0.005220174789428711
row_less_sep_row43_col5.csv,0.005280494689941406
row_less_sep_row44_col2.csv,0.005219936370849609
row_less_sep_row34_col1.csv,0.005330324172973633
row_extra_quote78_col4.csv,0.00502467155456543
row_more_sep_row43_col3.csv,0.005015373229980469
row_extra_quote45_col5.csv,0.005136013031005859
row_more_sep_row4_col5.csv,0.004993438720703125
row_extra_quote56_col6.csv,0.0051419734954833984
row_less_sep_row82_col2.csv,0.005004405975341797
row_less_sep_row35_col5.csv,0.004837989807128906
row_less_sep_row49_col3.csv,0.005028963088989258
row_extra_quote23_col6.csv,0.004573822021484375
row_more_sep_row68_col8.csv,0.004788637161254883
row_extra_quote8_col2.csv,0.004893302917480469
row_extra_quote9_col3.csv,0.004849672317504883
row_more_sep_row78_col2.csv,0.00480961799621582
row_extra_quote47_col7.csv,0.005501985549926758
row_less_sep_row66_col1.csv,0.006826877593994141
row_extra_quote19_col8.csv,0.006603717803955078
row_extra_quote61_col1.csv,0.005261421203613281
row_extra_quote36_col1.csv,0.004893302917480469
row_more_sep_row60_col5.csv,0.00511932373046875
row_less_sep_row12_col3.csv,0.0047838687896728516
row_less_sep_row42_col4.csv,0.004784345626831055
row_more_sep_row70_col0.csv,0.0048868656158447266
row_extra_quote78_col7.csv,0.004965066909790039
row_extra_quote51_col4.csv,0.0051043033599853516
row_extra_quote5_col6.csv,0.0059356689453125
row_extra_quote68_col7.csv,0.005126476287841797
row_less_sep_row22_col2.csv,0.005099773406982422
row_more_sep_row28_col3.csv,0.005479335784912109
row_extra_quote26_col4.csv,0.005239725112915039
row_less_sep_row73_col5.csv,0.005257606506347656
row_less_sep_row14_col1.csv,0.005331754684448242
row_less_sep_row38_col2.csv,0.005105495452880859
file_field_delimiter_0x9.csv,0.004642009735107422
row_field_delimiter_24_0x20.csv,0.004951953887939453
row_extra_quote71_col2.csv,0.0047495365142822266
row_more_sep_row62_col8.csv,0.0049130916595458984
row_more_sep_row5_col4.csv,0.004883289337158203
row_less_sep_row45_col5.csv,0.0048410892486572266
row_less_sep_row70_col8.csv,0.0057103633880615234
row_more_sep_row34_col8.csv,0.006748199462890625
row_more_sep_row33_col2.csv,0.00673985481262207
row_more_sep_row49_col4.csv,0.007012844085693359
row_field_delimiter_30_0x20.csv,0.006938934326171875
row_more_sep_row74_col4.csv,0.00687098503112793
row_less_sep_row50_col2.csv,0.006930112838745117
row_less_sep_row36_col1.csv,0.006878376007080078
row_more_sep_row76_col1.csv,0.006983757019042969
row_extra_quote16_col3.csv,0.004923343658447266
row_less_sep_row28_col5.csv,0.004647016525268555
row_more_sep_row26_col5.csv,0.004798173904418945
row_extra_quote33_col1.csv,0.004710197448730469
row_more_sep_row60_col4.csv,0.004811286926269531
row_more_sep_row69_col3.csv,0.004799604415893555
row_more_sep_row41_col4.csv,0.0047206878662109375
row_less_sep_row40_col6.csv,0.004679679870605469
row_less_sep_row21_col7.csv,0.0047359466552734375
row_field_delimiter_56_0x20.csv,0.004801034927368164
row_more_sep_row79_col1.csv,0.004879474639892578
row_more_sep_row50_col0.csv,0.004761695861816406
row_more_sep_row59_col4.csv,0.004750490188598633
row_less_sep_row54_col3.csv,0.004797220230102539
row_more_sep_row35_col7.csv,0.00482487678527832
row_extra_quote16_col4.csv,0.004726409912109375
row_extra_quote71_col1.csv,0.004847049713134766
row_less_sep_row60_col2.csv,0.004746198654174805
row_more_sep_row34_col1.csv,0.004775047302246094
row_more_sep_row38_col1.csv,0.004799842834472656
row_less_sep_row57_col7.csv,0.004785299301147461
row_extra_quote66_col8.csv,0.00477290153503418
row_less_sep_row77_col6.csv,0.004891157150268555
row_extra_quote63_col0.csv,0.0048618316650390625
row_field_delimiter_33_0x20.csv,0.0048372745513916016
file_no_payload.csv,0.0004165172576904297
row_more_sep_row54_col8.csv,0.0048828125
row_extra_quote13_col0.csv,0.004810333251953125
row_extra_quote68_col6.csv,0.005751848220825195
row_extra_quote1_col2.csv,0.0049245357513427734
row_less_sep_row49_col2.csv,0.004908323287963867
row_more_sep_row51_col0.csv,0.004794120788574219
row_more_sep_row54_col3.csv,0.004976034164428711
row_extra_quote58_col1.csv,0.0048863887786865234
row_less_sep_row76_col5.csv,0.004799842834472656
row_extra_quote27_col6.csv,0.00499415397644043
row_extra_quote77_col0.csv,0.005202293395996094
row_extra_quote12_col2.csv,0.004734992980957031
row_extra_quote12_col8.csv,0.004854917526245117
row_extra_quote3_col6.csv,0.004920482635498047
row_less_sep_row30_col4.csv,0.004748106002807617
row_less_sep_row2_col3.csv,0.004933595657348633
row_more_sep_row35_col0.csv,0.0047833919525146484
row_more_sep_row62_col6.csv,0.004873514175415039
row_more_sep_row39_col7.csv,0.004774570465087891
row_more_sep_row48_col2.csv,0.0048520565032958984
row_more_sep_row25_col8.csv,0.005422115325927734
row_extra_quote34_col5.csv,0.0049114227294921875
row_less_sep_row25_col2.csv,0.004949331283569336
row_more_sep_row21_col7.csv,0.004929780960083008
row_less_sep_row81_col6.csv,0.004862785339355469
row_field_delimiter_40_0x20.csv,0.005202531814575195
row_extra_quote57_col4.csv,0.0050241947174072266
row_extra_quote50_col6.csv,0.004915714263916016
row_more_sep_row74_col3.csv,0.005120515823364258
row_extra_quote79_col6.csv,0.004781007766723633
row_less_sep_row44_col8.csv,0.0050966739654541016
row_less_sep_row56_col3.csv,0.005205631256103516
row_extra_quote60_col1.csv,0.004822492599487305
file_header_only.csv,0.00012731552124023438
file_escape_char_0x5C.csv,0.004806041717529297
row_less_sep_row27_col2.csv,0.0049266815185546875
row_less_sep_row47_col8.csv,0.004823923110961914
row_extra_quote60_col2.csv,0.004923105239868164
row_less_sep_row29_col1.csv,0.004946470260620117
row_extra_quote39_col7.csv,0.0046844482421875
row_extra_quote76_col6.csv,0.005365848541259766
row_less_sep_row28_col3.csv,0.0047206878662109375
row_more_sep_row14_col0.csv,0.005034923553466797
row_field_delimiter_58_0x20.csv,0.004650592803955078
row_more_sep_row1_col6.csv,0.004958152770996094
row_more_sep_row21_col6.csv,0.004689693450927734
row_extra_quote61_col5.csv,0.005040168762207031
row_extra_quote15_col8.csv,0.004928112030029297
row_more_sep_row12_col3.csv,0.004851102828979492
row_less_sep_row3_col8.csv,0.004855632781982422
row_less_sep_row47_col3.csv,0.0048024654388427734
row_less_sep_row83_col6.csv,0.004847526550292969
row_extra_quote77_col3.csv,0.00472569465637207
row_extra_quote31_col0.csv,0.004851341247558594
row_more_sep_row28_col8.csv,0.004796028137207031
row_more_sep_row19_col8.csv,0.0048105716705322266
row_less_sep_row30_col3.csv,0.004870891571044922
row_less_sep_row14_col3.csv,0.005023002624511719
row_more_sep_row79_col7.csv,0.0048601627349853516
row_more_sep_row70_col5.csv,0.004885673522949219
row_less_sep_row37_col3.csv,0.0048334598541259766
row_extra_quote73_col2.csv,0.004860639572143555
row_extra_quote24_col3.csv,0.004717826843261719
row_extra_quote9_col7.csv,0.0043299198150634766
row_less_sep_row61_col4.csv,0.004891395568847656
row_less_sep_row16_col6.csv,0.0046083927154541016
row_extra_quote37_col2.csv,0.004655122756958008
row_extra_quote81_col1.csv,0.004862308502197266
row_less_sep_row73_col3.csv,0.004692792892456055
row_extra_quote75_col2.csv,0.00485992431640625
row_more_sep_row63_col0.csv,0.005003452301025391
row_extra_quote12_col1.csv,0.004784107208251953
row_less_sep_row76_col4.csv,0.004746198654174805
row_more_sep_row82_col5.csv,0.004656314849853516
row_more_sep_row24_col6.csv,0.0048100948333740234
row_more_sep_row4_col1.csv,0.004801750183105469
row_more_sep_row7_col1.csv,0.005231618881225586
row_extra_quote4_col0.csv,0.00480961799621582
row_less_sep_row67_col2.csv,0.004889965057373047
row_extra_quote38_col3.csv,0.005175113677978516
row_extra_quote16_col2.csv,0.004848957061767578
row_extra_quote5_col0.csv,0.004923105239868164
row_extra_quote40_col2.csv,0.005358219146728516
row_more_sep_row54_col6.csv,0.0051822662353515625
row_extra_quote6_col2.csv,0.005198955535888672
file_multitable_more.csv,0.01677680015563965
row_less_sep_row18_col6.csv,0.005820512771606445
row_more_sep_row12_col5.csv,0.005650520324707031
row_extra_quote2_col6.csv,0.005753517150878906
row_extra_quote10_col0.csv,0.006533384323120117
row_field_delimiter_69_0x20.csv,0.00567317008972168
row_more_sep_row3_col8.csv,0.006365060806274414
row_more_sep_row38_col4.csv,0.005752086639404297
row_extra_quote28_col6.csv,0.005636453628540039
row_extra_quote38_col8.csv,0.005738019943237305
row_less_sep_row8_col6.csv,0.005406379699707031
row_extra_quote32_col7.csv,0.006214618682861328
row_less_sep_row35_col8.csv,0.006176471710205078
row_less_sep_row19_col1.csv,0.006116151809692383
row_more_sep_row16_col0.csv,0.005557060241699219
row_field_delimiter_14_0x20.csv,0.005148649215698242
row_extra_quote35_col5.csv,0.005315303802490234
row_extra_quote14_col0.csv,0.0050852298736572266
row_extra_quote59_col6.csv,0.004879951477050781
row_more_sep_row14_col6.csv,0.004976034164428711
row_extra_quote82_col6.csv,0.004989147186279297
row_less_sep_row17_col3.csv,0.0052089691162109375
row_less_sep_row31_col7.csv,0.004899740219116211
row_less_sep_row48_col5.csv,0.005026340484619141
row_more_sep_row34_col7.csv,0.004707813262939453
row_extra_quote60_col8.csv,0.004840850830078125
row_less_sep_row29_col5.csv,0.004825115203857422
row_extra_quote69_col6.csv,0.004742860794067383
row_extra_quote36_col0.csv,0.005276679992675781
row_extra_quote18_col1.csv,0.004870414733886719
row_less_sep_row1_col3.csv,0.004729509353637695
row_less_sep_row56_col1.csv,0.005837202072143555
row_more_sep_row77_col6.csv,0.004850625991821289
row_more_sep_row5_col7.csv,0.004697322845458984
row_extra_quote19_col3.csv,0.005010128021240234
row_more_sep_row4_col0.csv,0.004778385162353516
row_more_sep_row68_col6.csv,0.0047130584716796875
row_more_sep_row25_col3.csv,0.0050487518310546875
row_more_sep_row73_col1.csv,0.005128622055053711
row_less_sep_row33_col1.csv,0.004809856414794922
row_less_sep_row43_col6.csv,0.005016326904296875
row_more_sep_row3_col6.csv,0.005326986312866211
row_extra_quote19_col1.csv,0.004965782165527344
row_less_sep_row26_col7.csv,0.005063295364379883
row_field_delimiter_57_0x20.csv,0.0051572322845458984
row_extra_quote76_col4.csv,0.005271434783935547
row_less_sep_row61_col7.csv,0.005168914794921875
row_more_sep_row20_col8.csv,0.0048980712890625
row_extra_quote33_col3.csv,0.0048258304595947266
row_more_sep_row44_col7.csv,0.005629062652587891
row_less_sep_row34_col4.csv,0.004734992980957031
row_extra_quote68_col4.csv,0.004680156707763672
row_less_sep_row68_col4.csv,0.004938602447509766
row_more_sep_row48_col5.csv,0.0048215389251708984
row_extra_quote46_col1.csv,0.004795551300048828
row_more_sep_row48_col1.csv,0.004782915115356445
row_extra_quote69_col2.csv,0.004856109619140625
row_less_sep_row65_col7.csv,0.004667758941650391
row_extra_quote35_col7.csv,0.004522800445556641
row_more_sep_row23_col0.csv,0.004784822463989258
row_field_delimiter_8_0x20.csv,0.0047490596771240234
row_extra_quote75_col6.csv,0.004687786102294922
row_more_sep_row50_col2.csv,0.00475311279296875
file_field_delimiter_0x3B.csv,0.004416465759277344
row_extra_quote62_col5.csv,0.004822492599487305
row_less_sep_row52_col7.csv,0.004870414733886719
row_extra_quote80_col3.csv,0.004723548889160156
row_extra_quote41_col6.csv,0.004823923110961914
row_extra_quote35_col3.csv,0.004804849624633789
row_extra_quote51_col3.csv,0.004730224609375
row_less_sep_row15_col8.csv,0.004723310470581055
row_more_sep_row56_col7.csv,0.005036354064941406
row_extra_quote50_col3.csv,0.004812717437744141
row_more_sep_row21_col4.csv,0.004762172698974609
row_more_sep_row3_col3.csv,0.004869222640991211
row_more_sep_row73_col0.csv,0.004869699478149414
row_less_sep_row30_col6.csv,0.00467228889465332
row_extra_quote46_col2.csv,0.00488591194152832
source.csv,0.0048215389251708984
row_extra_quote40_col0.csv,0.004782915115356445
row_more_sep_row32_col6.csv,0.006398677825927734
row_less_sep_row70_col5.csv,0.0069293975830078125
row_less_sep_row55_col6.csv,0.006841182708740234
row_less_sep_row53_col4.csv,0.007038593292236328
row_more_sep_row68_col2.csv,0.006777286529541016
row_more_sep_row31_col4.csv,0.006995677947998047
row_more_sep_row74_col7.csv,0.007073640823364258
row_more_sep_row14_col3.csv,0.006872653961181641
row_more_sep_row41_col1.csv,0.006799936294555664
row_less_sep_row62_col2.csv,0.006842851638793945
row_less_sep_row42_col3.csv,0.0068209171295166016
row_field_delimiter_10_0x20.csv,0.006913185119628906
row_less_sep_row73_col2.csv,0.006837368011474609
row_more_sep_row13_col4.csv,0.00676727294921875
row_extra_quote50_col5.csv,0.0076100826263427734
row_more_sep_row69_col8.csv,0.0047609806060791016
row_field_delimiter_74_0x20.csv,0.004700422286987305
row_extra_quote7_col2.csv,0.0051517486572265625
row_less_sep_row11_col4.csv,0.004770755767822266
row_extra_quote13_col3.csv,0.004811525344848633
row_less_sep_row65_col6.csv,0.005003213882446289
row_extra_quote69_col7.csv,0.004763126373291016
row_more_sep_row40_col2.csv,0.004790544509887695
row_extra_quote51_col1.csv,0.0052416324615478516
row_field_delimiter_32_0x20.csv,0.004828214645385742
row_more_sep_row10_col6.csv,0.004607200622558594
row_more_sep_row27_col3.csv,0.0051310062408447266
row_extra_quote6_col3.csv,0.004882335662841797
row_more_sep_row33_col6.csv,0.00477290153503418
row_extra_quote23_col0.csv,0.005094766616821289
row_less_sep_row24_col3.csv,0.0048809051513671875
row_more_sep_row23_col2.csv,0.004797220230102539
row_extra_quote14_col2.csv,0.006032228469848633
row_more_sep_row70_col4.csv,0.004803180694580078
row_more_sep_row42_col8.csv,0.004946470260620117
row_less_sep_row58_col6.csv,0.004904031753540039
row_more_sep_row73_col2.csv,0.004764556884765625
row_more_sep_row1_col8.csv,0.0047571659088134766
row_field_delimiter_16_0x20.csv,0.005017995834350586
row_field_delimiter_51_0x20.csv,0.0048885345458984375
row_extra_quote13_col1.csv,0.004868030548095703
row_more_sep_row18_col1.csv,0.004937171936035156
row_extra_quote72_col1.csv,0.00500035285949707
row_extra_quote46_col0.csv,0.0046787261962890625
row_extra_quote52_col3.csv,0.004889965057373047
row_less_sep_row71_col4.csv,0.005625486373901367
row_more_sep_row78_col3.csv,0.00479435920715332
row_more_sep_row80_col0.csv,0.00502777099609375
row_extra_quote33_col7.csv,0.005220890045166016
row_extra_quote73_col3.csv,0.0047647953033447266
row_less_sep_row18_col8.csv,0.005208492279052734
row_more_sep_row45_col4.csv,0.005088090896606445
row_extra_quote83_col3.csv,0.004791736602783203
row_more_sep_row44_col6.csv,0.005240917205810547
row_field_delimiter_72_0x20.csv,0.0047740936279296875
row_more_sep_row42_col4.csv,0.004934072494506836
row_less_sep_row30_col2.csv,0.005316495895385742
row_extra_quote35_col0.csv,0.004790067672729492
row_extra_quote82_col1.csv,0.004963397979736328
row_extra_quote83_col6.csv,0.005148410797119141
row_extra_quote83_col2.csv,0.004746437072753906
row_less_sep_row55_col7.csv,0.005152463912963867
row_more_sep_row29_col1.csv,0.0051271915435791016
row_more_sep_row41_col5.csv,0.004776954650878906
row_extra_quote73_col7.csv,0.005181074142456055
row_more_sep_row27_col4.csv,0.0058400630950927734
row_less_sep_row19_col3.csv,0.0048100948333740234
row_extra_quote73_col1.csv,0.005457639694213867
row_more_sep_row5_col0.csv,0.005753755569458008
row_extra_quote31_col6.csv,0.004909992218017578
row_less_sep_row63_col7.csv,0.004948139190673828
row_less_sep_row24_col1.csv,0.005024909973144531
row_extra_quote36_col6.csv,0.004788398742675781
row_more_sep_row54_col2.csv,0.005282402038574219
row_more_sep_row13_col6.csv,0.0048558712005615234
row_less_sep_row55_col5.csv,0.004828691482543945
row_less_sep_row18_col2.csv,0.005130290985107422
row_less_sep_row5_col5.csv,0.004700899124145508
row_more_sep_row10_col5.csv,0.0047571659088134766
row_more_sep_row3_col4.csv,0.005313873291015625
row_more_sep_row81_col6.csv,0.00477910041809082
row_extra_quote23_col2.csv,0.004750967025756836
row_extra_quote8_col4.csv,0.00538182258605957
row_more_sep_row22_col6.csv,0.005291461944580078
row_more_sep_row39_col5.csv,0.0047969818115234375
row_extra_quote12_col3.csv,0.0049686431884765625
row_extra_quote38_col5.csv,0.004793405532836914
row_more_sep_row6_col7.csv,0.004795074462890625
row_more_sep_row37_col0.csv,0.004969596862792969
row_extra_quote82_col3.csv,0.004984378814697266
row_extra_quote41_col2.csv,0.004784107208251953
row_extra_quote10_col1.csv,0.004903316497802734
row_extra_quote36_col5.csv,0.004969358444213867
row_less_sep_row53_col1.csv,0.004923820495605469
row_extra_quote18_col4.csv,0.0049533843994140625
row_extra_quote44_col4.csv,0.005013465881347656
row_more_sep_row67_col3.csv,0.00480198860168457
row_less_sep_row22_col4.csv,0.004807949066162109
row_more_sep_row27_col5.csv,0.004971504211425781
row_extra_quote76_col8.csv,0.005032777786254883
row_less_sep_row22_col3.csv,0.0048601627349853516
row_extra_quote27_col5.csv,0.004922151565551758
row_extra_quote61_col7.csv,0.004891395568847656
row_more_sep_row44_col8.csv,0.0047969818115234375
row_more_sep_row19_col3.csv,0.004889965057373047
row_field_delimiter_62_0x20.csv,0.005265712738037109
row_extra_quote28_col1.csv,0.0050160884857177734
row_less_sep_row74_col7.csv,0.004752635955810547
row_extra_quote37_col6.csv,0.005071401596069336
row_extra_quote68_col3.csv,0.00484156608581543
row_more_sep_row7_col2.csv,0.004846096038818359
row_less_sep_row14_col5.csv,0.004822492599487305
row_more_sep_row32_col4.csv,0.004975557327270508
row_more_sep_row76_col8.csv,0.004953145980834961
row_field_delimiter_34_0x20.csv,0.005080461502075195
row_less_sep_row38_col1.csv,0.005065202713012695
row_more_sep_row28_col5.csv,0.004952430725097656
row_extra_quote20_col7.csv,0.004484653472900391
row_less_sep_row9_col6.csv,0.004746913909912109
row_extra_quote23_col3.csv,0.004998207092285156
row_less_sep_row45_col1.csv,0.0052378177642822266
row_more_sep_row82_col7.csv,0.005052089691162109
row_more_sep_row36_col7.csv,0.005139589309692383
row_extra_quote19_col2.csv,0.004790067672729492
row_extra_quote32_col4.csv,0.005177497863769531
row_less_sep_row49_col5.csv,0.0056574344635009766
row_extra_quote76_col7.csv,0.0049169063568115234
row_more_sep_row62_col2.csv,0.005229949951171875
row_less_sep_row80_col5.csv,0.005012989044189453
row_extra_quote25_col2.csv,0.005375862121582031
row_extra_quote55_col2.csv,0.0056154727935791016
row_more_sep_row29_col0.csv,0.0052394866943359375
row_more_sep_row81_col8.csv,0.007519960403442383
row_extra_quote2_col1.csv,0.00634312629699707
row_more_sep_row35_col6.csv,0.0060617923736572266
row_field_delimiter_80_0x20.csv,0.005297660827636719
row_extra_quote51_col2.csv,0.0050449371337890625
row_less_sep_row20_col1.csv,0.004985809326171875
row_more_sep_row36_col2.csv,0.0048520565032958984
row_extra_quote67_col7.csv,0.005079984664916992
row_less_sep_row25_col4.csv,0.004986286163330078
row_more_sep_row20_col6.csv,0.004754781723022461
row_extra_quote27_col7.csv,0.004513263702392578
row_extra_quote8_col7.csv,0.004185914993286133
row_more_sep_row17_col2.csv,0.004703044891357422
row_extra_quote22_col5.csv,0.004848957061767578
row_more_sep_row33_col1.csv,0.005042552947998047
row_extra_quote74_col4.csv,0.0049173831939697266
row_extra_quote77_col6.csv,0.004760026931762695
row_more_sep_row12_col1.csv,0.004814624786376953
row_less_sep_row31_col2.csv,0.0049304962158203125
row_less_sep_row19_col7.csv,0.0049436092376708984
row_extra_quote10_col5.csv,0.005352973937988281
row_less_sep_row75_col3.csv,0.005131244659423828
row_extra_quote54_col7.csv,0.004655361175537109
row_more_sep_row58_col6.csv,0.004899024963378906
row_less_sep_row5_col7.csv,0.004819154739379883
row_less_sep_row3_col1.csv,0.004743814468383789
row_less_sep_row7_col4.csv,0.0053272247314453125
row_field_delimiter_79_0x20.csv,0.0047454833984375
row_field_delimiter_63_0x20.csv,0.004730939865112305
row_less_sep_row75_col4.csv,0.0046269893646240234
row_more_sep_row33_col5.csv,0.004808664321899414
row_less_sep_row82_col6.csv,0.0046062469482421875
row_extra_quote21_col4.csv,0.004735469818115234
row_less_sep_row57_col1.csv,0.004902839660644531
row_less_sep_row64_col2.csv,0.004770040512084961
row_less_sep_row51_col7.csv,0.004616498947143555
row_extra_quote24_col4.csv,0.004668474197387695
row_extra_quote46_col4.csv,0.0047664642333984375
row_more_sep_row0_col5.csv,0.004710674285888672
row_less_sep_row28_col4.csv,0.004902362823486328
row_less_sep_row10_col5.csv,0.004506349563598633
row_more_sep_row52_col5.csv,0.004819631576538086
row_extra_quote81_col4.csv,0.004792690277099609
row_extra_quote73_col8.csv,0.004801511764526367
row_extra_quote73_col0.csv,0.0046503543853759766
row_more_sep_row56_col4.csv,0.005112409591674805
row_extra_quote39_col6.csv,0.00484919548034668
row_extra_quote3_col8.csv,0.0047185420989990234
row_more_sep_row57_col1.csv,0.004884958267211914
row_more_sep_row45_col5.csv,0.004734516143798828
row_extra_quote75_col0.csv,0.004974842071533203
row_extra_quote11_col5.csv,0.0047495365142822266
row_more_sep_row19_col5.csv,0.004944324493408203
row_more_sep_row11_col4.csv,0.004830360412597656
row_more_sep_row30_col1.csv,0.00480961799621582
row_extra_quote43_col5.csv,0.004819393157958984
row_less_sep_row71_col1.csv,0.004902839660644531
row_less_sep_row81_col1.csv,0.0048065185546875
row_less_sep_row63_col3.csv,0.006972789764404297
row_more_sep_row7_col4.csv,0.006858110427856445
row_extra_quote20_col0.csv,0.007236480712890625
row_extra_quote6_col0.csv,0.006978273391723633
row_extra_quote83_col0.csv,0.007020473480224609
row_less_sep_row38_col5.csv,0.00660252571105957
row_extra_quote21_col7.csv,0.006124258041381836
row_more_sep_row75_col8.csv,0.006921291351318359
row_extra_quote5_col8.csv,0.007152080535888672
row_less_sep_row72_col1.csv,0.004943370819091797
row_less_sep_row4_col6.csv,0.005040168762207031
row_more_sep_row20_col5.csv,0.004821300506591797
row_extra_quote47_col6.csv,0.005065441131591797
row_less_sep_row30_col7.csv,0.004495143890380859
row_less_sep_row79_col8.csv,0.005081653594970703
row_more_sep_row50_col6.csv,0.004941463470458984
row_more_sep_row30_col4.csv,0.004707813262939453
row_extra_quote17_col7.csv,0.004460334777832031
row_less_sep_row57_col5.csv,0.004883766174316406
row_more_sep_row48_col8.csv,0.0046422481536865234
row_field_delimiter_83_0x20.csv,0.00487518310546875
row_extra_quote40_col5.csv,0.0048787593841552734
row_less_sep_row16_col1.csv,0.004691362380981445
row_more_sep_row42_col6.csv,0.005430936813354492
row_extra_quote49_col5.csv,0.005154848098754883
row_extra_quote13_col7.csv,0.0044708251953125
row_less_sep_row28_col6.csv,0.0047664642333984375
row_less_sep_row20_col5.csv,0.004773855209350586
row_extra_quote64_col0.csv,0.004875898361206055
row_less_sep_row27_col4.csv,0.00510096549987793
row_more_sep_row1_col1.csv,0.004945039749145508
row_less_sep_row2_col6.csv,0.005114555358886719
row_more_sep_row52_col8.csv,0.005553483963012695
row_more_sep_row11_col1.csv,0.004976749420166016
row_more_sep_row1_col0.csv,0.004925727844238281
row_more_sep_row26_col7.csv,0.005019426345825195
row_more_sep_row73_col8.csv,0.00492548942565918
row_extra_quote50_col7.csv,0.004759073257446289
row_more_sep_row46_col7.csv,0.005203723907470703
row_less_sep_row39_col4.csv,0.005043506622314453
row_more_sep_row30_col0.csv,0.0054280757904052734
row_extra_quote30_col1.csv,0.005009174346923828
row_more_sep_row49_col2.csv,0.004817962646484375
row_extra_quote35_col1.csv,0.004830360412597656
row_extra_quote17_col3.csv,0.004832744598388672
row_extra_quote49_col8.csv,0.004881858825683594
row_less_sep_row58_col1.csv,0.004988908767700195
row_more_sep_row4_col7.csv,0.005005836486816406
row_extra_quote1_col0.csv,0.004935026168823242
row_less_sep_row21_col5.csv,0.004787445068359375
row_more_sep_row15_col4.csv,0.005126476287841797
row_extra_quote50_col8.csv,0.005996227264404297
row_more_sep_row13_col7.csv,0.007459402084350586
row_extra_quote22_col4.csv,0.0076618194580078125
row_field_delimiter_75_0x20.csv,0.0056078433990478516
row_more_sep_row59_col7.csv,0.005240917205810547
row_more_sep_row47_col8.csv,0.005143165588378906
row_more_sep_row54_col7.csv,0.005040884017944336
row_extra_quote29_col4.csv,0.005085945129394531
row_more_sep_row24_col2.csv,0.004992246627807617
row_more_sep_row78_col0.csv,0.005085945129394531
row_less_sep_row39_col1.csv,0.004922389984130859
row_less_sep_row70_col6.csv,0.005070924758911133
row_more_sep_row3_col0.csv,0.005124807357788086
row_extra_quote57_col0.csv,0.0048830509185791016
row_extra_quote6_col5.csv,0.005113363265991211
row_less_sep_row46_col2.csv,0.005197286605834961
row_extra_quote58_col7.csv,0.005120754241943359
row_less_sep_row37_col5.csv,0.004838228225708008
row_more_sep_row43_col2.csv,0.0051114559173583984
row_less_sep_row33_col8.csv,0.004919528961181641
row_more_sep_row57_col4.csv,0.005612850189208984
row_extra_quote47_col8.csv,0.00496220588684082
row_less_sep_row27_col8.csv,0.004685401916503906
row_more_sep_row61_col0.csv,0.005590200424194336
row_less_sep_row28_col2.csv,0.006742954254150391
row_more_sep_row28_col4.csv,0.0076296329498291016
row_more_sep_row64_col2.csv,0.0065844058990478516
row_extra_quote0_col1.csv,0.007914543151855469
row_extra_quote15_col3.csv,0.006252765655517578
row_extra_quote15_col6.csv,0.00582432746887207
row_extra_quote21_col6.csv,0.008654117584228516
row_extra_quote21_col2.csv,0.006147861480712891
row_more_sep_row46_col2.csv,0.005922555923461914
row_extra_quote18_col0.csv,0.0055963993072509766
row_field_delimiter_53_0x20.csv,0.0053446292877197266
row_extra_quote27_col8.csv,0.0051746368408203125
row_extra_quote76_col3.csv,0.005393505096435547
row_less_sep_row3_col2.csv,0.0050313472747802734
row_more_sep_row52_col3.csv,0.005286455154418945
row_extra_quote22_col8.csv,0.0053234100341796875
row_more_sep_row17_col1.csv,0.005041837692260742
row_extra_quote65_col7.csv,0.004968881607055664
row_more_sep_row17_col0.csv,0.004858255386352539
row_less_sep_row49_col6.csv,0.0049402713775634766
row_extra_quote49_col3.csv,0.004886150360107422
row_more_sep_row55_col7.csv,0.0054476261138916016
row_less_sep_row17_col1.csv,0.0049610137939453125
row_less_sep_row17_col6.csv,0.005234479904174805
row_more_sep_row20_col2.csv,0.004883766174316406
row_extra_quote4_col4.csv,0.004964351654052734
row_extra_quote79_col7.csv,0.004822492599487305
row_less_sep_row1_col2.csv,0.0049664974212646484
row_extra_quote35_col6.csv,0.004896402359008789
row_more_sep_row66_col7.csv,0.004862785339355469
row_less_sep_row55_col1.csv,0.004991054534912109
row_extra_quote21_col3.csv,0.00495147705078125
row_less_sep_row82_col4.csv,0.004861354827880859
row_extra_quote67_col5.csv,0.005022525787353516
row_more_sep_row6_col6.csv,0.005190372467041016
row_extra_quote48_col2.csv,0.0048716068267822266
row_extra_quote20_col2.csv,0.005000114440917969
row_less_sep_row19_col2.csv,0.0051615238189697266
row_extra_quote49_col0.csv,0.004899740219116211
row_less_sep_row76_col8.csv,0.005296468734741211
row_less_sep_row23_col3.csv,0.0050394535064697266
row_more_sep_row71_col0.csv,0.005112409591674805
row_more_sep_row67_col5.csv,0.0055692195892333984
row_less_sep_row59_col2.csv,0.004978656768798828
row_more_sep_row79_col0.csv,0.0050640106201171875
row_extra_quote77_col4.csv,0.005158424377441406
row_extra_quote29_col5.csv,0.004930019378662109
row_more_sep_row10_col3.csv,0.004998922348022461
row_extra_quote44_col0.csv,0.004972696304321289
row_more_sep_row19_col1.csv,0.004846334457397461
row_more_sep_row66_col2.csv,0.0049631595611572266
row_less_sep_row14_col4.csv,0.005037546157836914
row_extra_quote55_col3.csv,0.004781484603881836
row_less_sep_row27_col6.csv,0.0048906803131103516
row_extra_quote9_col4.csv,0.00474095344543457
row_extra_quote13_col6.csv,0.004909515380859375
row_extra_quote38_col4.csv,0.005443096160888672
row_more_sep_row69_col1.csv,0.004984617233276367
row_more_sep_row79_col2.csv,0.0049250125885009766
row_extra_quote15_col0.csv,0.004921674728393555
row_less_sep_row24_col6.csv,0.00515437126159668
row_more_sep_row50_col8.csv,0.004834890365600586
row_more_sep_row25_col2.csv,0.004929304122924805
row_extra_quote72_col2.csv,0.004924774169921875
row_more_sep_row15_col8.csv,0.00476527214050293
row_less_sep_row5_col6.csv,0.005363941192626953
row_less_sep_row9_col8.csv,0.004649162292480469
file_header_multirow_3.csv,0.004848480224609375
row_less_sep_row73_col4.csv,0.00492405891418457
row_less_sep_row49_col4.csv,0.004949331283569336
row_more_sep_row83_col6.csv,0.004968166351318359
row_extra_quote47_col0.csv,0.0050013065338134766
row_more_sep_row53_col7.csv,0.004892826080322266
row_more_sep_row15_col3.csv,0.00494837760925293
row_extra_quote34_col2.csv,0.005268096923828125
row_less_sep_row50_col1.csv,0.0048503875732421875
row_extra_quote35_col2.csv,0.004753589630126953
row_less_sep_row26_col8.csv,0.00508880615234375
row_less_sep_row29_col3.csv,0.0048067569732666016
row_extra_quote11_col1.csv,0.004944324493408203
row_more_sep_row18_col7.csv,0.005773305892944336
file_quotation_char_0x27.csv,0.005396842956542969
file_double_trailing_newline.csv,0.00487518310546875
row_less_sep_row4_col5.csv,0.004871845245361328
row_extra_quote40_col8.csv,0.004836082458496094
row_extra_quote38_col6.csv,0.0047893524169921875
row_less_sep_row25_col1.csv,0.005155086517333984
row_less_sep_row63_col8.csv,0.00487065315246582
row_more_sep_row76_col7.csv,0.00495457649230957
row_extra_quote7_col1.csv,0.004807472229003906
row_extra_quote82_col0.csv,0.004869699478149414
row_more_sep_row72_col4.csv,0.004976034164428711
row_more_sep_row74_col6.csv,0.004967212677001953
row_more_sep_row75_col0.csv,0.004929065704345703
row_extra_quote22_col1.csv,0.00518345832824707
row_extra_quote44_col2.csv,0.006049156188964844
row_extra_quote0_col7.csv,0.004330158233642578
row_less_sep_row55_col8.csv,0.004976987838745117
row_extra_quote52_col0.csv,0.0051212310791015625
row_extra_quote44_col3.csv,0.004860639572143555
row_more_sep_row7_col0.csv,0.004869699478149414
row_extra_quote74_col6.csv,0.0048618316650390625
row_field_delimiter_7_0x20.csv,0.004971504211425781
row_extra_quote61_col4.csv,0.004783153533935547
row_less_sep_row77_col5.csv,0.005060672760009766
row_more_sep_row22_col1.csv,0.00493621826171875
row_more_sep_row47_col4.csv,0.0048007965087890625
row_more_sep_row64_col7.csv,0.004904985427856445
row_more_sep_row20_col7.csv,0.0049495697021484375
row_less_sep_row60_col3.csv,0.005009889602661133
row_more_sep_row47_col0.csv,0.0051479339599609375
row_more_sep_row56_col5.csv,0.005128622055053711
row_more_sep_row58_col1.csv,0.005097389221191406
row_more_sep_row43_col7.csv,0.0050504207611083984
row_more_sep_row78_col8.csv,0.005014657974243164
row_less_sep_row50_col6.csv,0.005059242248535156
row_more_sep_row17_col7.csv,0.005108356475830078
row_extra_quote5_col7.csv,0.0044612884521484375
row_more_sep_row18_col5.csv,0.004810810089111328
row_extra_quote1_col5.csv,0.004950761795043945
row_more_sep_row81_col0.csv,0.00501251220703125
row_field_delimiter_19_0x20.csv,0.004975318908691406
row_field_delimiter_35_0x20.csv,0.005066633224487305
row_more_sep_row35_col5.csv,0.004967927932739258
row_more_sep_row76_col2.csv,0.0049321651458740234
row_less_sep_row8_col5.csv,0.00494384765625
row_less_sep_row34_col8.csv,0.004895687103271484
row_field_delimiter_42_0x20.csv,0.004835605621337891
row_less_sep_row51_col6.csv,0.005164623260498047
row_field_delimiter_50_0x20.csv,0.0049588680267333984
row_more_sep_row24_col8.csv,0.0048639774322509766
row_extra_quote34_col0.csv,0.004988670349121094
row_extra_quote55_col6.csv,0.004919767379760742
row_less_sep_row26_col3.csv,0.0048885345458984375
row_less_sep_row40_col1.csv,0.005079746246337891
row_extra_quote8_col1.csv,0.004943132400512695
row_more_sep_row48_col7.csv,0.004860877990722656
row_more_sep_row60_col6.csv,0.0049479007720947266
row_less_sep_row0_col7.csv,0.004311084747314453
row_more_sep_row1_col2.csv,0.0049059391021728516
row_less_sep_row78_col7.csv,0.005095243453979492
row_more_sep_row15_col5.csv,0.005002498626708984
row_more_sep_row47_col1.csv,0.004799365997314453
row_extra_quote76_col1.csv,0.004945039749145508
row_less_sep_row75_col5.csv,0.004906892776489258
row_less_sep_row40_col7.csv,0.00490570068359375
row_extra_quote3_col5.csv,0.005396127700805664
row_extra_quote17_col8.csv,0.0051136016845703125
row_more_sep_row72_col5.csv,0.0048978328704833984
row_more_sep_row34_col6.csv,0.004797220230102539
row_more_sep_row38_col3.csv,0.0051593780517578125
row_extra_quote35_col8.csv,0.005331993103027344
row_more_sep_row63_col1.csv,0.005735635757446289
row_more_sep_row31_col5.csv,0.0053479671478271484
row_less_sep_row23_col2.csv,0.005245685577392578
row_more_sep_row62_col4.csv,0.005085945129394531
row_more_sep_row41_col3.csv,0.005110502243041992
row_extra_quote14_col7.csv,0.00452733039855957
row_less_sep_row60_col6.csv,0.005211353302001953
row_extra_quote79_col2.csv,0.005009651184082031
row_extra_quote11_col8.csv,0.005011081695556641
row_more_sep_row32_col8.csv,0.004979610443115234
row_extra_quote34_col8.csv,0.004948139190673828
row_extra_quote71_col0.csv,0.004968166351318359
row_extra_quote15_col2.csv,0.005078792572021484
file_escape_char_0x00.csv,0.00490570068359375
row_less_sep_row61_col1.csv,0.0049152374267578125
row_extra_quote81_col5.csv,0.004923343658447266
row_less_sep_row32_col8.csv,0.004974365234375
row_less_sep_row83_col2.csv,0.004868268966674805
row_less_sep_row46_col3.csv,0.0050013065338134766
row_extra_quote63_col1.csv,0.0052106380462646484
row_less_sep_row0_col8.csv,0.004879474639892578
row_less_sep_row29_col2.csv,0.0049703121185302734
row_less_sep_row80_col1.csv,0.004899024963378906
row_more_sep_row57_col0.csv,0.005175590515136719
row_less_sep_row50_col3.csv,0.004896402359008789
row_less_sep_row26_col1.csv,0.004883527755737305
row_less_sep_row38_col7.csv,0.005440473556518555
row_more_sep_row26_col1.csv,0.006770610809326172
row_extra_quote68_col8.csv,0.006661891937255859
row_less_sep_row36_col6.csv,0.00714111328125
row_less_sep_row58_col5.csv,0.006946563720703125
row_extra_quote10_col4.csv,0.004894733428955078
row_less_sep_row68_col2.csv,0.004878520965576172
row_extra_quote11_col6.csv,0.0051343441009521484
row_less_sep_row65_col5.csv,0.005187034606933594
row_field_delimiter_68_0x20.csv,0.005026340484619141
row_less_sep_row20_col2.csv,0.004897594451904297
row_field_delimiter_65_0x20.csv,0.005144596099853516
row_less_sep_row24_col7.csv,0.00479888916015625
row_extra_quote14_col3.csv,0.0057315826416015625
row_less_sep_row67_col6.csv,0.005110740661621094
row_less_sep_row39_col6.csv,0.005138874053955078
row_less_sep_row17_col8.csv,0.00537419319152832
row_extra_quote71_col4.csv,0.00528264045715332
row_more_sep_row60_col7.csv,0.005204200744628906
row_more_sep_row74_col8.csv,0.005362033843994141
row_extra_quote25_col0.csv,0.0050449371337890625
row_field_delimiter_71_0x20.csv,0.00536346435546875
row_more_sep_row53_col0.csv,0.005338430404663086
row_less_sep_row81_col3.csv,0.0052068233489990234
row_less_sep_row72_col3.csv,0.005148887634277344
row_less_sep_row6_col6.csv,0.005848407745361328
row_less_sep_row29_col8.csv,0.0048370361328125
row_extra_quote70_col7.csv,0.004888772964477539
row_extra_quote62_col3.csv,0.0052263736724853516
row_extra_quote81_col6.csv,0.004873752593994141
row_less_sep_row43_col3.csv,0.005125761032104492
row_less_sep_row67_col8.csv,0.0050127506256103516
row_extra_quote2_col0.csv,0.004843950271606445
row_less_sep_row41_col3.csv,0.005178689956665039
row_less_sep_row39_col7.csv,0.004738569259643555
row_more_sep_row59_col2.csv,0.004799604415893555
row_more_sep_row62_col0.csv,0.005881309509277344
row_less_sep_row18_col1.csv,0.007123231887817383
row_less_sep_row61_col2.csv,0.00758051872253418
row_extra_quote37_col7.csv,0.006951808929443359
row_more_sep_row56_col8.csv,0.00781393051147461
row_more_sep_row57_col7.csv,0.005158185958862305
row_extra_quote8_col6.csv,0.0051729679107666016
row_less_sep_row33_col5.csv,0.005102634429931641
row_less_sep_row31_col1.csv,0.005014657974243164
row_extra_quote25_col6.csv,0.004667043685913086
row_less_sep_row78_col1.csv,0.00526881217956543
row_more_sep_row24_col5.csv,0.005118846893310547
row_field_delimiter_41_0x20.csv,0.004837989807128906
row_less_sep_row79_col6.csv,0.004927396774291992
row_extra_quote22_col2.csv,0.004987239837646484
row_extra_quote69_col8.csv,0.004842519760131836
row_more_sep_row37_col6.csv,0.005285024642944336
row_extra_quote46_col8.csv,0.0051233768463134766
row_extra_quote18_col2.csv,0.005106210708618164
row_more_sep_row11_col5.csv,0.005230903625488281
row_extra_quote70_col0.csv,0.00560450553894043
row_more_sep_row51_col2.csv,0.005414485931396484
row_less_sep_row81_col8.csv,0.005697488784790039
row_extra_quote25_col1.csv,0.005434274673461914
row_more_sep_row39_col8.csv,0.005970001220703125
row_more_sep_row46_col3.csv,0.005362033843994141
row_extra_quote47_col3.csv,0.00528407096862793
row_more_sep_row2_col2.csv,0.005343198776245117
row_extra_quote54_col3.csv,0.0053043365478515625
row_extra_quote6_col6.csv,0.005099773406982422
row_less_sep_row5_col2.csv,0.0052225589752197266
row_more_sep_row39_col4.csv,0.005076169967651367
row_less_sep_row63_col1.csv,0.004887580871582031
row_extra_quote40_col1.csv,0.0050432682037353516
row_extra_quote26_col3.csv,0.004924774169921875
row_more_sep_row9_col2.csv,0.004906654357910156
row_more_sep_row48_col6.csv,0.005290031433105469
row_more_sep_row74_col2.csv,0.005076885223388672
row_field_delimiter_36_0x20.csv,0.004830598831176758
row_more_sep_row31_col7.csv,0.0051441192626953125
row_less_sep_row15_col6.csv,0.005113840103149414
row_extra_quote15_col1.csv,0.005164146423339844
row_more_sep_row38_col2.csv,0.004896879196166992
row_extra_quote62_col6.csv,0.004940032958984375
row_more_sep_row38_col5.csv,0.00491642951965332
row_less_sep_row65_col4.csv,0.004964590072631836
row_less_sep_row5_col8.csv,0.005171775817871094
row_more_sep_row27_col6.csv,0.0051572322845458984
row_more_sep_row37_col1.csv,0.00510096549987793
row_more_sep_row76_col3.csv,0.005007028579711914
row_more_sep_row51_col3.csv,0.005093574523925781
row_extra_quote36_col4.csv,0.005135297775268555
row_more_sep_row69_col7.csv,0.0049686431884765625
row_extra_quote60_col3.csv,0.004769563674926758
row_less_sep_row55_col2.csv,0.004885435104370117
row_extra_quote1_col1.csv,0.00480198860168457
row_less_sep_row37_col8.csv,0.004900932312011719
row_less_sep_row33_col3.csv,0.004950523376464844
row_less_sep_row11_col1.csv,0.004878997802734375
row_extra_quote60_col6.csv,0.004924774169921875
row_less_sep_row44_col1.csv,0.004770994186401367
row_more_sep_row72_col3.csv,0.004896640777587891
row_extra_quote28_col3.csv,0.005064249038696289
row_field_delimiter_60_0x20.csv,0.0051136016845703125
row_more_sep_row10_col2.csv,0.005030155181884766
row_field_delimiter_52_0x20.csv,0.004909038543701172
row_less_sep_row46_col5.csv,0.005238771438598633
row_more_sep_row27_col7.csv,0.005064249038696289
row_extra_quote27_col2.csv,0.005202770233154297
row_less_sep_row2_col5.csv,0.005178213119506836
row_more_sep_row34_col3.csv,0.00495147705078125
row_less_sep_row81_col2.csv,0.005066871643066406
row_more_sep_row66_col8.csv,0.005009889602661133
row_extra_quote73_col4.csv,0.0049784183502197266
row_more_sep_row14_col1.csv,0.005301475524902344
row_extra_quote80_col7.csv,0.0050547122955322266
row_more_sep_row60_col3.csv,0.004972934722900391
row_more_sep_row29_col7.csv,0.005011081695556641
row_more_sep_row8_col0.csv,0.005162477493286133
row_more_sep_row65_col4.csv,0.00499272346496582
row_extra_quote79_col5.csv,0.005268573760986328
row_more_sep_row49_col5.csv,0.005019664764404297
row_extra_quote29_col3.csv,0.004983425140380859
row_more_sep_row83_col0.csv,0.0051059722900390625
row_more_sep_row61_col6.csv,0.005166769027709961
row_extra_quote20_col8.csv,0.005098581314086914
row_less_sep_row48_col1.csv,0.005304098129272461
row_extra_quote23_col7.csv,0.004662036895751953
row_less_sep_row34_col2.csv,0.004942893981933594
row_more_sep_row23_col1.csv,0.005138874053955078
row_more_sep_row73_col4.csv,0.004813671112060547
row_extra_quote36_col3.csv,0.004999876022338867
row_more_sep_row45_col3.csv,0.005411386489868164
row_more_sep_row67_col2.csv,0.004833698272705078
row_extra_quote31_col5.csv,0.0044422149658203125
row_extra_quote77_col5.csv,0.005022287368774414
row_less_sep_row62_col5.csv,0.005345821380615234
row_less_sep_row49_col8.csv,0.005410432815551758
row_more_sep_row33_col7.csv,0.005144834518432617
row_less_sep_row7_col3.csv,0.004960536956787109
row_less_sep_row75_col2.csv,0.005123615264892578
row_more_sep_row28_col7.csv,0.005141258239746094
row_more_sep_row26_col2.csv,0.005036830902099609
row_extra_quote52_col8.csv,0.005509614944458008
row_less_sep_row49_col1.csv,0.00510096549987793
row_less_sep_row44_col4.csv,0.004899263381958008
row_extra_quote72_col0.csv,0.005288839340209961
row_less_sep_row8_col7.csv,0.004834413528442383
row_extra_quote65_col1.csv,0.0049245357513427734
row_extra_quote74_col0.csv,0.004967212677001953
row_more_sep_row17_col5.csv,0.004904985427856445
row_field_delimiter_43_0x20.csv,0.004807472229003906
row_more_sep_row43_col6.csv,0.0048635005950927734
row_extra_quote9_col2.csv,0.004921436309814453
row_field_delimiter_47_0x20.csv,0.00557255744934082
row_more_sep_row72_col0.csv,0.007054805755615234
row_less_sep_row56_col7.csv,0.00693964958190918
row_less_sep_row8_col1.csv,0.00732731819152832
row_extra_quote15_col5.csv,0.0069963932037353516
row_extra_quote67_col6.csv,0.007146358489990234
row_more_sep_row0_col2.csv,0.007150411605834961
row_extra_quote72_col5.csv,0.0070073604583740234
row_extra_quote29_col1.csv,0.005028247833251953
row_extra_quote48_col6.csv,0.004766225814819336
row_more_sep_row9_col4.csv,0.0047969818115234375
row_extra_quote17_col5.csv,0.004757404327392578
row_extra_quote46_col6.csv,0.0048482418060302734
row_less_sep_row7_col2.csv,0.004885196685791016
row_extra_quote64_col4.csv,0.004791259765625
row_extra_quote55_col8.csv,0.0048122406005859375
row_extra_quote43_col1.csv,0.0048825740814208984
row_less_sep_row4_col8.csv,0.004803657531738281
row_more_sep_row24_col0.csv,0.0047571659088134766
row_extra_quote25_col8.csv,0.004976749420166016
row_less_sep_row74_col8.csv,0.004824161529541016
row_extra_quote30_col8.csv,0.004762887954711914
row_less_sep_row13_col7.csv,0.004839420318603516
row_less_sep_row80_col4.csv,0.004762172698974609
row_less_sep_row62_col1.csv,0.004734516143798828
row_less_sep_row1_col6.csv,0.005081892013549805
row_extra_quote66_col1.csv,0.0049817562103271484
row_more_sep_row83_col1.csv,0.0047490596771240234
row_more_sep_row0_col8.csv,0.0048410892486572266
row_extra_quote40_col4.csv,0.0047817230224609375
row_less_sep_row83_col3.csv,0.004782676696777344
row_extra_quote69_col4.csv,0.0049092769622802734
row_extra_quote48_col1.csv,0.004873514175415039
row_more_sep_row5_col2.csv,0.0048139095306396484
row_more_sep_row55_col5.csv,0.004766702651977539
row_less_sep_row1_col7.csv,0.004353761672973633
row_extra_quote75_col7.csv,0.004846334457397461
row_less_sep_row12_col6.csv,0.005259275436401367
row_less_sep_row34_col7.csv,0.004842281341552734
row_extra_quote48_col5.csv,0.004952430725097656
row_extra_quote26_col5.csv,0.0047533512115478516
row_extra_quote66_col2.csv,0.004930257797241211
row_more_sep_row7_col3.csv,0.004784107208251953
row_extra_quote64_col7.csv,0.004622459411621094
row_less_sep_row64_col4.csv,0.00496220588684082
row_more_sep_row33_col4.csv,0.0047779083251953125
row_less_sep_row59_col8.csv,0.00482630729675293
row_extra_quote26_col0.csv,0.004828214645385742
row_extra_quote58_col5.csv,0.004935026168823242
row_less_sep_row33_col6.csv,0.0046405792236328125
row_more_sep_row52_col4.csv,0.004976987838745117
row_more_sep_row44_col0.csv,0.004785299301147461
row_extra_quote82_col8.csv,0.004872560501098633
row_extra_quote3_col7.csv,0.004259824752807617
row_field_delimiter_2_0x20.csv,0.004836559295654297
row_more_sep_row45_col6.csv,0.004693031311035156
row_extra_quote3_col0.csv,0.004988431930541992
row_less_sep_row34_col5.csv,0.00468897819519043
row_extra_quote65_col8.csv,0.004782915115356445
row_more_sep_row53_col4.csv,0.0049779415130615234
row_less_sep_row72_col5.csv,0.00483250617980957
file_record_delimiter_0xD.csv,0.0048139095306396484
row_less_sep_row9_col2.csv,0.004877567291259766
row_extra_quote52_col6.csv,0.004973411560058594
row_less_sep_row9_col7.csv,0.004788398742675781
row_extra_quote75_col1.csv,0.004709482192993164
row_less_sep_row66_col3.csv,0.00490880012512207
row_extra_quote51_col5.csv,0.004927396774291992
row_extra_quote30_col2.csv,0.004799604415893555
row_more_sep_row45_col1.csv,0.004880666732788086
row_extra_quote4_col7.csv,0.004309892654418945
row_less_sep_row68_col8.csv,0.004750728607177734
row_more_sep_row75_col3.csv,0.004830360412597656
row_more_sep_row59_col6.csv,0.004820585250854492
row_extra_quote30_col6.csv,0.0044782161712646484
row_extra_quote11_col3.csv,0.004803180694580078
row_more_sep_row43_col4.csv,0.0047533512115478516
row_more_sep_row73_col7.csv,0.004693508148193359
row_less_sep_row61_col5.csv,0.004898548126220703
row_less_sep_row72_col7.csv,0.004670858383178711
row_less_sep_row8_col4.csv,0.004767894744873047
row_more_sep_row43_col0.csv,0.004834890365600586
row_extra_quote55_col5.csv,0.00473785400390625
row_extra_quote40_col3.csv,0.004747867584228516
row_extra_quote61_col0.csv,0.005495309829711914
row_less_sep_row41_col5.csv,0.004673004150390625
row_less_sep_row62_col6.csv,0.004824638366699219
row_more_sep_row41_col8.csv,0.005021810531616211
row_less_sep_row1_col4.csv,0.00489497184753418
row_extra_quote74_col1.csv,0.004789829254150391
row_extra_quote78_col0.csv,0.004729032516479492
row_extra_quote78_col6.csv,0.004751920700073242
row_more_sep_row70_col2.csv,0.004706144332885742
row_more_sep_row23_col5.csv,0.005435943603515625
row_more_sep_row71_col3.csv,0.005185604095458984
row_less_sep_row74_col5.csv,0.004928112030029297
row_more_sep_row30_col3.csv,0.0048525333404541016
row_field_delimiter_46_0x20.csv,0.004887104034423828
row_extra_quote37_col8.csv,0.004831790924072266
row_more_sep_row59_col5.csv,0.005398273468017578
row_extra_quote38_col1.csv,0.004850149154663086
row_less_sep_row43_col2.csv,0.004797697067260742
row_more_sep_row41_col6.csv,0.0051593780517578125
row_less_sep_row64_col7.csv,0.004798412322998047
row_less_sep_row18_col3.csv,0.004782199859619141
row_more_sep_row63_col7.csv,0.005127668380737305
row_extra_quote4_col1.csv,0.004830837249755859
row_less_sep_row67_col1.csv,0.004753828048706055
row_more_sep_row60_col2.csv,0.0056340694427490234
row_more_sep_row77_col5.csv,0.004791736602783203
row_more_sep_row29_col5.csv,0.00467681884765625
row_extra_quote2_col3.csv,0.005143404006958008
row_extra_quote78_col5.csv,0.00475001335144043
row_less_sep_row64_col5.csv,0.00473332405090332
row_extra_quote60_col7.csv,0.004824161529541016
row_less_sep_row73_col6.csv,0.004873037338256836
row_less_sep_row79_col5.csv,0.004698514938354492
row_extra_quote45_col2.csv,0.005295753479003906
row_more_sep_row33_col8.csv,0.004760265350341797
row_less_sep_row35_col2.csv,0.004761695861816406
row_more_sep_row35_col3.csv,0.0046732425689697266
row_more_sep_row76_col6.csv,0.004978179931640625
row_less_sep_row41_col8.csv,0.004653215408325195
row_extra_quote67_col4.csv,0.004835605621337891
row_extra_quote62_col0.csv,0.005059719085693359
row_more_sep_row10_col1.csv,0.004796504974365234
row_extra_quote30_col4.csv,0.0049397945404052734
row_less_sep_row24_col5.csv,0.005036354064941406
row_less_sep_row68_col1.csv,0.005296468734741211
row_more_sep_row0_col1.csv,0.005318164825439453
row_more_sep_row31_col0.csv,0.0054950714111328125
row_less_sep_row51_col2.csv,0.005032062530517578
row_more_sep_row56_col6.csv,0.0049436092376708984
row_more_sep_row39_col2.csv,0.005053520202636719
row_less_sep_row19_col6.csv,0.0049860477447509766
row_less_sep_row12_col1.csv,0.005629301071166992
row_extra_quote42_col3.csv,0.005193471908569336
row_more_sep_row79_col3.csv,0.0049021244049072266
row_extra_quote59_col7.csv,0.004951000213623047
row_more_sep_row36_col5.csv,0.004921913146972656
row_extra_quote57_col5.csv,0.005138874053955078
row_less_sep_row41_col7.csv,0.006404399871826172
row_more_sep_row29_col4.csv,0.005006074905395508
row_extra_quote67_col1.csv,0.004758596420288086
row_extra_quote48_col0.csv,0.005382537841796875
row_extra_quote7_col7.csv,0.004521608352661133
row_extra_quote72_col7.csv,0.0050966739654541016
row_more_sep_row16_col4.csv,0.005077838897705078
row_extra_quote59_col2.csv,0.004873752593994141
row_field_delimiter_81_0x20.csv,0.005078792572021484
row_less_sep_row71_col8.csv,0.005115509033203125
row_more_sep_row23_col7.csv,0.004979133605957031
row_less_sep_row63_col5.csv,0.0048029422760009766
row_less_sep_row52_col5.csv,0.005462169647216797
row_more_sep_row19_col6.csv,0.004733562469482422
row_extra_quote36_col2.csv,0.005074501037597656
row_extra_quote33_col4.csv,0.0058171749114990234
row_more_sep_row12_col2.csv,0.005013227462768555
row_more_sep_row68_col1.csv,0.00489354133605957
row_more_sep_row27_col1.csv,0.005211830139160156
row_more_sep_row44_col1.csv,0.004818439483642578
row_less_sep_row13_col8.csv,0.004845380783081055
row_extra_quote62_col2.csv,0.0050122737884521484
row_extra_quote20_col3.csv,0.004868745803833008
row_more_sep_row51_col4.csv,0.005140781402587891
row_extra_quote14_col6.csv,0.005066394805908203
row_more_sep_row4_col4.csv,0.00479435920715332
row_extra_quote3_col3.csv,0.004840850830078125
row_extra_quote38_col7.csv,0.004719972610473633
row_less_sep_row40_col8.csv,0.004988670349121094
row_less_sep_row77_col2.csv,0.005510091781616211
row_more_sep_row20_col1.csv,0.005453586578369141
row_less_sep_row44_col5.csv,0.005270719528198242
row_extra_quote76_col0.csv,0.005120515823364258
row_less_sep_row70_col4.csv,0.0050852298736572266
row_more_sep_row20_col0.csv,0.004956722259521484
row_less_sep_row76_col7.csv,0.0055310726165771484
row_less_sep_row6_col4.csv,0.004946708679199219
row_extra_quote83_col8.csv,0.004827022552490234
row_extra_quote57_col3.csv,0.00484156608581543
row_less_sep_row14_col2.csv,0.004977226257324219
row_extra_quote6_col4.csv,0.005284547805786133
row_less_sep_row6_col2.csv,0.0052433013916015625
row_extra_quote70_col5.csv,0.004969358444213867
row_more_sep_row3_col7.csv,0.004859209060668945
row_field_delimiter_0_0x20.csv,0.005353689193725586
row_field_delimiter_9_0x20.csv,0.0049817562103271484
row_more_sep_row6_col3.csv,0.00482630729675293
row_less_sep_row63_col4.csv,0.00505518913269043
row_extra_quote23_col8.csv,0.0049703121185302734
row_more_sep_row0_col4.csv,0.004879474639892578
file_no_trailing_newline.csv,0.005127429962158203
row_extra_quote24_col6.csv,0.00487828254699707
row_extra_quote64_col6.csv,0.00500178337097168
row_field_delimiter_77_0x20.csv,0.005225658416748047
row_extra_quote57_col1.csv,0.004873991012573242
row_extra_quote29_col0.csv,0.004820823669433594
row_extra_quote34_col7.csv,0.004655361175537109
row_extra_quote43_col4.csv,0.0048558712005615234
row_more_sep_row24_col7.csv,0.0050165653228759766
row_extra_quote65_col4.csv,0.005008220672607422
row_less_sep_row66_col7.csv,0.0049669742584228516
row_more_sep_row46_col0.csv,0.00487208366394043
row_extra_quote48_col8.csv,0.0050220489501953125
row_less_sep_row8_col2.csv,0.004979133605957031
row_more_sep_row35_col2.csv,0.00506281852722168
row_extra_quote71_col7.csv,0.0049648284912109375
row_extra_quote24_col0.csv,0.004990816116333008
row_less_sep_row27_col1.csv,0.004886150360107422
row_less_sep_row72_col2.csv,0.004952430725097656
row_less_sep_row2_col1.csv,0.0047969818115234375
row_less_sep_row23_col1.csv,0.0049724578857421875
row_less_sep_row19_col5.csv,0.0050160884857177734
row_more_sep_row36_col6.csv,0.004875659942626953
row_extra_quote59_col0.csv,0.004747867584228516
row_extra_quote81_col2.csv,0.004832267761230469
row_less_sep_row47_col6.csv,0.004862785339355469
row_less_sep_row26_col4.csv,0.004878520965576172
row_less_sep_row0_col6.csv,0.004914283752441406
row_extra_quote9_col8.csv,0.004892587661743164
row_extra_quote59_col4.csv,0.0048830509185791016
row_more_sep_row47_col3.csv,0.004981040954589844
row_more_sep_row42_col5.csv,0.004962444305419922
row_extra_quote74_col7.csv,0.0048863887786865234
row_extra_quote51_col8.csv,0.0050525665283203125
row_more_sep_row49_col7.csv,0.004851102828979492
row_more_sep_row22_col4.csv,0.004794597625732422
row_more_sep_row7_col8.csv,0.0048236846923828125
row_less_sep_row59_col1.csv,0.00489044189453125
row_more_sep_row77_col0.csv,0.0048029422760009766
row_more_sep_row59_col0.csv,0.004884243011474609
row_more_sep_row15_col6.csv,0.004840373992919922
row_less_sep_row3_col6.csv,0.0050542354583740234
row_more_sep_row54_col5.csv,0.00485539436340332
row_more_sep_row34_col5.csv,0.0048828125
row_extra_quote56_col5.csv,0.00492095947265625
row_more_sep_row10_col4.csv,0.0048215389251708984
row_extra_quote48_col4.csv,0.0050318241119384766
row_more_sep_row2_col5.csv,0.004889726638793945
row_less_sep_row53_col5.csv,0.004847526550292969
row_more_sep_row9_col3.csv,0.004883527755737305
row_less_sep_row13_col4.csv,0.004941463470458984
row_more_sep_row71_col6.csv,0.004750967025756836
row_less_sep_row83_col5.csv,0.0048410892486572266
row_extra_quote64_col2.csv,0.00493621826171875
row_less_sep_row53_col2.csv,0.004909038543701172
row_extra_quote26_col8.csv,0.00522923469543457
row_less_sep_row64_col1.csv,0.005172014236450195
row_extra_quote72_col8.csv,0.005182504653930664
row_extra_quote43_col0.csv,0.00521087646484375
row_extra_quote14_col1.csv,0.005373716354370117
row_more_sep_row75_col1.csv,0.00506138801574707
row_less_sep_row46_col7.csv,0.006239652633666992
row_field_delimiter_66_0x20.csv,0.004939556121826172
row_extra_quote17_col2.csv,0.004910945892333984
row_more_sep_row66_col6.csv,0.005385160446166992
row_extra_quote14_col5.csv,0.005124330520629883
row_more_sep_row61_col7.csv,0.005006074905395508
row_extra_quote3_col2.csv,0.005084037780761719
row_more_sep_row68_col0.csv,0.004868268966674805
row_less_sep_row53_col7.csv,0.004929542541503906
row_more_sep_row42_col7.csv,0.00490880012512207
row_more_sep_row2_col6.csv,0.004919290542602539
row_less_sep_row16_col4.csv,0.004793405532836914
row_extra_quote13_col4.csv,0.004949092864990234
row_less_sep_row19_col8.csv,0.005001068115234375
row_less_sep_row52_col2.csv,0.005010366439819336
row_extra_quote2_col4.csv,0.004820823669433594
row_less_sep_row57_col8.csv,0.004955291748046875
row_field_delimiter_11_0x20.csv,0.0049686431884765625
row_less_sep_row38_col8.csv,0.0051860809326171875
file_multitable_same.csv,0.01502680778503418
row_extra_quote50_col2.csv,0.00494694709777832
file_one_data_row.csv,0.00014257431030273438
row_less_sep_row55_col3.csv,0.004810333251953125
row_more_sep_row22_col2.csv,0.00516200065612793
row_more_sep_row66_col3.csv,0.004848480224609375
row_more_sep_row45_col7.csv,0.004937887191772461
row_less_sep_row44_col7.csv,0.004838705062866211
row_more_sep_row55_col3.csv,0.004906892776489258
row_more_sep_row14_col2.csv,0.004816293716430664
row_extra_quote29_col6.csv,0.004903316497802734
row_more_sep_row61_col3.csv,0.0048563480377197266
row_more_sep_row80_col4.csv,0.00487208366394043
row_extra_quote18_col8.csv,0.0049571990966796875
row_more_sep_row69_col5.csv,0.00480961799621582
row_extra_quote33_col6.csv,0.004888057708740234
row_extra_quote4_col8.csv,0.0050563812255859375
row_less_sep_row14_col8.csv,0.004868030548095703
row_extra_quote61_col6.csv,0.004912853240966797
row_extra_quote25_col5.csv,0.005129098892211914
row_less_sep_row9_col1.csv,0.004980802536010742
row_extra_quote2_col5.csv,0.0048906803131103516
row_less_sep_row9_col4.csv,0.00582432746887207
row_less_sep_row52_col3.csv,0.005033731460571289
row_extra_quote82_col2.csv,0.005179882049560547
row_more_sep_row32_col2.csv,0.0060231685638427734
row_more_sep_row13_col5.csv,0.005621194839477539
row_more_sep_row45_col2.csv,0.005921840667724609
row_more_sep_row64_col4.csv,0.005712270736694336
row_more_sep_row47_col6.csv,0.005450010299682617
row_less_sep_row51_col8.csv,0.0056035518646240234
row_more_sep_row82_col6.csv,0.0053021907806396484
row_less_sep_row51_col1.csv,0.005206584930419922
row_more_sep_row9_col0.csv,0.005396842956542969
row_extra_quote65_col0.csv,0.005404472351074219
row_less_sep_row47_col5.csv,0.005097627639770508
row_field_delimiter_25_0x20.csv,0.004995584487915039
row_less_sep_row27_col7.csv,0.0050201416015625
file_multitable_less.csv,0.015418291091918945
row_more_sep_row11_col7.csv,0.004772186279296875
row_more_sep_row64_col8.csv,0.0050678253173828125
row_more_sep_row11_col3.csv,0.005184173583984375
row_more_sep_row62_col1.csv,0.005174160003662109
row_extra_quote15_col7.csv,0.004759788513183594
row_more_sep_row68_col7.csv,0.00498652458190918
row_more_sep_row66_col1.csv,0.00481867790222168
row_less_sep_row65_col1.csv,0.005090236663818359
row_more_sep_row51_col7.csv,0.005149364471435547
row_extra_quote6_col1.csv,0.0049860477447509766
row_extra_quote49_col6.csv,0.005095481872558594
row_more_sep_row81_col7.csv,0.005173683166503906
row_more_sep_row0_col6.csv,0.005097389221191406
row_less_sep_row68_col6.csv,0.0051038265228271484
row_less_sep_row74_col6.csv,0.00490117073059082
row_more_sep_row14_col4.csv,0.0050563812255859375
row_extra_quote42_col1.csv,0.005020618438720703
row_extra_quote10_col8.csv,0.0049591064453125
row_extra_quote11_col0.csv,0.004895448684692383
row_more_sep_row35_col1.csv,0.0049016475677490234
row_less_sep_row32_col5.csv,0.0046749114990234375
row_more_sep_row73_col3.csv,0.004821300506591797
row_extra_quote43_col8.csv,0.0049436092376708984
row_more_sep_row21_col3.csv,0.004930257797241211
row_extra_quote78_col3.csv,0.004828691482543945
row_less_sep_row32_col3.csv,0.004836559295654297
row_less_sep_row66_col6.csv,0.004927396774291992
row_less_sep_row0_col2.csv,0.004699230194091797
row_more_sep_row49_col3.csv,0.004903554916381836
row_extra_quote43_col6.csv,0.004909038543701172
row_less_sep_row43_col7.csv,0.004836559295654297
row_extra_quote26_col7.csv,0.004452228546142578
row_field_delimiter_26_0x20.csv,0.004790067672729492
row_more_sep_row46_col8.csv,0.004800081253051758
row_extra_quote52_col1.csv,0.004876136779785156
row_more_sep_row75_col6.csv,0.004834890365600586
row_less_sep_row56_col5.csv,0.0047473907470703125
row_extra_quote2_col8.csv,0.005152702331542969
row_extra_quote8_col5.csv,0.004848003387451172
row_more_sep_row70_col8.csv,0.004813432693481445
row_more_sep_row43_col1.csv,0.004942417144775391
row_more_sep_row24_col4.csv,0.004889965057373047
row_extra_quote56_col0.csv,0.004781246185302734
row_more_sep_row41_col7.csv,0.004792213439941406
row_more_sep_row22_col8.csv,0.0048449039459228516
row_extra_quote73_col5.csv,0.004624366760253906
row_more_sep_row71_col5.csv,0.004774332046508789
row_more_sep_row32_col3.csv,0.004889726638793945
row_extra_quote63_col6.csv,0.0047032833099365234
row_less_sep_row8_col3.csv,0.00467228889465332
row_more_sep_row16_col2.csv,0.0048313140869140625
row_more_sep_row75_col5.csv,0.004678010940551758
row_more_sep_row1_col3.csv,0.00480198860168457
row_less_sep_row80_col8.csv,0.004808902740478516
row_more_sep_row29_col3.csv,0.0047152042388916016
row_less_sep_row11_col5.csv,0.004831790924072266
row_field_delimiter_49_0x20.csv,0.004775047302246094
row_extra_quote39_col8.csv,0.004759550094604492
row_less_sep_row57_col3.csv,0.0048198699951171875
row_less_sep_row7_col5.csv,0.005123615264892578
row_less_sep_row82_col3.csv,0.004751920700073242
row_extra_quote0_col2.csv,0.004885673522949219
row_less_sep_row11_col8.csv,0.004816770553588867
row_less_sep_row58_col8.csv,0.004808187484741211
row_more_sep_row11_col8.csv,0.004776954650878906
row_more_sep_row23_col3.csv,0.005750179290771484
row_less_sep_row32_col2.csv,0.006764888763427734
row_less_sep_row22_col8.csv,0.006823062896728516
row_less_sep_row42_col1.csv,0.006856203079223633
row_more_sep_row70_col1.csv,0.006519317626953125
row_less_sep_row5_col3.csv,0.005074262619018555
row_extra_quote18_col5.csv,0.005156993865966797
row_less_sep_row64_col3.csv,0.004845857620239258
row_field_delimiter_39_0x20.csv,0.004887819290161133
row_extra_quote38_col2.csv,0.005331993103027344
row_less_sep_row15_col3.csv,0.00481867790222168
row_extra_quote21_col8.csv,0.005144834518432617
row_less_sep_row54_col7.csv,0.004651546478271484
row_extra_quote52_col2.csv,0.004918813705444336
row_less_sep_row79_col4.csv,0.004898786544799805
row_more_sep_row58_col7.csv,0.005243062973022461
row_extra_quote63_col7.csv,0.004701375961303711
row_extra_quote63_col2.csv,0.005197286605834961
row_less_sep_row20_col7.csv,0.004904747009277344
row_extra_quote33_col0.csv,0.004945278167724609
row_more_sep_row33_col0.csv,0.005308866500854492
row_extra_quote26_col6.csv,0.00491023063659668
row_less_sep_row45_col6.csv,0.00529026985168457
row_more_sep_row55_col8.csv,0.004982709884643555
row_less_sep_row26_col2.csv,0.004871845245361328
row_more_sep_row58_col3.csv,0.004826784133911133
row_more_sep_row72_col8.csv,0.004669904708862305
row_extra_quote82_col5.csv,0.005084514617919922
row_more_sep_row45_col0.csv,0.004953622817993164
row_extra_quote37_col1.csv,0.005138874053955078
row_more_sep_row16_col6.csv,0.004652976989746094
row_more_sep_row63_col5.csv,0.0049664974212646484
row_extra_quote54_col5.csv,0.004747867584228516
row_more_sep_row2_col8.csv,0.004918098449707031
row_extra_quote58_col6.csv,0.005196332931518555
row_less_sep_row16_col8.csv,0.0048868656158447266
row_less_sep_row64_col6.csv,0.005171298980712891
row_less_sep_row36_col5.csv,0.0050580501556396484
row_less_sep_row29_col6.csv,0.00524139404296875
row_more_sep_row0_col0.csv,0.004999399185180664
row_less_sep_row59_col4.csv,0.004798412322998047
row_less_sep_row14_col6.csv,0.004982948303222656
row_more_sep_row16_col7.csv,0.004940509796142578
row_less_sep_row60_col4.csv,0.005269765853881836
row_less_sep_row8_col8.csv,0.005068063735961914
row_less_sep_row5_col4.csv,0.005769014358520508
row_more_sep_row73_col5.csv,0.005170106887817383
row_extra_quote10_col2.csv,0.0052220821380615234
row_extra_quote67_col8.csv,0.005228996276855469
row_extra_quote79_col4.csv,0.0052149295806884766
row_less_sep_row71_col3.csv,0.0051119327545166016
row_extra_quote32_col0.csv,0.004914999008178711
row_extra_quote39_col1.csv,0.005196809768676758
row_extra_quote31_col4.csv,0.005014657974243164
row_more_sep_row54_col4.csv,0.004886150360107422
row_extra_quote77_col2.csv,0.005074024200439453
row_more_sep_row58_col5.csv,0.006014585494995117
row_more_sep_row46_col1.csv,0.005848407745361328
row_less_sep_row69_col7.csv,0.005425214767456055
row_less_sep_row25_col5.csv,0.005233049392700195
row_less_sep_row7_col7.csv,0.0052700042724609375
row_extra_quote52_col5.csv,0.0051805973052978516
file_no_header.csv,0.004976749420166016
row_more_sep_row80_col2.csv,0.005582094192504883
row_less_sep_row72_col6.csv,0.004985809326171875
row_extra_quote17_col6.csv,0.004984855651855469
row_extra_quote65_col2.csv,0.005997657775878906
row_field_delimiter_12_0x20.csv,0.00517582893371582
row_more_sep_row77_col8.csv,0.004896640777587891
row_less_sep_row55_col4.csv,0.0048525333404541016
row_extra_quote28_col8.csv,0.004880189895629883
row_less_sep_row71_col5.csv,0.0048444271087646484
row_extra_quote32_col6.csv,0.005018711090087891
row_extra_quote12_col6.csv,0.004850864410400391
row_less_sep_row17_col5.csv,0.004782199859619141
row_less_sep_row74_col4.csv,0.004850625991821289
row_more_sep_row12_col6.csv,0.004900693893432617
row_more_sep_row30_col8.csv,0.004727840423583984
row_less_sep_row75_col1.csv,0.005280733108520508
row_extra_quote9_col1.csv,0.004918813705444336
row_extra_quote8_col8.csv,0.004908323287963867
row_more_sep_row40_col4.csv,0.004834413528442383
row_less_sep_row10_col4.csv,0.0049932003021240234
row_extra_quote45_col4.csv,0.004642009735107422
row_more_sep_row27_col2.csv,0.005354881286621094
row_less_sep_row45_col4.csv,0.004700899124145508
row_extra_quote34_col1.csv,0.004843950271606445
row_less_sep_row66_col8.csv,0.004812717437744141
row_more_sep_row79_col4.csv,0.004802227020263672
row_more_sep_row27_col0.csv,0.004830837249755859
row_less_sep_row13_col1.csv,0.005994081497192383
row_less_sep_row0_col5.csv,0.005038261413574219
row_less_sep_row47_col7.csv,0.004814624786376953
row_more_sep_row1_col7.csv,0.004751443862915039
row_field_delimiter_13_0x20.csv,0.004904270172119141
row_less_sep_row10_col6.csv,0.004498720169067383
row_field_delimiter_20_0x20.csv,0.005261659622192383
row_more_sep_row61_col2.csv,0.004857301712036133
row_less_sep_row11_col7.csv,0.00482177734375
row_less_sep_row21_col6.csv,0.004592180252075195
row_more_sep_row21_col1.csv,0.005177736282348633
row_less_sep_row3_col3.csv,0.004920482635498047
row_extra_quote70_col6.csv,0.0049092769622802734
row_more_sep_row13_col8.csv,0.00504302978515625
row_more_sep_row39_col3.csv,0.0048980712890625
row_less_sep_row46_col1.csv,0.00490570068359375
row_less_sep_row27_col5.csv,0.0048444271087646484
row_more_sep_row55_col0.csv,0.004824161529541016
row_extra_quote24_col5.csv,0.005093812942504883
row_extra_quote49_col4.csv,0.005412578582763672
row_extra_quote70_col1.csv,0.00509190559387207
row_extra_quote26_col1.csv,0.006013631820678711
row_less_sep_row80_col7.csv,0.007215023040771484
row_more_sep_row46_col5.csv,0.007817506790161133
row_less_sep_row77_col8.csv,0.007268428802490234
row_more_sep_row17_col3.csv,0.00748133659362793
row_extra_quote37_col4.csv,0.007065296173095703
row_more_sep_row80_col3.csv,0.008271217346191406
row_less_sep_row47_col1.csv,0.0078277587890625
row_extra_quote4_col2.csv,0.007265806198120117
row_less_sep_row24_col2.csv,0.0070726871490478516
row_more_sep_row63_col6.csv,0.007676362991333008
row_extra_quote1_col8.csv,0.005682945251464844
row_less_sep_row40_col3.csv,0.004805564880371094
row_less_sep_row52_col8.csv,0.00493168830871582
row_less_sep_row38_col6.csv,0.004663228988647461
row_extra_quote45_col1.csv,0.004842996597290039
row_more_sep_row58_col2.csv,0.005263328552246094
row_less_sep_row48_col8.csv,0.0048983097076416016
row_more_sep_row40_col5.csv,0.004880189895629883
row_extra_quote48_col7.csv,0.004471302032470703
row_more_sep_row18_col2.csv,0.005273342132568359
row_more_sep_row53_col1.csv,0.004951953887939453
row_more_sep_row20_col4.csv,0.00503230094909668
row_more_sep_row40_col3.csv,0.004896402359008789
row_extra_quote5_col4.csv,0.004883527755737305
row_extra_quote70_col4.csv,0.004971504211425781
row_less_sep_row48_col3.csv,0.004870176315307617
row_extra_quote24_col8.csv,0.004828453063964844
row_more_sep_row37_col8.csv,0.005113124847412109
row_more_sep_row64_col3.csv,0.004954099655151367
row_less_sep_row3_col4.csv,0.004964590072631836
row_more_sep_row65_col7.csv,0.005002260208129883
row_more_sep_row42_col3.csv,0.005173683166503906
row_extra_quote14_col8.csv,0.005234718322753906
row_less_sep_row45_col3.csv,0.00557708740234375
row_extra_quote43_col2.csv,0.005550384521484375
row_less_sep_row67_col3.csv,0.005575656890869141
row_more_sep_row69_col4.csv,0.0052602291107177734
row_less_sep_row66_col5.csv,0.005322933197021484
row_more_sep_row67_col0.csv,0.005059003829956055
row_extra_quote81_col8.csv,0.005060911178588867
row_less_sep_row32_col6.csv,0.0049991607666015625
row_less_sep_row28_col1.csv,0.0052013397216796875
row_more_sep_row65_col0.csv,0.005081653594970703
row_extra_quote28_col4.csv,0.005094051361083984
row_more_sep_row53_col2.csv,0.004961490631103516
row_extra_quote67_col3.csv,0.004976987838745117
row_extra_quote20_col4.csv,0.004993915557861328
row_more_sep_row48_col3.csv,0.005254268646240234
row_less_sep_row45_col8.csv,0.004979848861694336
row_less_sep_row62_col4.csv,0.005092620849609375
row_less_sep_row20_col4.csv,0.005050182342529297
row_less_sep_row41_col1.csv,0.0048830509185791016
row_less_sep_row57_col4.csv,0.004969596862792969
row_more_sep_row51_col8.csv,0.0053637027740478516
row_less_sep_row37_col1.csv,0.00484013557434082
row_more_sep_row6_col2.csv,0.004775047302246094
row_more_sep_row26_col6.csv,0.004974365234375
row_less_sep_row27_col3.csv,0.0048635005950927734
row_extra_quote1_col7.csv,0.004606008529663086
row_extra_quote40_col7.csv,0.004745960235595703
row_more_sep_row71_col1.csv,0.005086183547973633
row_extra_quote80_col4.csv,0.0048029422760009766
row_extra_quote51_col6.csv,0.004711627960205078
row_extra_quote43_col3.csv,0.00468897819519043
row_more_sep_row2_col1.csv,0.004924774169921875
row_extra_quote53_col5.csv,0.0049669742584228516
row_less_sep_row63_col2.csv,0.005141496658325195
row_extra_quote18_col3.csv,0.004911184310913086
row_less_sep_row0_col4.csv,0.0049114227294921875
row_less_sep_row13_col3.csv,0.004980325698852539
row_more_sep_row27_col8.csv,0.005141019821166992
row_extra_quote65_col6.csv,0.004892110824584961
row_less_sep_row75_col8.csv,0.004872322082519531
row_more_sep_row25_col0.csv,0.005054473876953125
row_less_sep_row37_col4.csv,0.004850864410400391
row_extra_quote68_col1.csv,0.004767179489135742
row_less_sep_row35_col7.csv,0.005086421966552734
row_more_sep_row46_col6.csv,0.004932880401611328
row_extra_quote57_col8.csv,0.004894256591796875
row_more_sep_row44_col5.csv,0.004856109619140625
row_extra_quote5_col3.csv,0.005131244659423828
file_field_delimiter_0x20.csv,0.0055866241455078125
row_more_sep_row39_col6.csv,0.0048906803131103516
row_extra_quote7_col3.csv,0.0050983428955078125
row_less_sep_row23_col5.csv,0.005024909973144531
row_more_sep_row36_col1.csv,0.00498652458190918
row_less_sep_row77_col3.csv,0.0049169063568115234
row_field_delimiter_17_0x20.csv,0.004811286926269531
row_less_sep_row47_col4.csv,0.004835605621337891
row_less_sep_row43_col1.csv,0.004889965057373047
row_more_sep_row64_col0.csv,0.0048787593841552734
row_extra_quote58_col0.csv,0.005098819732666016
row_less_sep_row29_col4.csv,0.005022287368774414
row_more_sep_row82_col1.csv,0.0049364566802978516
row_less_sep_row76_col2.csv,0.00501561164855957
row_less_sep_row64_col8.csv,0.0050318241119384766
row_less_sep_row22_col6.csv,0.00472259521484375
row_extra_quote80_col8.csv,0.00532078742980957
row_extra_quote9_col0.csv,0.0051767826080322266
row_less_sep_row22_col7.csv,0.0048503875732421875
row_more_sep_row35_col4.csv,0.0051462650299072266
row_more_sep_row69_col0.csv,0.004961967468261719
row_more_sep_row54_col0.csv,0.004843711853027344
row_more_sep_row64_col6.csv,0.005866050720214844
row_field_delimiter_15_0x20.csv,0.004781007766723633
row_more_sep_row68_col4.csv,0.004991769790649414
row_less_sep_row63_col6.csv,0.00514531135559082
row_extra_quote39_col0.csv,0.005023002624511719
row_more_sep_row77_col3.csv,0.004964113235473633
row_extra_quote39_col2.csv,0.006172657012939453
row_less_sep_row26_col6.csv,0.0069696903228759766
row_more_sep_row19_col2.csv,0.006830453872680664
row_more_sep_row65_col6.csv,0.007089138031005859
row_more_sep_row72_col7.csv,0.006938934326171875
row_less_sep_row80_col3.csv,0.004900693893432617
