filename,llm_hybrid_parser_gpt_5_4_mini_duckdb_special_prompt_time_0
row_extra_quote80_col1.csv,0.5773138999938965
row_less_sep_row57_col2.csv,0.15131926536560059
row_extra_quote57_col2.csv,0.1533656120300293
row_extra_quote33_col5.csv,0.1560671329498291
row_less_sep_row81_col5.csv,0.1586921215057373
row_less_sep_row2_col7.csv,0.15564990043640137
row_less_sep_row67_col4.csv,0.14851999282836914
row_less_sep_row21_col4.csv,0.15657830238342285
row_more_sep_row17_col6.csv,0.1484837532043457
row_less_sep_row56_col2.csv,0.14896726608276367
row_more_sep_row57_col2.csv,0.1481776237487793
row_extra_quote14_col4.csv,0.15274786949157715
row_less_sep_row61_col6.csv,0.0987546443939209
row_extra_quote20_col6.csv,0.1489720344543457
row_extra_quote74_col3.csv,0.1491093635559082
row_extra_quote53_col7.csv,0.15230464935302734
row_less_sep_row34_col6.csv,0.15292930603027344
row_more_sep_row5_col3.csv,0.14606118202209473
row_more_sep_row10_col0.csv,0.10958552360534668
row_less_sep_row2_col2.csv,0.15114688873291016
row_more_sep_row61_col5.csv,0.14842915534973145
row_extra_quote12_col5.csv,0.15642285346984863
row_less_sep_row47_col2.csv,0.15581607818603516
row_more_sep_row13_col2.csv,0.14702916145324707
row_extra_quote41_col1.csv,0.153594970703125
row_more_sep_row37_col5.csv,0.14952540397644043
row_extra_quote58_col4.csv,0.15203642845153809
row_extra_quote6_col8.csv,0.15875720977783203
row_more_sep_row2_col4.csv,0.1512749195098877
row_more_sep_row76_col5.csv,0.1443319320678711
row_extra_quote75_col8.csv,0.15513134002685547
row_extra_quote16_col6.csv,0.1501154899597168
row_less_sep_row25_col7.csv,0.14685368537902832
row_extra_quote3_col1.csv,0.1599268913269043
row_less_sep_row44_col6.csv,0.15154528617858887
row_more_sep_row8_col5.csv,0.1465773582458496
row_more_sep_row31_col8.csv,0.10911870002746582
row_more_sep_row5_col6.csv,0.1498394012451172
row_extra_quote59_col8.csv,0.15690279006958008
row_less_sep_row41_col6.csv,0.14735007286071777
row_extra_quote53_col8.csv,0.15713119506835938
row_more_sep_row3_col1.csv,0.1463465690612793
row_more_sep_row81_col1.csv,0.14860081672668457
row_extra_quote44_col7.csv,0.1531691551208496
row_extra_quote41_col5.csv,0.15607309341430664
row_more_sep_row74_col5.csv,0.1418437957763672
row_more_sep_row28_col0.csv,0.10645508766174316
row_more_sep_row47_col5.csv,0.1480252742767334
row_more_sep_row44_col4.csv,0.14583063125610352
row_more_sep_row51_col6.csv,0.14245367050170898
row_more_sep_row32_col1.csv,0.1541733741760254
row_extra_quote46_col3.csv,0.1529388427734375
row_extra_quote56_col2.csv,0.1495833396911621
row_more_sep_row30_col6.csv,0.15184712409973145
row_less_sep_row69_col4.csv,0.153045654296875
row_extra_quote0_col0.csv,0.13295435905456543
row_more_sep_row30_col2.csv,0.1471095085144043
row_more_sep_row14_col8.csv,0.1471729278564453
row_less_sep_row54_col2.csv,0.15862798690795898
row_less_sep_row31_col5.csv,0.15207719802856445
row_extra_quote30_col0.csv,0.1523442268371582
row_more_sep_row60_col1.csv,0.1450183391571045
row_extra_quote10_col3.csv,0.1509091854095459
row_less_sep_row6_col5.csv,0.15641355514526367
row_less_sep_row39_col2.csv,0.15714144706726074
row_less_sep_row46_col8.csv,0.1547994613647461
row_extra_quote76_col5.csv,0.1576061248779297
row_extra_quote31_col8.csv,0.15288496017456055
row_extra_quote56_col8.csv,0.1513509750366211
row_less_sep_row48_col7.csv,0.15926313400268555
row_more_sep_row8_col2.csv,0.1546156406402588
row_less_sep_row83_col8.csv,-2.77559494972229
row_more_sep_row68_col3.csv,0.1462726593017578
row_more_sep_row0_col7.csv,0.14702153205871582
row_less_sep_row79_col2.csv,0.14160776138305664
row_less_sep_row4_col7.csv,0.14345026016235352
row_more_sep_row80_col1.csv,0.1473841667175293
row_less_sep_row13_col5.csv,0.15449976921081543
row_more_sep_row22_col3.csv,0.1014108657836914
row_less_sep_row58_col2.csv,0.1405797004699707
row_more_sep_row43_col5.csv,0.14504098892211914
row_extra_quote37_col0.csv,0.14278578758239746
row_extra_quote17_col1.csv,0.14222359657287598
row_extra_quote38_col0.csv,0.15388083457946777
row_less_sep_row37_col6.csv,0.15618038177490234
row_extra_quote16_col8.csv,0.1562976837158203
row_less_sep_row15_col5.csv,0.15078234672546387
row_less_sep_row15_col1.csv,0.1504991054534912
row_less_sep_row67_col5.csv,0.15603184700012207
row_less_sep_row12_col8.csv,0.15427184104919434
row_extra_quote45_col8.csv,0.15204548835754395
row_field_delimiter_29_0x20.csv,0.15196967124938965
row_field_delimiter_67_0x20.csv,0.15663719177246094
row_less_sep_row53_col6.csv,0.09940004348754883
row_more_sep_row60_col0.csv,0.14772534370422363
row_extra_quote70_col8.csv,0.15886354446411133
row_extra_quote22_col6.csv,0.15533685684204102
row_extra_quote20_col5.csv,0.15323591232299805
row_less_sep_row68_col3.csv,0.15541434288024902
row_less_sep_row59_col7.csv,0.1515953540802002
row_more_sep_row77_col2.csv,0.14588618278503418
row_more_sep_row82_col4.csv,0.152724027633667
row_more_sep_row61_col4.csv,0.14934659004211426
row_less_sep_row54_col1.csv,0.1503760814666748
row_extra_quote56_col4.csv,0.15542387962341309
row_more_sep_row33_col3.csv,0.1470026969909668
row_extra_quote57_col6.csv,0.15340209007263184
row_more_sep_row19_col0.csv,0.1074821949005127
row_more_sep_row23_col6.csv,0.14792394638061523
row_less_sep_row21_col2.csv,0.14980340003967285
row_more_sep_row66_col5.csv,0.15032649040222168
row_extra_quote5_col2.csv,0.15374350547790527
row_less_sep_row4_col2.csv,0.15269899368286133
row_less_sep_row10_col1.csv,0.15458035469055176
row_extra_quote1_col3.csv,0.1558847427368164
row_extra_quote69_col3.csv,0.1537942886352539
row_more_sep_row38_col8.csv,0.11021542549133301
row_extra_quote32_col8.csv,0.15598106384277344
row_extra_quote58_col3.csv,0.15367412567138672
row_extra_quote79_col0.csv,0.15304803848266602
row_extra_quote68_col2.csv,0.15364694595336914
row_more_sep_row80_col5.csv,0.14742040634155273
row_extra_quote33_col8.csv,0.1529085636138916
row_less_sep_row37_col7.csv,0.1540670394897461
row_field_delimiter_38_0x20.csv,0.11295413970947266
row_field_delimiter_5_0x20.csv,0.15260601043701172
row_extra_quote32_col1.csv,0.14943408966064453
row_more_sep_row81_col2.csv,0.1469874382019043
row_more_sep_row21_col5.csv,0.15007495880126953
row_extra_quote41_col0.csv,0.15172672271728516
row_less_sep_row30_col8.csv,0.15332794189453125
row_less_sep_row74_col3.csv,0.15201282501220703
row_more_sep_row53_col6.csv,0.14377236366271973
row_less_sep_row9_col5.csv,0.10342168807983398
row_extra_quote34_col4.csv,0.15353846549987793
row_more_sep_row68_col5.csv,0.14742350578308105
row_extra_quote71_col6.csv,0.1486506462097168
row_extra_quote9_col6.csv,0.15807485580444336
row_more_sep_row80_col8.csv,0.1086280345916748
row_more_sep_row4_col6.csv,0.14512968063354492
row_extra_quote61_col3.csv,0.14632010459899902
row_less_sep_row4_col4.csv,0.15501880645751953
row_more_sep_row67_col8.csv,0.11078906059265137
row_more_sep_row61_col8.csv,0.10924100875854492
row_more_sep_row47_col2.csv,0.14744329452514648
row_field_delimiter_21_0x20.csv,0.1489243507385254
row_extra_quote28_col7.csv,0.15656280517578125
row_less_sep_row36_col4.csv,0.15296554565429688
row_extra_quote36_col7.csv,0.15116572380065918
row_more_sep_row82_col8.csv,0.10904073715209961
row_more_sep_row9_col7.csv,0.15143585205078125
row_extra_quote7_col5.csv,0.1574418544769287
row_more_sep_row31_col3.csv,0.14562582969665527
row_less_sep_row28_col8.csv,0.15357398986816406
row_less_sep_row65_col2.csv,0.1524035930633545
row_more_sep_row34_col4.csv,0.14588022232055664
row_less_sep_row23_col4.csv,0.1509392261505127
row_more_sep_row66_col0.csv,0.15040898323059082
row_less_sep_row15_col7.csv,0.1518702507019043
row_less_sep_row18_col5.csv,0.09993672370910645
row_field_delimiter_55_0x20.csv,0.1571483612060547
row_less_sep_row56_col6.csv,0.1523120403289795
row_field_delimiter_22_0x20.csv,0.14908146858215332
row_less_sep_row36_col3.csv,0.1570286750793457
row_less_sep_row3_col5.csv,0.15258407592773438
row_more_sep_row10_col7.csv,0.1436460018157959
row_extra_quote63_col8.csv,0.15761899948120117
row_less_sep_row82_col5.csv,0.15781235694885254
row_less_sep_row19_col4.csv,0.1504230499267578
row_more_sep_row79_col5.csv,0.15350699424743652
row_extra_quote79_col8.csv,0.15291213989257812
row_less_sep_row49_col7.csv,0.1522688865661621
row_extra_quote30_col3.csv,0.15813851356506348
row_less_sep_row5_col1.csv,0.14580941200256348
row_less_sep_row76_col1.csv,0.15300464630126953
row_more_sep_row80_col7.csv,0.1478595733642578
row_less_sep_row75_col6.csv,0.15363788604736328
row_more_sep_row64_col5.csv,0.14496159553527832
row_extra_quote23_col5.csv,0.15382027626037598
row_more_sep_row11_col0.csv,0.14613103866577148
row_more_sep_row30_col7.csv,0.14635348320007324
row_less_sep_row82_col8.csv,0.1604609489440918
row_less_sep_row33_col2.csv,0.15484857559204102
row_extra_quote46_col5.csv,0.14681410789489746
row_field_delimiter_44_0x20.csv,0.15745162963867188
row_less_sep_row69_col1.csv,0.15254831314086914
row_extra_quote4_col3.csv,0.14750099182128906
row_more_sep_row69_col2.csv,0.1470489501953125
row_more_sep_row45_col8.csv,0.10665297508239746
row_field_delimiter_1_0x20.csv,0.14876985549926758
row_more_sep_row50_col5.csv,0.14310598373413086
row_less_sep_row16_col3.csv,0.15702342987060547
row_more_sep_row28_col1.csv,0.14397478103637695
row_more_sep_row82_col0.csv,0.14516067504882812
row_less_sep_row22_col5.csv,0.10293412208557129
row_less_sep_row51_col5.csv,0.15531373023986816
row_extra_quote83_col7.csv,0.15174531936645508
row_extra_quote41_col7.csv,0.14840435981750488
row_more_sep_row62_col3.csv,0.15034818649291992
row_more_sep_row73_col6.csv,0.14863848686218262
row_more_sep_row71_col4.csv,0.14532995223999023
row_less_sep_row20_col3.csv,0.155958890914917
row_less_sep_row70_col7.csv,0.15762543678283691
row_less_sep_row78_col6.csv,0.1477053165435791
row_less_sep_row18_col7.csv,0.1551506519317627
row_extra_quote55_col0.csv,0.15482187271118164
row_extra_quote71_col5.csv,0.15166234970092773
row_less_sep_row35_col4.csv,0.1528322696685791
row_extra_quote19_col5.csv,0.1558675765991211
row_extra_quote41_col4.csv,0.15042877197265625
row_more_sep_row58_col8.csv,0.10935544967651367
row_more_sep_row46_col4.csv,0.15148615837097168
row_more_sep_row13_col3.csv,0.14830660820007324
row_extra_quote78_col1.csv,0.15397357940673828
row_extra_quote57_col7.csv,0.16207194328308105
row_extra_quote59_col3.csv,0.15032029151916504
row_more_sep_row29_col2.csv,0.10939812660217285
row_more_sep_row57_col8.csv,0.10804390907287598
row_more_sep_row80_col6.csv,0.1485614776611328
row_more_sep_row52_col6.csv,0.14718961715698242
row_extra_quote80_col0.csv,0.15287160873413086
row_extra_quote66_col3.csv,0.15126729011535645
row_more_sep_row83_col8.csv,0.10983657836914062
row_less_sep_row37_col2.csv,0.15312623977661133
row_less_sep_row78_col8.csv,0.15282154083251953
row_more_sep_row26_col4.csv,0.14514994621276855
row_extra_quote67_col2.csv,0.15489411354064941
row_less_sep_row69_col6.csv,0.15487360954284668
row_extra_quote3_col4.csv,0.15262198448181152
row_more_sep_row74_col1.csv,0.10942840576171875
row_extra_quote47_col4.csv,0.1595613956451416
row_extra_quote53_col3.csv,0.15572309494018555
row_extra_quote79_col1.csv,0.16224002838134766
row_more_sep_row53_col5.csv,0.14715862274169922
row_less_sep_row79_col7.csv,0.15136194229125977
row_extra_quote1_col6.csv,0.14944958686828613
row_less_sep_row62_col8.csv,0.15858125686645508
row_more_sep_row25_col6.csv,0.14836788177490234
row_extra_quote56_col3.csv,0.15032577514648438
row_extra_quote32_col2.csv,0.15772747993469238
row_more_sep_row25_col5.csv,0.10846710205078125
row_more_sep_row6_col0.csv,0.14575481414794922
row_extra_quote62_col7.csv,0.15137887001037598
row_more_sep_row38_col0.csv,0.11072707176208496
row_less_sep_row71_col2.csv,0.1516411304473877
row_more_sep_row28_col6.csv,0.14980530738830566
row_extra_quote58_col2.csv,0.15227746963500977
row_extra_quote11_col4.csv,0.15898442268371582
row_extra_quote11_col2.csv,0.1521923542022705
row_more_sep_row25_col7.csv,0.14190220832824707
row_extra_quote30_col7.csv,0.15479254722595215
row_less_sep_row13_col2.csv,0.14955353736877441
row_field_delimiter_31_0x20.csv,0.14954757690429688
row_field_delimiter_4_0x20.csv,0.15414810180664062
row_more_sep_row18_col8.csv,0.1092529296875
row_more_sep_row48_col0.csv,0.15075325965881348
row_more_sep_row2_col3.csv,0.14796853065490723
row_less_sep_row51_col4.csv,0.15866470336914062
row_less_sep_row24_col8.csv,0.1549384593963623
row_more_sep_row7_col7.csv,0.1448655128479004
row_more_sep_row37_col4.csv,0.15168213844299316
row_more_sep_row67_col7.csv,0.14513659477233887
row_less_sep_row30_col5.csv,0.10053730010986328
row_less_sep_row80_col6.csv,0.15433740615844727
row_extra_quote37_col5.csv,0.15516972541809082
row_more_sep_row15_col2.csv,0.11034417152404785
row_more_sep_row5_col5.csv,0.16316461563110352
row_more_sep_row15_col0.csv,0.1193094253540039
row_more_sep_row63_col4.csv,0.15345191955566406
row_more_sep_row83_col2.csv,0.1485002040863037
row_extra_quote47_col5.csv,0.15503549575805664
row_less_sep_row11_col6.csv,0.15500283241271973
row_more_sep_row14_col7.csv,0.1633462905883789
row_less_sep_row60_col1.csv,0.17804718017578125
row_extra_quote64_col8.csv,0.15784215927124023
row_less_sep_row77_col1.csv,0.1599280834197998
row_extra_quote23_col1.csv,0.16086697578430176
row_extra_quote70_col3.csv,0.16251468658447266
row_more_sep_row50_col4.csv,0.15716934204101562
row_less_sep_row2_col4.csv,0.15950584411621094
row_more_sep_row44_col3.csv,0.14816999435424805
row_less_sep_row76_col6.csv,0.11235284805297852
row_less_sep_row38_col3.csv,0.15756797790527344
row_extra_quote83_col4.csv,0.16687798500061035
row_less_sep_row82_col1.csv,0.1537766456604004
row_more_sep_row47_col7.csv,0.16009020805358887
row_extra_quote63_col4.csv,0.16036248207092285
row_more_sep_row4_col3.csv,0.11148381233215332
row_more_sep_row53_col3.csv,-2.77964448928833
row_extra_quote59_col5.csv,0.16461181640625
row_more_sep_row23_col4.csv,0.14563608169555664
row_less_sep_row78_col3.csv,0.15381240844726562
row_extra_quote42_col0.csv,0.14646100997924805
row_field_delimiter_73_0x20.csv,0.14263153076171875
row_more_sep_row5_col8.csv,0.11500287055969238
row_extra_quote1_col4.csv,0.15218734741210938
row_less_sep_row15_col2.csv,0.14673304557800293
row_more_sep_row74_col0.csv,0.09762787818908691
row_less_sep_row1_col1.csv,0.14750266075134277
row_field_delimiter_23_0x20.csv,0.15163588523864746
row_extra_quote28_col0.csv,0.16605854034423828
row_more_sep_row39_col0.csv,0.12084794044494629
row_more_sep_row56_col0.csv,0.16083431243896484
row_more_sep_row60_col8.csv,0.11279010772705078
row_more_sep_row9_col5.csv,0.1531682014465332
row_less_sep_row30_col1.csv,0.1614382266998291
row_more_sep_row79_col8.csv,0.11583805084228516
row_less_sep_row25_col8.csv,0.19849085807800293
row_extra_quote77_col7.csv,0.16179275512695312
row_more_sep_row37_col3.csv,0.1584939956665039
row_less_sep_row16_col7.csv,0.15523648262023926
row_less_sep_row9_col3.csv,0.15403485298156738
row_less_sep_row39_col8.csv,0.15206003189086914
row_extra_quote25_col3.csv,0.15856671333312988
row_more_sep_row55_col6.csv,0.15074896812438965
row_more_sep_row25_col4.csv,0.147780179977417
row_extra_quote0_col5.csv,0.14864468574523926
row_more_sep_row31_col6.csv,0.15570855140686035
row_more_sep_row77_col4.csv,0.15089869499206543
row_field_delimiter_3_0x20.csv,0.15533185005187988
row_more_sep_row6_col5.csv,0.147782564163208
row_extra_quote10_col6.csv,0.15065383911132812
row_more_sep_row18_col4.csv,0.14757275581359863
row_more_sep_row66_col4.csv,0.14808177947998047
row_extra_quote26_col2.csv,0.15095210075378418
row_more_sep_row58_col0.csv,0.1564927101135254
row_less_sep_row56_col8.csv,0.1590871810913086
row_less_sep_row48_col6.csv,0.15373802185058594
row_less_sep_row31_col4.csv,0.1633760929107666
row_extra_quote19_col0.csv,0.16039514541625977
row_extra_quote7_col8.csv,0.15946269035339355
row_less_sep_row29_col7.csv,0.1574256420135498
row_extra_quote66_col0.csv,0.15195941925048828
row_extra_quote48_col3.csv,0.15610265731811523
row_more_sep_row18_col6.csv,0.15250658988952637
row_more_sep_row50_col7.csv,0.15177583694458008
row_extra_quote13_col8.csv,0.15536904335021973
row_less_sep_row15_col4.csv,0.1555156707763672
row_less_sep_row67_col7.csv,0.15198969841003418
row_extra_quote2_col2.csv,0.16128253936767578
row_extra_quote44_col6.csv,0.15247178077697754
row_extra_quote42_col4.csv,0.15911602973937988
row_extra_quote11_col7.csv,0.1637876033782959
row_more_sep_row48_col4.csv,0.14397859573364258
row_extra_quote66_col6.csv,0.15805745124816895
row_more_sep_row78_col4.csv,0.1501474380493164
row_more_sep_row12_col0.csv,0.1110832691192627
row_extra_quote0_col3.csv,0.12958788871765137
row_extra_quote64_col1.csv,0.15090346336364746
row_less_sep_row62_col7.csv,0.15735936164855957
row_extra_quote62_col1.csv,0.15477633476257324
row_less_sep_row73_col8.csv,0.15304279327392578
row_extra_quote44_col5.csv,0.15662407875061035
row_less_sep_row42_col7.csv,0.15271306037902832
row_extra_quote64_col5.csv,0.1506340503692627
row_extra_quote31_col2.csv,0.15468978881835938
row_less_sep_row10_col3.csv,0.1536087989807129
row_extra_quote27_col4.csv,0.1517505645751953
row_extra_quote54_col4.csv,0.15575194358825684
file_header_multirow_2.csv,0.09868645668029785
row_field_delimiter_82_0x20.csv,0.15309453010559082
row_less_sep_row83_col1.csv,0.15230178833007812
row_extra_quote50_col0.csv,0.15951323509216309
row_more_sep_row77_col7.csv,0.15349292755126953
row_more_sep_row8_col1.csv,0.15460824966430664
row_more_sep_row54_col1.csv,0.15192556381225586
row_more_sep_row29_col6.csv,0.15650224685668945
row_more_sep_row24_col1.csv,0.11159276962280273
row_field_delimiter_48_0x20.csv,0.15929436683654785
row_less_sep_row65_col3.csv,0.16153812408447266
row_more_sep_row83_col7.csv,0.1445462703704834
row_less_sep_row7_col8.csv,0.15579605102539062
row_less_sep_row10_col8.csv,0.15526580810546875
row_extra_quote7_col0.csv,0.1518092155456543
row_more_sep_row15_col1.csv,0.11159896850585938
row_extra_quote16_col7.csv,0.1543126106262207
row_extra_quote52_col7.csv,0.1534590721130371
row_extra_quote13_col5.csv,0.1576220989227295
row_less_sep_row60_col5.csv,0.10742616653442383
row_more_sep_row42_col0.csv,0.11719226837158203
row_field_delimiter_78_0x20.csv,0.1591036319732666
row_extra_quote59_col1.csv,0.15486407279968262
row_less_sep_row58_col7.csv,0.15772128105163574
row_more_sep_row21_col8.csv,0.10776042938232422
row_less_sep_row20_col8.csv,0.17502403259277344
row_more_sep_row64_col1.csv,0.10879278182983398
row_extra_quote41_col3.csv,0.15752840042114258
row_less_sep_row43_col4.csv,0.1602637767791748
row_extra_quote53_col1.csv,0.15481925010681152
row_more_sep_row19_col4.csv,0.15299153327941895
row_more_sep_row12_col7.csv,0.1088876724243164
row_less_sep_row61_col8.csv,0.1484236717224121
row_more_sep_row2_col7.csv,0.1566178798675537
row_less_sep_row41_col4.csv,0.15389585494995117
row_less_sep_row39_col3.csv,0.1517932415008545
row_extra_quote71_col3.csv,0.1598527431488037
row_extra_quote22_col0.csv,0.15549373626708984
row_more_sep_row51_col1.csv,0.15453124046325684
row_extra_quote30_col5.csv,0.17717194557189941
row_extra_quote39_col3.csv,0.14953398704528809
row_field_delimiter_37_0x20.csv,0.16123127937316895
row_less_sep_row74_col1.csv,0.15762639045715332
row_extra_quote31_col7.csv,0.15253210067749023
row_field_delimiter_70_0x20.csv,0.1574101448059082
row_more_sep_row44_col2.csv,0.11098670959472656
row_less_sep_row66_col4.csv,0.152846097946167
row_less_sep_row71_col6.csv,0.15366387367248535
row_extra_quote20_col1.csv,0.15267729759216309
row_less_sep_row42_col5.csv,0.14635443687438965
row_extra_quote22_col7.csv,0.15073132514953613
row_more_sep_row83_col4.csv,0.10953998565673828
row_more_sep_row72_col1.csv,0.14827179908752441
row_extra_quote31_col3.csv,0.15438127517700195
row_field_delimiter_61_0x20.csv,0.15088248252868652
row_more_sep_row3_col5.csv,0.15237784385681152
row_more_sep_row63_col8.csv,0.10839104652404785
row_less_sep_row50_col5.csv,0.15569853782653809
file_preamble.csv,0.09928369522094727
row_extra_quote67_col0.csv,0.1509406566619873
row_more_sep_row5_col1.csv,0.1521592140197754
row_less_sep_row39_col5.csv,0.1014101505279541
row_more_sep_row76_col4.csv,0.14859294891357422
row_less_sep_row21_col8.csv,0.15055274963378906
row_more_sep_row61_col1.csv,0.11304044723510742
row_more_sep_row82_col3.csv,0.14930129051208496
row_more_sep_row16_col3.csv,0.15285420417785645
row_less_sep_row23_col6.csv,0.15461516380310059
row_more_sep_row82_col2.csv,0.15088248252868652
row_more_sep_row1_col5.csv,0.14770150184631348
row_less_sep_row33_col7.csv,0.1564030647277832
row_more_sep_row52_col1.csv,0.15572166442871094
row_less_sep_row78_col4.csv,0.16620635986328125
row_more_sep_row32_col7.csv,0.14474844932556152
row_less_sep_row0_col1.csv,0.15215063095092773
row_more_sep_row22_col7.csv,0.14546966552734375
row_extra_quote42_col8.csv,0.15215420722961426
row_more_sep_row70_col3.csv,0.1485576629638672
row_extra_quote29_col7.csv,0.1506497859954834
row_extra_quote74_col8.csv,0.16031908988952637
row_less_sep_row65_col8.csv,0.15275359153747559
row_more_sep_row49_col1.csv,0.10998678207397461
row_less_sep_row42_col6.csv,0.14770054817199707
row_more_sep_row72_col2.csv,0.153672456741333
row_less_sep_row81_col7.csv,0.15092778205871582
row_extra_quote54_col8.csv,0.15127062797546387
row_less_sep_row70_col1.csv,0.1542811393737793
row_extra_quote60_col4.csv,0.15111589431762695
row_more_sep_row65_col2.csv,0.14585232734680176
row_less_sep_row52_col1.csv,0.15373659133911133
row_extra_quote4_col5.csv,0.151869535446167
row_less_sep_row50_col4.csv,0.15291976928710938
row_field_delimiter_6_0x20.csv,0.15854430198669434
row_more_sep_row79_col6.csv,0.14952325820922852
row_less_sep_row53_col8.csv,0.14895009994506836
row_extra_quote24_col7.csv,0.15936851501464844
row_less_sep_row40_col4.csv,0.15401577949523926
row_less_sep_row43_col8.csv,0.150864839553833
row_more_sep_row56_col2.csv,0.10979580879211426
row_less_sep_row74_col2.csv,0.15364766120910645
row_extra_quote25_col4.csv,0.15125751495361328
row_less_sep_row71_col7.csv,0.14577007293701172
row_more_sep_row65_col5.csv,0.15142536163330078
row_extra_quote8_col3.csv,0.15681910514831543
row_more_sep_row22_col5.csv,0.10780167579650879
row_extra_quote44_col1.csv,0.15193390846252441
row_extra_quote72_col6.csv,0.1593308448791504
row_extra_quote65_col5.csv,0.1530897617340088
row_more_sep_row26_col3.csv,0.14603757858276367
row_extra_quote12_col7.csv,0.15407729148864746
row_less_sep_row77_col7.csv,0.15059447288513184
row_less_sep_row61_col3.csv,0.15596890449523926
row_more_sep_row55_col2.csv,0.1505751609802246
row_more_sep_row37_col2.csv,0.1501331329345703
file_record_delimiter_0xA.csv,0.09947514533996582
row_more_sep_row21_col0.csv,0.11239480972290039
row_less_sep_row79_col1.csv,0.14665794372558594
row_more_sep_row67_col4.csv,0.1479654312133789
row_less_sep_row60_col8.csv,0.15084052085876465
row_more_sep_row65_col8.csv,0.10906362533569336
row_extra_quote50_col4.csv,0.1475696563720703
row_less_sep_row58_col4.csv,0.15256094932556152
row_more_sep_row1_col4.csv,0.14610910415649414
row_extra_quote61_col2.csv,0.14835691452026367
row_more_sep_row36_col4.csv,0.15189170837402344
row_less_sep_row73_col7.csv,0.15135812759399414
row_more_sep_row28_col2.csv,0.1485919952392578
row_more_sep_row72_col6.csv,0.14945435523986816
row_extra_quote2_col7.csv,0.1540379524230957
row_extra_quote47_col1.csv,0.15055561065673828
row_less_sep_row7_col6.csv,0.15263128280639648
row_more_sep_row31_col1.csv,0.14925408363342285
row_extra_quote8_col0.csv,0.1519162654876709
row_extra_quote81_col3.csv,0.15220928192138672
row_more_sep_row59_col8.csv,0.10755157470703125
row_more_sep_row58_col4.csv,0.14815855026245117
row_extra_quote36_col8.csv,0.14819860458374023
row_less_sep_row1_col5.csv,0.15470337867736816
row_less_sep_row31_col8.csv,0.1536107063293457
row_less_sep_row32_col4.csv,0.14965486526489258
row_less_sep_row42_col8.csv,0.15691018104553223
row_extra_quote31_col1.csv,0.15446877479553223
row_extra_quote62_col8.csv,0.15051651000976562
row_more_sep_row32_col0.csv,0.15287160873413086
row_less_sep_row4_col3.csv,0.15653061866760254
row_less_sep_row17_col4.csv,-2.785653591156006
row_extra_quote0_col4.csv,0.13828229904174805
row_extra_quote55_col1.csv,0.14978408813476562
row_more_sep_row11_col2.csv,0.13361001014709473
row_extra_quote60_col5.csv,0.15294480323791504
row_more_sep_row8_col6.csv,0.1402878761291504
row_field_delimiter_28_0x20.csv,0.1372082233428955
row_extra_quote79_col3.csv,0.14071106910705566
row_less_sep_row44_col3.csv,0.1482377052307129
row_less_sep_row48_col4.csv,0.14153361320495605
row_more_sep_row65_col3.csv,0.13187956809997559
row_more_sep_row78_col6.csv,0.13374948501586914
row_more_sep_row16_col8.csv,0.09848499298095703
row_more_sep_row41_col0.csv,0.13376784324645996
row_extra_quote39_col5.csv,0.13981056213378906
row_extra_quote55_col4.csv,0.1442868709564209
row_less_sep_row81_col4.csv,0.13924312591552734
row_less_sep_row42_col2.csv,0.13812565803527832
row_extra_quote55_col7.csv,0.1404118537902832
row_less_sep_row51_col3.csv,0.1445763111114502
row_more_sep_row71_col2.csv,0.1017005443572998
row_less_sep_row11_col2.csv,0.15574955940246582
row_more_sep_row50_col1.csv,0.14492440223693848
row_more_sep_row51_col5.csv,0.14169955253601074
row_more_sep_row8_col8.csv,0.11064481735229492
row_more_sep_row18_col3.csv,0.14944791793823242
row_extra_quote17_col0.csv,0.15337371826171875
row_extra_quote45_col0.csv,0.14925885200500488
row_extra_quote19_col4.csv,0.15595173835754395
row_less_sep_row46_col4.csv,0.14799785614013672
row_more_sep_row65_col1.csv,0.14385318756103516
row_less_sep_row76_col3.csv,0.1557149887084961
row_less_sep_row75_col7.csv,0.15393424034118652
row_extra_quote33_col2.csv,0.15321063995361328
row_extra_quote24_col2.csv,0.1576387882232666
row_less_sep_row69_col3.csv,0.156691312789917
row_extra_quote69_col0.csv,0.1535794734954834
row_extra_quote68_col5.csv,0.16155195236206055
row_less_sep_row36_col8.csv,0.15950727462768555
row_extra_quote51_col7.csv,0.16051697731018066
row_less_sep_row48_col2.csv,0.16167616844177246
row_more_sep_row34_col2.csv,0.14638471603393555
row_extra_quote82_col7.csv,0.15500760078430176
row_more_sep_row57_col6.csv,0.14754247665405273
row_more_sep_row52_col0.csv,0.14197802543640137
row_extra_quote69_col5.csv,0.15301895141601562
row_less_sep_row10_col7.csv,0.1528491973876953
row_less_sep_row34_col3.csv,0.15099620819091797
row_extra_quote72_col3.csv,0.15651321411132812
row_extra_quote72_col4.csv,0.15267395973205566
row_more_sep_row8_col7.csv,0.14794206619262695
row_less_sep_row52_col4.csv,0.15883326530456543
row_more_sep_row6_col4.csv,0.14505767822265625
row_less_sep_row56_col4.csv,0.15095782279968262
row_more_sep_row55_col1.csv,0.1502056121826172
row_more_sep_row36_col8.csv,0.10901284217834473
row_more_sep_row63_col2.csv,0.10588502883911133
row_extra_quote53_col2.csv,0.15191316604614258
row_extra_quote32_col5.csv,0.15382814407348633
row_extra_quote75_col5.csv,0.15514707565307617
row_more_sep_row55_col4.csv,0.1468203067779541
row_more_sep_row2_col0.csv,0.11126708984375
row_more_sep_row32_col5.csv,0.1468358039855957
row_less_sep_row45_col7.csv,0.1550760269165039
row_extra_quote10_col7.csv,0.15791988372802734
row_extra_quote27_col3.csv,0.1510777473449707
row_extra_quote66_col7.csv,0.15319347381591797
row_extra_quote51_col0.csv,0.15257835388183594
row_more_sep_row13_col1.csv,0.14524626731872559
row_more_sep_row71_col8.csv,0.10727334022521973
row_less_sep_row16_col5.csv,0.10167813301086426
row_more_sep_row9_col6.csv,0.14827799797058105
row_extra_quote66_col5.csv,0.15282917022705078
row_extra_quote63_col3.csv,0.1512589454650879
row_less_sep_row3_col7.csv,0.15453147888183594
row_extra_quote54_col2.csv,0.15655851364135742
row_more_sep_row6_col1.csv,0.14293956756591797
row_extra_quote27_col0.csv,0.15283942222595215
row_more_sep_row16_col5.csv,0.14487290382385254
row_extra_quote42_col7.csv,0.14910650253295898
row_less_sep_row31_col6.csv,0.15452885627746582
row_less_sep_row73_col1.csv,0.1551673412322998
row_extra_quote18_col7.csv,0.14890408515930176
row_more_sep_row31_col2.csv,0.14894533157348633
row_extra_quote74_col5.csv,0.15377330780029297
row_less_sep_row0_col3.csv,0.14688730239868164
row_extra_quote35_col4.csv,0.15271520614624023
row_less_sep_row25_col3.csv,0.15084195137023926
row_extra_quote74_col2.csv,0.14765286445617676
row_extra_quote9_col5.csv,0.1509101390838623
row_extra_quote21_col0.csv,0.15027856826782227
row_field_delimiter_27_0x20.csv,0.14961004257202148
row_more_sep_row25_col1.csv,0.10866093635559082
row_more_sep_row53_col8.csv,0.11266827583312988
row_less_sep_row12_col5.csv,0.15712642669677734
row_less_sep_row69_col2.csv,0.15047025680541992
row_extra_quote7_col4.csv,0.11094021797180176
row_less_sep_row53_col3.csv,0.1504371166229248
row_field_delimiter_45_0x20.csv,0.15626835823059082
row_extra_quote17_col4.csv,0.1533496379852295
row_less_sep_row12_col2.csv,0.15140199661254883
row_extra_quote39_col4.csv,0.15339064598083496
row_extra_quote0_col8.csv,0.12909483909606934
row_less_sep_row25_col6.csv,0.145033597946167
row_more_sep_row26_col0.csv,0.14998197555541992
row_extra_quote28_col2.csv,0.15013337135314941
row_more_sep_row36_col3.csv,0.1452317237854004
row_more_sep_row38_col6.csv,0.14759540557861328
row_extra_quote64_col3.csv,0.15460753440856934
row_extra_quote12_col4.csv,0.15135836601257324
row_less_sep_row6_col3.csv,0.15536904335021973
row_more_sep_row17_col4.csv,0.1478443145751953
row_less_sep_row54_col5.csv,0.10009622573852539
row_less_sep_row32_col1.csv,0.1538853645324707
row_extra_quote24_col1.csv,0.15629076957702637
row_field_delimiter_64_0x20.csv,0.1530616283416748
row_less_sep_row41_col2.csv,0.15195131301879883
row_extra_quote7_col6.csv,0.15384483337402344
row_extra_quote62_col4.csv,0.15129971504211426
row_extra_quote34_col3.csv,0.15350961685180664
row_more_sep_row39_col1.csv,0.11133170127868652
row_extra_quote34_col6.csv,0.15700745582580566
row_extra_quote42_col6.csv,0.15250611305236816
row_extra_quote40_col6.csv,0.15751171112060547
row_extra_quote53_col6.csv,0.1484382152557373
row_less_sep_row59_col3.csv,0.15184402465820312
row_more_sep_row4_col2.csv,0.10830307006835938
row_extra_quote81_col0.csv,0.15388274192810059
row_extra_quote15_col4.csv,0.15646004676818848
row_less_sep_row23_col8.csv,0.15244531631469727
row_field_delimiter_59_0x20.csv,0.15190792083740234
row_more_sep_row78_col5.csv,0.15065503120422363
row_more_sep_row63_col3.csv,0.10785341262817383
row_less_sep_row68_col7.csv,0.14802956581115723
row_less_sep_row66_col2.csv,0.15367794036865234
row_less_sep_row4_col1.csv,0.15307092666625977
row_less_sep_row72_col4.csv,0.14954209327697754
row_extra_quote21_col5.csv,0.1557145118713379
row_more_sep_row29_col8.csv,0.10789132118225098
row_less_sep_row57_col6.csv,0.09779691696166992
row_extra_quote49_col7.csv,0.1552906036376953
row_more_sep_row0_col3.csv,0.1533339023590088
row_more_sep_row7_col6.csv,0.1475389003753662
row_extra_quote58_col8.csv,0.1526505947113037
row_extra_quote80_col2.csv,0.14780306816101074
row_extra_quote63_col5.csv,0.15753698348999023
file_field_delimiter_0x2C_0x20.csv,0.14876079559326172
row_extra_quote81_col7.csv,0.15299654006958008
row_more_sep_row75_col4.csv,0.1451563835144043
row_less_sep_row23_col7.csv,0.15535950660705566
row_extra_quote46_col7.csv,0.15130925178527832
row_extra_quote19_col7.csv,0.15444302558898926
row_less_sep_row83_col4.csv,0.1551837921142578
row_more_sep_row71_col7.csv,0.146162748336792
row_more_sep_row52_col7.csv,0.14961528778076172
row_less_sep_row60_col7.csv,0.15673327445983887
row_more_sep_row57_col5.csv,0.14347624778747559
row_less_sep_row11_col3.csv,0.15382170677185059
row_less_sep_row18_col4.csv,0.15436792373657227
row_more_sep_row40_col6.csv,0.14434123039245605
row_extra_quote44_col8.csv,0.15405964851379395
row_extra_quote76_col2.csv,0.15078186988830566
row_more_sep_row78_col1.csv,0.1091454029083252
row_more_sep_row9_col1.csv,0.14717745780944824
row_field_delimiter_76_0x20.csv,0.15847015380859375
row_extra_quote19_col6.csv,0.15314912796020508
row_more_sep_row21_col2.csv,0.11000704765319824
row_more_sep_row40_col7.csv,0.14754652976989746
row_more_sep_row76_col0.csv,0.10669732093811035
row_extra_quote75_col3.csv,0.1536879539489746
row_extra_quote29_col2.csv,0.15178775787353516
row_more_sep_row30_col5.csv,0.14323973655700684
row_extra_quote54_col1.csv,0.14969611167907715
row_extra_quote45_col3.csv,0.15384531021118164
row_more_sep_row83_col3.csv,0.14338445663452148
row_more_sep_row11_col6.csv,0.146592378616333
row_less_sep_row35_col6.csv,0.15245652198791504
row_extra_quote43_col7.csv,0.15203428268432617
row_more_sep_row9_col8.csv,0.11335444450378418
row_less_sep_row6_col8.csv,0.153670072555542
row_less_sep_row7_col1.csv,0.15471386909484863
row_more_sep_row52_col2.csv,0.14606189727783203
row_extra_quote45_col6.csv,0.1580507755279541
row_less_sep_row21_col1.csv,0.15455865859985352
row_more_sep_row70_col7.csv,0.14481139183044434
row_extra_quote53_col4.csv,0.15701556205749512
row_more_sep_row40_col0.csv,0.11049342155456543
row_less_sep_row35_col3.csv,0.15438246726989746
row_extra_quote5_col5.csv,0.15106916427612305
row_less_sep_row80_col2.csv,0.15226483345031738
row_less_sep_row2_col8.csv,0.1539289951324463
row_more_sep_row62_col5.csv,0.14832162857055664
row_more_sep_row78_col7.csv,0.14977073669433594
row_extra_quote0_col6.csv,0.12973952293395996
row_less_sep_row17_col2.csv,0.15170979499816895
row_more_sep_row7_col5.csv,0.11086630821228027
row_less_sep_row6_col1.csv,0.15544509887695312
row_extra_quote21_col1.csv,0.15553569793701172
row_less_sep_row54_col6.csv,0.15094590187072754
row_less_sep_row72_col8.csv,0.16033458709716797
row_extra_quote78_col8.csv,0.15288019180297852
row_more_sep_row67_col6.csv,0.14233636856079102
row_more_sep_row56_col3.csv,0.14864206314086914
row_less_sep_row40_col5.csv,0.0991969108581543
row_less_sep_row78_col2.csv,0.1559736728668213
row_more_sep_row10_col8.csv,0.10872316360473633
row_more_sep_row19_col7.csv,0.14683866500854492
row_less_sep_row54_col8.csv,0.155364990234375
row_less_sep_row69_col5.csv,0.10001730918884277
row_extra_quote83_col1.csv,0.15392208099365234
row_less_sep_row78_col5.csv,0.14902400970458984
row_less_sep_row59_col6.csv,0.1581885814666748
row_less_sep_row45_col2.csv,0.1558854579925537
row_extra_quote50_col1.csv,0.15240716934204102
row_less_sep_row22_col1.csv,0.15607976913452148
row_less_sep_row52_col6.csv,0.1502697467803955
row_more_sep_row56_col1.csv,0.11086773872375488
row_more_sep_row14_col5.csv,0.14796137809753418
row_extra_quote47_col2.csv,0.1541757583618164
row_extra_quote16_col0.csv,0.15227556228637695
row_extra_quote42_col2.csv,-2.78720760345459
row_extra_quote29_col8.csv,0.14284729957580566
row_extra_quote45_col7.csv,0.1415696144104004
row_less_sep_row24_col4.csv,0.14400625228881836
row_less_sep_row70_col2.csv,0.14381861686706543
row_extra_quote54_col6.csv,0.14026761054992676
row_extra_quote82_col4.csv,0.1402745246887207
row_extra_quote12_col0.csv,0.14171195030212402
row_extra_quote61_col8.csv,0.11164188385009766
row_field_delimiter_18_0x20.csv,0.14206743240356445
row_less_sep_row36_col7.csv,0.14233660697937012
row_more_sep_row35_col8.csv,0.10051107406616211
row_extra_quote68_col0.csv,0.1404736042022705
row_less_sep_row59_col5.csv,0.13873624801635742
row_more_sep_row43_col8.csv,0.09745478630065918
row_less_sep_row54_col4.csv,0.14219331741333008
row_less_sep_row13_col6.csv,0.09290027618408203
row_more_sep_row70_col6.csv,0.14264369010925293
row_more_sep_row38_col7.csv,0.14108514785766602
row_extra_quote41_col8.csv,0.16642189025878906
row_less_sep_row46_col6.csv,0.08872008323669434
row_extra_quote69_col1.csv,0.14630794525146484
row_more_sep_row81_col5.csv,0.15471792221069336
row_field_delimiter_54_0x20.csv,0.1489410400390625
row_more_sep_row8_col3.csv,0.1472017765045166
row_more_sep_row17_col8.csv,0.10878705978393555
row_more_sep_row59_col1.csv,0.10781717300415039
row_extra_quote75_col4.csv,0.15159034729003906
row_less_sep_row58_col3.csv,0.15191650390625
row_less_sep_row33_col4.csv,0.15291929244995117
row_more_sep_row75_col7.csv,0.1492631435394287
row_extra_quote60_col0.csv,0.15130209922790527
row_more_sep_row49_col8.csv,0.10865449905395508
row_extra_quote66_col4.csv,0.1550426483154297
row_extra_quote49_col1.csv,0.15495681762695312
row_less_sep_row14_col7.csv,0.1496129035949707
row_more_sep_row81_col4.csv,0.15110039710998535
row_more_sep_row26_col8.csv,0.11003303527832031
row_more_sep_row4_col8.csv,0.10775160789489746
row_more_sep_row15_col7.csv,0.1470935344696045
row_less_sep_row31_col3.csv,0.15216994285583496
row_more_sep_row16_col1.csv,0.1048283576965332
row_more_sep_row81_col3.csv,0.14699912071228027
row_extra_quote70_col2.csv,0.15346527099609375
row_extra_quote23_col4.csv,0.15180182456970215
row_extra_quote5_col1.csv,0.15351271629333496
row_less_sep_row12_col7.csv,0.15348148345947266
row_less_sep_row62_col3.csv,0.14806032180786133
row_less_sep_row50_col7.csv,0.15288710594177246
row_less_sep_row50_col8.csv,0.15059852600097656
row_less_sep_row6_col7.csv,0.15059161186218262
row_extra_quote77_col1.csv,0.15157437324523926
row_extra_quote42_col5.csv,0.1534440517425537
row_more_sep_row24_col3.csv,0.14447999000549316
row_extra_quote13_col2.csv,0.15649914741516113
row_extra_quote77_col8.csv,0.14981436729431152
row_extra_quote37_col3.csv,0.15302705764770508
row_more_sep_row20_col3.csv,0.10824871063232422
row_extra_quote65_col3.csv,0.15565752983093262
row_extra_quote78_col2.csv,0.15592646598815918
row_less_sep_row16_col2.csv,0.15123581886291504
row_extra_quote4_col6.csv,0.15586113929748535
row_more_sep_row40_col1.csv,0.1506519317626953
row_less_sep_row21_col3.csv,0.14840912818908691
row_extra_quote6_col7.csv,0.1575934886932373
row_extra_quote16_col1.csv,0.15021467208862305
row_extra_quote32_col3.csv,0.15082216262817383
row_extra_quote16_col5.csv,0.15491104125976562
row_less_sep_row82_col7.csv,0.15408706665039062
row_less_sep_row10_col2.csv,0.1483902931213379
row_more_sep_row69_col6.csv,0.15007567405700684
row_more_sep_row59_col3.csv,0.14908552169799805
row_extra_quote27_col1.csv,0.14992976188659668
row_more_sep_row34_col0.csv,0.10757589340209961
row_extra_quote73_col6.csv,0.15784716606140137
row_more_sep_row77_col1.csv,0.1123509407043457
row_extra_quote22_col3.csv,0.15423321723937988
row_less_sep_row35_col1.csv,0.15574979782104492
row_extra_quote83_col5.csv,0.15819096565246582
row_more_sep_row12_col4.csv,0.1475081443786621
row_more_sep_row67_col1.csv,0.1441349983215332
row_more_sep_row42_col2.csv,0.15323758125305176
row_extra_quote28_col5.csv,0.15225791931152344
row_extra_quote56_col1.csv,0.15016579627990723
row_less_sep_row17_col7.csv,0.15421080589294434
row_extra_quote56_col7.csv,0.1548900604248047
row_more_sep_row8_col4.csv,0.14697265625
row_less_sep_row68_col5.csv,0.15761518478393555
row_more_sep_row57_col3.csv,0.14597368240356445
row_more_sep_row12_col8.csv,0.10629081726074219
row_less_sep_row20_col6.csv,0.15047121047973633
row_less_sep_row32_col7.csv,0.1605699062347412
row_extra_quote49_col2.csv,0.14918923377990723
row_more_sep_row83_col5.csv,0.14559078216552734
row_more_sep_row37_col7.csv,0.15337491035461426
row_less_sep_row38_col4.csv,0.15403127670288086
row_extra_quote53_col0.csv,0.14964509010314941
row_more_sep_row36_col0.csv,0.11034274101257324
row_extra_quote18_col6.csv,0.15619349479675293
row_more_sep_row23_col8.csv,0.14576125144958496
row_more_sep_row22_col0.csv,0.10561132431030273
row_more_sep_row75_col2.csv,0.14826560020446777
row_less_sep_row83_col7.csv,0.15760302543640137
row_more_sep_row49_col0.csv,0.10807013511657715
row_more_sep_row42_col1.csv,0.14894580841064453
row_more_sep_row18_col0.csv,0.14693737030029297
row_less_sep_row12_col4.csv,0.15601611137390137
row_more_sep_row6_col8.csv,0.11129593849182129
row_less_sep_row40_col2.csv,0.15800881385803223
row_more_sep_row40_col8.csv,0.10869479179382324
row_extra_quote71_col8.csv,0.15322637557983398
row_less_sep_row28_col7.csv,0.15410375595092773
row_more_sep_row3_col2.csv,0.14757013320922852
row_less_sep_row26_col5.csv,0.15094947814941406
row_more_sep_row49_col6.csv,0.1497511863708496
row_less_sep_row69_col8.csv,0.15270161628723145
row_extra_quote80_col6.csv,0.1505281925201416
row_extra_quote52_col4.csv,0.15580296516418457
row_extra_quote25_col7.csv,0.15611982345581055
row_more_sep_row62_col7.csv,0.146287202835083
row_more_sep_row13_col0.csv,0.14977741241455078
row_less_sep_row70_col3.csv,0.15120172500610352
row_more_sep_row50_col3.csv,0.1463167667388916
row_extra_quote80_col5.csv,0.15800213813781738
row_less_sep_row1_col8.csv,0.15664219856262207
row_extra_quote54_col0.csv,0.15142440795898438
row_less_sep_row36_col2.csv,0.15596294403076172
row_less_sep_row77_col4.csv,0.15165090560913086
row_more_sep_row41_col2.csv,0.14592742919921875
row_less_sep_row79_col3.csv,0.15798377990722656
row_less_sep_row43_col5.csv,0.15197396278381348
row_less_sep_row44_col2.csv,0.15221548080444336
row_less_sep_row34_col1.csv,0.15526175498962402
row_extra_quote78_col4.csv,0.15471267700195312
row_more_sep_row43_col3.csv,0.10876965522766113
row_extra_quote45_col5.csv,0.15193915367126465
row_more_sep_row4_col5.csv,0.15361809730529785
row_extra_quote56_col6.csv,0.15039372444152832
row_less_sep_row82_col2.csv,0.14945673942565918
row_less_sep_row35_col5.csv,0.15660834312438965
row_less_sep_row49_col3.csv,0.15253567695617676
row_extra_quote23_col6.csv,0.1484203338623047
row_more_sep_row68_col8.csv,0.10892128944396973
row_extra_quote8_col2.csv,0.15472173690795898
row_extra_quote9_col3.csv,0.15693259239196777
row_more_sep_row78_col2.csv,0.10700583457946777
row_extra_quote47_col7.csv,0.1522822380065918
row_less_sep_row66_col1.csv,0.16182494163513184
row_extra_quote19_col8.csv,0.11459565162658691
row_extra_quote61_col1.csv,0.15151381492614746
row_extra_quote36_col1.csv,0.15030550956726074
row_more_sep_row60_col5.csv,0.15492677688598633
row_less_sep_row12_col3.csv,0.15282702445983887
row_less_sep_row42_col4.csv,0.15159916877746582
row_more_sep_row70_col0.csv,0.10932755470275879
row_extra_quote78_col7.csv,0.1515340805053711
row_extra_quote51_col4.csv,0.15516114234924316
row_extra_quote5_col6.csv,0.1565098762512207
row_extra_quote68_col7.csv,0.15649032592773438
row_less_sep_row22_col2.csv,0.1468503475189209
row_more_sep_row28_col3.csv,0.14570069313049316
row_extra_quote26_col4.csv,0.1544499397277832
row_less_sep_row73_col5.csv,0.1544809341430664
row_less_sep_row14_col1.csv,0.15427684783935547
row_less_sep_row38_col2.csv,0.1598062515258789
file_field_delimiter_0x9.csv,0.0995481014251709
row_field_delimiter_24_0x20.csv,0.15463829040527344
row_extra_quote71_col2.csv,0.15029263496398926
row_more_sep_row62_col8.csv,0.10810542106628418
row_more_sep_row5_col4.csv,0.14885926246643066
row_less_sep_row45_col5.csv,0.10352301597595215
row_less_sep_row70_col8.csv,0.1531980037689209
row_more_sep_row34_col8.csv,0.10599422454833984
row_more_sep_row33_col2.csv,0.14510154724121094
row_more_sep_row49_col4.csv,0.1522536277770996
row_field_delimiter_30_0x20.csv,0.15216374397277832
row_more_sep_row74_col4.csv,0.14515423774719238
row_less_sep_row50_col2.csv,0.15514230728149414
row_less_sep_row36_col1.csv,0.15505313873291016
row_more_sep_row76_col1.csv,0.10918474197387695
row_extra_quote16_col3.csv,0.15236663818359375
row_less_sep_row28_col5.csv,0.10032343864440918
row_more_sep_row26_col5.csv,0.14646291732788086
row_extra_quote33_col1.csv,0.15238571166992188
row_more_sep_row60_col4.csv,0.14740562438964844
row_more_sep_row69_col3.csv,0.15137386322021484
row_more_sep_row41_col4.csv,0.1461324691772461
row_less_sep_row40_col6.csv,0.1500566005706787
row_less_sep_row21_col7.csv,0.15430426597595215
row_field_delimiter_56_0x20.csv,0.15407729148864746
row_more_sep_row79_col1.csv,0.1491708755493164
row_more_sep_row50_col0.csv,0.14579534530639648
row_more_sep_row59_col4.csv,0.14976930618286133
row_less_sep_row54_col3.csv,0.1510627269744873
row_more_sep_row35_col7.csv,0.1572556495666504
row_extra_quote16_col4.csv,0.1489851474761963
row_extra_quote71_col1.csv,0.14777708053588867
row_less_sep_row60_col2.csv,0.15690088272094727
row_more_sep_row34_col1.csv,0.1062326431274414
row_more_sep_row38_col1.csv,0.10924100875854492
row_less_sep_row57_col7.csv,0.15125012397766113
row_extra_quote66_col8.csv,0.14844250679016113
row_less_sep_row77_col6.csv,0.10254192352294922
row_extra_quote63_col0.csv,0.1594562530517578
row_field_delimiter_33_0x20.csv,0.14890646934509277
file_no_payload.csv,0.025168895721435547
row_more_sep_row54_col8.csv,0.14510440826416016
row_extra_quote13_col0.csv,0.1568899154663086
row_extra_quote68_col6.csv,0.15283918380737305
row_extra_quote1_col2.csv,0.15817737579345703
row_less_sep_row49_col2.csv,0.15481996536254883
row_more_sep_row51_col0.csv,0.14754414558410645
row_more_sep_row54_col3.csv,0.15020251274108887
row_extra_quote58_col1.csv,0.15211200714111328
row_less_sep_row76_col5.csv,0.15370798110961914
row_extra_quote27_col6.csv,0.16014528274536133
row_extra_quote77_col0.csv,0.1530163288116455
row_extra_quote12_col2.csv,0.1540513038635254
row_extra_quote12_col8.csv,0.14983439445495605
row_extra_quote3_col6.csv,0.1490039825439453
row_less_sep_row30_col4.csv,0.15645718574523926
row_less_sep_row2_col3.csv,-2.777984857559204
row_more_sep_row35_col0.csv,0.14478087425231934
row_more_sep_row62_col6.csv,0.14704108238220215
row_more_sep_row39_col7.csv,0.14370346069335938
row_more_sep_row48_col2.csv,0.13832402229309082
row_more_sep_row25_col8.csv,0.10051345825195312
row_extra_quote34_col5.csv,0.1494300365447998
row_less_sep_row25_col2.csv,0.14815378189086914
row_more_sep_row21_col7.csv,0.14337587356567383
row_less_sep_row81_col6.csv,0.1361846923828125
row_field_delimiter_40_0x20.csv,0.13889408111572266
row_extra_quote57_col4.csv,0.14088177680969238
row_extra_quote50_col6.csv,0.14131450653076172
row_more_sep_row74_col3.csv,0.1392354965209961
row_extra_quote79_col6.csv,0.14841222763061523
row_less_sep_row44_col8.csv,0.14466023445129395
row_less_sep_row56_col3.csv,0.14104700088500977
row_extra_quote60_col1.csv,0.14155030250549316
file_header_only.csv,0.05189394950866699
file_escape_char_0x5C.csv,0.09182500839233398
row_less_sep_row27_col2.csv,0.1432640552520752
row_less_sep_row47_col8.csv,0.13498401641845703
row_extra_quote60_col2.csv,0.14509820938110352
row_less_sep_row29_col1.csv,0.15418744087219238
row_extra_quote39_col7.csv,0.152174711227417
row_extra_quote76_col6.csv,0.1541903018951416
row_less_sep_row28_col3.csv,0.15747785568237305
row_more_sep_row14_col0.csv,0.11120986938476562
row_field_delimiter_58_0x20.csv,0.15214848518371582
row_more_sep_row1_col6.csv,0.1479816436767578
row_more_sep_row21_col6.csv,0.1072235107421875
row_extra_quote61_col5.csv,0.1507887840270996
row_extra_quote15_col8.csv,0.1563129425048828
row_more_sep_row12_col3.csv,0.14735174179077148
row_less_sep_row3_col8.csv,0.1534590721130371
row_less_sep_row47_col3.csv,0.15345096588134766
row_less_sep_row83_col6.csv,0.1516568660736084
row_extra_quote77_col3.csv,0.15102171897888184
row_extra_quote31_col0.csv,0.15134763717651367
row_more_sep_row28_col8.csv,0.10874819755554199
row_more_sep_row19_col8.csv,0.11232805252075195
row_less_sep_row30_col3.csv,0.15554523468017578
row_less_sep_row14_col3.csv,0.15257692337036133
row_more_sep_row79_col7.csv,0.1490311622619629
row_more_sep_row70_col5.csv,0.14735913276672363
row_less_sep_row37_col3.csv,0.14994597434997559
row_extra_quote73_col2.csv,0.15288829803466797
row_extra_quote24_col3.csv,0.15819191932678223
row_extra_quote9_col7.csv,0.15045452117919922
row_less_sep_row61_col4.csv,0.15777587890625
row_less_sep_row16_col6.csv,0.15082478523254395
row_extra_quote37_col2.csv,0.14923429489135742
row_extra_quote81_col1.csv,0.15531373023986816
row_less_sep_row73_col3.csv,0.1523144245147705
row_extra_quote75_col2.csv,0.14842677116394043
row_more_sep_row63_col0.csv,0.1479942798614502
row_extra_quote12_col1.csv,0.15342330932617188
row_less_sep_row76_col4.csv,0.14986348152160645
row_more_sep_row82_col5.csv,0.14729523658752441
row_more_sep_row24_col6.csv,0.1493082046508789
row_more_sep_row4_col1.csv,0.14317798614501953
row_more_sep_row7_col1.csv,0.15521597862243652
row_extra_quote4_col0.csv,0.15460538864135742
row_less_sep_row67_col2.csv,0.15479564666748047
row_extra_quote38_col3.csv,0.15460848808288574
row_extra_quote16_col2.csv,0.15496540069580078
row_extra_quote5_col0.csv,0.14814281463623047
row_extra_quote40_col2.csv,0.15415525436401367
row_more_sep_row54_col6.csv,0.11059737205505371
row_extra_quote6_col2.csv,0.15253067016601562
file_multitable_more.csv,0.20197796821594238
row_less_sep_row18_col6.csv,0.1530771255493164
row_more_sep_row12_col5.csv,0.14375996589660645
row_extra_quote2_col6.csv,0.15390872955322266
row_extra_quote10_col0.csv,0.15442419052124023
row_field_delimiter_69_0x20.csv,0.15260744094848633
row_more_sep_row3_col8.csv,0.1506342887878418
row_more_sep_row38_col4.csv,0.14758872985839844
row_extra_quote28_col6.csv,0.15132451057434082
row_extra_quote38_col8.csv,0.15908241271972656
row_less_sep_row8_col6.csv,0.15027928352355957
row_extra_quote32_col7.csv,0.1500697135925293
row_less_sep_row35_col8.csv,0.1623678207397461
row_less_sep_row19_col1.csv,0.15413713455200195
row_more_sep_row16_col0.csv,0.11012506484985352
row_field_delimiter_14_0x20.csv,0.14900517463684082
row_extra_quote35_col5.csv,0.15474963188171387
row_extra_quote14_col0.csv,0.1528174877166748
row_extra_quote59_col6.csv,0.15029025077819824
row_more_sep_row14_col6.csv,0.14656972885131836
row_extra_quote82_col6.csv,0.15249943733215332
row_less_sep_row17_col3.csv,0.15118956565856934
row_less_sep_row31_col7.csv,0.1590883731842041
row_less_sep_row48_col5.csv,0.1503300666809082
row_more_sep_row34_col7.csv,0.14688467979431152
row_extra_quote60_col8.csv,0.1566019058227539
row_less_sep_row29_col5.csv,0.1661684513092041
row_extra_quote69_col6.csv,0.15796184539794922
row_extra_quote36_col0.csv,0.15155506134033203
row_extra_quote18_col1.csv,0.1537768840789795
row_less_sep_row1_col3.csv,0.15849089622497559
row_less_sep_row56_col1.csv,0.1485128402709961
row_more_sep_row77_col6.csv,0.14400577545166016
row_more_sep_row5_col7.csv,0.14816856384277344
row_extra_quote19_col3.csv,0.15332794189453125
row_more_sep_row4_col0.csv,0.10837578773498535
row_more_sep_row68_col6.csv,0.14617180824279785
row_more_sep_row25_col3.csv,0.1490485668182373
row_more_sep_row73_col1.csv,0.14478063583374023
row_less_sep_row33_col1.csv,0.14801692962646484
row_less_sep_row43_col6.csv,0.15113329887390137
row_more_sep_row3_col6.csv,0.1502687931060791
row_extra_quote19_col1.csv,0.15271735191345215
row_less_sep_row26_col7.csv,0.1543586254119873
row_field_delimiter_57_0x20.csv,0.15273094177246094
row_extra_quote76_col4.csv,0.1556258201599121
row_less_sep_row61_col7.csv,0.15294361114501953
row_more_sep_row20_col8.csv,0.10662245750427246
row_extra_quote33_col3.csv,0.15264010429382324
row_more_sep_row44_col7.csv,0.10745739936828613
row_less_sep_row34_col4.csv,0.15576863288879395
row_extra_quote68_col4.csv,0.15230536460876465
row_less_sep_row68_col4.csv,0.14987397193908691
row_more_sep_row48_col5.csv,0.14795184135437012
row_extra_quote46_col1.csv,0.15051007270812988
row_more_sep_row48_col1.csv,0.14371824264526367
row_extra_quote69_col2.csv,0.1571197509765625
row_less_sep_row65_col7.csv,0.15235400199890137
row_extra_quote35_col7.csv,0.1498885154724121
row_more_sep_row23_col0.csv,0.10768961906433105
row_field_delimiter_8_0x20.csv,0.15317630767822266
row_extra_quote75_col6.csv,0.15593791007995605
row_more_sep_row50_col2.csv,0.14565801620483398
file_field_delimiter_0x3B.csv,0.10152220726013184
row_extra_quote62_col5.csv,0.1538105010986328
row_less_sep_row52_col7.csv,0.15059137344360352
row_extra_quote80_col3.csv,0.15157651901245117
row_extra_quote41_col6.csv,0.16431617736816406
row_extra_quote35_col3.csv,0.16063547134399414
row_extra_quote51_col3.csv,0.1624891757965088
row_less_sep_row15_col8.csv,0.16274690628051758
row_more_sep_row56_col7.csv,0.15305209159851074
row_extra_quote50_col3.csv,0.16326093673706055
row_more_sep_row21_col4.csv,0.15295886993408203
row_more_sep_row3_col3.csv,0.15706181526184082
row_more_sep_row73_col0.csv,0.11496615409851074
row_less_sep_row30_col6.csv,0.15905284881591797
row_extra_quote46_col2.csv,0.1533517837524414
source.csv,0.10757875442504883
row_extra_quote40_col0.csv,0.15552234649658203
row_more_sep_row32_col6.csv,0.1456906795501709
row_less_sep_row70_col5.csv,0.1563701629638672
row_less_sep_row55_col6.csv,0.10189580917358398
row_less_sep_row53_col4.csv,0.15480828285217285
row_more_sep_row68_col2.csv,0.14484047889709473
row_more_sep_row31_col4.csv,0.14844989776611328
row_more_sep_row74_col7.csv,0.14967870712280273
row_more_sep_row14_col3.csv,0.1441793441772461
row_more_sep_row41_col1.csv,0.15155434608459473
row_less_sep_row62_col2.csv,0.15187931060791016
row_less_sep_row42_col3.csv,0.15239596366882324
row_field_delimiter_10_0x20.csv,0.15609192848205566
row_less_sep_row73_col2.csv,0.15198326110839844
row_more_sep_row13_col4.csv,0.14713382720947266
row_extra_quote50_col5.csv,0.15439271926879883
row_more_sep_row69_col8.csv,0.10878729820251465
row_field_delimiter_74_0x20.csv,0.15446114540100098
row_extra_quote7_col2.csv,0.15467548370361328
row_less_sep_row11_col4.csv,0.15902948379516602
row_extra_quote13_col3.csv,0.1561145782470703
row_less_sep_row65_col6.csv,0.0987093448638916
row_extra_quote69_col7.csv,0.15110397338867188
row_more_sep_row40_col2.csv,0.1536083221435547
row_extra_quote51_col1.csv,0.15476655960083008
row_field_delimiter_32_0x20.csv,0.15044045448303223
row_more_sep_row10_col6.csv,0.1458578109741211
row_more_sep_row27_col3.csv,0.14850783348083496
row_extra_quote6_col3.csv,0.151228666305542
row_more_sep_row33_col6.csv,0.15373611450195312
row_extra_quote23_col0.csv,0.15305185317993164
row_less_sep_row24_col3.csv,0.15202116966247559
row_more_sep_row23_col2.csv,0.15248775482177734
row_extra_quote14_col2.csv,0.15342092514038086
row_more_sep_row70_col4.csv,0.1469433307647705
row_more_sep_row42_col8.csv,0.10811877250671387
row_less_sep_row58_col6.csv,0.1535172462463379
row_more_sep_row73_col2.csv,0.14483070373535156
row_more_sep_row1_col8.csv,0.10710263252258301
row_field_delimiter_16_0x20.csv,0.1483619213104248
row_field_delimiter_51_0x20.csv,0.15712404251098633
row_extra_quote13_col1.csv,0.1551814079284668
row_more_sep_row18_col1.csv,0.1448662281036377
row_extra_quote72_col1.csv,0.15377402305603027
row_extra_quote46_col0.csv,0.15529727935791016
row_extra_quote52_col3.csv,0.1499648094177246
row_less_sep_row71_col4.csv,0.1551055908203125
row_more_sep_row78_col3.csv,0.15076112747192383
row_more_sep_row80_col0.csv,0.14443111419677734
row_extra_quote33_col7.csv,0.15789079666137695
row_extra_quote73_col3.csv,0.15425753593444824
row_less_sep_row18_col8.csv,0.14980101585388184
row_more_sep_row45_col4.csv,0.14641904830932617
row_extra_quote83_col3.csv,0.15207719802856445
row_more_sep_row44_col6.csv,0.1445772647857666
row_field_delimiter_72_0x20.csv,0.15734338760375977
row_more_sep_row42_col4.csv,0.15003418922424316
row_less_sep_row30_col2.csv,0.1529991626739502
row_extra_quote35_col0.csv,0.15536093711853027
row_extra_quote82_col1.csv,0.15208840370178223
row_extra_quote83_col6.csv,0.1518394947052002
row_extra_quote83_col2.csv,0.15536856651306152
row_less_sep_row55_col7.csv,0.14986920356750488
row_more_sep_row29_col1.csv,0.10782837867736816
row_more_sep_row41_col5.csv,0.150315523147583
row_extra_quote73_col7.csv,0.15350675582885742
row_more_sep_row27_col4.csv,0.14423060417175293
row_less_sep_row19_col3.csv,0.15777325630187988
row_extra_quote73_col1.csv,0.15204477310180664
row_more_sep_row5_col0.csv,-2.828188896179199
row_extra_quote31_col6.csv,0.14614558219909668
row_less_sep_row63_col7.csv,0.14525842666625977
row_less_sep_row24_col1.csv,0.13953089714050293
row_extra_quote36_col6.csv,0.14013266563415527
row_more_sep_row54_col2.csv,0.14391875267028809
row_more_sep_row13_col6.csv,0.13467168807983398
row_less_sep_row55_col5.csv,0.1404261589050293
row_less_sep_row18_col2.csv,0.1439199447631836
row_less_sep_row5_col5.csv,0.08664441108703613
row_more_sep_row10_col5.csv,0.1032264232635498
row_more_sep_row3_col4.csv,0.14327454566955566
row_more_sep_row81_col6.csv,0.13815712928771973
row_extra_quote23_col2.csv,0.1438441276550293
row_extra_quote8_col4.csv,0.1446080207824707
row_more_sep_row22_col6.csv,0.13603639602661133
row_more_sep_row39_col5.csv,0.10168194770812988
row_extra_quote12_col3.csv,0.13873291015625
row_extra_quote38_col5.csv,0.14575552940368652
row_more_sep_row6_col7.csv,0.13297343254089355
row_more_sep_row37_col0.csv,0.1457211971282959
row_extra_quote82_col3.csv,0.1381998062133789
row_extra_quote41_col2.csv,0.14707446098327637
row_extra_quote10_col1.csv,0.1519756317138672
row_extra_quote36_col5.csv,0.15847301483154297
row_less_sep_row53_col1.csv,0.15802979469299316
row_extra_quote18_col4.csv,0.15175104141235352
row_extra_quote44_col4.csv,0.15903019905090332
row_more_sep_row67_col3.csv,0.1480703353881836
row_less_sep_row22_col4.csv,0.15207457542419434
row_more_sep_row27_col5.csv,0.14752697944641113
row_extra_quote76_col8.csv,0.15416312217712402
row_less_sep_row22_col3.csv,0.14904308319091797
row_extra_quote27_col5.csv,0.15627598762512207
row_extra_quote61_col7.csv,0.1518855094909668
row_more_sep_row44_col8.csv,0.11043787002563477
row_more_sep_row19_col3.csv,0.14501190185546875
row_field_delimiter_62_0x20.csv,0.1561439037322998
row_extra_quote28_col1.csv,0.15378546714782715
row_less_sep_row74_col7.csv,0.16025638580322266
row_extra_quote37_col6.csv,0.1632826328277588
row_extra_quote68_col3.csv,0.16195893287658691
row_more_sep_row7_col2.csv,0.11184883117675781
row_less_sep_row14_col5.csv,0.15978312492370605
row_more_sep_row32_col4.csv,0.1585845947265625
row_more_sep_row76_col8.csv,0.11634302139282227
row_field_delimiter_34_0x20.csv,0.16244196891784668
row_less_sep_row38_col1.csv,0.1545257568359375
row_more_sep_row28_col5.csv,0.15725255012512207
row_extra_quote20_col7.csv,0.15983867645263672
row_less_sep_row9_col6.csv,0.1619858741760254
row_extra_quote23_col3.csv,0.1532115936279297
row_less_sep_row45_col1.csv,0.1624913215637207
row_more_sep_row82_col7.csv,0.1523151397705078
row_more_sep_row36_col7.csv,0.14561796188354492
row_extra_quote19_col2.csv,0.1647350788116455
row_extra_quote32_col4.csv,0.15987420082092285
row_less_sep_row49_col5.csv,0.10506081581115723
row_extra_quote76_col7.csv,0.16007661819458008
row_more_sep_row62_col2.csv,0.15196466445922852
row_less_sep_row80_col5.csv,0.10021495819091797
row_extra_quote25_col2.csv,0.15648269653320312
row_extra_quote55_col2.csv,0.15483784675598145
row_more_sep_row29_col0.csv,0.14911484718322754
row_more_sep_row81_col8.csv,0.1080474853515625
row_extra_quote2_col1.csv,0.15587949752807617
row_more_sep_row35_col6.csv,0.16138839721679688
row_field_delimiter_80_0x20.csv,0.1739823818206787
row_extra_quote51_col2.csv,0.16808485984802246
row_less_sep_row20_col1.csv,0.16811251640319824
row_more_sep_row36_col2.csv,0.1573164463043213
row_extra_quote67_col7.csv,0.16109943389892578
row_less_sep_row25_col4.csv,0.15815448760986328
row_more_sep_row20_col6.csv,0.1534566879272461
row_extra_quote27_col7.csv,0.15795683860778809
row_extra_quote8_col7.csv,0.15490150451660156
row_more_sep_row17_col2.csv,0.14402532577514648
row_extra_quote22_col5.csv,0.15918350219726562
row_more_sep_row33_col1.csv,0.15069270133972168
row_extra_quote74_col4.csv,0.1505417823791504
row_extra_quote77_col6.csv,0.1580677032470703
row_more_sep_row12_col1.csv,0.10994648933410645
row_less_sep_row31_col2.csv,0.15372967720031738
row_less_sep_row19_col7.csv,0.15436720848083496
row_extra_quote10_col5.csv,0.1577439308166504
row_less_sep_row75_col3.csv,0.1536562442779541
row_extra_quote54_col7.csv,0.1561720371246338
row_more_sep_row58_col6.csv,0.1530470848083496
row_less_sep_row5_col7.csv,0.15185952186584473
row_less_sep_row3_col1.csv,0.14742255210876465
row_less_sep_row7_col4.csv,0.15879178047180176
row_field_delimiter_79_0x20.csv,0.15529775619506836
row_field_delimiter_63_0x20.csv,0.15071368217468262
row_less_sep_row75_col4.csv,0.1537942886352539
row_more_sep_row33_col5.csv,0.15805578231811523
row_less_sep_row82_col6.csv,0.1527271270751953
row_extra_quote21_col4.csv,0.16460418701171875
row_less_sep_row57_col1.csv,0.15951204299926758
row_less_sep_row64_col2.csv,0.17277169227600098
row_less_sep_row51_col7.csv,0.15232539176940918
row_extra_quote24_col4.csv,0.15336084365844727
row_extra_quote46_col4.csv,0.15391159057617188
row_more_sep_row0_col5.csv,0.15578746795654297
row_less_sep_row28_col4.csv,0.15819883346557617
row_less_sep_row10_col5.csv,0.10665440559387207
row_more_sep_row52_col5.csv,0.1507565975189209
row_extra_quote81_col4.csv,0.1620030403137207
row_extra_quote73_col8.csv,0.1627497673034668
row_extra_quote73_col0.csv,0.1592566967010498
row_more_sep_row56_col4.csv,0.15064072608947754
row_extra_quote39_col6.csv,0.1541132926940918
row_extra_quote3_col8.csv,0.15253734588623047
row_more_sep_row57_col1.csv,0.1500413417816162
row_more_sep_row45_col5.csv,0.14946722984313965
row_extra_quote75_col0.csv,0.15477275848388672
row_extra_quote11_col5.csv,0.15646028518676758
row_more_sep_row19_col5.csv,0.1459348201751709
row_more_sep_row11_col4.csv,0.14453339576721191
row_more_sep_row30_col1.csv,0.10784745216369629
row_extra_quote43_col5.csv,0.15364408493041992
row_less_sep_row71_col1.csv,0.16417264938354492
row_less_sep_row81_col1.csv,0.15474724769592285
row_less_sep_row63_col3.csv,0.16866779327392578
row_more_sep_row7_col4.csv,0.14803647994995117
row_extra_quote20_col0.csv,0.15775251388549805
row_extra_quote6_col0.csv,0.15283679962158203
row_extra_quote83_col0.csv,0.1515359878540039
row_less_sep_row38_col5.csv,0.09980416297912598
row_extra_quote21_col7.csv,0.15316462516784668
row_more_sep_row75_col8.csv,0.11160778999328613
row_extra_quote5_col8.csv,0.15552186965942383
row_less_sep_row72_col1.csv,0.15118741989135742
row_less_sep_row4_col6.csv,0.1544644832611084
row_more_sep_row20_col5.csv,0.14752507209777832
row_extra_quote47_col6.csv,0.14784812927246094
row_less_sep_row30_col7.csv,0.15453529357910156
row_less_sep_row79_col8.csv,0.1528034210205078
row_more_sep_row50_col6.csv,0.14544892311096191
row_more_sep_row30_col4.csv,0.15035486221313477
row_extra_quote17_col7.csv,0.15365195274353027
row_less_sep_row57_col5.csv,0.15294718742370605
row_more_sep_row48_col8.csv,0.1124868392944336
row_field_delimiter_83_0x20.csv,0.15194058418273926
row_extra_quote40_col5.csv,0.15195751190185547
row_less_sep_row16_col1.csv,0.1496286392211914
row_more_sep_row42_col6.csv,0.15170764923095703
row_extra_quote49_col5.csv,0.15374183654785156
row_extra_quote13_col7.csv,0.1520993709564209
row_less_sep_row28_col6.csv,0.1589336395263672
row_less_sep_row20_col5.csv,0.09688925743103027
row_extra_quote64_col0.csv,0.14998555183410645
row_less_sep_row27_col4.csv,0.15430331230163574
row_more_sep_row1_col1.csv,0.10951089859008789
row_less_sep_row2_col6.csv,0.15140724182128906
row_more_sep_row52_col8.csv,0.11044979095458984
row_more_sep_row11_col1.csv,0.14919018745422363
row_more_sep_row1_col0.csv,0.10953497886657715
row_more_sep_row26_col7.csv,0.1459026336669922
row_more_sep_row73_col8.csv,0.10967636108398438
row_extra_quote50_col7.csv,0.15507721900939941
row_more_sep_row46_col7.csv,0.15082001686096191
row_less_sep_row39_col4.csv,0.14941787719726562
row_more_sep_row30_col0.csv,0.10952591896057129
row_extra_quote30_col1.csv,0.15962624549865723
row_more_sep_row49_col2.csv,0.10919022560119629
row_extra_quote35_col1.csv,0.1514275074005127
row_extra_quote17_col3.csv,0.15160179138183594
row_extra_quote49_col8.csv,0.15199041366577148
row_less_sep_row58_col1.csv,0.15547561645507812
row_more_sep_row4_col7.csv,0.14542055130004883
row_extra_quote1_col0.csv,0.15517520904541016
row_less_sep_row21_col5.csv,0.10185432434082031
row_more_sep_row15_col4.csv,0.1491718292236328
row_extra_quote50_col8.csv,0.15436434745788574
row_more_sep_row13_col7.csv,0.15084576606750488
row_extra_quote22_col4.csv,0.15584850311279297
row_field_delimiter_75_0x20.csv,0.15020513534545898
row_more_sep_row59_col7.csv,0.15904664993286133
row_more_sep_row47_col8.csv,0.11620378494262695
row_more_sep_row54_col7.csv,0.14714646339416504
row_extra_quote29_col4.csv,0.15006566047668457
row_more_sep_row24_col2.csv,0.14935588836669922
row_more_sep_row78_col0.csv,0.10936570167541504
row_less_sep_row39_col1.csv,0.15237140655517578
row_less_sep_row70_col6.csv,0.15094828605651855
row_more_sep_row3_col0.csv,0.15067720413208008
row_extra_quote57_col0.csv,0.15158724784851074
row_extra_quote6_col5.csv,0.14873576164245605
row_less_sep_row46_col2.csv,0.15679311752319336
row_extra_quote58_col7.csv,0.15102005004882812
row_less_sep_row37_col5.csv,0.10045695304870605
row_more_sep_row43_col2.csv,0.1437993049621582
row_less_sep_row33_col8.csv,0.15670275688171387
row_more_sep_row57_col4.csv,0.14731621742248535
row_extra_quote47_col8.csv,0.1507399082183838
row_less_sep_row27_col8.csv,0.15346789360046387
row_more_sep_row61_col0.csv,0.14410805702209473
row_less_sep_row28_col2.csv,0.15101242065429688
row_more_sep_row28_col4.csv,0.15514349937438965
row_more_sep_row64_col2.csv,0.10827445983886719
row_extra_quote0_col1.csv,0.12769651412963867
row_extra_quote15_col3.csv,0.14551162719726562
row_extra_quote15_col6.csv,0.15053510665893555
row_extra_quote21_col6.csv,0.14900875091552734
row_extra_quote21_col2.csv,0.15219879150390625
row_more_sep_row46_col2.csv,0.1520402431488037
row_extra_quote18_col0.csv,0.15427589416503906
row_field_delimiter_53_0x20.csv,0.15180277824401855
row_extra_quote27_col8.csv,0.15503334999084473
row_extra_quote76_col3.csv,0.15517830848693848
row_less_sep_row3_col2.csv,0.15409374237060547
row_more_sep_row52_col3.csv,0.1479201316833496
row_extra_quote22_col8.csv,0.14898157119750977
row_more_sep_row17_col1.csv,0.144242525100708
row_extra_quote65_col7.csv,0.15657258033752441
row_more_sep_row17_col0.csv,0.15092873573303223
row_less_sep_row49_col6.csv,0.15365314483642578
row_extra_quote49_col3.csv,-2.7670705318450928
row_more_sep_row55_col7.csv,0.14041614532470703
row_less_sep_row17_col1.csv,0.141218900680542
row_less_sep_row17_col6.csv,0.08858871459960938
row_more_sep_row20_col2.csv,0.10179710388183594
row_extra_quote4_col4.csv,0.1422715187072754
row_extra_quote79_col7.csv,0.14389753341674805
row_less_sep_row1_col2.csv,0.13967490196228027
row_extra_quote35_col6.csv,0.14271759986877441
row_more_sep_row66_col7.csv,0.13866853713989258
row_less_sep_row55_col1.csv,0.14291048049926758
row_extra_quote21_col3.csv,0.15556859970092773
row_less_sep_row82_col4.csv,0.14711427688598633
row_extra_quote67_col5.csv,0.14358162879943848
row_more_sep_row6_col6.csv,0.13919758796691895
row_extra_quote48_col2.csv,0.13838434219360352
row_extra_quote20_col2.csv,0.1404123306274414
row_less_sep_row19_col2.csv,0.143021821975708
row_extra_quote49_col0.csv,0.14330458641052246
row_less_sep_row76_col8.csv,0.13989758491516113
row_less_sep_row23_col3.csv,0.14593052864074707
row_more_sep_row71_col0.csv,0.10220098495483398
row_more_sep_row67_col5.csv,0.14352965354919434
row_less_sep_row59_col2.csv,0.15451812744140625
row_more_sep_row79_col0.csv,0.1473987102508545
row_extra_quote77_col4.csv,0.15755820274353027
row_extra_quote29_col5.csv,0.1585407257080078
row_more_sep_row10_col3.csv,0.10862851142883301
row_extra_quote44_col0.csv,0.14967989921569824
row_more_sep_row19_col1.csv,0.10887527465820312
row_more_sep_row66_col2.csv,0.14952778816223145
row_less_sep_row14_col4.csv,0.1554727554321289
row_extra_quote55_col3.csv,0.15057659149169922
row_less_sep_row27_col6.csv,0.15118122100830078
row_extra_quote9_col4.csv,0.1536111831665039
row_extra_quote13_col6.csv,0.14737367630004883
row_extra_quote38_col4.csv,0.15146994590759277
row_more_sep_row69_col1.csv,0.14970064163208008
row_more_sep_row79_col2.csv,0.14704465866088867
row_extra_quote15_col0.csv,0.16019678115844727
row_less_sep_row24_col6.csv,0.14891672134399414
row_more_sep_row50_col8.csv,0.10778522491455078
row_more_sep_row25_col2.csv,0.1084437370300293
row_extra_quote72_col2.csv,0.1474897861480713
row_more_sep_row15_col8.csv,0.10852837562561035
row_less_sep_row5_col6.csv,0.15338706970214844
row_less_sep_row9_col8.csv,0.15343427658081055
file_header_multirow_3.csv,0.1018521785736084
row_less_sep_row73_col4.csv,0.1537022590637207
row_less_sep_row49_col4.csv,0.15759611129760742
row_more_sep_row83_col6.csv,0.14899682998657227
row_extra_quote47_col0.csv,0.15131545066833496
row_more_sep_row53_col7.csv,0.14809918403625488
row_more_sep_row15_col3.csv,0.14989376068115234
row_extra_quote34_col2.csv,0.15260910987854004
row_less_sep_row50_col1.csv,0.15509414672851562
row_extra_quote35_col2.csv,0.15075302124023438
row_less_sep_row26_col8.csv,0.15358662605285645
row_less_sep_row29_col3.csv,0.15717387199401855
row_extra_quote11_col1.csv,0.15174388885498047
row_more_sep_row18_col7.csv,0.14761805534362793
file_quotation_char_0x27.csv,0.15459179878234863
file_double_trailing_newline.csv,0.0987091064453125
row_less_sep_row4_col5.csv,0.1553633213043213
row_extra_quote40_col8.csv,0.1515507698059082
row_extra_quote38_col6.csv,0.15680170059204102
row_less_sep_row25_col1.csv,0.15098905563354492
row_less_sep_row63_col8.csv,0.15080046653747559
row_more_sep_row76_col7.csv,0.14868927001953125
row_extra_quote7_col1.csv,0.15050292015075684
row_extra_quote82_col0.csv,0.1510329246520996
row_more_sep_row72_col4.csv,0.1494762897491455
row_more_sep_row74_col6.csv,0.1452038288116455
row_more_sep_row75_col0.csv,0.14327144622802734
row_extra_quote22_col1.csv,0.15198540687561035
row_extra_quote44_col2.csv,0.1491231918334961
row_extra_quote0_col7.csv,0.12773942947387695
row_less_sep_row55_col8.csv,0.14899539947509766
row_extra_quote52_col0.csv,0.15419745445251465
row_extra_quote44_col3.csv,0.15375113487243652
row_more_sep_row7_col0.csv,0.10703158378601074
row_extra_quote74_col6.csv,0.15195322036743164
row_field_delimiter_7_0x20.csv,0.15834379196166992
row_extra_quote61_col4.csv,0.1548929214477539
row_less_sep_row77_col5.csv,0.14805078506469727
row_more_sep_row22_col1.csv,0.10922527313232422
row_more_sep_row47_col4.csv,0.14885568618774414
row_more_sep_row64_col7.csv,0.1514132022857666
row_more_sep_row20_col7.csv,0.14818453788757324
row_less_sep_row60_col3.csv,0.15184617042541504
row_more_sep_row47_col0.csv,0.1481921672821045
row_more_sep_row56_col5.csv,0.14702534675598145
row_more_sep_row58_col1.csv,0.14787626266479492
row_more_sep_row43_col7.csv,0.14765572547912598
row_more_sep_row78_col8.csv,0.10644245147705078
row_less_sep_row50_col6.csv,0.09939122200012207
row_more_sep_row17_col7.csv,0.14289426803588867
row_extra_quote5_col7.csv,0.15076136589050293
row_more_sep_row18_col5.csv,0.15250182151794434
row_extra_quote1_col5.csv,0.1525425910949707
row_more_sep_row81_col0.csv,0.1069495677947998
row_field_delimiter_19_0x20.csv,0.1534748077392578
row_field_delimiter_35_0x20.csv,0.15356898307800293
row_more_sep_row35_col5.csv,0.15080904960632324
row_more_sep_row76_col2.csv,0.14757061004638672
row_less_sep_row8_col5.csv,0.10297012329101562
row_less_sep_row34_col8.csv,0.15156817436218262
row_field_delimiter_42_0x20.csv,0.15110135078430176
row_less_sep_row51_col6.csv,0.15126705169677734
row_field_delimiter_50_0x20.csv,0.15064430236816406
row_more_sep_row24_col8.csv,0.10818171501159668
row_extra_quote34_col0.csv,0.1492171287536621
row_extra_quote55_col6.csv,0.14998197555541992
row_less_sep_row26_col3.csv,0.15926051139831543
row_less_sep_row40_col1.csv,0.1537330150604248
row_extra_quote8_col1.csv,0.15135884284973145
row_more_sep_row48_col7.csv,0.1492323875427246
row_more_sep_row60_col6.csv,0.14992570877075195
row_less_sep_row0_col7.csv,0.1493079662322998
row_more_sep_row1_col2.csv,0.1498889923095703
row_less_sep_row78_col7.csv,0.15548396110534668
row_more_sep_row15_col5.csv,0.1432020664215088
row_more_sep_row47_col1.csv,0.147263765335083
row_extra_quote76_col1.csv,0.15047907829284668
row_less_sep_row75_col5.csv,0.15109038352966309
row_less_sep_row40_col7.csv,0.15917158126831055
row_extra_quote3_col5.csv,0.15323996543884277
row_extra_quote17_col8.csv,0.14832305908203125
row_more_sep_row72_col5.csv,0.14646625518798828
row_more_sep_row34_col6.csv,0.14477872848510742
row_more_sep_row38_col3.csv,0.14246892929077148
row_extra_quote35_col8.csv,0.15472888946533203
row_more_sep_row63_col1.csv,0.11136341094970703
row_more_sep_row31_col5.csv,0.1494884490966797
row_less_sep_row23_col2.csv,0.14875030517578125
row_more_sep_row62_col4.csv,0.1487271785736084
row_more_sep_row41_col3.csv,0.1461780071258545
row_extra_quote14_col7.csv,0.15128779411315918
row_less_sep_row60_col6.csv,0.15457725524902344
row_extra_quote79_col2.csv,0.15187692642211914
row_extra_quote11_col8.csv,0.15119099617004395
row_more_sep_row32_col8.csv,0.10842752456665039
row_extra_quote34_col8.csv,0.15518712997436523
row_extra_quote71_col0.csv,0.15233802795410156
row_extra_quote15_col2.csv,0.1483173370361328
file_escape_char_0x00.csv,0.15533232688903809
row_less_sep_row61_col1.csv,0.153336763381958
row_extra_quote81_col5.csv,0.14929938316345215
row_less_sep_row32_col8.csv,0.1533210277557373
row_less_sep_row83_col2.csv,0.1551213264465332
row_less_sep_row46_col3.csv,0.15306997299194336
row_extra_quote63_col1.csv,0.155684232711792
row_less_sep_row0_col8.csv,0.14888429641723633
row_less_sep_row29_col2.csv,0.1507270336151123
row_less_sep_row80_col1.csv,0.1521604061126709
row_more_sep_row57_col0.csv,0.14649391174316406
row_less_sep_row50_col3.csv,0.14627861976623535
row_less_sep_row26_col1.csv,0.15209031105041504
row_less_sep_row38_col7.csv,0.1566917896270752
row_more_sep_row26_col1.csv,0.10714221000671387
row_extra_quote68_col8.csv,0.11148905754089355
row_less_sep_row36_col6.csv,0.1527414321899414
row_less_sep_row58_col5.csv,0.10355949401855469
row_extra_quote10_col4.csv,0.1606764793395996
row_less_sep_row68_col2.csv,0.15534067153930664
row_extra_quote11_col6.csv,0.14869260787963867
row_less_sep_row65_col5.csv,0.15241432189941406
row_field_delimiter_68_0x20.csv,0.15011024475097656
row_less_sep_row20_col2.csv,0.15484881401062012
row_field_delimiter_65_0x20.csv,0.15518641471862793
row_less_sep_row24_col7.csv,0.15432381629943848
row_extra_quote14_col3.csv,0.14594483375549316
row_less_sep_row67_col6.csv,0.15660429000854492
row_less_sep_row39_col6.csv,2.895761251449585
row_less_sep_row17_col8.csv,0.15697789192199707
row_extra_quote71_col4.csv,0.15264034271240234
row_more_sep_row60_col7.csv,0.1444413661956787
row_more_sep_row74_col8.csv,0.10598015785217285
row_extra_quote25_col0.csv,0.14876794815063477
row_field_delimiter_71_0x20.csv,0.15479564666748047
row_more_sep_row53_col0.csv,0.10529375076293945
row_less_sep_row81_col3.csv,0.15253829956054688
row_less_sep_row72_col3.csv,0.15321660041809082
row_less_sep_row6_col6.csv,0.09972476959228516
row_less_sep_row29_col8.csv,0.15176725387573242
row_extra_quote70_col7.csv,0.15452885627746582
row_extra_quote62_col3.csv,0.1511385440826416
row_extra_quote81_col6.csv,0.15590929985046387
row_less_sep_row43_col3.csv,0.15337705612182617
row_less_sep_row67_col8.csv,0.15129923820495605
row_extra_quote2_col0.csv,0.1558058261871338
row_less_sep_row41_col3.csv,0.1510164737701416
row_less_sep_row39_col7.csv,0.1472456455230713
row_more_sep_row59_col2.csv,0.15295171737670898
row_more_sep_row62_col0.csv,0.14618992805480957
row_less_sep_row18_col1.csv,0.14938688278198242
row_less_sep_row61_col2.csv,0.15326237678527832
row_extra_quote37_col7.csv,0.15450835227966309
row_more_sep_row56_col8.csv,0.1087954044342041
row_more_sep_row57_col7.csv,0.14774703979492188
row_extra_quote8_col6.csv,0.15640759468078613
row_less_sep_row33_col5.csv,0.09954357147216797
row_less_sep_row31_col1.csv,0.14903855323791504
row_extra_quote25_col6.csv,-2.7841405868530273
row_less_sep_row78_col1.csv,0.14342021942138672
row_more_sep_row24_col5.csv,0.14158272743225098
row_field_delimiter_41_0x20.csv,0.14264440536499023
row_less_sep_row79_col6.csv,0.13825440406799316
row_extra_quote22_col2.csv,0.14080476760864258
row_extra_quote69_col8.csv,0.1349964141845703
row_more_sep_row37_col6.csv,0.1424570083618164
row_extra_quote46_col8.csv,0.13776230812072754
row_extra_quote18_col2.csv,0.1409757137298584
row_more_sep_row11_col5.csv,0.13267040252685547
row_extra_quote70_col0.csv,0.13865423202514648
row_more_sep_row51_col2.csv,0.1412661075592041
row_less_sep_row81_col8.csv,0.15366482734680176
row_extra_quote25_col1.csv,0.15179944038391113
row_more_sep_row39_col8.csv,0.10055828094482422
row_more_sep_row46_col3.csv,0.1403813362121582
row_extra_quote47_col3.csv,0.1457996368408203
row_more_sep_row2_col2.csv,0.14461207389831543
row_extra_quote54_col3.csv,0.1405324935913086
row_extra_quote6_col6.csv,0.14693570137023926
row_less_sep_row5_col2.csv,0.16263508796691895
row_more_sep_row39_col4.csv,0.1524193286895752
row_less_sep_row63_col1.csv,0.1622481346130371
row_extra_quote40_col1.csv,0.16052746772766113
row_extra_quote26_col3.csv,0.16655230522155762
row_more_sep_row9_col2.csv,0.1488199234008789
row_more_sep_row48_col6.csv,0.15628504753112793
row_more_sep_row74_col2.csv,0.15269017219543457
row_field_delimiter_36_0x20.csv,0.16611623764038086
row_more_sep_row31_col7.csv,0.157745361328125
row_less_sep_row15_col6.csv,0.1599564552307129
row_extra_quote15_col1.csv,0.15704703330993652
row_more_sep_row38_col2.csv,0.11088705062866211
row_extra_quote62_col6.csv,0.15752291679382324
row_more_sep_row38_col5.csv,0.14554166793823242
row_less_sep_row65_col4.csv,0.15732884407043457
row_less_sep_row5_col8.csv,0.15542006492614746
row_more_sep_row27_col6.csv,0.14692473411560059
row_more_sep_row37_col1.csv,0.1650526523590088
row_more_sep_row76_col3.csv,0.16444706916809082
row_more_sep_row51_col3.csv,0.16982746124267578
row_extra_quote36_col4.csv,0.16324925422668457
row_more_sep_row69_col7.csv,0.16924285888671875
row_extra_quote60_col3.csv,0.1629495620727539
row_less_sep_row55_col2.csv,0.15907883644104004
row_extra_quote1_col1.csv,0.16529202461242676
row_less_sep_row37_col8.csv,0.1564617156982422
row_less_sep_row33_col3.csv,0.1668388843536377
row_less_sep_row11_col1.csv,0.1613466739654541
row_extra_quote60_col6.csv,0.14986395835876465
row_less_sep_row44_col1.csv,0.1574687957763672
row_more_sep_row72_col3.csv,0.14996790885925293
row_extra_quote28_col3.csv,0.14894962310791016
row_field_delimiter_60_0x20.csv,0.15280723571777344
row_more_sep_row10_col2.csv,0.10907149314880371
row_field_delimiter_52_0x20.csv,0.1526806354522705
row_less_sep_row46_col5.csv,0.14975547790527344
row_more_sep_row27_col7.csv,0.14738750457763672
row_extra_quote27_col2.csv,0.15814709663391113
row_less_sep_row2_col5.csv,0.15096664428710938
row_more_sep_row34_col3.csv,0.14980769157409668
row_less_sep_row81_col2.csv,0.15044188499450684
row_more_sep_row66_col8.csv,0.10612034797668457
row_extra_quote73_col4.csv,0.15146231651306152
row_more_sep_row14_col1.csv,0.10982370376586914
row_extra_quote80_col7.csv,0.15379571914672852
row_more_sep_row60_col3.csv,0.14272785186767578
row_more_sep_row29_col7.csv,0.1468515396118164
row_more_sep_row8_col0.csv,0.10814356803894043
row_more_sep_row65_col4.csv,0.14830231666564941
row_extra_quote79_col5.csv,0.15821385383605957
row_more_sep_row49_col5.csv,0.14654207229614258
row_extra_quote29_col3.csv,0.15372419357299805
row_more_sep_row83_col0.csv,0.1089930534362793
row_more_sep_row61_col6.csv,0.14695215225219727
row_extra_quote20_col8.csv,0.154280424118042
row_less_sep_row48_col1.csv,0.15542936325073242
row_extra_quote23_col7.csv,0.15217089653015137
row_less_sep_row34_col2.csv,0.1513819694519043
row_more_sep_row23_col1.csv,0.1489717960357666
row_more_sep_row73_col4.csv,0.14558744430541992
row_extra_quote36_col3.csv,0.15552783012390137
row_more_sep_row45_col3.csv,0.15062952041625977
row_more_sep_row67_col2.csv,0.1450200080871582
row_extra_quote31_col5.csv,0.15567660331726074
row_extra_quote77_col5.csv,0.15338850021362305
row_less_sep_row62_col5.csv,0.15183424949645996
row_less_sep_row49_col8.csv,0.15695881843566895
row_more_sep_row33_col7.csv,0.14999103546142578
row_less_sep_row7_col3.csv,0.14946341514587402
row_less_sep_row75_col2.csv,0.15299057960510254
row_more_sep_row28_col7.csv,0.14915990829467773
row_more_sep_row26_col2.csv,0.11093878746032715
row_extra_quote52_col8.csv,0.15579915046691895
row_less_sep_row49_col1.csv,0.16162705421447754
row_less_sep_row44_col4.csv,0.1506340503692627
row_extra_quote72_col0.csv,0.1546313762664795
row_less_sep_row8_col7.csv,0.15485882759094238
row_extra_quote65_col1.csv,0.15195512771606445
row_extra_quote74_col0.csv,0.15522384643554688
row_more_sep_row17_col5.csv,0.148667573928833
row_field_delimiter_43_0x20.csv,0.15084433555603027
row_more_sep_row43_col6.csv,0.1503918170928955
row_extra_quote9_col2.csv,0.15158557891845703
row_field_delimiter_47_0x20.csv,0.15235662460327148
row_more_sep_row72_col0.csv,0.15105581283569336
row_less_sep_row56_col7.csv,0.15101051330566406
row_less_sep_row8_col1.csv,0.151686429977417
row_extra_quote15_col5.csv,0.15445971488952637
row_extra_quote67_col6.csv,0.15470004081726074
row_more_sep_row0_col2.csv,0.1551830768585205
row_extra_quote72_col5.csv,0.1542508602142334
row_extra_quote29_col1.csv,0.15347695350646973
row_extra_quote48_col6.csv,0.15758681297302246
row_more_sep_row9_col4.csv,0.09961795806884766
row_extra_quote17_col5.csv,0.14800739288330078
row_extra_quote46_col6.csv,0.14951300621032715
row_less_sep_row7_col2.csv,0.15615200996398926
row_extra_quote64_col4.csv,0.1534595489501953
row_extra_quote55_col8.csv,0.1540074348449707
row_extra_quote43_col1.csv,0.15423178672790527
row_less_sep_row4_col8.csv,0.14921879768371582
row_more_sep_row24_col0.csv,0.10985016822814941
row_extra_quote25_col8.csv,0.1523759365081787
row_less_sep_row74_col8.csv,0.15546178817749023
row_extra_quote30_col8.csv,0.1517024040222168
row_less_sep_row13_col7.csv,0.15549707412719727
row_less_sep_row80_col4.csv,0.1524667739868164
row_less_sep_row62_col1.csv,0.14992737770080566
row_less_sep_row1_col6.csv,0.1521749496459961
row_extra_quote66_col1.csv,0.15400409698486328
row_more_sep_row83_col1.csv,0.1443314552307129
row_more_sep_row0_col8.csv,0.15730810165405273
row_extra_quote40_col4.csv,0.15322637557983398
row_less_sep_row83_col3.csv,0.15124201774597168
row_extra_quote69_col4.csv,0.15633153915405273
row_extra_quote48_col1.csv,0.1551520824432373
file_quotation_char_none.csv,0.1489107608795166
row_more_sep_row5_col2.csv,0.15645933151245117
row_more_sep_row55_col5.csv,0.14685487747192383
row_less_sep_row1_col7.csv,0.15059590339660645
row_extra_quote75_col7.csv,0.15389347076416016
row_less_sep_row12_col6.csv,0.10177445411682129
row_less_sep_row34_col7.csv,0.15247106552124023
row_extra_quote48_col5.csv,0.15024161338806152
row_extra_quote26_col5.csv,0.15590167045593262
row_extra_quote66_col2.csv,0.15320301055908203
row_more_sep_row7_col3.csv,0.14203310012817383
row_extra_quote64_col7.csv,0.1613771915435791
row_less_sep_row64_col4.csv,0.15404868125915527
row_more_sep_row33_col4.csv,0.14554405212402344
row_less_sep_row59_col8.csv,0.15913724899291992
row_extra_quote26_col0.csv,0.1508774757385254
row_extra_quote58_col5.csv,0.1486678123474121
row_less_sep_row33_col6.csv,0.15638518333435059
row_more_sep_row52_col4.csv,0.15032434463500977
row_more_sep_row44_col0.csv,0.1088247299194336
row_extra_quote82_col8.csv,0.15114283561706543
row_extra_quote3_col7.csv,0.15684914588928223
row_field_delimiter_2_0x20.csv,0.1537160873413086
row_more_sep_row45_col6.csv,0.14642572402954102
row_extra_quote3_col0.csv,0.1545848846435547
row_less_sep_row34_col5.csv,0.1454451084136963
row_extra_quote65_col8.csv,0.15062546730041504
row_more_sep_row53_col4.csv,0.15253186225891113
row_less_sep_row72_col5.csv,0.15114140510559082
file_record_delimiter_0xD.csv,0.09926986694335938
row_less_sep_row9_col2.csv,0.14826560020446777
row_extra_quote52_col6.csv,0.15491986274719238
row_less_sep_row9_col7.csv,0.15316319465637207
row_extra_quote75_col1.csv,0.14934444427490234
row_less_sep_row66_col3.csv,0.1539466381072998
row_extra_quote51_col5.csv,0.15459370613098145
row_extra_quote30_col2.csv,0.15413928031921387
row_more_sep_row45_col1.csv,0.11250734329223633
row_extra_quote4_col7.csv,0.15922045707702637
row_less_sep_row68_col8.csv,0.15136408805847168
row_more_sep_row75_col3.csv,0.14652395248413086
row_more_sep_row59_col6.csv,0.149946928024292
row_extra_quote30_col6.csv,0.15001130104064941
row_extra_quote11_col3.csv,0.14807677268981934
row_more_sep_row43_col4.csv,0.1541905403137207
row_more_sep_row73_col7.csv,0.14914679527282715
row_less_sep_row61_col5.csv,0.1508793830871582
row_less_sep_row72_col7.csv,0.15762948989868164
row_less_sep_row8_col4.csv,0.15215516090393066
row_more_sep_row43_col0.csv,0.14569973945617676
row_extra_quote55_col5.csv,0.1586747169494629
row_extra_quote40_col3.csv,0.15561795234680176
row_extra_quote61_col0.csv,0.15084266662597656
row_less_sep_row41_col5.csv,0.15452122688293457
row_less_sep_row62_col6.csv,0.10238432884216309
row_more_sep_row41_col8.csv,0.10998916625976562
row_less_sep_row1_col4.csv,0.15278291702270508
row_extra_quote74_col1.csv,0.14909768104553223
row_extra_quote78_col0.csv,0.15615129470825195
row_extra_quote78_col6.csv,0.14936542510986328
row_more_sep_row70_col2.csv,0.10969662666320801
row_more_sep_row23_col5.csv,0.14165735244750977
row_more_sep_row71_col3.csv,0.15105724334716797
row_less_sep_row74_col5.csv,0.1541767120361328
row_more_sep_row30_col3.csv,0.14484214782714844
row_field_delimiter_46_0x20.csv,0.15534257888793945
row_extra_quote37_col8.csv,0.1593174934387207
row_more_sep_row59_col5.csv,0.1471080780029297
row_extra_quote38_col1.csv,0.1542375087738037
row_less_sep_row43_col2.csv,0.15068316459655762
row_more_sep_row41_col6.csv,0.14178681373596191
row_less_sep_row64_col7.csv,0.15416598320007324
row_less_sep_row18_col3.csv,0.151658296585083
row_more_sep_row63_col7.csv,0.14673852920532227
row_extra_quote4_col1.csv,0.15433359146118164
row_less_sep_row67_col1.csv,0.15094637870788574
row_more_sep_row60_col2.csv,0.144866943359375
row_more_sep_row77_col5.csv,-2.78414249420166
row_more_sep_row29_col5.csv,0.14165639877319336
row_extra_quote2_col3.csv,0.14685940742492676
row_extra_quote78_col5.csv,0.1488513946533203
row_less_sep_row64_col5.csv,0.09554648399353027
row_extra_quote60_col7.csv,0.13931870460510254
row_less_sep_row73_col6.csv,0.14165425300598145
row_less_sep_row79_col5.csv,0.14310646057128906
row_extra_quote45_col2.csv,0.1424868106842041
row_more_sep_row33_col8.csv,0.10029196739196777
row_less_sep_row35_col2.csv,0.143812894821167
row_more_sep_row35_col3.csv,0.13904619216918945
row_more_sep_row76_col6.csv,0.13809657096862793
row_less_sep_row41_col8.csv,0.13952064514160156
row_extra_quote67_col4.csv,0.13820695877075195
row_extra_quote62_col0.csv,0.14188265800476074
row_more_sep_row10_col1.csv,0.09864020347595215
row_extra_quote30_col4.csv,0.14185810089111328
row_less_sep_row24_col5.csv,0.1392829418182373
row_less_sep_row68_col1.csv,0.13836336135864258
row_more_sep_row0_col1.csv,0.14419007301330566
row_more_sep_row31_col0.csv,0.1343393325805664
row_less_sep_row51_col2.csv,0.16038799285888672
row_more_sep_row56_col6.csv,0.1543257236480713
row_more_sep_row39_col2.csv,0.1448829174041748
row_less_sep_row19_col6.csv,0.15449070930480957
row_less_sep_row12_col1.csv,0.1579761505126953
row_extra_quote42_col3.csv,0.15427136421203613
row_more_sep_row79_col3.csv,0.1509404182434082
row_extra_quote59_col7.csv,0.15128684043884277
row_more_sep_row36_col5.csv,0.145524263381958
row_extra_quote57_col5.csv,0.1594069004058838
row_less_sep_row41_col7.csv,0.15424466133117676
row_more_sep_row29_col4.csv,0.14586377143859863
row_extra_quote67_col1.csv,0.15522003173828125
row_extra_quote48_col0.csv,0.16010475158691406
row_extra_quote7_col7.csv,0.15123414993286133
row_extra_quote72_col7.csv,0.15312910079956055
row_more_sep_row16_col4.csv,0.15110111236572266
row_extra_quote59_col2.csv,0.15308332443237305
row_field_delimiter_81_0x20.csv,0.15690374374389648
row_less_sep_row71_col8.csv,0.15256881713867188
row_more_sep_row23_col7.csv,0.1481008529663086
row_less_sep_row63_col5.csv,1.6584632396697998
row_less_sep_row52_col5.csv,1.5036404132843018
row_more_sep_row19_col6.csv,0.14774155616760254
row_extra_quote36_col2.csv,0.1510767936706543
row_extra_quote33_col4.csv,0.15743517875671387
row_more_sep_row12_col2.csv,0.10845613479614258
row_more_sep_row68_col1.csv,0.10658121109008789
row_more_sep_row27_col1.csv,0.10529923439025879
row_more_sep_row44_col1.csv,0.14794301986694336
row_less_sep_row13_col8.csv,0.15467166900634766
row_extra_quote62_col2.csv,0.15581893920898438
row_extra_quote20_col3.csv,0.15403270721435547
row_more_sep_row51_col4.csv,0.14345812797546387
row_extra_quote14_col6.csv,0.1517775058746338
row_more_sep_row4_col4.csv,0.14543724060058594
row_extra_quote3_col3.csv,0.14849019050598145
row_extra_quote38_col7.csv,0.15309643745422363
row_less_sep_row40_col8.csv,0.15360617637634277
row_less_sep_row77_col2.csv,0.14946389198303223
row_more_sep_row20_col1.csv,0.10712170600891113
row_less_sep_row44_col5.csv,0.15517497062683105
row_extra_quote76_col0.csv,0.1523420810699463
row_less_sep_row70_col4.csv,0.1502237319946289
row_more_sep_row20_col0.csv,0.1094207763671875
row_less_sep_row76_col7.csv,0.15325236320495605
row_less_sep_row6_col4.csv,0.15346193313598633
row_extra_quote83_col8.csv,0.10024285316467285
row_extra_quote57_col3.csv,0.1498563289642334
row_less_sep_row14_col2.csv,0.15420031547546387
row_extra_quote6_col4.csv,0.1518409252166748
row_less_sep_row6_col2.csv,0.15001153945922852
row_extra_quote70_col5.csv,0.15939092636108398
row_more_sep_row3_col7.csv,0.14927268028259277
row_field_delimiter_0_0x20.csv,0.16271471977233887
row_field_delimiter_9_0x20.csv,0.14961647987365723
row_more_sep_row6_col3.csv,0.1447582244873047
row_less_sep_row63_col4.csv,0.15619587898254395
row_extra_quote23_col8.csv,0.1535203456878662
row_more_sep_row0_col4.csv,0.15654969215393066
file_no_trailing_newline.csv,0.09946799278259277
row_extra_quote24_col6.csv,0.15537309646606445
row_extra_quote64_col6.csv,0.15445637702941895
row_field_delimiter_77_0x20.csv,0.15063858032226562
row_extra_quote57_col1.csv,0.1552443504333496
row_extra_quote29_col0.csv,0.1530625820159912
row_extra_quote34_col7.csv,0.14581036567687988
row_extra_quote43_col4.csv,0.15605568885803223
row_more_sep_row24_col7.csv,0.1517162322998047
row_extra_quote65_col4.csv,0.15647459030151367
row_less_sep_row66_col7.csv,0.15647029876708984
row_more_sep_row46_col0.csv,0.10812091827392578
row_extra_quote48_col8.csv,0.11385488510131836
row_less_sep_row8_col2.csv,0.15684914588928223
row_more_sep_row35_col2.csv,0.14217591285705566
row_extra_quote71_col7.csv,0.15325474739074707
row_extra_quote24_col0.csv,0.15509295463562012
row_less_sep_row27_col1.csv,0.14835858345031738
row_less_sep_row72_col2.csv,0.15955543518066406
row_less_sep_row2_col1.csv,0.15558886528015137
row_less_sep_row23_col1.csv,0.15410661697387695
row_less_sep_row19_col5.csv,0.10259842872619629
row_more_sep_row36_col6.csv,0.14909768104553223
row_extra_quote59_col0.csv,0.14931273460388184
row_extra_quote81_col2.csv,0.1512303352355957
row_less_sep_row47_col6.csv,0.09959888458251953
row_less_sep_row26_col4.csv,0.14827418327331543
row_less_sep_row0_col6.csv,0.15268373489379883
row_extra_quote9_col8.csv,0.1604609489440918
row_extra_quote59_col4.csv,0.15353131294250488
row_more_sep_row47_col3.csv,0.14789462089538574
row_more_sep_row42_col5.csv,0.14847326278686523
row_extra_quote74_col7.csv,0.1511523723602295
row_extra_quote51_col8.csv,0.15306711196899414
row_more_sep_row49_col7.csv,0.14811325073242188
row_more_sep_row22_col4.csv,0.14786672592163086
row_more_sep_row7_col8.csv,0.10815119743347168
row_less_sep_row59_col1.csv,0.14795494079589844
row_more_sep_row77_col0.csv,0.1091454029083252
row_more_sep_row59_col0.csv,0.10884737968444824
row_more_sep_row15_col6.csv,0.14955854415893555
row_less_sep_row3_col6.csv,0.10117483139038086
row_more_sep_row54_col5.csv,0.14512991905212402
row_more_sep_row34_col5.csv,0.14422988891601562
row_extra_quote56_col5.csv,0.1490936279296875
row_more_sep_row10_col4.csv,0.10728001594543457
row_extra_quote48_col4.csv,0.1585402488708496
row_more_sep_row2_col5.csv,0.15767192840576172
row_less_sep_row53_col5.csv,0.15141654014587402
row_more_sep_row9_col3.csv,0.11224865913391113
row_less_sep_row13_col4.csv,0.15745139122009277
row_more_sep_row71_col6.csv,0.1489112377166748
row_less_sep_row83_col5.csv,0.09954690933227539
row_extra_quote64_col2.csv,0.15320253372192383
row_less_sep_row53_col2.csv,0.15672731399536133
row_extra_quote26_col8.csv,0.14973092079162598
row_less_sep_row64_col1.csv,0.14824914932250977
row_extra_quote72_col8.csv,0.15752077102661133
row_extra_quote43_col0.csv,0.1488347053527832
row_extra_quote14_col1.csv,0.14818191528320312
row_more_sep_row75_col1.csv,0.15392422676086426
row_less_sep_row46_col7.csv,0.15346980094909668
row_field_delimiter_66_0x20.csv,0.14825725555419922
row_extra_quote17_col2.csv,0.15166974067687988
row_more_sep_row66_col6.csv,0.1471233367919922
row_extra_quote14_col5.csv,0.1480715274810791
row_more_sep_row61_col7.csv,0.15216851234436035
row_extra_quote3_col2.csv,0.15616345405578613
row_more_sep_row68_col0.csv,0.1096189022064209
row_less_sep_row53_col7.csv,0.1509718894958496
row_more_sep_row42_col7.csv,0.1528334617614746
row_more_sep_row2_col6.csv,0.14777398109436035
row_less_sep_row16_col4.csv,0.15059614181518555
row_extra_quote13_col4.csv,0.15422487258911133
row_less_sep_row19_col8.csv,0.15624475479125977
row_less_sep_row52_col2.csv,0.14884591102600098
row_extra_quote2_col4.csv,0.15656232833862305
row_less_sep_row57_col8.csv,0.1567525863647461
row_field_delimiter_11_0x20.csv,0.1502523422241211
row_less_sep_row38_col8.csv,0.15968847274780273
file_multitable_same.csv,0.13851690292358398
row_extra_quote50_col2.csv,0.1478564739227295
file_one_data_row.csv,0.06283020973205566
row_less_sep_row55_col3.csv,0.15214180946350098
row_more_sep_row22_col2.csv,0.11248326301574707
row_more_sep_row66_col3.csv,0.15109682083129883
row_more_sep_row45_col7.csv,0.1458587646484375
row_less_sep_row44_col7.csv,0.15043020248413086
row_more_sep_row55_col3.csv,0.14646196365356445
row_more_sep_row14_col2.csv,0.10140585899353027
row_extra_quote29_col6.csv,0.15522050857543945
row_more_sep_row61_col3.csv,0.1451430320739746
row_more_sep_row80_col4.csv,0.15066742897033691
row_extra_quote18_col8.csv,0.1521906852722168
row_more_sep_row69_col5.csv,0.14079499244689941
row_extra_quote33_col6.csv,0.15101981163024902
row_extra_quote4_col8.csv,0.15547895431518555
row_less_sep_row14_col8.csv,0.14878010749816895
row_extra_quote61_col6.csv,0.1536388397216797
row_extra_quote25_col5.csv,0.15229153633117676
row_less_sep_row9_col1.csv,0.15182924270629883
row_extra_quote2_col5.csv,0.15782380104064941
row_less_sep_row9_col4.csv,0.15557026863098145
row_less_sep_row52_col3.csv,0.15016603469848633
row_extra_quote82_col2.csv,0.15314769744873047
row_more_sep_row32_col2.csv,0.14431405067443848
row_more_sep_row13_col5.csv,0.1480419635772705
row_more_sep_row45_col2.csv,0.1474316120147705
row_more_sep_row64_col4.csv,0.14809298515319824
row_more_sep_row47_col6.csv,0.14538121223449707
row_less_sep_row51_col8.csv,0.15302658081054688
row_more_sep_row82_col6.csv,0.1446669101715088
row_less_sep_row51_col1.csv,0.1521587371826172
row_more_sep_row9_col0.csv,0.10595297813415527
row_extra_quote65_col0.csv,0.15385103225708008
row_less_sep_row47_col5.csv,0.1530749797821045
row_field_delimiter_25_0x20.csv,0.15109777450561523
row_less_sep_row27_col7.csv,0.157562255859375
file_multitable_less.csv,0.20311903953552246
row_more_sep_row11_col7.csv,-2.7856249809265137
row_more_sep_row64_col8.csv,0.10145759582519531
row_more_sep_row11_col3.csv,0.13767004013061523
row_more_sep_row62_col1.csv,0.09873414039611816
row_extra_quote15_col7.csv,0.1432652473449707
row_more_sep_row68_col7.csv,0.1412351131439209
row_more_sep_row66_col1.csv,0.1361377239227295
row_less_sep_row65_col1.csv,0.13752532005310059
row_more_sep_row51_col7.csv,0.13616275787353516
row_extra_quote6_col1.csv,0.13972711563110352
row_extra_quote49_col6.csv,0.1374955177307129
row_more_sep_row81_col7.csv,0.13309311866760254
row_more_sep_row0_col6.csv,0.1434168815612793
row_less_sep_row68_col6.csv,0.13127493858337402
row_less_sep_row74_col6.csv,0.13861799240112305
row_more_sep_row14_col4.csv,0.140549898147583
row_extra_quote42_col1.csv,0.13823533058166504
row_extra_quote10_col8.csv,0.13758111000061035
row_extra_quote11_col0.csv,0.14107322692871094
row_more_sep_row35_col1.csv,0.1044304370880127
row_less_sep_row32_col5.csv,0.0895383358001709
row_more_sep_row73_col3.csv,0.13833403587341309
row_extra_quote43_col8.csv,0.1455402374267578
row_more_sep_row21_col3.csv,0.1491074562072754
row_extra_quote78_col3.csv,0.14937305450439453
row_less_sep_row32_col3.csv,0.15365862846374512
row_less_sep_row66_col6.csv,0.1480100154876709
row_less_sep_row0_col2.csv,0.14860987663269043
row_more_sep_row49_col3.csv,0.15132856369018555
row_extra_quote43_col6.csv,0.15384626388549805
row_less_sep_row43_col7.csv,0.1495213508605957
row_extra_quote26_col7.csv,0.15669798851013184
row_field_delimiter_26_0x20.csv,0.1554274559020996
row_more_sep_row46_col8.csv,0.10758638381958008
row_extra_quote52_col1.csv,0.15076112747192383
row_more_sep_row75_col6.csv,0.14599967002868652
row_less_sep_row56_col5.csv,0.15221285820007324
row_extra_quote2_col8.csv,0.14993953704833984
row_extra_quote8_col5.csv,0.15685081481933594
row_more_sep_row70_col8.csv,0.10688543319702148
row_more_sep_row43_col1.csv,0.14867687225341797
row_more_sep_row24_col4.csv,0.14383983612060547
row_extra_quote56_col0.csv,0.1557447910308838
row_more_sep_row41_col7.csv,0.14885950088500977
row_more_sep_row22_col8.csv,0.10933423042297363
row_extra_quote73_col5.csv,0.1525874137878418
row_more_sep_row71_col5.csv,0.15004277229309082
row_more_sep_row32_col3.csv,0.14781427383422852
row_extra_quote63_col6.csv,0.15531110763549805
row_less_sep_row8_col3.csv,0.15446686744689941
row_more_sep_row16_col2.csv,0.14735984802246094
row_more_sep_row75_col5.csv,0.15198826789855957
row_more_sep_row1_col3.csv,0.14414000511169434
row_less_sep_row80_col8.csv,0.15175533294677734
row_more_sep_row29_col3.csv,0.14860081672668457
row_less_sep_row11_col5.csv,0.15146732330322266
row_field_delimiter_49_0x20.csv,0.149277925491333
row_extra_quote39_col8.csv,0.15420866012573242
row_less_sep_row57_col3.csv,0.15149950981140137
row_less_sep_row7_col5.csv,0.15375518798828125
row_less_sep_row82_col3.csv,0.15591120719909668
row_extra_quote0_col2.csv,0.12929010391235352
row_less_sep_row11_col8.csv,0.14893841743469238
row_less_sep_row58_col8.csv,0.15297651290893555
row_more_sep_row11_col8.csv,0.10949373245239258
row_more_sep_row23_col3.csv,0.15085053443908691
row_less_sep_row32_col2.csv,0.15135741233825684
row_less_sep_row22_col8.csv,0.1565713882446289
row_less_sep_row42_col1.csv,0.15073394775390625
row_more_sep_row70_col1.csv,0.10731792449951172
row_less_sep_row5_col3.csv,0.15280795097351074
row_extra_quote18_col5.csv,0.1558208465576172
row_less_sep_row64_col3.csv,0.15712738037109375
row_field_delimiter_39_0x20.csv,0.15317606925964355
row_extra_quote38_col2.csv,0.15529537200927734
row_less_sep_row15_col3.csv,0.15825510025024414
row_extra_quote21_col8.csv,0.15273737907409668
row_less_sep_row54_col7.csv,0.1554708480834961
row_extra_quote52_col2.csv,0.15415215492248535
row_less_sep_row79_col4.csv,0.15495514869689941
row_more_sep_row58_col7.csv,0.1516280174255371
row_extra_quote63_col7.csv,0.15519428253173828
row_extra_quote63_col2.csv,0.15085697174072266
row_less_sep_row20_col7.csv,0.15804433822631836
row_extra_quote33_col0.csv,0.1498098373413086
row_more_sep_row33_col0.csv,0.15036845207214355
row_extra_quote26_col6.csv,0.15615272521972656
row_less_sep_row45_col6.csv,0.15160393714904785
row_more_sep_row55_col8.csv,0.10902166366577148
row_less_sep_row26_col2.csv,0.1498854160308838
row_more_sep_row58_col3.csv,0.15004897117614746
row_more_sep_row72_col8.csv,0.10820484161376953
row_extra_quote82_col5.csv,0.1541585922241211
row_more_sep_row45_col0.csv,0.11054491996765137
row_extra_quote37_col1.csv,0.1530594825744629
row_more_sep_row16_col6.csv,0.15058374404907227
row_more_sep_row63_col5.csv,0.14371681213378906
row_extra_quote54_col5.csv,0.15404081344604492
row_more_sep_row2_col8.csv,0.11101841926574707
row_extra_quote58_col6.csv,0.15884828567504883
row_less_sep_row16_col8.csv,0.14910149574279785
row_less_sep_row64_col6.csv,0.15707063674926758
row_less_sep_row36_col5.csv,0.15549159049987793
row_less_sep_row29_col6.csv,0.14891552925109863
row_more_sep_row0_col0.csv,0.16121482849121094
row_less_sep_row59_col4.csv,0.15245556831359863
row_less_sep_row14_col6.csv,0.10323143005371094
row_more_sep_row16_col7.csv,0.14828944206237793
row_less_sep_row60_col4.csv,0.15322351455688477
row_less_sep_row8_col8.csv,0.15111851692199707
row_less_sep_row5_col4.csv,0.15567684173583984
row_more_sep_row73_col5.csv,0.15063214302062988
row_extra_quote10_col2.csv,0.14901423454284668
row_extra_quote67_col8.csv,0.1587674617767334
row_extra_quote79_col4.csv,0.15179848670959473
row_less_sep_row71_col3.csv,0.1437239646911621
row_extra_quote32_col0.csv,0.15700602531433105
row_extra_quote39_col1.csv,0.1554563045501709
row_extra_quote31_col4.csv,0.15099573135375977
row_more_sep_row54_col4.csv,0.1499018669128418
row_extra_quote77_col2.csv,0.15015268325805664
row_more_sep_row58_col5.csv,0.14680075645446777
row_more_sep_row46_col1.csv,0.14867472648620605
row_less_sep_row69_col7.csv,0.15409469604492188
row_less_sep_row25_col5.csv,0.15227246284484863
row_less_sep_row7_col7.csv,0.15473628044128418
row_extra_quote52_col5.csv,0.1495356559753418
file_no_header.csv,0.09949874877929688
row_more_sep_row80_col2.csv,0.1464672088623047
row_less_sep_row72_col6.csv,0.10365104675292969
row_extra_quote17_col6.csv,0.156264066696167
row_extra_quote65_col2.csv,0.15281248092651367
row_field_delimiter_12_0x20.csv,0.1531987190246582
row_more_sep_row77_col8.csv,0.1537923812866211
row_less_sep_row55_col4.csv,0.15451979637145996
row_extra_quote28_col8.csv,0.14889836311340332
row_less_sep_row71_col5.csv,0.09907007217407227
row_extra_quote32_col6.csv,0.1535329818725586
row_extra_quote12_col6.csv,0.11312222480773926
row_less_sep_row17_col5.csv,0.15161848068237305
row_less_sep_row74_col4.csv,0.14860153198242188
row_more_sep_row12_col6.csv,0.15270137786865234
row_more_sep_row30_col8.csv,0.10579752922058105
row_less_sep_row75_col1.csv,0.15193963050842285
row_extra_quote9_col1.csv,0.14777684211730957
row_extra_quote8_col8.csv,0.15796399116516113
row_more_sep_row40_col4.csv,0.1512136459350586
row_less_sep_row10_col4.csv,0.15322113037109375
row_extra_quote45_col4.csv,0.15757274627685547
row_more_sep_row27_col2.csv,0.15275168418884277
row_less_sep_row45_col4.csv,0.14795470237731934
row_extra_quote34_col1.csv,0.15695953369140625
row_less_sep_row66_col8.csv,0.15275168418884277
row_more_sep_row79_col4.csv,0.14464855194091797
row_more_sep_row27_col0.csv,0.10828304290771484
row_less_sep_row13_col1.csv,0.15751123428344727
row_less_sep_row0_col5.csv,0.15179824829101562
row_less_sep_row47_col7.csv,0.14729571342468262
row_more_sep_row1_col7.csv,0.1510920524597168
row_field_delimiter_13_0x20.csv,0.15344738960266113
row_less_sep_row10_col6.csv,0.15557098388671875
row_field_delimiter_20_0x20.csv,0.15505433082580566
row_more_sep_row61_col2.csv,0.10832476615905762
row_less_sep_row11_col7.csv,0.15478134155273438
row_less_sep_row21_col6.csv,0.15794968605041504
row_more_sep_row21_col1.csv,0.10813570022583008
row_less_sep_row3_col3.csv,0.14951515197753906
row_extra_quote70_col6.csv,0.1556081771850586
row_more_sep_row13_col8.csv,0.10845422744750977
row_more_sep_row39_col3.csv,0.14977073669433594
row_less_sep_row46_col1.csv,0.15088748931884766
row_less_sep_row27_col5.csv,0.15558838844299316
row_more_sep_row55_col0.csv,0.1464552879333496
row_extra_quote24_col5.csv,0.14811086654663086
row_extra_quote49_col4.csv,0.1585245132446289
row_extra_quote70_col1.csv,0.15455389022827148
row_extra_quote26_col1.csv,0.1494455337524414
row_less_sep_row80_col7.csv,0.1550159454345703
row_more_sep_row46_col5.csv,0.14803171157836914
row_less_sep_row77_col8.csv,0.15066289901733398
row_more_sep_row17_col3.csv,0.15418529510498047
row_extra_quote37_col4.csv,0.1560676097869873
row_more_sep_row80_col3.csv,0.1466076374053955
row_less_sep_row47_col1.csv,0.1538083553314209
row_extra_quote4_col2.csv,0.15321040153503418
row_less_sep_row24_col2.csv,0.14866209030151367
row_more_sep_row63_col6.csv,0.15094685554504395
row_extra_quote1_col8.csv,0.15499520301818848
row_less_sep_row40_col3.csv,0.1499345302581787
row_less_sep_row52_col8.csv,0.1521286964416504
row_less_sep_row38_col6.csv,0.15271592140197754
row_extra_quote45_col1.csv,0.14814138412475586
row_more_sep_row58_col2.csv,0.14774560928344727
row_less_sep_row48_col8.csv,0.15425682067871094
row_more_sep_row40_col5.csv,0.14682555198669434
row_extra_quote48_col7.csv,0.15394306182861328
row_more_sep_row18_col2.csv,0.1500413417816162
row_more_sep_row53_col1.csv,0.14329004287719727
row_more_sep_row20_col4.csv,0.15468740463256836
row_more_sep_row40_col3.csv,0.14570331573486328
row_extra_quote5_col4.csv,0.15022802352905273
row_extra_quote70_col4.csv,0.15552353858947754
row_less_sep_row48_col3.csv,0.1538257598876953
row_extra_quote24_col8.csv,0.15230917930603027
row_more_sep_row37_col8.csv,0.14930081367492676
row_more_sep_row64_col3.csv,0.1453709602355957
row_less_sep_row3_col4.csv,0.15369868278503418
row_more_sep_row65_col7.csv,0.15278267860412598
row_more_sep_row42_col3.csv,0.14412736892700195
row_extra_quote14_col8.csv,0.1611948013305664
row_less_sep_row45_col3.csv,0.16170263290405273
row_extra_quote43_col2.csv,0.15202021598815918
row_less_sep_row67_col3.csv,0.1519317626953125
row_more_sep_row69_col4.csv,0.1457991600036621
row_less_sep_row66_col5.csv,0.15323853492736816
row_more_sep_row67_col0.csv,0.15042519569396973
row_extra_quote81_col8.csv,0.15556120872497559
row_less_sep_row32_col6.csv,0.15161705017089844
row_less_sep_row28_col1.csv,-2.7808492183685303
row_more_sep_row65_col0.csv,0.10074472427368164
row_extra_quote28_col4.csv,0.10594034194946289
row_more_sep_row53_col2.csv,0.1373121738433838
row_extra_quote67_col3.csv,0.1425933837890625
row_extra_quote20_col4.csv,0.13983941078186035
row_more_sep_row48_col3.csv,0.13409805297851562
row_less_sep_row45_col8.csv,0.143110990524292
row_less_sep_row62_col4.csv,0.13475728034973145
row_less_sep_row20_col4.csv,0.1551532745361328
row_less_sep_row41_col1.csv,0.1429154872894287
row_less_sep_row57_col4.csv,0.14425134658813477
row_more_sep_row51_col8.csv,0.09836196899414062
row_less_sep_row37_col1.csv,0.13410091400146484
row_more_sep_row6_col2.csv,0.13425207138061523
row_more_sep_row26_col6.csv,0.140305757522583
row_less_sep_row27_col3.csv,0.1385941505432129
row_extra_quote1_col7.csv,0.1348893642425537
row_extra_quote40_col7.csv,0.1429433822631836
row_more_sep_row71_col1.csv,0.13604354858398438
row_extra_quote80_col4.csv,0.1412506103515625
row_extra_quote51_col6.csv,0.14088106155395508
row_extra_quote43_col3.csv,0.15518712997436523
row_more_sep_row2_col1.csv,0.14537310600280762
row_extra_quote53_col5.csv,0.15171146392822266
row_less_sep_row63_col2.csv,0.15504717826843262
row_extra_quote18_col3.csv,0.15535187721252441
row_less_sep_row0_col4.csv,0.15239596366882324
row_less_sep_row13_col3.csv,0.15460205078125
row_more_sep_row27_col8.csv,0.10850811004638672
row_extra_quote65_col6.csv,0.15325355529785156
row_less_sep_row75_col8.csv,0.15163898468017578
row_more_sep_row25_col0.csv,0.10784697532653809
row_less_sep_row37_col4.csv,0.15440917015075684
row_extra_quote68_col1.csv,0.15492606163024902
row_less_sep_row35_col7.csv,0.1499183177947998
row_more_sep_row46_col6.csv,0.14858365058898926
row_extra_quote57_col8.csv,0.155775785446167
row_more_sep_row44_col5.csv,0.14487409591674805
row_extra_quote5_col3.csv,0.15444493293762207
file_field_delimiter_0x20.csv,0.15720438957214355
row_more_sep_row39_col6.csv,0.10558795928955078
row_extra_quote7_col3.csv,0.152601957321167
row_less_sep_row23_col5.csv,0.15738391876220703
row_more_sep_row36_col1.csv,0.10787153244018555
row_less_sep_row77_col3.csv,0.15149545669555664
row_field_delimiter_17_0x20.csv,0.1558823585510254
row_less_sep_row47_col4.csv,0.1575942039489746
row_less_sep_row43_col1.csv,0.15052199363708496
row_more_sep_row64_col0.csv,0.10805583000183105
row_extra_quote58_col0.csv,0.15745973587036133
row_less_sep_row29_col4.csv,0.152815580368042
row_more_sep_row82_col1.csv,0.1501626968383789
row_less_sep_row76_col2.csv,0.15712594985961914
row_less_sep_row64_col8.csv,0.15553593635559082
row_less_sep_row22_col6.csv,0.14878177642822266
row_extra_quote80_col8.csv,0.15387964248657227
row_extra_quote9_col0.csv,0.15047001838684082
row_less_sep_row22_col7.csv,0.15199065208435059
row_more_sep_row35_col4.csv,0.1510331630706787
row_more_sep_row69_col0.csv,0.1522538661956787
row_more_sep_row54_col0.csv,0.1074228286743164
row_more_sep_row64_col6.csv,0.14485669136047363
row_field_delimiter_15_0x20.csv,0.1560513973236084
row_more_sep_row68_col4.csv,0.1448347568511963
row_less_sep_row63_col6.csv,0.15128135681152344
row_extra_quote39_col0.csv,0.15596222877502441
row_more_sep_row77_col3.csv,0.15157866477966309
row_extra_quote39_col2.csv,0.1514418125152588
row_less_sep_row26_col6.csv,0.10058426856994629
row_more_sep_row19_col2.csv,0.14886045455932617
row_more_sep_row65_col6.csv,0.1482245922088623
row_more_sep_row72_col7.csv,0.14515376091003418
row_less_sep_row80_col3.csv,0.1564016342163086
