filename,clevercs_time_0
row_extra_quote80_col1.csv,0.025181293487548828
row_less_sep_row57_col2.csv,0.024182796478271484
row_extra_quote57_col2.csv,0.023935556411743164
row_extra_quote33_col5.csv,0.03115224838256836
row_less_sep_row81_col5.csv,0.02551722526550293
row_less_sep_row2_col7.csv,0.023518800735473633
row_less_sep_row67_col4.csv,0.02389359474182129
row_less_sep_row21_col4.csv,0.024368762969970703
row_more_sep_row17_col6.csv,0.02441549301147461
row_less_sep_row56_col2.csv,0.02543044090270996
row_more_sep_row57_col2.csv,0.02375507354736328
row_extra_quote14_col4.csv,0.030143260955810547
row_less_sep_row61_col6.csv,0.02611374855041504
row_extra_quote20_col6.csv,0.03307819366455078
row_extra_quote74_col3.csv,0.024153470993041992
row_extra_quote53_col7.csv,0.028229475021362305
row_less_sep_row34_col6.csv,0.024306058883666992
row_more_sep_row5_col3.csv,0.02456951141357422
row_more_sep_row10_col0.csv,0.024933815002441406
row_less_sep_row2_col2.csv,0.0247957706451416
row_more_sep_row61_col5.csv,0.02377033233642578
row_extra_quote12_col5.csv,0.02959442138671875
row_less_sep_row47_col2.csv,0.023742198944091797
row_more_sep_row13_col2.csv,0.02443408966064453
row_extra_quote41_col1.csv,0.03049159049987793
row_more_sep_row37_col5.csv,0.023617267608642578
row_extra_quote58_col4.csv,0.02267313003540039
row_extra_quote6_col8.csv,0.02940845489501953
row_more_sep_row2_col4.csv,0.023604631423950195
row_more_sep_row76_col5.csv,0.03309893608093262
row_extra_quote75_col8.csv,0.03180956840515137
row_extra_quote16_col6.csv,0.02976703643798828
row_less_sep_row25_col7.csv,0.024109601974487305
row_extra_quote3_col1.csv,0.029813528060913086
row_less_sep_row44_col6.csv,0.024395227432250977
row_more_sep_row8_col5.csv,0.023741483688354492
row_more_sep_row31_col8.csv,0.02431797981262207
row_more_sep_row5_col6.csv,0.02335381507873535
row_extra_quote59_col8.csv,0.024690866470336914
row_less_sep_row41_col6.csv,0.02403736114501953
row_extra_quote53_col8.csv,0.026629209518432617
row_more_sep_row3_col1.csv,0.0239408016204834
row_more_sep_row81_col1.csv,0.02374410629272461
row_extra_quote44_col7.csv,0.03241562843322754
row_extra_quote41_col5.csv,0.03565382957458496
row_more_sep_row74_col5.csv,0.023407697677612305
row_more_sep_row28_col0.csv,0.024339914321899414
row_more_sep_row47_col5.csv,0.0233001708984375
row_more_sep_row44_col4.csv,0.024423837661743164
row_more_sep_row51_col6.csv,0.02385425567626953
row_more_sep_row32_col1.csv,0.023701190948486328
row_extra_quote46_col3.csv,0.03117537498474121
row_extra_quote56_col2.csv,0.02560877799987793
row_more_sep_row30_col6.csv,0.023639202117919922
row_less_sep_row69_col4.csv,0.02357625961303711
row_extra_quote0_col0.csv,0.03197646141052246
row_more_sep_row30_col2.csv,0.023702383041381836
row_more_sep_row14_col8.csv,0.02434539794921875
row_less_sep_row54_col2.csv,0.02432084083557129
row_less_sep_row31_col5.csv,0.024651527404785156
row_extra_quote30_col0.csv,0.031865835189819336
row_more_sep_row60_col1.csv,0.023870229721069336
row_extra_quote10_col3.csv,0.030532360076904297
row_less_sep_row6_col5.csv,0.02383565902709961
row_less_sep_row39_col2.csv,0.024278640747070312
row_less_sep_row46_col8.csv,0.02556300163269043
row_extra_quote76_col5.csv,0.024605512619018555
row_extra_quote31_col8.csv,0.03132009506225586
row_extra_quote56_col8.csv,0.02784585952758789
row_less_sep_row48_col7.csv,0.024157047271728516
row_more_sep_row8_col2.csv,0.024156808853149414
row_less_sep_row83_col8.csv,0.03000164031982422
row_more_sep_row68_col3.csv,0.03379535675048828
row_more_sep_row0_col7.csv,0.030095338821411133
row_less_sep_row79_col2.csv,0.024313926696777344
row_less_sep_row4_col7.csv,0.02442765235900879
row_more_sep_row80_col1.csv,0.025537490844726562
row_less_sep_row13_col5.csv,0.02392125129699707
row_more_sep_row22_col3.csv,0.02387237548828125
row_less_sep_row58_col2.csv,0.02363133430480957
row_more_sep_row43_col5.csv,0.024233579635620117
row_extra_quote37_col0.csv,0.030612707138061523
row_extra_quote17_col1.csv,0.03150153160095215
row_extra_quote38_col0.csv,0.031477928161621094
row_less_sep_row37_col6.csv,0.026123762130737305
row_extra_quote16_col8.csv,0.028920412063598633
row_less_sep_row15_col5.csv,0.024272918701171875
row_less_sep_row15_col1.csv,0.024576663970947266
row_less_sep_row67_col5.csv,0.02377009391784668
row_less_sep_row12_col8.csv,0.0242311954498291
row_extra_quote45_col8.csv,0.03349709510803223
row_field_delimiter_29_0x20.csv,0.023086071014404297
row_field_delimiter_67_0x20.csv,0.023683547973632812
row_less_sep_row53_col6.csv,0.023839235305786133
row_more_sep_row60_col0.csv,0.02327561378479004
row_extra_quote70_col8.csv,0.030358552932739258
row_extra_quote22_col6.csv,0.03192448616027832
row_extra_quote20_col5.csv,0.03337669372558594
row_less_sep_row68_col3.csv,0.025186777114868164
row_less_sep_row59_col7.csv,0.0234222412109375
row_more_sep_row77_col2.csv,0.023711442947387695
row_more_sep_row82_col4.csv,0.024000167846679688
row_more_sep_row61_col4.csv,0.0246126651763916
row_less_sep_row54_col1.csv,0.03439021110534668
row_extra_quote56_col4.csv,0.03471875190734863
row_more_sep_row33_col3.csv,0.03383827209472656
row_extra_quote57_col6.csv,0.0338435173034668
row_more_sep_row19_col0.csv,0.034566640853881836
row_more_sep_row23_col6.csv,0.03431439399719238
row_less_sep_row21_col2.csv,0.03371310234069824
row_more_sep_row66_col5.csv,0.03436589241027832
row_extra_quote5_col2.csv,0.042163848876953125
row_less_sep_row4_col2.csv,0.03392767906188965
row_less_sep_row10_col1.csv,0.0269620418548584
row_extra_quote1_col3.csv,0.030712604522705078
row_extra_quote69_col3.csv,0.028736114501953125
row_more_sep_row38_col8.csv,0.02505636215209961
row_extra_quote32_col8.csv,0.038779258728027344
row_extra_quote58_col3.csv,0.027951717376708984
row_extra_quote79_col0.csv,0.02343463897705078
row_extra_quote68_col2.csv,0.023943185806274414
row_more_sep_row80_col5.csv,0.023944616317749023
row_extra_quote33_col8.csv,0.03058791160583496
row_less_sep_row37_col7.csv,0.023430585861206055
row_field_delimiter_38_0x20.csv,0.0235440731048584
row_field_delimiter_5_0x20.csv,0.024235963821411133
row_extra_quote32_col1.csv,0.030869483947753906
row_more_sep_row81_col2.csv,0.026308298110961914
row_more_sep_row21_col5.csv,0.023332595825195312
row_extra_quote41_col0.csv,0.030564308166503906
row_less_sep_row30_col8.csv,0.023681163787841797
row_less_sep_row74_col3.csv,0.024203062057495117
row_more_sep_row53_col6.csv,0.023279428482055664
row_less_sep_row9_col5.csv,0.024107694625854492
row_extra_quote34_col4.csv,0.03164243698120117
row_more_sep_row68_col5.csv,0.023555755615234375
row_extra_quote71_col6.csv,0.023779630661010742
row_extra_quote9_col6.csv,0.029659271240234375
row_more_sep_row80_col8.csv,0.024015188217163086
row_more_sep_row4_col6.csv,0.026833295822143555
row_extra_quote61_col3.csv,0.023525714874267578
row_less_sep_row4_col4.csv,0.02369976043701172
row_more_sep_row67_col8.csv,0.024191617965698242
row_more_sep_row61_col8.csv,0.023126840591430664
row_more_sep_row47_col2.csv,0.02359151840209961
row_field_delimiter_21_0x20.csv,0.02397632598876953
row_extra_quote28_col7.csv,0.03069782257080078
row_less_sep_row36_col4.csv,0.023777484893798828
row_extra_quote36_col7.csv,0.030085325241088867
row_more_sep_row82_col8.csv,0.023825645446777344
row_more_sep_row9_col7.csv,0.023873567581176758
row_extra_quote7_col5.csv,0.02929401397705078
row_more_sep_row31_col3.csv,0.02401876449584961
row_less_sep_row28_col8.csv,0.0239408016204834
row_less_sep_row65_col2.csv,0.023366451263427734
row_more_sep_row34_col4.csv,0.02406454086303711
row_less_sep_row23_col4.csv,0.02555108070373535
row_more_sep_row66_col0.csv,0.024192094802856445
row_less_sep_row15_col7.csv,0.02339458465576172
row_less_sep_row18_col5.csv,0.02482748031616211
row_field_delimiter_55_0x20.csv,0.024231672286987305
row_less_sep_row56_col6.csv,0.024219036102294922
row_field_delimiter_22_0x20.csv,0.024781227111816406
row_less_sep_row36_col3.csv,0.02362513542175293
row_less_sep_row3_col5.csv,0.024030685424804688
row_more_sep_row10_col7.csv,0.024077892303466797
row_extra_quote63_col8.csv,0.025053977966308594
row_less_sep_row82_col5.csv,0.0239255428314209
row_less_sep_row19_col4.csv,0.02401423454284668
row_more_sep_row79_col5.csv,0.02368330955505371
row_extra_quote79_col8.csv,0.023921489715576172
row_less_sep_row49_col7.csv,0.02387070655822754
row_extra_quote30_col3.csv,0.030810117721557617
row_less_sep_row5_col1.csv,0.02550220489501953
row_less_sep_row76_col1.csv,0.023990392684936523
row_more_sep_row80_col7.csv,0.023680925369262695
row_less_sep_row75_col6.csv,0.02554941177368164
row_more_sep_row64_col5.csv,0.02368474006652832
row_extra_quote23_col5.csv,0.03288531303405762
row_more_sep_row11_col0.csv,0.023599624633789062
row_more_sep_row30_col7.csv,0.02649974822998047
row_less_sep_row82_col8.csv,0.030832767486572266
row_less_sep_row33_col2.csv,0.03431534767150879
row_extra_quote46_col5.csv,0.04455089569091797
row_field_delimiter_44_0x20.csv,0.03424477577209473
row_less_sep_row69_col1.csv,0.026091814041137695
row_extra_quote4_col3.csv,0.031170368194580078
row_more_sep_row69_col2.csv,0.023650646209716797
row_more_sep_row45_col8.csv,0.023578166961669922
row_field_delimiter_1_0x20.csv,0.024085044860839844
row_more_sep_row50_col5.csv,0.023604393005371094
row_less_sep_row16_col3.csv,0.024178028106689453
row_more_sep_row28_col1.csv,0.02363276481628418
row_more_sep_row82_col0.csv,0.02395915985107422
row_less_sep_row22_col5.csv,0.023854970932006836
row_less_sep_row51_col5.csv,0.0237119197845459
row_extra_quote83_col7.csv,0.02425980567932129
row_extra_quote41_col7.csv,0.03107619285583496
row_more_sep_row62_col3.csv,0.02348804473876953
row_more_sep_row73_col6.csv,0.02330923080444336
row_more_sep_row71_col4.csv,0.02485346794128418
row_less_sep_row20_col3.csv,0.027362346649169922
row_less_sep_row70_col7.csv,0.02862095832824707
row_less_sep_row78_col6.csv,0.025252103805541992
row_less_sep_row18_col7.csv,0.025181055068969727
row_extra_quote55_col0.csv,0.025229454040527344
row_extra_quote71_col5.csv,0.02488398551940918
row_less_sep_row35_col4.csv,0.023729562759399414
row_extra_quote19_col5.csv,0.03317093849182129
row_extra_quote41_col4.csv,0.031468868255615234
row_more_sep_row58_col8.csv,0.02408123016357422
row_more_sep_row46_col4.csv,0.02454519271850586
row_more_sep_row13_col3.csv,0.023894309997558594
row_extra_quote78_col1.csv,0.024450302124023438
row_extra_quote57_col7.csv,0.024982213973999023
row_extra_quote59_col3.csv,0.02521038055419922
row_more_sep_row29_col2.csv,0.02733159065246582
row_more_sep_row57_col8.csv,0.024146318435668945
row_more_sep_row80_col6.csv,0.02533555030822754
row_more_sep_row52_col6.csv,0.024194002151489258
row_extra_quote80_col0.csv,0.025746822357177734
row_extra_quote66_col3.csv,0.02416229248046875
row_more_sep_row83_col8.csv,0.025891780853271484
row_less_sep_row37_col2.csv,0.0247039794921875
row_less_sep_row78_col8.csv,0.028028488159179688
row_more_sep_row26_col4.csv,0.027209043502807617
row_extra_quote67_col2.csv,0.024335622787475586
row_less_sep_row69_col6.csv,0.02482771873474121
row_extra_quote3_col4.csv,0.030991792678833008
row_more_sep_row74_col1.csv,0.02667832374572754
row_extra_quote47_col4.csv,0.03220033645629883
row_extra_quote53_col3.csv,0.028931617736816406
row_extra_quote79_col1.csv,0.02606201171875
row_more_sep_row53_col5.csv,0.02443981170654297
row_less_sep_row79_col7.csv,0.024489402770996094
row_extra_quote1_col6.csv,0.030317068099975586
row_less_sep_row62_col8.csv,0.02523493766784668
row_more_sep_row25_col6.csv,0.02395319938659668
row_extra_quote56_col3.csv,0.023421287536621094
row_extra_quote32_col2.csv,0.030805587768554688
row_more_sep_row25_col5.csv,0.023694515228271484
row_more_sep_row6_col0.csv,0.037073373794555664
row_extra_quote62_col7.csv,0.029247522354125977
row_more_sep_row38_col0.csv,0.023417949676513672
row_less_sep_row71_col2.csv,0.0246124267578125
row_more_sep_row28_col6.csv,0.02373981475830078
row_extra_quote58_col2.csv,0.02426004409790039
row_extra_quote11_col4.csv,0.031142711639404297
row_extra_quote11_col2.csv,0.03364157676696777
row_more_sep_row25_col7.csv,0.024631977081298828
row_extra_quote30_col7.csv,0.03120589256286621
row_less_sep_row13_col2.csv,0.024163246154785156
row_field_delimiter_31_0x20.csv,0.023947477340698242
row_field_delimiter_4_0x20.csv,0.02393627166748047
row_more_sep_row18_col8.csv,0.023659706115722656
row_more_sep_row48_col0.csv,0.024530649185180664
row_more_sep_row2_col3.csv,0.02649521827697754
row_less_sep_row51_col4.csv,0.023609399795532227
row_less_sep_row24_col8.csv,0.02380657196044922
row_more_sep_row7_col7.csv,0.024260282516479492
row_more_sep_row37_col4.csv,0.023559093475341797
row_more_sep_row67_col7.csv,0.025257110595703125
row_less_sep_row30_col5.csv,0.023134946823120117
row_less_sep_row80_col6.csv,0.02370285987854004
row_extra_quote37_col5.csv,0.030849218368530273
row_more_sep_row15_col2.csv,0.024439334869384766
row_more_sep_row5_col5.csv,0.023376941680908203
row_more_sep_row15_col0.csv,0.023992300033569336
row_more_sep_row63_col4.csv,0.024920225143432617
row_more_sep_row83_col2.csv,0.025744915008544922
row_extra_quote47_col5.csv,0.03471040725708008
row_less_sep_row11_col6.csv,0.0244600772857666
row_more_sep_row14_col7.csv,0.02491593360900879
row_less_sep_row60_col1.csv,0.024767160415649414
row_extra_quote64_col8.csv,0.023869037628173828
row_less_sep_row77_col1.csv,0.02368307113647461
row_extra_quote23_col1.csv,0.03207731246948242
row_extra_quote70_col3.csv,0.023447513580322266
row_more_sep_row50_col4.csv,0.024159669876098633
row_less_sep_row2_col4.csv,0.023361921310424805
row_more_sep_row44_col3.csv,0.023987531661987305
row_less_sep_row76_col6.csv,0.023904085159301758
row_less_sep_row38_col3.csv,0.023644447326660156
row_extra_quote83_col4.csv,0.025313138961791992
row_less_sep_row82_col1.csv,0.023273229598999023
row_more_sep_row47_col7.csv,0.02389240264892578
row_extra_quote63_col4.csv,0.023891925811767578
row_more_sep_row4_col3.csv,0.023844480514526367
row_more_sep_row53_col3.csv,0.024059295654296875
row_extra_quote59_col5.csv,0.023590803146362305
row_more_sep_row23_col4.csv,0.02365589141845703
row_less_sep_row78_col3.csv,0.023556232452392578
row_extra_quote42_col0.csv,0.030347108840942383
row_field_delimiter_73_0x20.csv,0.023456096649169922
row_more_sep_row5_col8.csv,0.023606300354003906
row_extra_quote1_col4.csv,0.033353328704833984
row_less_sep_row15_col2.csv,0.024474143981933594
row_more_sep_row74_col0.csv,0.024778127670288086
row_less_sep_row1_col1.csv,0.025133371353149414
row_field_delimiter_23_0x20.csv,0.025620222091674805
row_extra_quote28_col0.csv,0.035311222076416016
row_more_sep_row39_col0.csv,0.03303885459899902
row_more_sep_row56_col0.csv,0.02423238754272461
row_more_sep_row60_col8.csv,0.023526430130004883
row_more_sep_row9_col5.csv,0.024604320526123047
row_less_sep_row30_col1.csv,0.02350926399230957
row_more_sep_row79_col8.csv,0.02367854118347168
row_less_sep_row25_col8.csv,0.023726940155029297
row_extra_quote77_col7.csv,0.023565292358398438
row_more_sep_row37_col3.csv,0.02420520782470703
row_less_sep_row16_col7.csv,0.02747488021850586
row_less_sep_row9_col3.csv,0.0235137939453125
row_less_sep_row39_col8.csv,0.02365422248840332
row_extra_quote25_col3.csv,0.034621477127075195
row_more_sep_row55_col6.csv,0.023775815963745117
row_more_sep_row25_col4.csv,0.024454593658447266
row_extra_quote0_col5.csv,0.029385089874267578
row_more_sep_row31_col6.csv,0.02460169792175293
row_more_sep_row77_col4.csv,0.023836851119995117
row_field_delimiter_3_0x20.csv,0.02383899688720703
row_more_sep_row6_col5.csv,0.02429795265197754
row_extra_quote10_col6.csv,0.029732465744018555
row_more_sep_row18_col4.csv,0.023840665817260742
row_more_sep_row66_col4.csv,0.0254361629486084
row_extra_quote26_col2.csv,0.035208940505981445
row_more_sep_row58_col0.csv,0.024169206619262695
row_less_sep_row56_col8.csv,0.024634599685668945
row_less_sep_row48_col6.csv,0.024495601654052734
row_less_sep_row31_col4.csv,0.024847745895385742
row_extra_quote19_col0.csv,0.033525705337524414
row_extra_quote7_col8.csv,0.029604196548461914
row_less_sep_row29_col7.csv,0.023456811904907227
row_extra_quote66_col0.csv,0.023000001907348633
row_extra_quote48_col3.csv,0.0311734676361084
row_more_sep_row18_col6.csv,0.024653196334838867
row_more_sep_row50_col7.csv,0.028664827346801758
row_extra_quote13_col8.csv,0.030647754669189453
row_less_sep_row15_col4.csv,0.025046825408935547
row_less_sep_row67_col7.csv,0.024270296096801758
row_extra_quote2_col2.csv,0.030400514602661133
row_extra_quote44_col6.csv,0.0309293270111084
row_extra_quote42_col4.csv,0.03114771842956543
row_extra_quote11_col7.csv,0.029439687728881836
row_more_sep_row48_col4.csv,0.023407459259033203
row_extra_quote66_col6.csv,0.023473262786865234
row_more_sep_row78_col4.csv,0.02439570426940918
row_more_sep_row12_col0.csv,0.025312185287475586
row_extra_quote0_col3.csv,0.02979111671447754
row_extra_quote64_col1.csv,0.025579452514648438
row_less_sep_row62_col7.csv,0.023453474044799805
row_extra_quote62_col1.csv,0.023586273193359375
row_less_sep_row73_col8.csv,0.024103641510009766
row_extra_quote44_col5.csv,0.030555248260498047
row_less_sep_row42_col7.csv,0.024338245391845703
row_extra_quote64_col5.csv,0.02291584014892578
row_extra_quote31_col2.csv,0.03203320503234863
row_less_sep_row10_col3.csv,0.024448394775390625
row_extra_quote27_col4.csv,0.03311896324157715
row_extra_quote54_col4.csv,0.03006434440612793
file_header_multirow_2.csv,0.02490854263305664
row_field_delimiter_82_0x20.csv,0.02506113052368164
row_less_sep_row83_col1.csv,0.025097370147705078
row_extra_quote50_col0.csv,0.03158855438232422
row_more_sep_row77_col7.csv,0.024927377700805664
row_more_sep_row8_col1.csv,0.024092912673950195
row_more_sep_row54_col1.csv,0.024597883224487305
row_more_sep_row29_col6.csv,0.024286746978759766
row_more_sep_row24_col1.csv,0.0244748592376709
row_field_delimiter_48_0x20.csv,0.02451467514038086
row_less_sep_row65_col3.csv,0.025689125061035156
row_more_sep_row83_col7.csv,0.024569034576416016
row_less_sep_row7_col8.csv,0.024682044982910156
row_less_sep_row10_col8.csv,0.024465084075927734
row_extra_quote7_col0.csv,0.03619647026062012
row_more_sep_row15_col1.csv,0.024288654327392578
row_extra_quote16_col7.csv,0.031897783279418945
row_extra_quote52_col7.csv,0.027638673782348633
row_extra_quote13_col5.csv,0.03097391128540039
row_less_sep_row60_col5.csv,0.02486705780029297
row_more_sep_row42_col0.csv,0.024417638778686523
row_field_delimiter_78_0x20.csv,0.024006128311157227
row_extra_quote59_col1.csv,0.02416825294494629
row_less_sep_row58_col7.csv,0.02424907684326172
row_more_sep_row21_col8.csv,0.024628162384033203
row_less_sep_row20_col8.csv,0.02491283416748047
row_more_sep_row64_col1.csv,0.027363300323486328
row_extra_quote41_col3.csv,0.03205132484436035
row_less_sep_row43_col4.csv,0.025273799896240234
row_extra_quote53_col1.csv,0.027292728424072266
row_more_sep_row19_col4.csv,0.02491283416748047
row_more_sep_row12_col7.csv,0.024333477020263672
row_less_sep_row61_col8.csv,0.024765729904174805
row_more_sep_row2_col7.csv,0.025280237197875977
row_less_sep_row41_col4.csv,0.024472475051879883
row_less_sep_row39_col3.csv,0.03492927551269531
row_extra_quote71_col3.csv,0.030215024948120117
row_extra_quote22_col0.csv,0.04005599021911621
row_more_sep_row51_col1.csv,0.024527788162231445
row_extra_quote30_col5.csv,0.033212900161743164
row_extra_quote39_col3.csv,0.03130793571472168
row_field_delimiter_37_0x20.csv,0.024463653564453125
row_less_sep_row74_col1.csv,0.02357172966003418
row_extra_quote31_col7.csv,0.031070947647094727
row_field_delimiter_70_0x20.csv,0.023734569549560547
row_more_sep_row44_col2.csv,0.02388143539428711
row_less_sep_row66_col4.csv,0.023111343383789062
row_less_sep_row71_col6.csv,0.024558305740356445
row_extra_quote20_col1.csv,0.031595706939697266
row_less_sep_row42_col5.csv,0.024972200393676758
row_extra_quote22_col7.csv,0.034423112869262695
row_more_sep_row83_col4.csv,0.023741483688354492
row_more_sep_row72_col1.csv,0.023772716522216797
row_extra_quote31_col3.csv,0.03051018714904785
row_field_delimiter_61_0x20.csv,0.023943662643432617
row_more_sep_row3_col5.csv,0.023874282836914062
row_more_sep_row63_col8.csv,0.023892879486083984
row_less_sep_row50_col5.csv,0.024127721786499023
file_preamble.csv,0.024330854415893555
row_extra_quote67_col0.csv,0.023169994354248047
row_more_sep_row5_col1.csv,0.023784875869750977
row_less_sep_row39_col5.csv,0.02448129653930664
row_more_sep_row76_col4.csv,0.025457382202148438
row_less_sep_row21_col8.csv,0.028120040893554688
row_more_sep_row61_col1.csv,0.023633241653442383
row_more_sep_row82_col3.csv,0.02397918701171875
row_more_sep_row16_col3.csv,0.024512290954589844
row_less_sep_row23_col6.csv,0.024164676666259766
row_more_sep_row82_col2.csv,0.024167537689208984
row_more_sep_row1_col5.csv,0.02396392822265625
row_less_sep_row33_col7.csv,0.02477407455444336
row_more_sep_row52_col1.csv,0.023294925689697266
row_less_sep_row78_col4.csv,0.023854732513427734
row_more_sep_row32_col7.csv,0.02397465705871582
row_less_sep_row0_col1.csv,0.024058103561401367
row_more_sep_row22_col7.csv,0.024173974990844727
row_extra_quote42_col8.csv,0.03236079216003418
row_more_sep_row70_col3.csv,0.02425980567932129
row_extra_quote29_col7.csv,0.032881975173950195
row_extra_quote74_col8.csv,0.023566246032714844
row_less_sep_row65_col8.csv,0.024348735809326172
row_more_sep_row49_col1.csv,0.0239560604095459
row_less_sep_row42_col6.csv,0.023614168167114258
row_more_sep_row72_col2.csv,0.02421426773071289
row_less_sep_row81_col7.csv,0.02371382713317871
row_extra_quote54_col8.csv,0.0272214412689209
row_less_sep_row70_col1.csv,0.023774147033691406
row_extra_quote60_col4.csv,0.023177146911621094
row_more_sep_row65_col2.csv,0.025082111358642578
row_less_sep_row52_col1.csv,-2.447240114212036
row_extra_quote4_col5.csv,0.04418611526489258
row_less_sep_row50_col4.csv,0.034110307693481445
row_field_delimiter_6_0x20.csv,0.029963970184326172
row_more_sep_row79_col6.csv,0.02483654022216797
row_less_sep_row53_col8.csv,0.024694442749023438
row_extra_quote24_col7.csv,0.03261756896972656
row_less_sep_row40_col4.csv,0.024392127990722656
row_less_sep_row43_col8.csv,0.024410247802734375
row_more_sep_row56_col2.csv,0.024347305297851562
row_less_sep_row74_col2.csv,0.023962736129760742
row_extra_quote25_col4.csv,0.03408455848693848
row_less_sep_row71_col7.csv,0.02699422836303711
row_more_sep_row65_col5.csv,0.02396082878112793
row_extra_quote8_col3.csv,0.030822038650512695
row_more_sep_row22_col5.csv,0.024429798126220703
row_extra_quote44_col1.csv,0.03640484809875488
row_extra_quote72_col6.csv,0.025211572647094727
row_extra_quote65_col5.csv,0.02438044548034668
row_more_sep_row26_col3.csv,0.02551126480102539
row_extra_quote12_col7.csv,0.03208279609680176
row_less_sep_row77_col7.csv,0.024228334426879883
row_less_sep_row61_col3.csv,0.026435375213623047
row_more_sep_row55_col2.csv,0.0344843864440918
row_more_sep_row37_col2.csv,0.03812861442565918
file_record_delimiter_0xA.csv,0.02613663673400879
row_more_sep_row21_col0.csv,0.025194406509399414
row_less_sep_row79_col1.csv,0.023218154907226562
row_more_sep_row67_col4.csv,0.024662017822265625
row_less_sep_row60_col8.csv,0.023980140686035156
row_more_sep_row65_col8.csv,0.023529052734375
row_extra_quote50_col4.csv,0.026829242706298828
row_less_sep_row58_col4.csv,0.0240023136138916
row_more_sep_row1_col4.csv,0.02373194694519043
row_extra_quote61_col2.csv,0.02436995506286621
row_more_sep_row36_col4.csv,0.023832321166992188
row_less_sep_row73_col7.csv,0.025588035583496094
row_more_sep_row28_col2.csv,0.036731719970703125
row_more_sep_row72_col6.csv,0.03556632995605469
row_extra_quote2_col7.csv,0.045584678649902344
row_extra_quote47_col1.csv,0.031113862991333008
row_less_sep_row7_col6.csv,0.02387547492980957
row_more_sep_row31_col1.csv,0.023682355880737305
row_extra_quote8_col0.csv,0.030122995376586914
row_extra_quote81_col3.csv,0.023453950881958008
row_more_sep_row59_col8.csv,0.02379012107849121
row_more_sep_row58_col4.csv,0.025150775909423828
row_extra_quote36_col8.csv,0.03459668159484863
row_less_sep_row1_col5.csv,0.023642539978027344
row_less_sep_row31_col8.csv,0.024419307708740234
row_less_sep_row32_col4.csv,0.025168418884277344
row_less_sep_row42_col8.csv,0.026041507720947266
row_extra_quote31_col1.csv,0.03413224220275879
row_extra_quote62_col8.csv,0.02502155303955078
row_more_sep_row32_col0.csv,0.0269927978515625
row_less_sep_row4_col3.csv,0.0248870849609375
row_less_sep_row17_col4.csv,0.02494359016418457
row_extra_quote0_col4.csv,0.0312044620513916
row_extra_quote55_col1.csv,0.025287628173828125
row_more_sep_row11_col2.csv,0.024811506271362305
row_extra_quote60_col5.csv,0.02417731285095215
row_more_sep_row8_col6.csv,0.026236295700073242
row_field_delimiter_28_0x20.csv,0.024828195571899414
row_extra_quote79_col3.csv,0.024813175201416016
row_less_sep_row44_col3.csv,0.024040937423706055
row_less_sep_row48_col4.csv,0.027033329010009766
row_more_sep_row65_col3.csv,0.025569438934326172
row_more_sep_row78_col6.csv,0.02620220184326172
row_more_sep_row16_col8.csv,0.024264097213745117
row_more_sep_row41_col0.csv,0.024901151657104492
row_extra_quote39_col5.csv,0.030824899673461914
row_extra_quote55_col4.csv,0.023832082748413086
row_less_sep_row81_col4.csv,0.024448156356811523
row_less_sep_row42_col2.csv,0.024114370346069336
row_extra_quote55_col7.csv,0.02572464942932129
row_less_sep_row51_col3.csv,0.02372455596923828
row_more_sep_row71_col2.csv,0.024689435958862305
row_less_sep_row11_col2.csv,0.023715496063232422
row_more_sep_row50_col1.csv,0.02457571029663086
row_more_sep_row51_col5.csv,0.024152755737304688
row_more_sep_row8_col8.csv,0.024280309677124023
row_more_sep_row18_col3.csv,0.024335861206054688
row_extra_quote17_col0.csv,0.03336477279663086
row_extra_quote45_col0.csv,0.03111886978149414
row_extra_quote19_col4.csv,0.03990483283996582
row_less_sep_row46_col4.csv,0.03504514694213867
row_more_sep_row65_col1.csv,0.03078317642211914
row_less_sep_row76_col3.csv,0.023923158645629883
row_less_sep_row75_col7.csv,0.024630069732666016
row_extra_quote33_col2.csv,0.03148317337036133
row_extra_quote24_col2.csv,0.03275752067565918
row_less_sep_row69_col3.csv,0.024211406707763672
row_extra_quote69_col0.csv,0.024670124053955078
row_extra_quote68_col5.csv,0.02447509765625
row_less_sep_row36_col8.csv,0.025316476821899414
row_extra_quote51_col7.csv,0.027152299880981445
row_less_sep_row48_col2.csv,0.0234987735748291
row_more_sep_row34_col2.csv,0.023982763290405273
row_extra_quote82_col7.csv,0.025490760803222656
row_more_sep_row57_col6.csv,0.023720979690551758
row_more_sep_row52_col0.csv,0.023801326751708984
row_extra_quote69_col5.csv,0.023299455642700195
row_less_sep_row10_col7.csv,0.024097442626953125
row_less_sep_row34_col3.csv,0.023348569869995117
row_extra_quote72_col3.csv,0.02414846420288086
row_extra_quote72_col4.csv,0.02409529685974121
row_more_sep_row8_col7.csv,0.02378058433532715
row_less_sep_row52_col4.csv,0.024462461471557617
row_more_sep_row6_col4.csv,0.023754358291625977
row_less_sep_row56_col4.csv,0.023847341537475586
row_more_sep_row55_col1.csv,0.02453780174255371
row_more_sep_row36_col8.csv,0.02657032012939453
row_more_sep_row63_col2.csv,0.02422928810119629
row_extra_quote53_col2.csv,0.02730274200439453
row_extra_quote32_col5.csv,0.031113386154174805
row_extra_quote75_col5.csv,0.02403545379638672
row_more_sep_row55_col4.csv,0.02494215965270996
row_more_sep_row2_col0.csv,0.024095535278320312
row_more_sep_row32_col5.csv,0.025103092193603516
row_less_sep_row45_col7.csv,0.024302005767822266
row_extra_quote10_col7.csv,0.029407978057861328
row_extra_quote27_col3.csv,0.0341188907623291
row_extra_quote66_col7.csv,0.023365020751953125
row_extra_quote51_col0.csv,0.02715134620666504
row_more_sep_row13_col1.csv,0.025547266006469727
row_more_sep_row71_col8.csv,0.024028778076171875
row_less_sep_row16_col5.csv,0.026471376419067383
row_more_sep_row9_col6.csv,0.025476455688476562
row_extra_quote66_col5.csv,0.035509347915649414
row_extra_quote63_col3.csv,0.024874210357666016
row_less_sep_row3_col7.csv,0.02524399757385254
row_extra_quote54_col2.csv,0.027390718460083008
row_more_sep_row6_col1.csv,0.02344536781311035
row_extra_quote27_col0.csv,0.03190875053405762
row_more_sep_row16_col5.csv,0.024205446243286133
row_extra_quote42_col7.csv,0.03132200241088867
row_less_sep_row31_col6.csv,0.036217451095581055
row_less_sep_row73_col1.csv,0.04229545593261719
row_extra_quote18_col7.csv,0.05016589164733887
row_more_sep_row31_col2.csv,0.026584863662719727
row_extra_quote74_col5.csv,0.030476093292236328
row_less_sep_row0_col3.csv,0.04145073890686035
row_extra_quote35_col4.csv,0.0546259880065918
row_less_sep_row25_col3.csv,0.029360294342041016
row_extra_quote74_col2.csv,0.024938344955444336
row_extra_quote9_col5.csv,0.036434173583984375
row_extra_quote21_col0.csv,0.03905034065246582
row_field_delimiter_27_0x20.csv,0.024465322494506836
row_more_sep_row25_col1.csv,0.024500370025634766
row_more_sep_row53_col8.csv,0.027524709701538086
row_less_sep_row12_col5.csv,0.028958797454833984
row_less_sep_row69_col2.csv,0.02556157112121582
row_extra_quote7_col4.csv,0.037824153900146484
row_less_sep_row53_col3.csv,0.026558637619018555
row_field_delimiter_45_0x20.csv,0.028998136520385742
row_extra_quote17_col4.csv,0.03426980972290039
row_less_sep_row12_col2.csv,0.026342391967773438
row_extra_quote39_col4.csv,0.031186819076538086
row_extra_quote0_col8.csv,0.03026556968688965
row_less_sep_row25_col6.csv,0.025404691696166992
row_more_sep_row26_col0.csv,0.023754596710205078
row_extra_quote28_col2.csv,0.035631418228149414
row_more_sep_row36_col3.csv,0.0245516300201416
row_more_sep_row38_col6.csv,0.024584293365478516
row_extra_quote64_col3.csv,0.024805068969726562
row_extra_quote12_col4.csv,0.029552936553955078
row_less_sep_row6_col3.csv,0.023748397827148438
row_more_sep_row17_col4.csv,0.024770021438598633
row_less_sep_row54_col5.csv,0.024091482162475586
row_less_sep_row32_col1.csv,0.025592327117919922
row_extra_quote24_col1.csv,0.03370380401611328
row_field_delimiter_64_0x20.csv,0.02458357810974121
row_less_sep_row41_col2.csv,0.025014400482177734
row_extra_quote7_col6.csv,0.03389453887939453
row_extra_quote62_col4.csv,0.04303288459777832
row_extra_quote34_col3.csv,0.04435420036315918
row_more_sep_row39_col1.csv,0.03272080421447754
row_extra_quote34_col6.csv,0.04654955863952637
row_extra_quote42_col6.csv,0.04993128776550293
row_extra_quote40_col6.csv,0.03541064262390137
row_extra_quote53_col6.csv,0.030975818634033203
row_less_sep_row59_col3.csv,0.02449488639831543
row_more_sep_row4_col2.csv,0.024573326110839844
row_extra_quote81_col0.csv,0.02564549446105957
row_extra_quote15_col4.csv,0.030616283416748047
row_less_sep_row23_col8.csv,0.029218435287475586
row_field_delimiter_59_0x20.csv,0.024176597595214844
row_more_sep_row78_col5.csv,0.024241209030151367
row_more_sep_row63_col3.csv,0.024290084838867188
row_less_sep_row68_col7.csv,0.02602243423461914
row_less_sep_row66_col2.csv,0.02353358268737793
row_less_sep_row4_col1.csv,0.02446579933166504
row_less_sep_row72_col4.csv,0.023993253707885742
row_extra_quote21_col5.csv,0.03258156776428223
row_more_sep_row29_col8.csv,0.024111509323120117
row_less_sep_row57_col6.csv,0.024190664291381836
row_extra_quote49_col7.csv,0.031291961669921875
row_more_sep_row0_col3.csv,0.023813962936401367
row_more_sep_row7_col6.csv,0.023978710174560547
row_extra_quote58_col8.csv,0.023524045944213867
row_extra_quote80_col2.csv,0.026210546493530273
row_extra_quote63_col5.csv,0.023450613021850586
file_field_delimiter_0x2C_0x20.csv,0.022545814514160156
row_extra_quote81_col7.csv,0.024495840072631836
row_more_sep_row75_col4.csv,0.025068998336791992
row_less_sep_row23_col7.csv,0.023976564407348633
row_extra_quote46_col7.csv,0.03238320350646973
row_extra_quote19_col7.csv,0.03279376029968262
row_less_sep_row83_col4.csv,0.025770902633666992
row_more_sep_row71_col7.csv,0.02506422996520996
row_more_sep_row52_col7.csv,0.024754047393798828
row_less_sep_row60_col7.csv,0.024101734161376953
row_more_sep_row57_col5.csv,0.02397632598876953
row_less_sep_row11_col3.csv,0.023914098739624023
row_less_sep_row18_col4.csv,0.024949312210083008
row_more_sep_row40_col6.csv,0.024351835250854492
row_extra_quote44_col8.csv,0.03376269340515137
row_extra_quote76_col2.csv,0.023500919342041016
row_more_sep_row78_col1.csv,0.02477550506591797
row_more_sep_row9_col1.csv,0.02444624900817871
row_field_delimiter_76_0x20.csv,0.023720264434814453
row_extra_quote19_col6.csv,0.03331875801086426
row_more_sep_row21_col2.csv,0.026056528091430664
row_more_sep_row40_col7.csv,0.023838520050048828
row_more_sep_row76_col0.csv,0.024564504623413086
row_extra_quote75_col3.csv,0.023722410202026367
row_extra_quote29_col2.csv,0.032941579818725586
row_more_sep_row30_col5.csv,0.023713350296020508
row_extra_quote54_col1.csv,0.029242753982543945
row_extra_quote45_col3.csv,0.030322790145874023
row_more_sep_row83_col3.csv,0.024820804595947266
row_more_sep_row11_col6.csv,0.025176286697387695
row_less_sep_row35_col6.csv,0.02374553680419922
row_extra_quote43_col7.csv,0.031746625900268555
row_more_sep_row9_col8.csv,0.02397775650024414
row_less_sep_row6_col8.csv,0.024930953979492188
row_less_sep_row7_col1.csv,0.024081945419311523
row_more_sep_row52_col2.csv,0.024199724197387695
row_extra_quote45_col6.csv,0.0310208797454834
row_less_sep_row21_col1.csv,0.02391672134399414
row_more_sep_row70_col7.csv,0.02379631996154785
row_extra_quote53_col4.csv,0.028876543045043945
row_more_sep_row40_col0.csv,0.024007558822631836
row_less_sep_row35_col3.csv,0.023576974868774414
row_extra_quote5_col5.csv,0.031504154205322266
row_less_sep_row80_col2.csv,0.023760557174682617
row_less_sep_row2_col8.csv,0.024472475051879883
row_more_sep_row62_col5.csv,0.024199247360229492
row_more_sep_row78_col7.csv,0.025141477584838867
row_extra_quote0_col6.csv,0.030220746994018555
row_less_sep_row17_col2.csv,0.023698091506958008
row_more_sep_row7_col5.csv,0.025015592575073242
row_less_sep_row6_col1.csv,0.024232149124145508
row_extra_quote21_col1.csv,0.032750844955444336
row_less_sep_row54_col6.csv,0.024425029754638672
row_less_sep_row72_col8.csv,0.026584863662719727
row_extra_quote78_col8.csv,0.023907899856567383
row_more_sep_row67_col6.csv,0.02539825439453125
row_more_sep_row56_col3.csv,0.023796558380126953
row_less_sep_row40_col5.csv,0.0241241455078125
row_less_sep_row78_col2.csv,0.023752450942993164
row_more_sep_row10_col8.csv,0.02433323860168457
row_more_sep_row19_col7.csv,0.024913311004638672
row_less_sep_row54_col8.csv,0.02381610870361328
row_less_sep_row69_col5.csv,0.023994922637939453
row_extra_quote83_col1.csv,0.024570703506469727
row_less_sep_row78_col5.csv,0.02431178092956543
row_less_sep_row59_col6.csv,0.024297237396240234
row_less_sep_row45_col2.csv,0.027593374252319336
row_extra_quote50_col1.csv,0.03112006187438965
row_less_sep_row22_col1.csv,0.026524066925048828
row_less_sep_row52_col6.csv,0.0239255428314209
row_more_sep_row56_col1.csv,0.024911165237426758
row_more_sep_row14_col5.csv,0.024006366729736328
row_extra_quote47_col2.csv,0.032124996185302734
row_extra_quote16_col0.csv,0.02966761589050293
row_extra_quote42_col2.csv,0.03065776824951172
row_extra_quote29_col8.csv,0.03215456008911133
row_extra_quote45_col7.csv,0.03283214569091797
row_less_sep_row24_col4.csv,0.023695945739746094
row_less_sep_row70_col2.csv,0.026567697525024414
row_extra_quote54_col6.csv,0.026908397674560547
row_extra_quote82_col4.csv,0.02539539337158203
row_extra_quote12_col0.csv,0.030096769332885742
row_extra_quote61_col8.csv,0.024066448211669922
row_field_delimiter_18_0x20.csv,0.02346491813659668
row_less_sep_row36_col7.csv,0.024495601654052734
row_more_sep_row35_col8.csv,0.023682594299316406
row_extra_quote68_col0.csv,0.023823022842407227
row_less_sep_row59_col5.csv,0.02385878562927246
row_more_sep_row43_col8.csv,0.023854494094848633
row_less_sep_row54_col4.csv,0.02422332763671875
row_less_sep_row13_col6.csv,0.024053096771240234
row_more_sep_row70_col6.csv,0.025238037109375
row_more_sep_row38_col7.csv,0.024066686630249023
row_extra_quote41_col8.csv,0.03237271308898926
row_less_sep_row46_col6.csv,0.024060726165771484
row_extra_quote69_col1.csv,0.02487635612487793
row_more_sep_row81_col5.csv,0.023801803588867188
row_field_delimiter_54_0x20.csv,0.024102210998535156
row_more_sep_row8_col3.csv,0.024785757064819336
row_more_sep_row17_col8.csv,0.023830890655517578
row_more_sep_row59_col1.csv,0.024466991424560547
row_extra_quote75_col4.csv,0.023847103118896484
row_less_sep_row58_col3.csv,0.023801088333129883
row_less_sep_row33_col4.csv,0.02404332160949707
row_more_sep_row75_col7.csv,0.026936769485473633
row_extra_quote60_col0.csv,0.023578882217407227
row_more_sep_row49_col8.csv,0.023912429809570312
row_extra_quote66_col4.csv,0.024880409240722656
row_extra_quote49_col1.csv,0.03131270408630371
row_less_sep_row14_col7.csv,0.02510857582092285
row_more_sep_row81_col4.csv,0.025237321853637695
row_more_sep_row26_col8.csv,0.029206514358520508
row_more_sep_row4_col8.csv,0.024251461029052734
row_more_sep_row15_col7.csv,0.027401447296142578
row_less_sep_row31_col3.csv,0.03748154640197754
row_more_sep_row16_col1.csv,0.03679704666137695
row_more_sep_row81_col3.csv,0.03578448295593262
row_extra_quote70_col2.csv,0.040799856185913086
row_extra_quote23_col4.csv,0.04212832450866699
row_extra_quote5_col1.csv,0.03865814208984375
row_less_sep_row12_col7.csv,0.03877115249633789
row_less_sep_row62_col3.csv,0.037645578384399414
row_less_sep_row50_col7.csv,0.026737213134765625
row_less_sep_row50_col8.csv,0.025866985321044922
row_less_sep_row6_col7.csv,0.025572538375854492
row_extra_quote77_col1.csv,0.026103734970092773
row_extra_quote42_col5.csv,0.03285408020019531
row_more_sep_row24_col3.csv,0.024456024169921875
row_extra_quote13_col2.csv,0.03110980987548828
row_extra_quote77_col8.csv,0.025292396545410156
row_extra_quote37_col3.csv,0.04067087173461914
row_more_sep_row20_col3.csv,0.025093793869018555
row_extra_quote65_col3.csv,0.024326324462890625
row_extra_quote78_col2.csv,0.032456398010253906
row_less_sep_row16_col2.csv,0.03988003730773926
row_extra_quote4_col6.csv,0.03492569923400879
row_more_sep_row40_col1.csv,0.02527022361755371
row_less_sep_row21_col3.csv,0.025740623474121094
row_extra_quote6_col7.csv,0.03081965446472168
row_extra_quote16_col1.csv,0.03379940986633301
row_extra_quote32_col3.csv,0.044329166412353516
row_extra_quote16_col5.csv,0.032115936279296875
row_less_sep_row82_col7.csv,0.024851560592651367
row_less_sep_row10_col2.csv,0.027155637741088867
row_more_sep_row69_col6.csv,0.02479100227355957
row_more_sep_row59_col3.csv,0.024468660354614258
row_extra_quote27_col1.csv,0.03328275680541992
row_more_sep_row34_col0.csv,0.024056196212768555
row_extra_quote73_col6.csv,0.02592301368713379
row_more_sep_row77_col1.csv,0.02627110481262207
row_extra_quote22_col3.csv,0.03438091278076172
row_less_sep_row35_col1.csv,0.027666091918945312
row_extra_quote83_col5.csv,0.027109146118164062
row_more_sep_row12_col4.csv,0.0267331600189209
row_more_sep_row67_col1.csv,0.02587294578552246
row_more_sep_row42_col2.csv,0.033039093017578125
row_extra_quote28_col5.csv,0.034792423248291016
row_extra_quote56_col1.csv,0.026160240173339844
row_less_sep_row17_col7.csv,0.028383731842041016
row_extra_quote56_col7.csv,0.026653528213500977
row_more_sep_row8_col4.csv,0.028191089630126953
row_less_sep_row68_col5.csv,0.02523040771484375
row_more_sep_row57_col3.csv,0.025122642517089844
row_more_sep_row12_col8.csv,0.026221752166748047
row_less_sep_row20_col6.csv,0.026172876358032227
row_less_sep_row32_col7.csv,0.02741098403930664
row_extra_quote49_col2.csv,0.03209519386291504
row_more_sep_row83_col5.csv,0.024628877639770508
row_more_sep_row37_col7.csv,0.025444746017456055
row_less_sep_row38_col4.csv,0.025872468948364258
row_extra_quote53_col0.csv,0.028524398803710938
row_more_sep_row36_col0.csv,0.03066849708557129
row_extra_quote18_col6.csv,0.03291058540344238
row_more_sep_row23_col8.csv,0.02570033073425293
row_more_sep_row22_col0.csv,0.024509429931640625
row_more_sep_row75_col2.csv,0.024588584899902344
row_less_sep_row83_col7.csv,0.02440166473388672
row_more_sep_row49_col0.csv,0.025000810623168945
row_more_sep_row42_col1.csv,0.025470733642578125
row_more_sep_row18_col0.csv,0.025098800659179688
row_less_sep_row12_col4.csv,0.024435997009277344
row_more_sep_row6_col8.csv,0.024084806442260742
row_less_sep_row40_col2.csv,0.024315595626831055
row_more_sep_row40_col8.csv,0.025006532669067383
row_extra_quote71_col8.csv,0.027362346649169922
row_less_sep_row28_col7.csv,0.024689912796020508
row_more_sep_row3_col2.csv,0.025761842727661133
row_less_sep_row26_col5.csv,0.0269775390625
row_more_sep_row49_col6.csv,0.02507948875427246
row_less_sep_row69_col8.csv,0.034377336502075195
row_extra_quote80_col6.csv,0.036733150482177734
row_extra_quote52_col4.csv,0.04247164726257324
row_extra_quote25_col7.csv,0.05298137664794922
row_more_sep_row62_col7.csv,0.0397491455078125
row_more_sep_row13_col0.csv,0.04076886177062988
row_less_sep_row70_col3.csv,0.02949213981628418
row_more_sep_row50_col3.csv,0.02550053596496582
row_extra_quote80_col5.csv,0.0305178165435791
row_less_sep_row1_col8.csv,0.034743309020996094
row_extra_quote54_col0.csv,0.028765439987182617
row_less_sep_row36_col2.csv,0.02762746810913086
row_less_sep_row77_col4.csv,0.02572154998779297
row_more_sep_row41_col2.csv,0.02702641487121582
row_less_sep_row79_col3.csv,0.024907350540161133
row_less_sep_row43_col5.csv,0.024912357330322266
row_less_sep_row44_col2.csv,0.027883529663085938
row_less_sep_row34_col1.csv,0.029730796813964844
row_extra_quote78_col4.csv,0.025112628936767578
row_more_sep_row43_col3.csv,0.02440023422241211
row_extra_quote45_col5.csv,0.03185558319091797
row_more_sep_row4_col5.csv,0.03580522537231445
row_extra_quote56_col6.csv,0.03839707374572754
row_less_sep_row82_col2.csv,0.024351119995117188
row_less_sep_row35_col5.csv,0.026287078857421875
row_less_sep_row49_col3.csv,0.02537393569946289
row_extra_quote23_col6.csv,0.033898353576660156
row_more_sep_row68_col8.csv,0.024864673614501953
row_extra_quote8_col2.csv,0.03063488006591797
row_extra_quote9_col3.csv,0.03152203559875488
row_more_sep_row78_col2.csv,0.024596691131591797
row_extra_quote47_col7.csv,0.04041337966918945
row_less_sep_row66_col1.csv,0.03591585159301758
row_extra_quote19_col8.csv,0.05835270881652832
row_extra_quote61_col1.csv,0.03240633010864258
row_extra_quote36_col1.csv,0.036353349685668945
row_more_sep_row60_col5.csv,0.028891324996948242
row_less_sep_row12_col3.csv,0.0260009765625
row_less_sep_row42_col4.csv,0.025829792022705078
row_more_sep_row70_col0.csv,0.025094985961914062
row_extra_quote78_col7.csv,0.02547907829284668
row_extra_quote51_col4.csv,0.030284404754638672
row_extra_quote5_col6.csv,0.03486800193786621
row_extra_quote68_col7.csv,0.03012537956237793
row_less_sep_row22_col2.csv,0.026095867156982422
row_more_sep_row28_col3.csv,0.02623772621154785
row_extra_quote26_col4.csv,0.03689289093017578
row_less_sep_row73_col5.csv,0.02584385871887207
row_less_sep_row14_col1.csv,0.026841402053833008
row_less_sep_row38_col2.csv,0.02643418312072754
file_field_delimiter_0x9.csv,0.03125619888305664
row_field_delimiter_24_0x20.csv,0.027336597442626953
row_extra_quote71_col2.csv,0.02460479736328125
row_more_sep_row62_col8.csv,0.024335861206054688
row_more_sep_row5_col4.csv,0.025064468383789062
row_less_sep_row45_col5.csv,0.024349451065063477
row_less_sep_row70_col8.csv,0.024523496627807617
row_more_sep_row34_col8.csv,0.026166915893554688
row_more_sep_row33_col2.csv,0.02380967140197754
row_more_sep_row49_col4.csv,0.023815155029296875
row_field_delimiter_30_0x20.csv,0.02461075782775879
row_more_sep_row74_col4.csv,0.025876283645629883
row_less_sep_row50_col2.csv,0.02576732635498047
row_less_sep_row36_col1.csv,0.02570343017578125
row_more_sep_row76_col1.csv,0.02491450309753418
row_extra_quote16_col3.csv,0.03218340873718262
row_less_sep_row28_col5.csv,0.02473139762878418
row_more_sep_row26_col5.csv,0.024489164352416992
row_extra_quote33_col1.csv,0.03265738487243652
row_more_sep_row60_col4.csv,0.02472972869873047
row_more_sep_row69_col3.csv,0.024607419967651367
row_more_sep_row41_col4.csv,0.03002333641052246
row_less_sep_row40_col6.csv,0.025315284729003906
row_less_sep_row21_col7.csv,0.027141809463500977
row_field_delimiter_56_0x20.csv,0.02576422691345215
row_more_sep_row79_col1.csv,0.027517080307006836
row_more_sep_row50_col0.csv,0.02497410774230957
row_more_sep_row59_col4.csv,0.024840593338012695
row_less_sep_row54_col3.csv,0.024529695510864258
row_more_sep_row35_col7.csv,0.024890899658203125
row_extra_quote16_col4.csv,0.03579092025756836
row_extra_quote71_col1.csv,0.024176597595214844
row_less_sep_row60_col2.csv,0.02401876449584961
row_more_sep_row34_col1.csv,0.024168729782104492
row_more_sep_row38_col1.csv,0.03674030303955078
row_less_sep_row57_col7.csv,0.02771735191345215
row_extra_quote66_col8.csv,0.025058746337890625
row_less_sep_row77_col6.csv,0.024231910705566406
row_extra_quote63_col0.csv,0.02421259880065918
row_field_delimiter_33_0x20.csv,0.02292156219482422
file_no_payload.csv,0.00016999244689941406
row_more_sep_row54_col8.csv,0.023306846618652344
row_extra_quote13_col0.csv,0.028957843780517578
row_extra_quote68_col6.csv,0.023377656936645508
row_extra_quote1_col2.csv,0.029127836227416992
row_less_sep_row49_col2.csv,0.023187637329101562
row_more_sep_row51_col0.csv,0.023347139358520508
row_more_sep_row54_col3.csv,0.026490211486816406
row_extra_quote58_col1.csv,0.02345418930053711
row_less_sep_row76_col5.csv,0.024265289306640625
row_extra_quote27_col6.csv,0.03262948989868164
row_extra_quote77_col0.csv,0.024133682250976562
row_extra_quote12_col2.csv,0.03310990333557129
row_extra_quote12_col8.csv,0.03719973564147949
row_extra_quote3_col6.csv,0.03076910972595215
row_less_sep_row30_col4.csv,0.024914264678955078
row_less_sep_row2_col3.csv,0.024856090545654297
row_more_sep_row35_col0.csv,0.02740645408630371
row_more_sep_row62_col6.csv,0.026440858840942383
row_more_sep_row39_col7.csv,0.025590181350708008
row_more_sep_row48_col2.csv,0.02768087387084961
row_more_sep_row25_col8.csv,0.026244401931762695
row_extra_quote34_col5.csv,0.03599190711975098
row_less_sep_row25_col2.csv,0.026596546173095703
row_more_sep_row21_col7.csv,0.030121803283691406
row_less_sep_row81_col6.csv,0.02913951873779297
row_field_delimiter_40_0x20.csv,0.027902841567993164
row_extra_quote57_col4.csv,0.026027917861938477
row_extra_quote50_col6.csv,0.033759355545043945
row_more_sep_row74_col3.csv,0.025958538055419922
row_extra_quote79_col6.csv,0.025586366653442383
row_less_sep_row44_col8.csv,0.03144693374633789
row_less_sep_row56_col3.csv,0.03080892562866211
row_extra_quote60_col1.csv,0.027603626251220703
file_header_only.csv,0.0013129711151123047
file_escape_char_0x5C.csv,0.029387235641479492
row_less_sep_row27_col2.csv,0.028164386749267578
row_less_sep_row47_col8.csv,0.02674245834350586
row_extra_quote60_col2.csv,0.024908065795898438
row_less_sep_row29_col1.csv,0.0247957706451416
row_extra_quote39_col7.csv,0.03156852722167969
row_extra_quote76_col6.csv,0.023938417434692383
row_less_sep_row28_col3.csv,0.024871349334716797
row_more_sep_row14_col0.csv,0.024372339248657227
row_field_delimiter_58_0x20.csv,0.024092912673950195
row_more_sep_row1_col6.csv,0.024092435836791992
row_more_sep_row21_col6.csv,0.02631378173828125
row_extra_quote61_col5.csv,0.02464437484741211
row_extra_quote15_col8.csv,0.031465768814086914
row_more_sep_row12_col3.csv,0.025269508361816406
row_less_sep_row3_col8.csv,0.02450275421142578
row_less_sep_row47_col3.csv,0.02818894386291504
row_less_sep_row83_col6.csv,0.025066375732421875
row_extra_quote77_col3.csv,0.02480769157409668
row_extra_quote31_col0.csv,0.03344321250915527
row_more_sep_row28_col8.csv,0.024651765823364258
row_more_sep_row19_col8.csv,0.02824854850769043
row_less_sep_row30_col3.csv,0.024082660675048828
row_less_sep_row14_col3.csv,0.025429725646972656
row_more_sep_row79_col7.csv,0.024621009826660156
row_more_sep_row70_col5.csv,0.027190208435058594
row_less_sep_row37_col3.csv,0.024472951889038086
row_extra_quote73_col2.csv,0.02408456802368164
row_extra_quote24_col3.csv,0.03327345848083496
row_extra_quote9_col7.csv,0.030610084533691406
row_less_sep_row61_col4.csv,0.023460865020751953
row_less_sep_row16_col6.csv,0.023446321487426758
row_extra_quote37_col2.csv,0.030448436737060547
row_extra_quote81_col1.csv,0.023484468460083008
row_less_sep_row73_col3.csv,0.025114059448242188
row_extra_quote75_col2.csv,0.02640366554260254
row_more_sep_row63_col0.csv,0.027657508850097656
row_extra_quote12_col1.csv,0.0301666259765625
row_less_sep_row76_col4.csv,0.02481842041015625
row_more_sep_row82_col5.csv,0.02441549301147461
row_more_sep_row24_col6.csv,0.026345491409301758
row_more_sep_row4_col1.csv,0.02868342399597168
row_more_sep_row7_col1.csv,0.025557994842529297
row_extra_quote4_col0.csv,0.03179216384887695
row_less_sep_row67_col2.csv,0.024774789810180664
row_extra_quote38_col3.csv,0.03203463554382324
row_extra_quote16_col2.csv,0.03018641471862793
row_extra_quote5_col0.csv,0.029818058013916016
row_extra_quote40_col2.csv,0.03156256675720215
row_more_sep_row54_col6.csv,0.026592016220092773
row_extra_quote6_col2.csv,0.032463788986206055
file_multitable_more.csv,0.03899550437927246
row_less_sep_row18_col6.csv,0.025795459747314453
row_more_sep_row12_col5.csv,0.024807214736938477
row_extra_quote2_col6.csv,0.030439138412475586
row_extra_quote10_col0.csv,0.029790878295898438
row_field_delimiter_69_0x20.csv,0.024007320404052734
row_more_sep_row3_col8.csv,0.024248361587524414
row_more_sep_row38_col4.csv,0.024081707000732422
row_extra_quote28_col6.csv,0.03092026710510254
row_extra_quote38_col8.csv,0.03617691993713379
row_less_sep_row8_col6.csv,0.02483344078063965
row_extra_quote32_col7.csv,0.034191131591796875
row_less_sep_row35_col8.csv,0.02367687225341797
row_less_sep_row19_col1.csv,0.023578166961669922
row_more_sep_row16_col0.csv,0.024105072021484375
row_field_delimiter_14_0x20.csv,0.023836374282836914
row_extra_quote35_col5.csv,0.03134870529174805
row_extra_quote14_col0.csv,0.029423236846923828
row_extra_quote59_col6.csv,0.02431035041809082
row_more_sep_row14_col6.csv,0.02454376220703125
row_extra_quote82_col6.csv,0.026751279830932617
row_less_sep_row17_col3.csv,0.02414560317993164
row_less_sep_row31_col7.csv,0.024171829223632812
row_less_sep_row48_col5.csv,0.02562117576599121
row_more_sep_row34_col7.csv,0.024483442306518555
row_extra_quote60_col8.csv,0.02496170997619629
row_less_sep_row29_col5.csv,0.024132966995239258
row_extra_quote69_col6.csv,0.02529311180114746
row_extra_quote36_col0.csv,0.03211688995361328
row_extra_quote18_col1.csv,0.03240609169006348
row_less_sep_row1_col3.csv,0.023830652236938477
row_less_sep_row56_col1.csv,0.02363419532775879
row_more_sep_row77_col6.csv,0.023988723754882812
row_more_sep_row5_col7.csv,0.023604869842529297
row_extra_quote19_col3.csv,0.03577542304992676
row_more_sep_row4_col0.csv,0.026792049407958984
row_more_sep_row68_col6.csv,0.027423381805419922
row_more_sep_row25_col3.csv,0.02697896957397461
row_more_sep_row73_col1.csv,0.026668071746826172
row_less_sep_row33_col1.csv,0.027102231979370117
row_less_sep_row43_col6.csv,0.0246124267578125
row_more_sep_row3_col6.csv,0.024675846099853516
row_extra_quote19_col1.csv,0.03266716003417969
row_less_sep_row26_col7.csv,0.023909807205200195
row_field_delimiter_57_0x20.csv,0.023988723754882812
row_extra_quote76_col4.csv,0.027934789657592773
row_less_sep_row61_col7.csv,0.024239063262939453
row_more_sep_row20_col8.csv,0.02463674545288086
row_extra_quote33_col3.csv,0.03228306770324707
row_more_sep_row44_col7.csv,0.023799419403076172
row_less_sep_row34_col4.csv,0.02445244789123535
row_extra_quote68_col4.csv,0.02573704719543457
row_less_sep_row68_col4.csv,0.024507999420166016
row_more_sep_row48_col5.csv,0.02414417266845703
row_extra_quote46_col1.csv,0.0314180850982666
row_more_sep_row48_col1.csv,0.02419424057006836
row_extra_quote69_col2.csv,0.0242767333984375
row_less_sep_row65_col7.csv,0.02378392219543457
row_extra_quote35_col7.csv,0.03118157386779785
row_more_sep_row23_col0.csv,0.027901649475097656
row_field_delimiter_8_0x20.csv,0.023775815963745117
row_extra_quote75_col6.csv,0.02364945411682129
row_more_sep_row50_col2.csv,0.027385234832763672
file_field_delimiter_0x3B.csv,0.03167533874511719
row_extra_quote62_col5.csv,0.025589942932128906
row_less_sep_row52_col7.csv,0.025473594665527344
row_extra_quote80_col3.csv,0.024055004119873047
row_extra_quote41_col6.csv,0.03177332878112793
row_extra_quote35_col3.csv,0.03217887878417969
row_extra_quote51_col3.csv,0.028712987899780273
row_less_sep_row15_col8.csv,0.024847745895385742
row_more_sep_row56_col7.csv,0.025101661682128906
row_extra_quote50_col3.csv,0.026561975479125977
row_more_sep_row21_col4.csv,0.024483680725097656
row_more_sep_row3_col3.csv,0.02794361114501953
row_more_sep_row73_col0.csv,0.02456068992614746
row_less_sep_row30_col6.csv,0.02495598793029785
row_extra_quote46_col2.csv,0.03126335144042969
source.csv,0.025833606719970703
row_extra_quote40_col0.csv,0.03126335144042969
row_more_sep_row32_col6.csv,0.023653030395507812
row_less_sep_row70_col5.csv,0.023902416229248047
row_less_sep_row55_col6.csv,0.02421283721923828
row_less_sep_row53_col4.csv,0.023645877838134766
row_more_sep_row68_col2.csv,0.023852109909057617
row_more_sep_row31_col4.csv,0.02349233627319336
row_more_sep_row74_col7.csv,0.026118040084838867
row_more_sep_row14_col3.csv,0.023875951766967773
row_more_sep_row41_col1.csv,0.024547100067138672
row_less_sep_row62_col2.csv,0.023352861404418945
row_less_sep_row42_col3.csv,0.02382206916809082
row_field_delimiter_10_0x20.csv,0.024095773696899414
row_less_sep_row73_col2.csv,0.024034976959228516
row_more_sep_row13_col4.csv,0.024018049240112305
row_extra_quote50_col5.csv,0.027344703674316406
row_more_sep_row69_col8.csv,0.02351236343383789
row_field_delimiter_74_0x20.csv,0.024794340133666992
row_extra_quote7_col2.csv,0.030740022659301758
row_less_sep_row11_col4.csv,0.023994922637939453
row_extra_quote13_col3.csv,0.03252005577087402
row_less_sep_row65_col6.csv,0.023604154586791992
row_extra_quote69_col7.csv,0.02486419677734375
row_more_sep_row40_col2.csv,0.02383255958557129
row_extra_quote51_col1.csv,0.028258323669433594
row_field_delimiter_32_0x20.csv,0.02540874481201172
row_more_sep_row10_col6.csv,0.023579835891723633
row_more_sep_row27_col3.csv,0.024265527725219727
row_extra_quote6_col3.csv,0.03029918670654297
row_more_sep_row33_col6.csv,0.02387094497680664
row_extra_quote23_col0.csv,0.03217673301696777
row_less_sep_row24_col3.csv,0.026215553283691406
row_more_sep_row23_col2.csv,0.02445244789123535
row_extra_quote14_col2.csv,0.029997587203979492
row_more_sep_row70_col4.csv,0.024814367294311523
row_more_sep_row42_col8.csv,0.02430272102355957
row_less_sep_row58_col6.csv,0.02462029457092285
row_more_sep_row73_col2.csv,0.023967504501342773
row_more_sep_row1_col8.csv,0.023593664169311523
row_field_delimiter_16_0x20.csv,0.0246121883392334
row_field_delimiter_51_0x20.csv,0.0242617130279541
row_extra_quote13_col1.csv,0.03208446502685547
row_more_sep_row18_col1.csv,0.02370619773864746
row_extra_quote72_col1.csv,0.023770809173583984
row_extra_quote46_col0.csv,0.03287553787231445
row_extra_quote52_col3.csv,0.027884721755981445
row_less_sep_row71_col4.csv,0.0266420841217041
row_more_sep_row78_col3.csv,0.02458667755126953
row_more_sep_row80_col0.csv,0.024702787399291992
row_extra_quote33_col7.csv,0.03137516975402832
row_extra_quote73_col3.csv,0.025516748428344727
row_less_sep_row18_col8.csv,0.023798227310180664
row_more_sep_row45_col4.csv,0.024506330490112305
row_extra_quote83_col3.csv,0.025321006774902344
row_more_sep_row44_col6.csv,0.0238192081451416
row_field_delimiter_72_0x20.csv,0.027039527893066406
row_more_sep_row42_col4.csv,0.02402782440185547
row_less_sep_row30_col2.csv,0.025826454162597656
row_extra_quote35_col0.csv,0.032622337341308594
row_extra_quote82_col1.csv,0.024970531463623047
row_extra_quote83_col6.csv,0.024879932403564453
row_extra_quote83_col2.csv,0.026818275451660156
row_less_sep_row55_col7.csv,0.026511192321777344
row_more_sep_row29_col1.csv,0.027267932891845703
row_more_sep_row41_col5.csv,0.0270388126373291
row_extra_quote73_col7.csv,0.02596735954284668
row_more_sep_row27_col4.csv,0.027292966842651367
row_less_sep_row19_col3.csv,0.0257415771484375
row_extra_quote73_col1.csv,0.0267946720123291
row_more_sep_row5_col0.csv,0.026600360870361328
row_extra_quote31_col6.csv,0.037421464920043945
row_less_sep_row63_col7.csv,0.0260465145111084
row_less_sep_row24_col1.csv,0.02613973617553711
row_extra_quote36_col6.csv,0.03481125831604004
row_more_sep_row54_col2.csv,0.02744007110595703
row_more_sep_row13_col6.csv,0.026590347290039062
row_less_sep_row55_col5.csv,0.02773594856262207
row_less_sep_row18_col2.csv,0.026037216186523438
row_less_sep_row5_col5.csv,0.02639460563659668
row_more_sep_row10_col5.csv,0.02464127540588379
row_more_sep_row3_col4.csv,0.02421092987060547
row_more_sep_row81_col6.csv,0.023604154586791992
row_extra_quote23_col2.csv,0.03783059120178223
row_extra_quote8_col4.csv,0.02941107749938965
row_more_sep_row22_col6.csv,0.023969650268554688
row_more_sep_row39_col5.csv,0.02440643310546875
row_extra_quote12_col3.csv,0.03076648712158203
row_extra_quote38_col5.csv,0.0308377742767334
row_more_sep_row6_col7.csv,0.02337050437927246
row_more_sep_row37_col0.csv,0.02449655532836914
row_extra_quote82_col3.csv,0.02480626106262207
row_extra_quote41_col2.csv,0.032265663146972656
row_extra_quote10_col1.csv,0.031220436096191406
row_extra_quote36_col5.csv,0.03108072280883789
row_less_sep_row53_col1.csv,0.024097681045532227
row_extra_quote18_col4.csv,0.03977847099304199
row_extra_quote44_col4.csv,0.03109574317932129
row_more_sep_row67_col3.csv,0.02446770668029785
row_less_sep_row22_col4.csv,0.023678302764892578
row_more_sep_row27_col5.csv,0.02537250518798828
row_extra_quote76_col8.csv,0.023716211318969727
row_less_sep_row22_col3.csv,0.024276018142700195
row_extra_quote27_col5.csv,0.032382965087890625
row_extra_quote61_col7.csv,0.029439210891723633
row_more_sep_row44_col8.csv,0.026212215423583984
row_more_sep_row19_col3.csv,0.03357648849487305
row_field_delimiter_62_0x20.csv,0.03440523147583008
row_extra_quote28_col1.csv,0.03640937805175781
row_less_sep_row74_col7.csv,0.024213314056396484
row_extra_quote37_col6.csv,0.031473636627197266
row_extra_quote68_col3.csv,0.024614810943603516
row_more_sep_row7_col2.csv,0.024004697799682617
row_less_sep_row14_col5.csv,0.024308443069458008
row_more_sep_row32_col4.csv,0.02396368980407715
row_more_sep_row76_col8.csv,0.02442336082458496
row_field_delimiter_34_0x20.csv,0.024688005447387695
row_less_sep_row38_col1.csv,0.025005340576171875
row_more_sep_row28_col5.csv,0.026308298110961914
row_extra_quote20_col7.csv,0.033952951431274414
row_less_sep_row9_col6.csv,0.02547311782836914
row_extra_quote23_col3.csv,0.033774375915527344
row_less_sep_row45_col1.csv,0.02871394157409668
row_more_sep_row82_col7.csv,0.024186134338378906
row_more_sep_row36_col7.csv,0.024152517318725586
row_extra_quote19_col2.csv,0.032972097396850586
row_extra_quote32_col4.csv,0.032727956771850586
row_less_sep_row49_col5.csv,0.024126529693603516
row_extra_quote76_col7.csv,0.023920774459838867
row_more_sep_row62_col2.csv,0.024610280990600586
row_less_sep_row80_col5.csv,0.023916959762573242
row_extra_quote25_col2.csv,0.03241157531738281
row_extra_quote55_col2.csv,0.024859189987182617
row_more_sep_row29_col0.csv,0.02368950843811035
row_more_sep_row81_col8.csv,0.02405834197998047
row_extra_quote2_col1.csv,0.03033614158630371
row_more_sep_row35_col6.csv,0.023726224899291992
row_field_delimiter_80_0x20.csv,0.02646803855895996
row_extra_quote51_col2.csv,0.027472496032714844
row_less_sep_row20_col1.csv,0.025153636932373047
row_more_sep_row36_col2.csv,0.02554798126220703
row_extra_quote67_col7.csv,0.02430438995361328
row_less_sep_row25_col4.csv,0.02433180809020996
row_more_sep_row20_col6.csv,0.02450275421142578
row_extra_quote27_col7.csv,0.03257346153259277
row_extra_quote8_col7.csv,0.02973008155822754
row_more_sep_row17_col2.csv,0.025481700897216797
row_extra_quote22_col5.csv,0.03211498260498047
row_more_sep_row33_col1.csv,0.024172067642211914
row_extra_quote74_col4.csv,0.027863502502441406
row_extra_quote77_col6.csv,0.02394390106201172
row_more_sep_row12_col1.csv,0.023709535598754883
row_less_sep_row31_col2.csv,0.02567148208618164
row_less_sep_row19_col7.csv,0.023519515991210938
row_extra_quote10_col5.csv,0.02979135513305664
row_less_sep_row75_col3.csv,0.02341175079345703
row_extra_quote54_col7.csv,0.02727055549621582
row_more_sep_row58_col6.csv,0.02357316017150879
row_less_sep_row5_col7.csv,0.02337503433227539
row_less_sep_row3_col1.csv,0.024007558822631836
row_less_sep_row7_col4.csv,0.023465633392333984
row_field_delimiter_79_0x20.csv,0.024302244186401367
row_field_delimiter_63_0x20.csv,0.024012327194213867
row_less_sep_row75_col4.csv,0.02969980239868164
row_more_sep_row33_col5.csv,0.02390456199645996
row_less_sep_row82_col6.csv,0.023506641387939453
row_extra_quote21_col4.csv,0.08813118934631348
row_less_sep_row57_col1.csv,0.0234372615814209
row_less_sep_row64_col2.csv,0.023368358612060547
row_less_sep_row51_col7.csv,0.023253679275512695
row_extra_quote24_col4.csv,0.03130602836608887
row_extra_quote46_col4.csv,0.03036975860595703
row_more_sep_row0_col5.csv,0.023372173309326172
row_less_sep_row28_col4.csv,0.02468109130859375
row_less_sep_row10_col5.csv,0.023302316665649414
row_more_sep_row52_col5.csv,0.023812294006347656
row_extra_quote81_col4.csv,0.02375626564025879
row_extra_quote73_col8.csv,0.02396368980407715
row_extra_quote73_col0.csv,0.02315664291381836
row_more_sep_row56_col4.csv,0.025266647338867188
row_extra_quote39_col6.csv,0.031134605407714844
row_extra_quote3_col8.csv,0.029842376708984375
row_more_sep_row57_col1.csv,0.024009227752685547
row_more_sep_row45_col5.csv,0.024214506149291992
row_extra_quote75_col0.csv,0.023778200149536133
row_extra_quote11_col5.csv,0.0312802791595459
row_more_sep_row19_col5.csv,0.02368927001953125
row_more_sep_row11_col4.csv,0.02444314956665039
row_more_sep_row30_col1.csv,0.024251461029052734
row_extra_quote43_col5.csv,0.031146764755249023
row_less_sep_row71_col1.csv,0.02403545379638672
row_less_sep_row81_col1.csv,0.023760318756103516
row_less_sep_row63_col3.csv,0.02438497543334961
row_more_sep_row7_col4.csv,0.025488853454589844
row_extra_quote20_col0.csv,0.03153085708618164
row_extra_quote6_col0.csv,0.029430389404296875
row_extra_quote83_col0.csv,0.023162126541137695
row_less_sep_row38_col5.csv,0.023578882217407227
row_extra_quote21_col7.csv,0.03144955635070801
row_more_sep_row75_col8.csv,0.026037931442260742
row_extra_quote5_col8.csv,0.02936720848083496
row_less_sep_row72_col1.csv,0.023393630981445312
row_less_sep_row4_col6.csv,0.0248415470123291
row_more_sep_row20_col5.csv,0.023600339889526367
row_extra_quote47_col6.csv,0.03152608871459961
row_less_sep_row30_col7.csv,0.02369976043701172
row_less_sep_row79_col8.csv,0.024161815643310547
row_more_sep_row50_col6.csv,0.02396249771118164
row_more_sep_row30_col4.csv,0.023408174514770508
row_extra_quote17_col7.csv,0.03159832954406738
row_less_sep_row57_col5.csv,0.023339271545410156
row_more_sep_row48_col8.csv,0.023593425750732422
row_field_delimiter_83_0x20.csv,0.025362491607666016
row_extra_quote40_col5.csv,0.030553102493286133
row_less_sep_row16_col1.csv,0.0234527587890625
row_more_sep_row42_col6.csv,0.024298429489135742
row_extra_quote49_col5.csv,0.03007340431213379
row_extra_quote13_col7.csv,0.029540061950683594
row_less_sep_row28_col6.csv,0.02324819564819336
row_less_sep_row20_col5.csv,0.02550673484802246
row_extra_quote64_col0.csv,0.022945404052734375
row_less_sep_row27_col4.csv,0.02350902557373047
row_more_sep_row1_col1.csv,0.02382802963256836
row_less_sep_row2_col6.csv,0.023172616958618164
row_more_sep_row52_col8.csv,0.024744033813476562
row_more_sep_row11_col1.csv,0.02404165267944336
row_more_sep_row1_col0.csv,0.023893117904663086
row_more_sep_row26_col7.csv,0.025998830795288086
row_more_sep_row73_col8.csv,0.023582935333251953
row_extra_quote50_col7.csv,0.03190279006958008
row_more_sep_row46_col7.csv,0.02386307716369629
row_less_sep_row39_col4.csv,0.02422308921813965
row_more_sep_row30_col0.csv,0.02381753921508789
row_extra_quote30_col1.csv,0.03168034553527832
row_more_sep_row49_col2.csv,0.023868560791015625
row_extra_quote35_col1.csv,0.031471967697143555
row_extra_quote17_col3.csv,0.031310319900512695
row_extra_quote49_col8.csv,0.030240297317504883
row_less_sep_row58_col1.csv,0.02339792251586914
row_more_sep_row4_col7.csv,0.028311967849731445
row_extra_quote1_col0.csv,0.028908967971801758
row_less_sep_row21_col5.csv,0.02403736114501953
row_more_sep_row15_col4.csv,0.024282217025756836
row_extra_quote50_col8.csv,0.030896663665771484
row_more_sep_row13_col7.csv,0.025062084197998047
row_extra_quote22_col4.csv,0.03899502754211426
row_field_delimiter_75_0x20.csv,0.027493953704833984
row_more_sep_row59_col7.csv,0.02481698989868164
row_more_sep_row47_col8.csv,0.02426457405090332
row_more_sep_row54_col7.csv,0.024385452270507812
row_extra_quote29_col4.csv,0.03290987014770508
row_more_sep_row24_col2.csv,0.0239412784576416
row_more_sep_row78_col0.csv,0.023711204528808594
row_less_sep_row39_col1.csv,0.025656461715698242
row_less_sep_row70_col6.csv,0.024076223373413086
row_more_sep_row3_col0.csv,0.024564266204833984
row_extra_quote57_col0.csv,0.02388596534729004
row_extra_quote6_col5.csv,0.030109882354736328
row_less_sep_row46_col2.csv,0.02527594566345215
row_extra_quote58_col7.csv,0.02399277687072754
row_less_sep_row37_col5.csv,0.024071931838989258
row_more_sep_row43_col2.csv,0.02370452880859375
row_less_sep_row33_col8.csv,0.023446083068847656
row_more_sep_row57_col4.csv,0.0234830379486084
row_extra_quote47_col8.csv,0.032132863998413086
row_less_sep_row27_col8.csv,0.0238494873046875
row_more_sep_row61_col0.csv,0.02406597137451172
row_less_sep_row28_col2.csv,0.023482799530029297
row_more_sep_row28_col4.csv,0.024417400360107422
row_more_sep_row64_col2.csv,0.023586511611938477
row_extra_quote0_col1.csv,0.030215978622436523
row_extra_quote15_col3.csv,0.029519319534301758
row_extra_quote15_col6.csv,0.02898859977722168
row_extra_quote21_col6.csv,0.031380653381347656
row_extra_quote21_col2.csv,0.03367137908935547
row_more_sep_row46_col2.csv,0.023157835006713867
row_extra_quote18_col0.csv,0.03175783157348633
row_field_delimiter_53_0x20.csv,0.02484750747680664
row_extra_quote27_col8.csv,0.03151130676269531
row_extra_quote76_col3.csv,0.02391672134399414
row_less_sep_row3_col2.csv,0.023359060287475586
row_more_sep_row52_col3.csv,0.02394556999206543
row_extra_quote22_col8.csv,0.03201127052307129
row_more_sep_row17_col1.csv,0.023656606674194336
row_extra_quote65_col7.csv,0.02344059944152832
row_more_sep_row17_col0.csv,0.023088932037353516
row_less_sep_row49_col6.csv,0.023430347442626953
row_extra_quote49_col3.csv,0.033476829528808594
row_more_sep_row55_col7.csv,0.023441314697265625
row_less_sep_row17_col1.csv,0.02323174476623535
row_less_sep_row17_col6.csv,0.0242006778717041
row_more_sep_row20_col2.csv,0.024692535400390625
row_extra_quote4_col4.csv,0.030109882354736328
row_extra_quote79_col7.csv,0.023387908935546875
row_less_sep_row1_col2.csv,0.02518320083618164
row_extra_quote35_col6.csv,0.030390501022338867
row_more_sep_row66_col7.csv,0.023918867111206055
row_less_sep_row55_col1.csv,0.023646116256713867
row_extra_quote21_col3.csv,0.03176617622375488
row_less_sep_row82_col4.csv,0.023277997970581055
row_extra_quote67_col5.csv,0.02349853515625
row_more_sep_row6_col6.csv,0.02554774284362793
row_extra_quote48_col2.csv,0.030501604080200195
row_extra_quote20_col2.csv,0.03204512596130371
row_less_sep_row19_col2.csv,0.023752689361572266
row_extra_quote49_col0.csv,0.03088545799255371
row_less_sep_row76_col8.csv,0.023964643478393555
row_less_sep_row23_col3.csv,0.02500009536743164
row_more_sep_row71_col0.csv,0.0239105224609375
row_more_sep_row67_col5.csv,0.023552417755126953
row_less_sep_row59_col2.csv,0.02457261085510254
row_more_sep_row79_col0.csv,0.02376699447631836
row_extra_quote77_col4.csv,0.025820493698120117
row_extra_quote29_col5.csv,0.031173229217529297
row_more_sep_row10_col3.csv,0.024827241897583008
row_extra_quote44_col0.csv,0.031525611877441406
row_more_sep_row19_col1.csv,0.02363419532775879
row_more_sep_row66_col2.csv,0.023874998092651367
row_less_sep_row14_col4.csv,0.023723840713500977
row_extra_quote55_col3.csv,0.023718595504760742
row_less_sep_row27_col6.csv,0.0237429141998291
row_extra_quote9_col4.csv,0.03042316436767578
row_extra_quote13_col6.csv,0.030642271041870117
row_extra_quote38_col4.csv,0.03077411651611328
row_more_sep_row69_col1.csv,0.023657560348510742
row_more_sep_row79_col2.csv,0.025757551193237305
row_extra_quote15_col0.csv,0.029429912567138672
row_less_sep_row24_col6.csv,0.023472070693969727
row_more_sep_row50_col8.csv,0.024602890014648438
row_more_sep_row25_col2.csv,0.023452043533325195
row_extra_quote72_col2.csv,0.024105072021484375
row_more_sep_row15_col8.csv,0.023804187774658203
row_less_sep_row5_col6.csv,0.023729324340820312
row_less_sep_row9_col8.csv,0.023356914520263672
file_header_multirow_3.csv,0.024326801300048828
row_less_sep_row73_col4.csv,0.02429652214050293
row_less_sep_row49_col4.csv,0.024634361267089844
row_more_sep_row83_col6.csv,0.024615049362182617
row_extra_quote47_col0.csv,0.030719995498657227
row_more_sep_row53_col7.csv,0.023632287979125977
row_more_sep_row15_col3.csv,0.025597333908081055
row_extra_quote34_col2.csv,0.034603118896484375
row_less_sep_row50_col1.csv,0.024672269821166992
row_extra_quote35_col2.csv,0.031366825103759766
row_less_sep_row26_col8.csv,0.024605751037597656
row_less_sep_row29_col3.csv,0.024649620056152344
row_extra_quote11_col1.csv,0.03034043312072754
row_more_sep_row18_col7.csv,0.02536320686340332
file_quotation_char_0x27.csv,0.03212904930114746
file_double_trailing_newline.csv,0.0239412784576416
row_less_sep_row4_col5.csv,0.02460169792175293
row_extra_quote40_col8.csv,0.030905961990356445
row_extra_quote38_col6.csv,0.03431582450866699
row_less_sep_row25_col1.csv,0.02417898178100586
row_less_sep_row63_col8.csv,0.024295330047607422
row_more_sep_row76_col7.csv,0.024496078491210938
row_extra_quote7_col1.csv,0.030392169952392578
row_extra_quote82_col0.csv,0.02445077896118164
row_more_sep_row72_col4.csv,0.02359628677368164
row_more_sep_row74_col6.csv,0.024728775024414062
row_more_sep_row75_col0.csv,0.02431631088256836
row_extra_quote22_col1.csv,0.03344607353210449
row_extra_quote44_col2.csv,0.03045821189880371
row_extra_quote0_col7.csv,0.03318476676940918
row_less_sep_row55_col8.csv,0.023382902145385742
row_extra_quote52_col0.csv,0.027106046676635742
row_extra_quote44_col3.csv,0.03025984764099121
row_more_sep_row7_col0.csv,0.023966073989868164
row_extra_quote74_col6.csv,0.023814678192138672
row_field_delimiter_7_0x20.csv,0.02381300926208496
row_extra_quote61_col4.csv,0.023827552795410156
row_less_sep_row77_col5.csv,0.023600339889526367
row_more_sep_row22_col1.csv,0.023583412170410156
row_more_sep_row47_col4.csv,0.02372264862060547
row_more_sep_row64_col7.csv,0.02349567413330078
row_more_sep_row20_col7.csv,0.0235292911529541
row_less_sep_row60_col3.csv,0.025615692138671875
row_more_sep_row47_col0.csv,0.02346014976501465
row_more_sep_row56_col5.csv,0.024904727935791016
row_more_sep_row58_col1.csv,0.024506568908691406
row_more_sep_row43_col7.csv,0.023424386978149414
row_more_sep_row78_col8.csv,0.026947021484375
row_less_sep_row50_col6.csv,0.023350954055786133
row_more_sep_row17_col7.csv,0.024488449096679688
row_extra_quote5_col7.csv,0.02982640266418457
row_more_sep_row18_col5.csv,0.023738384246826172
row_extra_quote1_col5.csv,0.029463529586791992
row_more_sep_row81_col0.csv,0.023899078369140625
row_field_delimiter_19_0x20.csv,0.02359461784362793
row_field_delimiter_35_0x20.csv,0.023684263229370117
row_more_sep_row35_col5.csv,0.025823354721069336
row_more_sep_row76_col2.csv,0.023671627044677734
row_less_sep_row8_col5.csv,0.02387237548828125
row_less_sep_row34_col8.csv,0.024839401245117188
row_field_delimiter_42_0x20.csv,0.023877859115600586
row_less_sep_row51_col6.csv,0.025173187255859375
row_field_delimiter_50_0x20.csv,0.02335834503173828
row_more_sep_row24_col8.csv,0.02459859848022461
row_extra_quote34_col0.csv,0.031131744384765625
row_extra_quote55_col6.csv,0.02368950843811035
row_less_sep_row26_col3.csv,0.02465963363647461
row_less_sep_row40_col1.csv,0.023516416549682617
row_extra_quote8_col1.csv,0.028989553451538086
row_more_sep_row48_col7.csv,0.02342391014099121
row_more_sep_row60_col6.csv,0.025482654571533203
row_less_sep_row0_col7.csv,0.023609161376953125
row_more_sep_row1_col2.csv,0.02491450309753418
row_less_sep_row78_col7.csv,0.02387380599975586
row_more_sep_row15_col5.csv,0.02454209327697754
row_more_sep_row47_col1.csv,0.023868083953857422
row_extra_quote76_col1.csv,0.024419069290161133
row_less_sep_row75_col5.csv,0.02420830726623535
row_less_sep_row40_col7.csv,0.02388143539428711
row_extra_quote3_col5.csv,0.030077457427978516
row_extra_quote17_col8.csv,0.032257080078125
row_more_sep_row72_col5.csv,0.023419857025146484
row_more_sep_row34_col6.csv,0.026090621948242188
row_more_sep_row38_col3.csv,0.023822784423828125
row_extra_quote35_col8.csv,0.03178524971008301
row_more_sep_row63_col1.csv,0.023805618286132812
row_more_sep_row31_col5.csv,0.023978233337402344
row_less_sep_row23_col2.csv,0.023990154266357422
row_more_sep_row62_col4.csv,0.02408456802368164
row_more_sep_row41_col3.csv,0.023980379104614258
row_extra_quote14_col7.csv,0.030170917510986328
row_less_sep_row60_col6.csv,0.023842573165893555
row_extra_quote79_col2.csv,0.023922204971313477
row_extra_quote11_col8.csv,0.029350996017456055
row_more_sep_row32_col8.csv,0.02358245849609375
row_extra_quote34_col8.csv,0.03351950645446777
row_extra_quote71_col0.csv,0.023546218872070312
row_extra_quote15_col2.csv,0.03006148338317871
file_escape_char_0x00.csv,0.03224301338195801
row_less_sep_row61_col1.csv,0.02343010902404785
row_extra_quote81_col5.csv,0.023918867111206055
row_less_sep_row32_col8.csv,0.02371382713317871
row_less_sep_row83_col2.csv,0.023460865020751953
row_less_sep_row46_col3.csv,0.023503780364990234
row_extra_quote63_col1.csv,0.023165464401245117
row_less_sep_row0_col8.csv,0.025896072387695312
row_less_sep_row29_col2.csv,0.023989439010620117
row_less_sep_row80_col1.csv,0.023993968963623047
row_more_sep_row57_col0.csv,0.024764537811279297
row_less_sep_row50_col3.csv,0.023802995681762695
row_less_sep_row26_col1.csv,0.024184465408325195
row_less_sep_row38_col7.csv,0.023852825164794922
row_more_sep_row26_col1.csv,0.024047136306762695
row_extra_quote68_col8.csv,0.023458003997802734
row_less_sep_row36_col6.csv,0.024255037307739258
row_less_sep_row58_col5.csv,0.023743152618408203
row_extra_quote10_col4.csv,0.029783010482788086
row_less_sep_row68_col2.csv,0.023534059524536133
row_extra_quote11_col6.csv,0.03010845184326172
row_less_sep_row65_col5.csv,0.02324199676513672
row_field_delimiter_68_0x20.csv,0.02878856658935547
row_less_sep_row20_col2.csv,0.023713350296020508
row_field_delimiter_65_0x20.csv,0.025271892547607422
row_less_sep_row24_col7.csv,0.02377605438232422
row_extra_quote14_col3.csv,0.030700206756591797
row_less_sep_row67_col6.csv,0.0241091251373291
row_less_sep_row39_col6.csv,0.02456045150756836
row_less_sep_row17_col8.csv,0.02454972267150879
row_extra_quote71_col4.csv,0.026121139526367188
row_more_sep_row60_col7.csv,0.024091005325317383
row_more_sep_row74_col8.csv,0.023444175720214844
row_extra_quote25_col0.csv,0.03325462341308594
row_field_delimiter_71_0x20.csv,0.02358269691467285
row_more_sep_row53_col0.csv,0.023654937744140625
row_less_sep_row81_col3.csv,0.026592016220092773
row_less_sep_row72_col3.csv,0.02431178092956543
row_less_sep_row6_col6.csv,0.02331256866455078
row_less_sep_row29_col8.csv,0.02464461326599121
row_extra_quote70_col7.csv,0.02379155158996582
row_extra_quote62_col3.csv,0.023875951766967773
row_extra_quote81_col6.csv,0.025266408920288086
row_less_sep_row43_col3.csv,0.024161577224731445
row_less_sep_row67_col8.csv,0.02421259880065918
row_extra_quote2_col0.csv,0.03001236915588379
row_less_sep_row41_col3.csv,0.023899078369140625
row_less_sep_row39_col7.csv,0.024195194244384766
row_more_sep_row59_col2.csv,0.023730993270874023
row_more_sep_row62_col0.csv,0.023587465286254883
row_less_sep_row18_col1.csv,0.026309967041015625
row_less_sep_row61_col2.csv,0.02409195899963379
row_extra_quote37_col7.csv,0.03078770637512207
row_more_sep_row56_col8.csv,0.02484440803527832
row_more_sep_row57_col7.csv,0.023637056350708008
row_extra_quote8_col6.csv,0.030904769897460938
row_less_sep_row33_col5.csv,0.02352595329284668
row_less_sep_row31_col1.csv,0.024706125259399414
row_extra_quote25_col6.csv,0.0319061279296875
row_less_sep_row78_col1.csv,0.023659706115722656
row_more_sep_row24_col5.csv,0.02338719367980957
row_field_delimiter_41_0x20.csv,0.023775577545166016
row_less_sep_row79_col6.csv,0.02369236946105957
row_extra_quote22_col2.csv,0.03513145446777344
row_extra_quote69_col8.csv,0.02299976348876953
row_more_sep_row37_col6.csv,0.024004697799682617
row_extra_quote46_col8.csv,0.03207707405090332
row_extra_quote18_col2.csv,0.031061649322509766
row_more_sep_row11_col5.csv,0.02491903305053711
row_extra_quote70_col0.csv,0.023329973220825195
row_more_sep_row51_col2.csv,0.02395343780517578
row_less_sep_row81_col8.csv,0.023840665817260742
row_extra_quote25_col1.csv,0.031516313552856445
row_more_sep_row39_col8.csv,0.02361750602722168
row_more_sep_row46_col3.csv,0.02324986457824707
row_extra_quote47_col3.csv,0.031461238861083984
row_more_sep_row2_col2.csv,-2.4552083015441895
row_extra_quote54_col3.csv,0.027665138244628906
row_extra_quote6_col6.csv,0.030969619750976562
row_less_sep_row5_col2.csv,0.02462291717529297
row_more_sep_row39_col4.csv,0.025612831115722656
row_less_sep_row63_col1.csv,0.025394678115844727
row_extra_quote40_col1.csv,0.031035184860229492
row_extra_quote26_col3.csv,0.034294843673706055
row_more_sep_row9_col2.csv,0.023784160614013672
row_more_sep_row48_col6.csv,0.023959875106811523
row_more_sep_row74_col2.csv,0.024345874786376953
row_field_delimiter_36_0x20.csv,0.023943424224853516
row_more_sep_row31_col7.csv,0.024143695831298828
row_less_sep_row15_col6.csv,0.02385401725769043
row_extra_quote15_col1.csv,0.03180575370788574
row_more_sep_row38_col2.csv,0.024600505828857422
row_extra_quote62_col6.csv,0.024703025817871094
row_more_sep_row38_col5.csv,0.02390742301940918
row_less_sep_row65_col4.csv,0.02433609962463379
row_less_sep_row5_col8.csv,0.02396368980407715
row_more_sep_row27_col6.csv,0.02412271499633789
row_more_sep_row37_col1.csv,0.024381160736083984
row_more_sep_row76_col3.csv,0.0239565372467041
row_more_sep_row51_col3.csv,0.02385687828063965
row_extra_quote36_col4.csv,0.03104424476623535
row_more_sep_row69_col7.csv,0.02384042739868164
row_extra_quote60_col3.csv,0.024012088775634766
row_less_sep_row55_col2.csv,0.02616095542907715
row_extra_quote1_col1.csv,0.0318145751953125
row_less_sep_row37_col8.csv,0.02581954002380371
row_less_sep_row33_col3.csv,0.02448439598083496
row_less_sep_row11_col1.csv,0.02572154998779297
row_extra_quote60_col6.csv,0.024141311645507812
row_less_sep_row44_col1.csv,0.025390625
row_more_sep_row72_col3.csv,0.024143695831298828
row_extra_quote28_col3.csv,0.03150343894958496
row_field_delimiter_60_0x20.csv,0.023977279663085938
row_more_sep_row10_col2.csv,0.024489641189575195
row_field_delimiter_52_0x20.csv,0.023657560348510742
row_less_sep_row46_col5.csv,0.023897647857666016
row_more_sep_row27_col7.csv,0.02878427505493164
row_extra_quote27_col2.csv,0.03271675109863281
row_less_sep_row2_col5.csv,0.0251157283782959
row_more_sep_row34_col3.csv,0.023868560791015625
row_less_sep_row81_col2.csv,0.02461528778076172
row_more_sep_row66_col8.csv,0.023828506469726562
row_extra_quote73_col4.csv,0.02398681640625
row_more_sep_row14_col1.csv,0.024056673049926758
row_extra_quote80_col7.csv,0.02395796775817871
row_more_sep_row60_col3.csv,0.024266958236694336
row_more_sep_row29_col7.csv,0.023983001708984375
row_more_sep_row8_col0.csv,0.024320125579833984
row_more_sep_row65_col4.csv,0.02454543113708496
row_extra_quote79_col5.csv,0.028675556182861328
row_more_sep_row49_col5.csv,0.024363279342651367
row_extra_quote29_col3.csv,0.03500771522521973
row_more_sep_row83_col0.csv,0.025057315826416016
row_more_sep_row61_col6.csv,0.0247652530670166
row_extra_quote20_col8.csv,0.032750606536865234
row_less_sep_row48_col1.csv,0.023884296417236328
row_extra_quote23_col7.csv,0.03253459930419922
row_less_sep_row34_col2.csv,0.023663043975830078
row_more_sep_row23_col1.csv,0.023600339889526367
row_more_sep_row73_col4.csv,0.023848533630371094
row_extra_quote36_col3.csv,0.033647775650024414
row_more_sep_row45_col3.csv,0.023976564407348633
row_more_sep_row67_col2.csv,0.02511453628540039
row_extra_quote31_col5.csv,0.03183293342590332
row_extra_quote77_col5.csv,0.02494668960571289
row_less_sep_row62_col5.csv,0.02388763427734375
row_less_sep_row49_col8.csv,0.02442026138305664
row_more_sep_row33_col7.csv,0.02381277084350586
row_less_sep_row7_col3.csv,0.025374889373779297
row_less_sep_row75_col2.csv,0.024133682250976562
row_more_sep_row28_col7.csv,0.02579975128173828
row_more_sep_row26_col2.csv,0.02481842041015625
row_extra_quote52_col8.csv,0.029414653778076172
row_less_sep_row49_col1.csv,0.026441574096679688
row_less_sep_row44_col4.csv,0.02384185791015625
row_extra_quote72_col0.csv,0.023462533950805664
row_less_sep_row8_col7.csv,0.024353742599487305
row_extra_quote65_col1.csv,0.023879528045654297
row_extra_quote74_col0.csv,0.024750947952270508
row_more_sep_row17_col5.csv,0.02565932273864746
row_field_delimiter_43_0x20.csv,0.024783849716186523
row_more_sep_row43_col6.csv,0.024309635162353516
row_extra_quote9_col2.csv,0.030489683151245117
row_field_delimiter_47_0x20.csv,0.024023056030273438
row_more_sep_row72_col0.csv,0.024860858917236328
row_less_sep_row56_col7.csv,0.024712085723876953
row_less_sep_row8_col1.csv,0.024466753005981445
row_extra_quote15_col5.csv,0.03026556968688965
row_extra_quote67_col6.csv,0.029271602630615234
row_more_sep_row0_col2.csv,0.0257871150970459
row_extra_quote72_col5.csv,0.026363134384155273
row_extra_quote29_col1.csv,0.03345656394958496
row_extra_quote48_col6.csv,0.03197741508483887
row_more_sep_row9_col4.csv,0.02443242073059082
row_extra_quote17_col5.csv,0.032964468002319336
row_extra_quote46_col6.csv,0.03136491775512695
row_less_sep_row7_col2.csv,0.024003267288208008
row_extra_quote64_col4.csv,0.023554563522338867
row_extra_quote55_col8.csv,0.02387380599975586
row_extra_quote43_col1.csv,0.035025835037231445
row_less_sep_row4_col8.csv,0.024719953536987305
row_more_sep_row24_col0.csv,0.025319576263427734
row_extra_quote25_col8.csv,0.03268003463745117
row_less_sep_row74_col8.csv,0.024868488311767578
row_extra_quote30_col8.csv,0.0330507755279541
row_less_sep_row13_col7.csv,0.02432107925415039
row_less_sep_row80_col4.csv,0.023733854293823242
row_less_sep_row62_col1.csv,0.023996829986572266
row_less_sep_row1_col6.csv,0.024868249893188477
row_extra_quote66_col1.csv,0.025183439254760742
row_more_sep_row83_col1.csv,0.025310039520263672
row_more_sep_row0_col8.csv,0.027118682861328125
row_extra_quote40_col4.csv,0.03272676467895508
row_less_sep_row83_col3.csv,0.02526116371154785
row_extra_quote69_col4.csv,0.024689674377441406
row_extra_quote48_col1.csv,0.032750844955444336
row_more_sep_row5_col2.csv,0.024890899658203125
row_more_sep_row55_col5.csv,0.024567365646362305
row_less_sep_row1_col7.csv,0.024651288986206055
row_extra_quote75_col7.csv,0.02436661720275879
row_less_sep_row12_col6.csv,0.024148941040039062
row_less_sep_row34_col7.csv,0.024593353271484375
row_extra_quote48_col5.csv,0.036242008209228516
row_extra_quote26_col5.csv,0.0323641300201416
row_extra_quote66_col2.csv,0.024383068084716797
row_more_sep_row7_col3.csv,0.027210235595703125
row_extra_quote64_col7.csv,0.024160146713256836
row_less_sep_row64_col4.csv,0.025096654891967773
row_more_sep_row33_col4.csv,0.02606940269470215
row_less_sep_row59_col8.csv,0.02465510368347168
row_extra_quote26_col0.csv,0.03400850296020508
row_extra_quote58_col5.csv,0.024319887161254883
row_less_sep_row33_col6.csv,0.02454090118408203
row_more_sep_row52_col4.csv,0.023688077926635742
row_more_sep_row44_col0.csv,0.02429938316345215
row_extra_quote82_col8.csv,0.023763418197631836
row_extra_quote3_col7.csv,0.03207564353942871
row_field_delimiter_2_0x20.csv,0.02326226234436035
row_more_sep_row45_col6.csv,0.02412700653076172
row_extra_quote3_col0.csv,0.02932596206665039
row_less_sep_row34_col5.csv,0.024161577224731445
row_extra_quote65_col8.csv,0.023426532745361328
row_more_sep_row53_col4.csv,0.02443671226501465
row_less_sep_row72_col5.csv,0.02518463134765625
file_record_delimiter_0xD.csv,0.02338099479675293
row_less_sep_row9_col2.csv,0.025144577026367188
row_extra_quote52_col6.csv,0.027961015701293945
row_less_sep_row9_col7.csv,0.023872852325439453
row_extra_quote75_col1.csv,0.024051189422607422
row_less_sep_row66_col3.csv,0.027386188507080078
row_extra_quote51_col5.csv,0.02802252769470215
row_extra_quote30_col2.csv,0.031612396240234375
row_more_sep_row45_col1.csv,0.02416253089904785
row_extra_quote4_col7.csv,0.03173375129699707
row_less_sep_row68_col8.csv,0.024778366088867188
row_more_sep_row75_col3.csv,0.025237321853637695
row_more_sep_row59_col6.csv,0.0247802734375
row_extra_quote30_col6.csv,0.031755924224853516
row_extra_quote11_col3.csv,0.030502796173095703
row_more_sep_row43_col4.csv,0.023986339569091797
row_more_sep_row73_col7.csv,0.02717113494873047
row_less_sep_row61_col5.csv,0.024108409881591797
row_less_sep_row72_col7.csv,0.02442169189453125
row_less_sep_row8_col4.csv,0.025883913040161133
row_more_sep_row43_col0.csv,0.02498912811279297
row_extra_quote55_col5.csv,0.02582383155822754
row_extra_quote40_col3.csv,0.0330045223236084
row_extra_quote61_col0.csv,0.025543689727783203
row_less_sep_row41_col5.csv,0.024575471878051758
row_less_sep_row62_col6.csv,0.025642871856689453
row_more_sep_row41_col8.csv,0.025434255599975586
row_less_sep_row1_col4.csv,0.024094343185424805
row_extra_quote74_col1.csv,0.024695873260498047
row_extra_quote78_col0.csv,0.02417898178100586
row_extra_quote78_col6.csv,0.024791717529296875
row_more_sep_row70_col2.csv,0.029089689254760742
row_more_sep_row23_col5.csv,0.02481698989868164
row_more_sep_row71_col3.csv,0.024161815643310547
row_less_sep_row74_col5.csv,0.02587127685546875
row_more_sep_row30_col3.csv,0.024595975875854492
row_field_delimiter_46_0x20.csv,0.02447199821472168
row_extra_quote37_col8.csv,0.0341644287109375
row_more_sep_row59_col5.csv,0.025060415267944336
row_extra_quote38_col1.csv,0.032268524169921875
row_less_sep_row43_col2.csv,0.02462172508239746
row_more_sep_row41_col6.csv,0.02435302734375
row_less_sep_row64_col7.csv,0.024420499801635742
row_less_sep_row18_col3.csv,0.02413463592529297
row_more_sep_row63_col7.csv,0.02410578727722168
row_extra_quote4_col1.csv,0.029734134674072266
row_less_sep_row67_col1.csv,0.02893352508544922
row_more_sep_row60_col2.csv,0.02363300323486328
row_more_sep_row77_col5.csv,0.025848388671875
row_more_sep_row29_col5.csv,0.02376580238342285
row_extra_quote2_col3.csv,0.030184268951416016
row_extra_quote78_col5.csv,0.02511286735534668
row_less_sep_row64_col5.csv,0.024339914321899414
row_extra_quote60_col7.csv,0.024243593215942383
row_less_sep_row73_col6.csv,0.024518728256225586
row_less_sep_row79_col5.csv,0.024555206298828125
row_extra_quote45_col2.csv,0.03222990036010742
row_more_sep_row33_col8.csv,0.02959895133972168
row_less_sep_row35_col2.csv,0.024922609329223633
row_more_sep_row35_col3.csv,0.024353742599487305
row_more_sep_row76_col6.csv,0.025120019912719727
row_less_sep_row41_col8.csv,0.023859024047851562
row_extra_quote67_col4.csv,0.023834705352783203
row_extra_quote62_col0.csv,0.024977445602416992
row_more_sep_row10_col1.csv,0.02401566505432129
row_extra_quote30_col4.csv,0.031784772872924805
row_less_sep_row24_col5.csv,0.02459430694580078
row_less_sep_row68_col1.csv,0.02471470832824707
row_more_sep_row0_col1.csv,0.024400949478149414
row_more_sep_row31_col0.csv,0.02481985092163086
row_less_sep_row51_col2.csv,0.0234525203704834
row_more_sep_row56_col6.csv,0.023251771926879883
row_more_sep_row39_col2.csv,0.023903846740722656
row_less_sep_row19_col6.csv,0.027331829071044922
row_less_sep_row12_col1.csv,0.024417400360107422
row_extra_quote42_col3.csv,0.03554248809814453
row_more_sep_row79_col3.csv,0.024720191955566406
row_extra_quote59_col7.csv,0.02671051025390625
row_more_sep_row36_col5.csv,0.024190902709960938
row_extra_quote57_col5.csv,0.023952245712280273
row_less_sep_row41_col7.csv,0.02482771873474121
row_more_sep_row29_col4.csv,0.024041414260864258
row_extra_quote67_col1.csv,0.023929595947265625
row_extra_quote48_col0.csv,0.030550479888916016
row_extra_quote7_col7.csv,0.030739784240722656
row_extra_quote72_col7.csv,0.023243427276611328
row_more_sep_row16_col4.csv,0.027485132217407227
row_extra_quote59_col2.csv,0.023900985717773438
row_field_delimiter_81_0x20.csv,0.024447917938232422
row_less_sep_row71_col8.csv,0.023368120193481445
row_more_sep_row23_col7.csv,0.023766279220581055
row_less_sep_row63_col5.csv,0.02403855323791504
row_less_sep_row52_col5.csv,0.023621320724487305
row_more_sep_row19_col6.csv,0.023772239685058594
row_extra_quote36_col2.csv,0.030257463455200195
row_extra_quote33_col4.csv,0.03186368942260742
row_more_sep_row12_col2.csv,0.02359628677368164
row_more_sep_row68_col1.csv,0.026102781295776367
row_more_sep_row27_col1.csv,0.02352428436279297
row_more_sep_row44_col1.csv,0.026370525360107422
row_less_sep_row13_col8.csv,0.024677753448486328
row_extra_quote62_col2.csv,0.023038864135742188
row_extra_quote20_col3.csv,0.03209280967712402
row_more_sep_row51_col4.csv,0.023545503616333008
row_extra_quote14_col6.csv,0.029574871063232422
row_more_sep_row4_col4.csv,0.023882627487182617
row_extra_quote3_col3.csv,0.029021263122558594
row_extra_quote38_col7.csv,0.030750513076782227
row_less_sep_row40_col8.csv,0.02341008186340332
row_less_sep_row77_col2.csv,0.024138927459716797
row_more_sep_row20_col1.csv,0.025928020477294922
row_less_sep_row44_col5.csv,0.023517608642578125
row_extra_quote76_col0.csv,0.023517608642578125
row_less_sep_row70_col4.csv,0.02475714683532715
row_more_sep_row20_col0.csv,0.023700952529907227
row_less_sep_row76_col7.csv,0.025086164474487305
row_less_sep_row6_col4.csv,0.02469944953918457
row_extra_quote83_col8.csv,0.02392745018005371
row_extra_quote57_col3.csv,0.023374557495117188
row_less_sep_row14_col2.csv,0.025232553482055664
row_extra_quote6_col4.csv,0.030414342880249023
row_less_sep_row6_col2.csv,0.024071931838989258
row_extra_quote70_col5.csv,0.0243222713470459
row_more_sep_row3_col7.csv,0.02382826805114746
row_field_delimiter_0_0x20.csv,0.02347850799560547
row_field_delimiter_9_0x20.csv,0.02838897705078125
row_more_sep_row6_col3.csv,0.023614883422851562
row_less_sep_row63_col4.csv,0.023632287979125977
row_extra_quote23_col8.csv,0.033904314041137695
row_more_sep_row0_col4.csv,0.023654937744140625
file_no_trailing_newline.csv,0.024367570877075195
row_extra_quote24_col6.csv,0.03232169151306152
row_extra_quote64_col6.csv,0.023279666900634766
row_field_delimiter_77_0x20.csv,0.023728609085083008
row_extra_quote57_col1.csv,0.02356243133544922
row_extra_quote29_col0.csv,0.03133678436279297
row_extra_quote34_col7.csv,0.030164480209350586
row_extra_quote43_col4.csv,0.03259992599487305
row_more_sep_row24_col7.csv,0.023599624633789062
row_extra_quote65_col4.csv,0.024471759796142578
row_less_sep_row66_col7.csv,0.02394723892211914
row_more_sep_row46_col0.csv,0.02416229248046875
row_extra_quote48_col8.csv,0.03288125991821289
row_less_sep_row8_col2.csv,0.023559093475341797
row_more_sep_row35_col2.csv,0.023392438888549805
row_extra_quote71_col7.csv,0.02335953712463379
row_extra_quote24_col0.csv,0.03152012825012207
row_less_sep_row27_col1.csv,0.023397445678710938
row_less_sep_row72_col2.csv,0.026005029678344727
row_less_sep_row2_col1.csv,0.023705720901489258
row_less_sep_row23_col1.csv,0.023755311965942383
row_less_sep_row19_col5.csv,0.024638891220092773
row_more_sep_row36_col6.csv,0.023859500885009766
row_extra_quote59_col0.csv,0.024547338485717773
row_extra_quote81_col2.csv,0.023534536361694336
row_less_sep_row47_col6.csv,0.024154186248779297
row_less_sep_row26_col4.csv,0.023639202117919922
row_less_sep_row0_col6.csv,0.025716781616210938
row_extra_quote9_col8.csv,0.030242919921875
row_extra_quote59_col4.csv,0.023851871490478516
row_more_sep_row47_col3.csv,0.0244290828704834
row_more_sep_row42_col5.csv,0.024329185485839844
row_extra_quote74_col7.csv,0.023479938507080078
row_extra_quote51_col8.csv,0.03022170066833496
row_more_sep_row49_col7.csv,0.02337026596069336
row_more_sep_row22_col4.csv,0.02380204200744629
row_more_sep_row7_col8.csv,0.025029897689819336
row_less_sep_row59_col1.csv,0.023648738861083984
row_more_sep_row77_col0.csv,0.025031566619873047
row_more_sep_row59_col0.csv,0.02367377281188965
row_more_sep_row15_col6.csv,0.02451801300048828
row_less_sep_row3_col6.csv,0.02402520179748535
row_more_sep_row54_col5.csv,0.024473190307617188
row_more_sep_row34_col5.csv,0.02491927146911621
row_extra_quote56_col5.csv,0.023559093475341797
row_more_sep_row10_col4.csv,0.02389979362487793
row_extra_quote48_col4.csv,0.031874895095825195
row_more_sep_row2_col5.csv,0.023848772048950195
row_less_sep_row53_col5.csv,0.026341915130615234
row_more_sep_row9_col3.csv,0.023923873901367188
row_less_sep_row13_col4.csv,0.02437448501586914
row_more_sep_row71_col6.csv,0.024628639221191406
row_less_sep_row83_col5.csv,0.02362227439880371
row_extra_quote64_col2.csv,0.024112462997436523
row_less_sep_row53_col2.csv,0.023576736450195312
row_extra_quote26_col8.csv,0.033141374588012695
row_less_sep_row64_col1.csv,0.02487778663635254
row_extra_quote72_col8.csv,0.024312973022460938
row_extra_quote43_col0.csv,0.03163433074951172
row_extra_quote14_col1.csv,0.03059697151184082
row_more_sep_row75_col1.csv,0.024335861206054688
row_less_sep_row46_col7.csv,0.026844263076782227
row_field_delimiter_66_0x20.csv,0.023729324340820312
row_extra_quote17_col2.csv,0.03282928466796875
row_more_sep_row66_col6.csv,0.023538589477539062
row_extra_quote14_col5.csv,0.030350208282470703
row_more_sep_row61_col7.csv,0.023478269577026367
row_extra_quote3_col2.csv,0.028982877731323242
row_more_sep_row68_col0.csv,0.02312183380126953
row_less_sep_row53_col7.csv,0.023427248001098633
row_more_sep_row42_col7.csv,0.02398848533630371
row_more_sep_row2_col6.csv,0.023457765579223633
row_less_sep_row16_col4.csv,0.023555994033813477
row_extra_quote13_col4.csv,0.030988216400146484
row_less_sep_row19_col8.csv,0.024878501892089844
row_less_sep_row52_col2.csv,0.02410101890563965
row_extra_quote2_col4.csv,0.03038167953491211
row_less_sep_row57_col8.csv,0.023658275604248047
row_field_delimiter_11_0x20.csv,0.023989439010620117
row_less_sep_row38_col8.csv,0.02584528923034668
file_multitable_same.csv,0.03809642791748047
row_extra_quote50_col2.csv,0.028149127960205078
file_one_data_row.csv,0.0016019344329833984
row_less_sep_row55_col3.csv,0.0241546630859375
row_more_sep_row22_col2.csv,0.025877714157104492
row_more_sep_row66_col3.csv,0.02391219139099121
row_more_sep_row45_col7.csv,0.024445533752441406
row_less_sep_row44_col7.csv,0.024585723876953125
row_more_sep_row55_col3.csv,0.02381610870361328
row_more_sep_row14_col2.csv,0.02460479736328125
row_extra_quote29_col6.csv,0.030739307403564453
row_more_sep_row61_col3.csv,0.024548768997192383
row_more_sep_row80_col4.csv,0.023555278778076172
row_extra_quote18_col8.csv,0.03220939636230469
row_more_sep_row69_col5.csv,0.023702144622802734
row_extra_quote33_col6.csv,0.03179931640625
row_extra_quote4_col8.csv,0.029624462127685547
row_less_sep_row14_col8.csv,0.023537874221801758
row_extra_quote61_col6.csv,0.027077674865722656
row_extra_quote25_col5.csv,0.03318309783935547
row_less_sep_row9_col1.csv,0.023833036422729492
row_extra_quote2_col5.csv,0.03159832954406738
row_less_sep_row9_col4.csv,0.02415180206298828
row_less_sep_row52_col3.csv,0.02491021156311035
row_extra_quote82_col2.csv,0.024519681930541992
row_more_sep_row32_col2.csv,0.02454662322998047
row_more_sep_row13_col5.csv,0.024017333984375
row_more_sep_row45_col2.csv,0.02375173568725586
row_more_sep_row64_col4.csv,0.02378368377685547
row_more_sep_row47_col6.csv,0.02339029312133789
row_less_sep_row51_col8.csv,0.02342677116394043
row_more_sep_row82_col6.csv,0.024321794509887695
row_less_sep_row51_col1.csv,0.026652812957763672
row_more_sep_row9_col0.csv,0.023868083953857422
row_extra_quote65_col0.csv,0.0236814022064209
row_less_sep_row47_col5.csv,0.024895429611206055
row_field_delimiter_25_0x20.csv,0.025838851928710938
row_less_sep_row27_col7.csv,0.024283885955810547
file_multitable_less.csv,0.036512136459350586
row_more_sep_row11_col7.csv,0.024049043655395508
row_more_sep_row64_col8.csv,0.02335524559020996
row_more_sep_row11_col3.csv,0.02402329444885254
row_more_sep_row62_col1.csv,0.02406454086303711
row_extra_quote15_col7.csv,0.02909088134765625
row_more_sep_row68_col7.csv,0.02417278289794922
row_more_sep_row66_col1.csv,0.023364543914794922
row_less_sep_row65_col1.csv,0.02344059944152832
row_more_sep_row51_col7.csv,0.02705550193786621
row_extra_quote6_col1.csv,0.029788494110107422
row_extra_quote49_col6.csv,0.031087398529052734
row_more_sep_row81_col7.csv,0.024261474609375
row_more_sep_row0_col6.csv,0.023830413818359375
row_less_sep_row68_col6.csv,0.023584604263305664
row_less_sep_row74_col6.csv,0.024353504180908203
row_more_sep_row14_col4.csv,0.02367091178894043
row_extra_quote42_col1.csv,0.03284406661987305
row_extra_quote10_col8.csv,0.030475139617919922
row_extra_quote11_col0.csv,0.030153989791870117
row_more_sep_row35_col1.csv,0.02431654930114746
row_less_sep_row32_col5.csv,0.027482271194458008
row_more_sep_row73_col3.csv,0.024241209030151367
row_extra_quote43_col8.csv,0.03195953369140625
row_more_sep_row21_col3.csv,0.02434539794921875
row_extra_quote78_col3.csv,0.024828433990478516
row_less_sep_row32_col3.csv,0.023952960968017578
row_less_sep_row66_col6.csv,0.024184703826904297
row_less_sep_row0_col2.csv,0.024719715118408203
row_more_sep_row49_col3.csv,0.02346038818359375
row_extra_quote43_col6.csv,0.030331850051879883
row_less_sep_row43_col7.csv,0.023595333099365234
row_extra_quote26_col7.csv,0.03167533874511719
row_field_delimiter_26_0x20.csv,0.026943683624267578
row_more_sep_row46_col8.csv,0.02360701560974121
row_extra_quote52_col1.csv,0.027582168579101562
row_more_sep_row75_col6.csv,0.024341344833374023
row_less_sep_row56_col5.csv,0.0240936279296875
row_extra_quote2_col8.csv,0.03094625473022461
row_extra_quote8_col5.csv,0.030792713165283203
row_more_sep_row70_col8.csv,0.024543285369873047
row_more_sep_row43_col1.csv,0.02473163604736328
row_more_sep_row24_col4.csv,0.024517059326171875
row_extra_quote56_col0.csv,0.023644208908081055
row_more_sep_row41_col7.csv,0.026253700256347656
row_more_sep_row22_col8.csv,0.023413896560668945
row_extra_quote73_col5.csv,0.024021387100219727
row_more_sep_row71_col5.csv,0.027514934539794922
row_more_sep_row32_col3.csv,0.023574113845825195
row_extra_quote63_col6.csv,0.023647069931030273
row_less_sep_row8_col3.csv,0.02538156509399414
row_more_sep_row16_col2.csv,0.024187564849853516
row_more_sep_row75_col5.csv,0.024691343307495117
row_more_sep_row1_col3.csv,0.023663997650146484
row_less_sep_row80_col8.csv,0.02425694465637207
row_more_sep_row29_col3.csv,0.023520231246948242
row_less_sep_row11_col5.csv,0.02598118782043457
row_field_delimiter_49_0x20.csv,0.023815631866455078
row_extra_quote39_col8.csv,0.030731201171875
row_less_sep_row57_col3.csv,0.023383140563964844
row_less_sep_row7_col5.csv,0.023746013641357422
row_less_sep_row82_col3.csv,0.023633718490600586
row_extra_quote0_col2.csv,0.031748294830322266
row_less_sep_row11_col8.csv,0.023610591888427734
row_less_sep_row58_col8.csv,0.024510860443115234
row_more_sep_row11_col8.csv,0.024643659591674805
row_more_sep_row23_col3.csv,0.024030447006225586
row_less_sep_row32_col2.csv,0.0236208438873291
row_less_sep_row22_col8.csv,0.024115800857543945
row_less_sep_row42_col1.csv,0.02517557144165039
row_more_sep_row70_col1.csv,0.023787975311279297
row_less_sep_row5_col3.csv,0.0237882137298584
row_extra_quote18_col5.csv,0.03312182426452637
row_less_sep_row64_col3.csv,0.023411989212036133
row_field_delimiter_39_0x20.csv,0.023249149322509766
row_extra_quote38_col2.csv,0.034719228744506836
row_less_sep_row15_col3.csv,0.02381157875061035
row_extra_quote21_col8.csv,0.032407522201538086
row_less_sep_row54_col7.csv,0.024193286895751953
row_extra_quote52_col2.csv,0.027028799057006836
row_less_sep_row79_col4.csv,0.023787736892700195
row_more_sep_row58_col7.csv,0.023604154586791992
row_extra_quote63_col7.csv,0.02392721176147461
row_extra_quote63_col2.csv,0.0234372615814209
row_less_sep_row20_col7.csv,0.024288415908813477
row_extra_quote33_col0.csv,0.03246140480041504
row_more_sep_row33_col0.csv,0.023246288299560547
row_extra_quote26_col6.csv,0.03277087211608887
row_less_sep_row45_col6.csv,0.02323293685913086
row_more_sep_row55_col8.csv,0.02356743812561035
row_less_sep_row26_col2.csv,0.02369213104248047
row_more_sep_row58_col3.csv,0.02390742301940918
row_more_sep_row72_col8.csv,0.023453474044799805
row_extra_quote82_col5.csv,0.02355504035949707
row_more_sep_row45_col0.csv,0.023664236068725586
row_extra_quote37_col1.csv,0.03047347068786621
row_more_sep_row16_col6.csv,0.026664257049560547
row_more_sep_row63_col5.csv,0.024732351303100586
row_extra_quote54_col5.csv,0.028591156005859375
row_more_sep_row2_col8.csv,0.025765180587768555
row_extra_quote58_col6.csv,0.023951053619384766
row_less_sep_row16_col8.csv,0.024135828018188477
row_less_sep_row64_col6.csv,0.025090932846069336
row_less_sep_row36_col5.csv,0.023814916610717773
row_less_sep_row29_col6.csv,0.02450108528137207
row_more_sep_row0_col0.csv,0.02403855323791504
row_less_sep_row59_col4.csv,0.0252530574798584
row_less_sep_row14_col6.csv,0.023957252502441406
row_more_sep_row16_col7.csv,0.02573704719543457
row_less_sep_row60_col4.csv,0.02393317222595215
row_less_sep_row8_col8.csv,0.023684978485107422
row_less_sep_row5_col4.csv,0.02406001091003418
row_more_sep_row73_col5.csv,0.023877620697021484
row_extra_quote10_col2.csv,0.03353404998779297
row_extra_quote67_col8.csv,0.024779081344604492
row_extra_quote79_col4.csv,0.024048328399658203
row_less_sep_row71_col3.csv,0.025421619415283203
row_extra_quote32_col0.csv,0.03164958953857422
row_extra_quote39_col1.csv,0.03209400177001953
row_extra_quote31_col4.csv,0.03152060508728027
row_more_sep_row54_col4.csv,0.02379631996154785
row_extra_quote77_col2.csv,0.023864030838012695
row_more_sep_row58_col5.csv,0.023995399475097656
row_more_sep_row46_col1.csv,0.023711442947387695
row_less_sep_row69_col7.csv,0.02371358871459961
row_less_sep_row25_col5.csv,0.023862361907958984
row_less_sep_row7_col7.csv,0.027543306350708008
row_extra_quote52_col5.csv,0.026680707931518555
file_no_header.csv,0.024348974227905273
row_more_sep_row80_col2.csv,0.023767471313476562
row_less_sep_row72_col6.csv,0.024881839752197266
row_extra_quote17_col6.csv,0.03270459175109863
row_extra_quote65_col2.csv,0.023691654205322266
row_field_delimiter_12_0x20.csv,0.023805856704711914
row_more_sep_row77_col8.csv,0.024155855178833008
row_less_sep_row55_col4.csv,0.024188518524169922
row_extra_quote28_col8.csv,0.032366275787353516
row_less_sep_row71_col5.csv,0.027695894241333008
row_extra_quote32_col6.csv,0.03438138961791992
row_extra_quote12_col6.csv,0.0320587158203125
row_less_sep_row17_col5.csv,0.02486109733581543
row_less_sep_row74_col4.csv,0.02584052085876465
row_more_sep_row12_col6.csv,0.024689912796020508
row_more_sep_row30_col8.csv,0.024974346160888672
row_less_sep_row75_col1.csv,0.02458667755126953
row_extra_quote9_col1.csv,0.030847549438476562
row_extra_quote8_col8.csv,0.03214406967163086
row_more_sep_row40_col4.csv,0.024552106857299805
row_less_sep_row10_col4.csv,0.025173664093017578
row_extra_quote45_col4.csv,0.03363943099975586
row_more_sep_row27_col2.csv,0.027779340744018555
row_less_sep_row45_col4.csv,0.025369644165039062
row_extra_quote34_col1.csv,0.03189849853515625
row_less_sep_row66_col8.csv,0.024827003479003906
row_more_sep_row79_col4.csv,0.023965835571289062
row_more_sep_row27_col0.csv,0.02371072769165039
row_less_sep_row13_col1.csv,0.02539849281311035
row_less_sep_row0_col5.csv,0.02547621726989746
row_less_sep_row47_col7.csv,0.025257349014282227
row_more_sep_row1_col7.csv,0.02449202537536621
row_field_delimiter_13_0x20.csv,0.025359630584716797
row_less_sep_row10_col6.csv,0.025133609771728516
row_field_delimiter_20_0x20.csv,0.024672508239746094
row_more_sep_row61_col2.csv,0.024280309677124023
row_less_sep_row11_col7.csv,0.025005102157592773
row_less_sep_row21_col6.csv,0.027150630950927734
row_more_sep_row21_col1.csv,0.02786707878112793
row_less_sep_row3_col3.csv,0.024664640426635742
row_extra_quote70_col6.csv,0.02446293830871582
row_more_sep_row13_col8.csv,0.025832176208496094
row_more_sep_row39_col3.csv,0.024352312088012695
row_less_sep_row46_col1.csv,0.024110794067382812
row_less_sep_row27_col5.csv,0.02713155746459961
row_more_sep_row55_col0.csv,0.02485346794128418
row_extra_quote24_col5.csv,0.03479433059692383
row_extra_quote49_col4.csv,0.03295397758483887
row_extra_quote70_col1.csv,0.02496647834777832
row_extra_quote26_col1.csv,0.03312945365905762
row_less_sep_row80_col7.csv,0.024275541305541992
row_more_sep_row46_col5.csv,0.02406930923461914
row_less_sep_row77_col8.csv,0.02361893653869629
row_more_sep_row17_col3.csv,0.027148008346557617
row_extra_quote37_col4.csv,0.031069517135620117
row_more_sep_row80_col3.csv,0.024627208709716797
row_less_sep_row47_col1.csv,0.023773670196533203
row_extra_quote4_col2.csv,0.030623435974121094
row_less_sep_row24_col2.csv,0.026261091232299805
row_more_sep_row63_col6.csv,0.024411916732788086
row_extra_quote1_col8.csv,0.03153800964355469
row_less_sep_row40_col3.csv,0.026100635528564453
row_less_sep_row52_col8.csv,0.024720430374145508
row_less_sep_row38_col6.csv,0.025386810302734375
row_extra_quote45_col1.csv,0.03412652015686035
row_more_sep_row58_col2.csv,0.024289608001708984
row_less_sep_row48_col8.csv,0.024994850158691406
row_more_sep_row40_col5.csv,0.025876998901367188
row_extra_quote48_col7.csv,0.03164100646972656
row_more_sep_row18_col2.csv,0.02501964569091797
row_more_sep_row53_col1.csv,0.024916887283325195
row_more_sep_row20_col4.csv,0.02542853355407715
row_more_sep_row40_col3.csv,0.02410578727722168
row_extra_quote5_col4.csv,0.030631303787231445
row_extra_quote70_col4.csv,0.02409648895263672
row_less_sep_row48_col3.csv,0.02396082878112793
row_extra_quote24_col8.csv,0.03205609321594238
row_more_sep_row37_col8.csv,0.02557992935180664
row_more_sep_row64_col3.csv,0.023852109909057617
row_less_sep_row3_col4.csv,0.026408672332763672
row_more_sep_row65_col7.csv,0.024526357650756836
row_more_sep_row42_col3.csv,0.02543497085571289
row_extra_quote14_col8.csv,0.031242847442626953
row_less_sep_row45_col3.csv,0.02400064468383789
row_extra_quote43_col2.csv,0.03155040740966797
row_less_sep_row67_col3.csv,0.023752689361572266
row_more_sep_row69_col4.csv,0.02391648292541504
row_less_sep_row66_col5.csv,0.02417612075805664
row_more_sep_row67_col0.csv,0.0251162052154541
row_extra_quote81_col8.csv,0.024384737014770508
row_less_sep_row32_col6.csv,0.023951292037963867
row_less_sep_row28_col1.csv,0.02669525146484375
row_more_sep_row65_col0.csv,0.023250341415405273
row_extra_quote28_col4.csv,0.03258657455444336
row_more_sep_row53_col2.csv,0.023525714874267578
row_extra_quote67_col3.csv,0.02399611473083496
row_extra_quote20_col4.csv,0.0329899787902832
row_more_sep_row48_col3.csv,0.02506113052368164
row_less_sep_row45_col8.csv,0.023573875427246094
row_less_sep_row62_col4.csv,0.023451805114746094
row_less_sep_row20_col4.csv,0.023502349853515625
row_less_sep_row41_col1.csv,0.023445844650268555
row_less_sep_row57_col4.csv,0.026175260543823242
row_more_sep_row51_col8.csv,0.02339959144592285
row_less_sep_row37_col1.csv,0.023261070251464844
row_more_sep_row6_col2.csv,0.02731466293334961
row_more_sep_row26_col6.csv,0.02808237075805664
row_less_sep_row27_col3.csv,0.02555084228515625
row_extra_quote1_col7.csv,0.03494429588317871
row_extra_quote40_col7.csv,0.059554100036621094
row_more_sep_row71_col1.csv,0.03617143630981445
row_extra_quote80_col4.csv,0.029237031936645508
row_extra_quote51_col6.csv,0.030035972595214844
row_extra_quote43_col3.csv,0.034262657165527344
row_more_sep_row2_col1.csv,0.02597332000732422
row_extra_quote53_col5.csv,0.0375673770904541
row_less_sep_row63_col2.csv,0.02931809425354004
row_extra_quote18_col3.csv,0.05757474899291992
row_less_sep_row0_col4.csv,0.0453794002532959
row_less_sep_row13_col3.csv,0.03989291191101074
row_more_sep_row27_col8.csv,0.036058664321899414
row_extra_quote65_col6.csv,0.030261516571044922
row_less_sep_row75_col8.csv,0.03952431678771973
row_more_sep_row25_col0.csv,0.03533935546875
row_less_sep_row37_col4.csv,0.0356905460357666
row_extra_quote68_col1.csv,0.0280606746673584
row_less_sep_row35_col7.csv,0.03129410743713379
row_more_sep_row46_col6.csv,0.03436470031738281
row_extra_quote57_col8.csv,0.027034282684326172
row_more_sep_row44_col5.csv,0.03108954429626465
row_extra_quote5_col3.csv,0.03907132148742676
file_field_delimiter_0x20.csv,0.05818343162536621
row_more_sep_row39_col6.csv,0.02733898162841797
row_extra_quote7_col3.csv,0.04103398323059082
row_less_sep_row23_col5.csv,0.030376195907592773
row_more_sep_row36_col1.csv,0.029169559478759766
row_less_sep_row77_col3.csv,0.027583599090576172
row_field_delimiter_17_0x20.csv,0.029935359954833984
row_less_sep_row47_col4.csv,0.026188135147094727
row_less_sep_row43_col1.csv,0.03345489501953125
row_more_sep_row64_col0.csv,0.028940439224243164
row_extra_quote58_col0.csv,0.030877113342285156
row_less_sep_row29_col4.csv,0.027620792388916016
row_more_sep_row82_col1.csv,0.027060747146606445
row_less_sep_row76_col2.csv,0.029454946517944336
row_less_sep_row64_col8.csv,0.029128313064575195
row_less_sep_row22_col6.csv,0.038069963455200195
row_extra_quote80_col8.csv,0.037039995193481445
row_extra_quote9_col0.csv,0.04347038269042969
row_less_sep_row22_col7.csv,0.029675722122192383
row_more_sep_row35_col4.csv,0.02708745002746582
row_more_sep_row69_col0.csv,0.0272216796875
row_more_sep_row54_col0.csv,0.03317403793334961
row_more_sep_row64_col6.csv,0.027997255325317383
row_field_delimiter_15_0x20.csv,0.035532236099243164
row_more_sep_row68_col4.csv,0.024534940719604492
row_less_sep_row63_col6.csv,0.02612924575805664
row_extra_quote39_col0.csv,0.0326995849609375
row_more_sep_row77_col3.csv,0.024934053421020508
row_extra_quote39_col2.csv,0.034575462341308594
row_less_sep_row26_col6.csv,0.03142237663269043
row_more_sep_row19_col2.csv,0.04425215721130371
row_more_sep_row65_col6.csv,0.0355379581451416
row_more_sep_row72_col7.csv,0.03769659996032715
row_less_sep_row80_col3.csv,0.029670000076293945
