filename,custom_time_0
file_double_trailing_newline.csv,0.0012292861938476562
file_escape_char_0x00.csv,0.0012998580932617188
file_escape_char_0x5C.csv,0.001132965087890625
file_field_delimiter_0x20.csv,0.0015747547149658203
file_field_delimiter_0x2C_0x20.csv,0.001984834671020508
file_field_delimiter_0x3B.csv,0.0008528232574462891
file_field_delimiter_0x9.csv,0.001070261001586914
file_header_multirow_2.csv,0.0015540122985839844
file_header_multirow_3.csv,0.0011339187622070312
file_header_only.csv,0.0007727146148681641
file_multitable_less.csv,0.0015034675598144531
file_multitable_more.csv,0.002152681350708008
file_multitable_same.csv,0.001489877700805664
file_no_header.csv,0.0015187263488769531
file_no_payload.csv,0.0002880096435546875
file_no_trailing_newline.csv,0.0015964508056640625
file_one_data_row.csv,0.0010766983032226562
file_preamble.csv,0.0010967254638671875
file_quotation_char_0x27.csv,0.0009613037109375
file_record_delimiter_0xA.csv,0.001116037368774414
file_record_delimiter_0xD.csv,0.0014035701751708984
row_extra_quote0_col0.csv,0.0013484954833984375
row_extra_quote0_col1.csv,0.0011327266693115234
row_extra_quote0_col2.csv,0.0007386207580566406
row_extra_quote0_col3.csv,0.0008900165557861328
row_extra_quote0_col4.csv,0.0013320446014404297
row_extra_quote0_col5.csv,0.0008456707000732422
row_extra_quote0_col6.csv,0.0010559558868408203
row_extra_quote0_col7.csv,0.0011417865753173828
row_extra_quote0_col8.csv,0.0009393692016601562
row_extra_quote10_col0.csv,0.0009660720825195312
row_extra_quote10_col1.csv,0.0014498233795166016
row_extra_quote10_col2.csv,0.0011782646179199219
row_extra_quote10_col3.csv,0.0017824172973632812
row_extra_quote10_col4.csv,0.001291513442993164
row_extra_quote10_col5.csv,0.0013265609741210938
row_extra_quote10_col6.csv,0.0013070106506347656
row_extra_quote10_col7.csv,0.0011906623840332031
row_extra_quote10_col8.csv,0.0012221336364746094
row_extra_quote11_col0.csv,0.0013110637664794922
row_extra_quote11_col1.csv,0.001047372817993164
row_extra_quote11_col2.csv,0.0015094280242919922
row_extra_quote11_col3.csv,0.0012385845184326172
row_extra_quote11_col4.csv,0.0011703968048095703
row_extra_quote11_col5.csv,0.0011088848114013672
row_extra_quote11_col6.csv,0.001402139663696289
row_extra_quote11_col7.csv,0.0017957687377929688
row_extra_quote11_col8.csv,0.001069784164428711
row_extra_quote12_col0.csv,0.001134634017944336
row_extra_quote12_col1.csv,0.0012059211730957031
row_extra_quote12_col2.csv,0.0012466907501220703
row_extra_quote12_col3.csv,0.0016002655029296875
row_extra_quote12_col4.csv,0.0011019706726074219
row_extra_quote12_col5.csv,0.0012519359588623047
row_extra_quote12_col6.csv,0.0010492801666259766
row_extra_quote12_col7.csv,0.0015010833740234375
row_extra_quote12_col8.csv,0.0012471675872802734
row_extra_quote13_col0.csv,0.0011560916900634766
row_extra_quote13_col1.csv,0.0012180805206298828
row_extra_quote13_col2.csv,0.0012209415435791016
row_extra_quote13_col3.csv,0.0012753009796142578
row_extra_quote13_col4.csv,0.0012035369873046875
row_extra_quote13_col5.csv,0.0010943412780761719
row_extra_quote13_col6.csv,0.0012292861938476562
row_extra_quote13_col7.csv,0.0010700225830078125
row_extra_quote13_col8.csv,0.0010025501251220703
row_extra_quote14_col0.csv,0.0015759468078613281
row_extra_quote14_col1.csv,0.0017261505126953125
row_extra_quote14_col2.csv,0.0014023780822753906
row_extra_quote14_col3.csv,0.0013833045959472656
row_extra_quote14_col4.csv,0.0011534690856933594
row_extra_quote14_col5.csv,0.0013875961303710938
row_extra_quote14_col6.csv,0.0015859603881835938
row_extra_quote14_col7.csv,0.0015032291412353516
row_extra_quote14_col8.csv,0.0009615421295166016
row_extra_quote15_col0.csv,0.0011899471282958984
row_extra_quote15_col1.csv,0.001171112060546875
row_extra_quote15_col2.csv,0.0011589527130126953
row_extra_quote15_col3.csv,0.0021016597747802734
row_extra_quote15_col4.csv,0.0010323524475097656
row_extra_quote15_col5.csv,0.0017116069793701172
row_extra_quote15_col6.csv,0.0012052059173583984
row_extra_quote15_col7.csv,0.0011794567108154297
row_extra_quote15_col8.csv,0.0017132759094238281
row_extra_quote16_col0.csv,0.0011737346649169922
row_extra_quote16_col1.csv,0.0013310909271240234
row_extra_quote16_col2.csv,0.0012335777282714844
row_extra_quote16_col3.csv,0.0011234283447265625
row_extra_quote16_col4.csv,0.0011401176452636719
row_extra_quote16_col5.csv,0.0011682510375976562
row_extra_quote16_col6.csv,0.0011925697326660156
row_extra_quote16_col7.csv,0.0014481544494628906
row_extra_quote16_col8.csv,0.0010097026824951172
row_extra_quote17_col0.csv,0.0010612010955810547
row_extra_quote17_col1.csv,0.0012319087982177734
row_extra_quote17_col2.csv,0.0013027191162109375
row_extra_quote17_col3.csv,0.001325845718383789
row_extra_quote17_col4.csv,0.0010232925415039062
row_extra_quote17_col5.csv,0.0017480850219726562
row_extra_quote17_col6.csv,0.00115966796875
row_extra_quote17_col7.csv,0.0011134147644042969
row_extra_quote17_col8.csv,0.0010402202606201172
row_extra_quote18_col0.csv,0.0010499954223632812
row_extra_quote18_col1.csv,0.00119781494140625
row_extra_quote18_col2.csv,0.0009486675262451172
row_extra_quote18_col3.csv,0.0010862350463867188
row_extra_quote18_col4.csv,0.0012235641479492188
row_extra_quote18_col5.csv,0.0016527175903320312
row_extra_quote18_col6.csv,0.0011343955993652344
row_extra_quote18_col7.csv,0.0011601448059082031
row_extra_quote18_col8.csv,0.001073598861694336
row_extra_quote19_col0.csv,0.0009725093841552734
row_extra_quote19_col1.csv,0.0011761188507080078
row_extra_quote19_col2.csv,0.0013275146484375
row_extra_quote19_col3.csv,0.0010807514190673828
row_extra_quote19_col4.csv,0.0012400150299072266
row_extra_quote19_col5.csv,0.001190185546875
row_extra_quote19_col6.csv,0.0014786720275878906
row_extra_quote19_col7.csv,0.0012199878692626953
row_extra_quote19_col8.csv,0.0009503364562988281
row_extra_quote1_col0.csv,0.0012052059173583984
row_extra_quote1_col1.csv,0.0013964176177978516
row_extra_quote1_col2.csv,0.0009493827819824219
row_extra_quote1_col3.csv,0.0010046958923339844
row_extra_quote1_col4.csv,0.0011653900146484375
row_extra_quote1_col5.csv,0.0011785030364990234
row_extra_quote1_col6.csv,0.0020751953125
row_extra_quote1_col7.csv,0.0013649463653564453
row_extra_quote1_col8.csv,0.0009922981262207031
row_extra_quote20_col0.csv,0.0009648799896240234
row_extra_quote20_col1.csv,0.0015261173248291016
row_extra_quote20_col2.csv,0.001390218734741211
row_extra_quote20_col3.csv,0.0013096332550048828
row_extra_quote20_col4.csv,0.0011599063873291016
row_extra_quote20_col5.csv,0.0017366409301757812
row_extra_quote20_col6.csv,0.0013697147369384766
row_extra_quote20_col7.csv,0.001558065414428711
row_extra_quote20_col8.csv,0.0013265609741210938
row_extra_quote21_col0.csv,0.0015287399291992188
row_extra_quote21_col1.csv,0.0012290477752685547
row_extra_quote21_col2.csv,0.001354217529296875
row_extra_quote21_col3.csv,0.0013003349304199219
row_extra_quote21_col4.csv,0.0011570453643798828
row_extra_quote21_col5.csv,0.0011017322540283203
row_extra_quote21_col6.csv,0.0014476776123046875
row_extra_quote21_col7.csv,0.0011043548583984375
row_extra_quote21_col8.csv,0.0011239051818847656
row_extra_quote22_col0.csv,0.0010180473327636719
row_extra_quote22_col1.csv,0.0012362003326416016
row_extra_quote22_col2.csv,0.0017192363739013672
row_extra_quote22_col3.csv,0.0014946460723876953
row_extra_quote22_col4.csv,0.0010831356048583984
row_extra_quote22_col5.csv,0.001318216323852539
row_extra_quote22_col6.csv,0.0010459423065185547
row_extra_quote22_col7.csv,0.0013380050659179688
row_extra_quote22_col8.csv,0.001500844955444336
row_extra_quote23_col0.csv,0.001032114028930664
row_extra_quote23_col1.csv,0.0013611316680908203
row_extra_quote23_col2.csv,0.0015645027160644531
row_extra_quote23_col3.csv,0.0015189647674560547
row_extra_quote23_col4.csv,0.0011887550354003906
row_extra_quote23_col5.csv,0.0012638568878173828
row_extra_quote23_col6.csv,0.0012538433074951172
row_extra_quote23_col7.csv,0.001283407211303711
row_extra_quote23_col8.csv,0.0009369850158691406
row_extra_quote24_col0.csv,0.0010919570922851562
row_extra_quote24_col1.csv,0.0013434886932373047
row_extra_quote24_col2.csv,0.0010912418365478516
row_extra_quote24_col3.csv,0.000989675521850586
row_extra_quote24_col4.csv,0.0013430118560791016
row_extra_quote24_col5.csv,0.0012199878692626953
row_extra_quote24_col6.csv,0.001035928726196289
row_extra_quote24_col7.csv,0.0012054443359375
row_extra_quote24_col8.csv,0.0010433197021484375
row_extra_quote25_col0.csv,0.0015611648559570312
row_extra_quote25_col1.csv,0.0015308856964111328
row_extra_quote25_col2.csv,0.001310110092163086
row_extra_quote25_col3.csv,0.0014996528625488281
row_extra_quote25_col4.csv,0.0011861324310302734
row_extra_quote25_col5.csv,0.0011441707611083984
row_extra_quote25_col6.csv,0.0012049674987792969
row_extra_quote25_col7.csv,0.0013396739959716797
row_extra_quote25_col8.csv,0.001094818115234375
row_extra_quote26_col0.csv,0.0012192726135253906
row_extra_quote26_col1.csv,0.0011992454528808594
row_extra_quote26_col2.csv,0.0011932849884033203
row_extra_quote26_col3.csv,0.0009779930114746094
row_extra_quote26_col4.csv,0.0017991065979003906
row_extra_quote26_col5.csv,0.001094818115234375
row_extra_quote26_col6.csv,0.0012543201446533203
row_extra_quote26_col7.csv,0.0015730857849121094
row_extra_quote26_col8.csv,0.0013332366943359375
row_extra_quote27_col0.csv,0.0009603500366210938
row_extra_quote27_col1.csv,0.00115966796875
row_extra_quote27_col2.csv,0.0016169548034667969
row_extra_quote27_col3.csv,0.0009865760803222656
row_extra_quote27_col4.csv,0.0012545585632324219
row_extra_quote27_col5.csv,0.0010657310485839844
row_extra_quote27_col6.csv,0.0012655258178710938
row_extra_quote27_col7.csv,0.001188039779663086
row_extra_quote27_col8.csv,0.0018696784973144531
row_extra_quote28_col0.csv,0.0015757083892822266
row_extra_quote28_col1.csv,0.0009198188781738281
row_extra_quote28_col2.csv,0.0010805130004882812
row_extra_quote28_col3.csv,0.0011970996856689453
row_extra_quote28_col4.csv,0.0014030933380126953
row_extra_quote28_col5.csv,0.0013134479522705078
row_extra_quote28_col6.csv,0.001135110855102539
row_extra_quote28_col7.csv,0.0015325546264648438
row_extra_quote28_col8.csv,0.0012962818145751953
row_extra_quote29_col0.csv,0.0011370182037353516
row_extra_quote29_col1.csv,0.0012698173522949219
row_extra_quote29_col2.csv,0.001005411148071289
row_extra_quote29_col3.csv,0.0009903907775878906
row_extra_quote29_col4.csv,0.0012652873992919922
row_extra_quote29_col5.csv,0.0010037422180175781
row_extra_quote29_col6.csv,0.0013577938079833984
row_extra_quote29_col7.csv,0.0013725757598876953
row_extra_quote29_col8.csv,0.0010745525360107422
row_extra_quote2_col0.csv,0.001135110855102539
row_extra_quote2_col1.csv,0.0014781951904296875
row_extra_quote2_col2.csv,0.0009829998016357422
row_extra_quote2_col3.csv,0.0011665821075439453
row_extra_quote2_col4.csv,0.0011785030364990234
row_extra_quote2_col5.csv,0.0011222362518310547
row_extra_quote2_col6.csv,0.0009703636169433594
row_extra_quote2_col7.csv,0.0013217926025390625
row_extra_quote2_col8.csv,0.0013232231140136719
row_extra_quote30_col0.csv,0.0012180805206298828
row_extra_quote30_col1.csv,0.0016376972198486328
row_extra_quote30_col2.csv,0.0012814998626708984
row_extra_quote30_col3.csv,0.0012187957763671875
row_extra_quote30_col4.csv,0.001238107681274414
row_extra_quote30_col5.csv,0.0010204315185546875
row_extra_quote30_col6.csv,0.0011250972747802734
row_extra_quote30_col7.csv,0.0011970996856689453
row_extra_quote30_col8.csv,0.0012352466583251953
row_extra_quote31_col0.csv,0.0014145374298095703
row_extra_quote31_col1.csv,0.001291513442993164
row_extra_quote31_col2.csv,0.0009098052978515625
row_extra_quote31_col3.csv,0.00081634521484375
row_extra_quote31_col4.csv,0.0010404586791992188
row_extra_quote31_col5.csv,0.0018112659454345703
row_extra_quote31_col6.csv,0.0012221336364746094
row_extra_quote31_col7.csv,0.0011305809020996094
row_extra_quote31_col8.csv,0.0010449886322021484
row_extra_quote32_col0.csv,0.0015873908996582031
row_extra_quote32_col1.csv,0.0012519359588623047
row_extra_quote32_col2.csv,0.0014524459838867188
row_extra_quote32_col3.csv,0.0011606216430664062
row_extra_quote32_col4.csv,0.0010242462158203125
row_extra_quote32_col5.csv,0.0013163089752197266
row_extra_quote32_col6.csv,0.0012607574462890625
row_extra_quote32_col7.csv,0.001001596450805664
row_extra_quote32_col8.csv,0.0008893013000488281
row_extra_quote33_col0.csv,0.0013473033905029297
row_extra_quote33_col1.csv,0.0012314319610595703
row_extra_quote33_col2.csv,0.0009927749633789062
row_extra_quote33_col3.csv,0.0012586116790771484
row_extra_quote33_col4.csv,0.0009479522705078125
row_extra_quote33_col5.csv,0.0010838508605957031
row_extra_quote33_col6.csv,0.0012402534484863281
row_extra_quote33_col7.csv,0.0014531612396240234
row_extra_quote33_col8.csv,0.0011186599731445312
row_extra_quote34_col0.csv,0.0011737346649169922
row_extra_quote34_col1.csv,0.0012617111206054688
row_extra_quote34_col2.csv,0.0010390281677246094
row_extra_quote34_col3.csv,0.0011725425720214844
row_extra_quote34_col4.csv,0.0013210773468017578
row_extra_quote34_col5.csv,0.0012981891632080078
row_extra_quote34_col6.csv,0.0011267662048339844
row_extra_quote34_col7.csv,0.001506805419921875
row_extra_quote34_col8.csv,0.0011191368103027344
row_extra_quote35_col0.csv,0.0010082721710205078
row_extra_quote35_col1.csv,0.0009579658508300781
row_extra_quote35_col2.csv,0.0012149810791015625
row_extra_quote35_col3.csv,0.0011260509490966797
row_extra_quote35_col4.csv,0.0013165473937988281
row_extra_quote35_col5.csv,0.0012676715850830078
row_extra_quote35_col6.csv,0.0011777877807617188
row_extra_quote35_col7.csv,0.0011374950408935547
row_extra_quote35_col8.csv,0.001262664794921875
row_extra_quote36_col0.csv,0.0010759830474853516
row_extra_quote36_col1.csv,0.0010714530944824219
row_extra_quote36_col2.csv,0.0018210411071777344
row_extra_quote36_col3.csv,0.0011098384857177734
row_extra_quote36_col4.csv,0.0024454593658447266
row_extra_quote36_col5.csv,0.0013713836669921875
row_extra_quote36_col6.csv,0.0012660026550292969
row_extra_quote36_col7.csv,0.0011022090911865234
row_extra_quote36_col8.csv,0.0012176036834716797
row_extra_quote37_col0.csv,0.0011010169982910156
row_extra_quote37_col1.csv,0.0019271373748779297
row_extra_quote37_col2.csv,0.0008471012115478516
row_extra_quote37_col3.csv,0.0013642311096191406
row_extra_quote37_col4.csv,0.0011966228485107422
row_extra_quote37_col5.csv,0.0011746883392333984
row_extra_quote37_col6.csv,0.0011203289031982422
row_extra_quote37_col7.csv,0.0010480880737304688
row_extra_quote37_col8.csv,0.0011456012725830078
row_extra_quote38_col0.csv,0.0013093948364257812
row_extra_quote38_col1.csv,0.0013284683227539062
row_extra_quote38_col2.csv,0.0009982585906982422
row_extra_quote38_col3.csv,0.0016558170318603516
row_extra_quote38_col4.csv,0.0013935565948486328
row_extra_quote38_col5.csv,0.001214742660522461
row_extra_quote38_col6.csv,0.0018529891967773438
row_extra_quote38_col7.csv,0.0011048316955566406
row_extra_quote38_col8.csv,0.0011055469512939453
row_extra_quote39_col0.csv,0.0011436939239501953
row_extra_quote39_col1.csv,0.0012485980987548828
row_extra_quote39_col2.csv,0.0010797977447509766
row_extra_quote39_col3.csv,0.0012845993041992188
row_extra_quote39_col4.csv,0.0013675689697265625
row_extra_quote39_col5.csv,0.0009944438934326172
row_extra_quote39_col6.csv,0.0010819435119628906
row_extra_quote39_col7.csv,0.0014662742614746094
row_extra_quote39_col8.csv,0.0011491775512695312
row_extra_quote3_col0.csv,0.0017466545104980469
row_extra_quote3_col1.csv,0.0012199878692626953
row_extra_quote3_col2.csv,0.0009918212890625
row_extra_quote3_col3.csv,0.0016398429870605469
row_extra_quote3_col4.csv,0.0012781620025634766
row_extra_quote3_col5.csv,0.0012297630310058594
row_extra_quote3_col6.csv,0.0011718273162841797
row_extra_quote3_col7.csv,0.0012063980102539062
row_extra_quote3_col8.csv,0.0010874271392822266
row_extra_quote40_col0.csv,0.0011196136474609375
row_extra_quote40_col1.csv,0.0012392997741699219
row_extra_quote40_col2.csv,0.001149892807006836
row_extra_quote40_col3.csv,0.0013134479522705078
row_extra_quote40_col4.csv,0.0009548664093017578
row_extra_quote40_col5.csv,0.0010259151458740234
row_extra_quote40_col6.csv,0.0014395713806152344
row_extra_quote40_col7.csv,0.0011868476867675781
row_extra_quote40_col8.csv,0.0011713504791259766
row_extra_quote41_col0.csv,0.0012090206146240234
row_extra_quote41_col1.csv,0.0010294914245605469
row_extra_quote41_col2.csv,0.0010998249053955078
row_extra_quote41_col3.csv,0.001051187515258789
row_extra_quote41_col4.csv,0.0012292861938476562
row_extra_quote41_col5.csv,0.001001596450805664
row_extra_quote41_col6.csv,0.0013282299041748047
row_extra_quote41_col7.csv,0.0011894702911376953
row_extra_quote41_col8.csv,0.0010805130004882812
row_extra_quote42_col0.csv,0.0010509490966796875
row_extra_quote42_col1.csv,0.0016832351684570312
row_extra_quote42_col2.csv,0.0012426376342773438
row_extra_quote42_col3.csv,0.001262664794921875
row_extra_quote42_col4.csv,0.0011134147644042969
row_extra_quote42_col5.csv,0.0011262893676757812
row_extra_quote42_col6.csv,0.0012485980987548828
row_extra_quote42_col7.csv,0.0015575885772705078
row_extra_quote42_col8.csv,0.001321554183959961
row_extra_quote43_col0.csv,0.0010957717895507812
row_extra_quote43_col1.csv,0.0012917518615722656
row_extra_quote43_col2.csv,0.001065969467163086
row_extra_quote43_col3.csv,0.0013942718505859375
row_extra_quote43_col4.csv,0.0012774467468261719
row_extra_quote43_col5.csv,0.0013043880462646484
row_extra_quote43_col6.csv,0.0012063980102539062
row_extra_quote43_col7.csv,0.0009369850158691406
row_extra_quote43_col8.csv,0.0010769367218017578
row_extra_quote44_col0.csv,0.001486063003540039
row_extra_quote44_col1.csv,0.0012700557708740234
row_extra_quote44_col2.csv,0.0011279582977294922
row_extra_quote44_col3.csv,0.0016918182373046875
row_extra_quote44_col4.csv,0.0014793872833251953
row_extra_quote44_col5.csv,0.0013806819915771484
row_extra_quote44_col6.csv,0.0012388229370117188
row_extra_quote44_col7.csv,0.0011141300201416016
row_extra_quote44_col8.csv,0.0010313987731933594
row_extra_quote45_col0.csv,0.0012803077697753906
row_extra_quote45_col1.csv,0.0010366439819335938
row_extra_quote45_col2.csv,0.001287221908569336
row_extra_quote45_col3.csv,0.0009822845458984375
row_extra_quote45_col4.csv,0.0015113353729248047
row_extra_quote45_col5.csv,0.0012617111206054688
row_extra_quote45_col6.csv,0.0013747215270996094
row_extra_quote45_col7.csv,0.002185344696044922
row_extra_quote45_col8.csv,0.001079559326171875
row_extra_quote46_col0.csv,0.0015141963958740234
row_extra_quote46_col1.csv,0.0011205673217773438
row_extra_quote46_col2.csv,0.0012125968933105469
row_extra_quote46_col3.csv,0.0013034343719482422
row_extra_quote46_col4.csv,0.001154184341430664
row_extra_quote46_col5.csv,0.0011839866638183594
row_extra_quote46_col6.csv,0.0012781620025634766
row_extra_quote46_col7.csv,0.0012695789337158203
row_extra_quote46_col8.csv,0.001018524169921875
row_extra_quote47_col0.csv,0.0017707347869873047
row_extra_quote47_col1.csv,0.0009558200836181641
row_extra_quote47_col2.csv,0.001374959945678711
row_extra_quote47_col3.csv,0.0010492801666259766
row_extra_quote47_col4.csv,0.0010700225830078125
row_extra_quote47_col5.csv,0.0010662078857421875
row_extra_quote47_col6.csv,0.0010528564453125
row_extra_quote47_col7.csv,0.0010805130004882812
row_extra_quote47_col8.csv,0.0022249221801757812
row_extra_quote48_col0.csv,0.0015451908111572266
row_extra_quote48_col1.csv,0.0011875629425048828
row_extra_quote48_col2.csv,0.0015578269958496094
row_extra_quote48_col3.csv,0.0009229183197021484
row_extra_quote48_col4.csv,0.0015056133270263672
row_extra_quote48_col5.csv,0.0012612342834472656
row_extra_quote48_col6.csv,0.0010895729064941406
row_extra_quote48_col7.csv,0.001016378402709961
row_extra_quote48_col8.csv,0.0014934539794921875
row_extra_quote49_col0.csv,0.0011665821075439453
row_extra_quote49_col1.csv,0.001035928726196289
row_extra_quote49_col2.csv,0.001369476318359375
row_extra_quote49_col3.csv,0.0012726783752441406
row_extra_quote49_col4.csv,0.0012285709381103516
row_extra_quote49_col5.csv,0.0013663768768310547
row_extra_quote49_col6.csv,0.0011785030364990234
row_extra_quote49_col7.csv,0.0012805461883544922
row_extra_quote49_col8.csv,0.001245260238647461
row_extra_quote4_col0.csv,0.0015156269073486328
row_extra_quote4_col1.csv,0.0012333393096923828
row_extra_quote4_col2.csv,0.0012660026550292969
row_extra_quote4_col3.csv,0.0010304450988769531
row_extra_quote4_col4.csv,0.0010068416595458984
row_extra_quote4_col5.csv,0.0010247230529785156
row_extra_quote4_col6.csv,0.0015325546264648438
row_extra_quote4_col7.csv,0.0010170936584472656
row_extra_quote4_col8.csv,0.0012404918670654297
row_extra_quote50_col0.csv,0.0021135807037353516
row_extra_quote50_col1.csv,0.0009026527404785156
row_extra_quote50_col2.csv,0.0012340545654296875
row_extra_quote50_col3.csv,0.0012898445129394531
row_extra_quote50_col4.csv,0.0016255378723144531
row_extra_quote50_col5.csv,0.0018820762634277344
row_extra_quote50_col6.csv,0.0012912750244140625
row_extra_quote50_col7.csv,0.001314401626586914
row_extra_quote50_col8.csv,0.0012807846069335938
row_extra_quote51_col0.csv,0.0012362003326416016
row_extra_quote51_col1.csv,0.0009949207305908203
row_extra_quote51_col2.csv,0.0009491443634033203
row_extra_quote51_col3.csv,0.0013031959533691406
row_extra_quote51_col4.csv,0.0013246536254882812
row_extra_quote51_col5.csv,0.0011441707611083984
row_extra_quote51_col6.csv,0.001308441162109375
row_extra_quote51_col7.csv,0.0010986328125
row_extra_quote51_col8.csv,0.0010499954223632812
row_extra_quote52_col0.csv,0.0010876655578613281
row_extra_quote52_col1.csv,0.0011687278747558594
row_extra_quote52_col2.csv,0.001031637191772461
row_extra_quote52_col3.csv,0.001556396484375
row_extra_quote52_col4.csv,0.0012509822845458984
row_extra_quote52_col5.csv,0.0012347698211669922
row_extra_quote52_col6.csv,0.0015151500701904297
row_extra_quote52_col7.csv,0.0010309219360351562
row_extra_quote52_col8.csv,0.001104116439819336
row_extra_quote53_col0.csv,0.0014989376068115234
row_extra_quote53_col1.csv,0.0009849071502685547
row_extra_quote53_col2.csv,0.0011603832244873047
row_extra_quote53_col3.csv,0.0014333724975585938
row_extra_quote53_col4.csv,0.001100301742553711
row_extra_quote53_col5.csv,0.0010905265808105469
row_extra_quote53_col6.csv,0.0010194778442382812
row_extra_quote53_col7.csv,0.0013155937194824219
row_extra_quote53_col8.csv,0.000985860824584961
row_extra_quote54_col0.csv,0.0012235641479492188
row_extra_quote54_col1.csv,0.0010499954223632812
row_extra_quote54_col2.csv,0.0010132789611816406
row_extra_quote54_col3.csv,0.0009775161743164062
row_extra_quote54_col4.csv,0.001043558120727539
row_extra_quote54_col5.csv,0.0011093616485595703
row_extra_quote54_col6.csv,0.0010285377502441406
row_extra_quote54_col7.csv,0.0010991096496582031
row_extra_quote54_col8.csv,0.0010263919830322266
row_extra_quote55_col0.csv,0.0011658668518066406
row_extra_quote55_col1.csv,0.00159454345703125
row_extra_quote55_col2.csv,0.0010938644409179688
row_extra_quote55_col3.csv,0.0013473033905029297
row_extra_quote55_col4.csv,0.0012750625610351562
row_extra_quote55_col5.csv,0.0011594295501708984
row_extra_quote55_col6.csv,0.0009949207305908203
row_extra_quote55_col7.csv,0.0015668869018554688
row_extra_quote55_col8.csv,0.0014545917510986328
row_extra_quote56_col0.csv,0.00130462646484375
row_extra_quote56_col1.csv,0.0010623931884765625
row_extra_quote56_col2.csv,0.0010523796081542969
row_extra_quote56_col3.csv,0.0011723041534423828
row_extra_quote56_col4.csv,0.0009670257568359375
row_extra_quote56_col5.csv,0.0015163421630859375
row_extra_quote56_col6.csv,0.0014982223510742188
row_extra_quote56_col7.csv,0.0010271072387695312
row_extra_quote56_col8.csv,0.001058816909790039
row_extra_quote57_col0.csv,0.0013098716735839844
row_extra_quote57_col1.csv,0.0016262531280517578
row_extra_quote57_col2.csv,0.0011129379272460938
row_extra_quote57_col3.csv,0.0010132789611816406
row_extra_quote57_col4.csv,0.0013229846954345703
row_extra_quote57_col5.csv,0.0011599063873291016
row_extra_quote57_col6.csv,0.0011777877807617188
row_extra_quote57_col7.csv,0.001035451889038086
row_extra_quote57_col8.csv,0.0011539459228515625
row_extra_quote58_col0.csv,0.001302480697631836
row_extra_quote58_col1.csv,0.0009152889251708984
row_extra_quote58_col2.csv,0.0010595321655273438
row_extra_quote58_col3.csv,0.0011196136474609375
row_extra_quote58_col4.csv,0.0009796619415283203
row_extra_quote58_col5.csv,0.001238107681274414
row_extra_quote58_col6.csv,0.0012860298156738281
row_extra_quote58_col7.csv,0.0012159347534179688
row_extra_quote58_col8.csv,0.0010869503021240234
row_extra_quote59_col0.csv,0.0012230873107910156
row_extra_quote59_col1.csv,0.0013165473937988281
row_extra_quote59_col2.csv,0.0012133121490478516
row_extra_quote59_col3.csv,0.0010445117950439453
row_extra_quote59_col4.csv,0.0012505054473876953
row_extra_quote59_col5.csv,0.001043081283569336
row_extra_quote59_col6.csv,0.001360177993774414
row_extra_quote59_col7.csv,0.001367807388305664
row_extra_quote59_col8.csv,0.0011029243469238281
row_extra_quote5_col0.csv,0.0014200210571289062
row_extra_quote5_col1.csv,0.0014765262603759766
row_extra_quote5_col2.csv,0.0014002323150634766
row_extra_quote5_col3.csv,0.0015017986297607422
row_extra_quote5_col4.csv,0.0014905929565429688
row_extra_quote5_col5.csv,0.000949859619140625
row_extra_quote5_col6.csv,0.0012865066528320312
row_extra_quote5_col7.csv,0.0015959739685058594
row_extra_quote5_col8.csv,0.001087188720703125
row_extra_quote60_col0.csv,0.0012979507446289062
row_extra_quote60_col1.csv,0.0014834403991699219
row_extra_quote60_col2.csv,0.0015599727630615234
row_extra_quote60_col3.csv,0.001041412353515625
row_extra_quote60_col4.csv,0.0011713504791259766
row_extra_quote60_col5.csv,0.0011725425720214844
row_extra_quote60_col6.csv,0.0012552738189697266
row_extra_quote60_col7.csv,0.0011734962463378906
row_extra_quote60_col8.csv,0.0010974407196044922
row_extra_quote61_col0.csv,0.0010590553283691406
row_extra_quote61_col1.csv,0.001455068588256836
row_extra_quote61_col2.csv,0.001798391342163086
row_extra_quote61_col3.csv,0.0010960102081298828
row_extra_quote61_col4.csv,0.0009500980377197266
row_extra_quote61_col5.csv,0.0012288093566894531
row_extra_quote61_col6.csv,0.0015316009521484375
row_extra_quote61_col7.csv,0.0010242462158203125
row_extra_quote61_col8.csv,0.0014889240264892578
row_extra_quote62_col0.csv,0.0010380744934082031
row_extra_quote62_col1.csv,0.0008800029754638672
row_extra_quote62_col2.csv,0.0010178089141845703
row_extra_quote62_col3.csv,0.001073598861694336
row_extra_quote62_col4.csv,0.001110076904296875
row_extra_quote62_col5.csv,0.0012640953063964844
row_extra_quote62_col6.csv,0.0015041828155517578
row_extra_quote62_col7.csv,0.0011506080627441406
row_extra_quote62_col8.csv,0.0018723011016845703
row_extra_quote63_col0.csv,0.0012021064758300781
row_extra_quote63_col1.csv,0.0011589527130126953
row_extra_quote63_col2.csv,0.0009160041809082031
row_extra_quote63_col3.csv,0.0011966228485107422
row_extra_quote63_col4.csv,0.0011379718780517578
row_extra_quote63_col5.csv,0.0011048316955566406
row_extra_quote63_col6.csv,0.0011403560638427734
row_extra_quote63_col7.csv,0.0013079643249511719
row_extra_quote63_col8.csv,0.0010068416595458984
row_extra_quote64_col0.csv,0.0010886192321777344
row_extra_quote64_col1.csv,0.0009627342224121094
row_extra_quote64_col2.csv,0.0013566017150878906
row_extra_quote64_col3.csv,0.0013263225555419922
row_extra_quote64_col4.csv,0.0016214847564697266
row_extra_quote64_col5.csv,0.0011022090911865234
row_extra_quote64_col6.csv,0.0010693073272705078
row_extra_quote64_col7.csv,0.0011603832244873047
row_extra_quote64_col8.csv,0.0011091232299804688
row_extra_quote65_col0.csv,0.0010251998901367188
row_extra_quote65_col1.csv,0.0015015602111816406
row_extra_quote65_col2.csv,0.0014679431915283203
row_extra_quote65_col3.csv,0.0012371540069580078
row_extra_quote65_col4.csv,0.0012669563293457031
row_extra_quote65_col5.csv,0.0010995864868164062
row_extra_quote65_col6.csv,0.001247406005859375
row_extra_quote65_col7.csv,0.001270294189453125
row_extra_quote65_col8.csv,0.0012497901916503906
row_extra_quote66_col0.csv,0.0012083053588867188
row_extra_quote66_col1.csv,0.0009503364562988281
row_extra_quote66_col2.csv,0.0012073516845703125
row_extra_quote66_col3.csv,0.0012764930725097656
row_extra_quote66_col4.csv,0.0012240409851074219
row_extra_quote66_col5.csv,0.0016164779663085938
row_extra_quote66_col6.csv,0.0012726783752441406
row_extra_quote66_col7.csv,0.0013153553009033203
row_extra_quote66_col8.csv,0.0014660358428955078
row_extra_quote67_col0.csv,0.0008945465087890625
row_extra_quote67_col1.csv,0.0013158321380615234
row_extra_quote67_col2.csv,0.0011353492736816406
row_extra_quote67_col3.csv,0.0011425018310546875
row_extra_quote67_col4.csv,0.0015194416046142578
row_extra_quote67_col5.csv,0.0016264915466308594
row_extra_quote67_col6.csv,0.001161336898803711
row_extra_quote67_col7.csv,0.0010499954223632812
row_extra_quote67_col8.csv,0.0016307830810546875
row_extra_quote68_col0.csv,0.0012750625610351562
row_extra_quote68_col1.csv,0.0017540454864501953
row_extra_quote68_col2.csv,0.0010666847229003906
row_extra_quote68_col3.csv,0.0010793209075927734
row_extra_quote68_col4.csv,0.0013988018035888672
row_extra_quote68_col5.csv,0.0014734268188476562
row_extra_quote68_col6.csv,0.0011892318725585938
row_extra_quote68_col7.csv,0.001238107681274414
row_extra_quote68_col8.csv,0.0010423660278320312
row_extra_quote69_col0.csv,0.0012519359588623047
row_extra_quote69_col1.csv,0.0013463497161865234
row_extra_quote69_col2.csv,0.0012521743774414062
row_extra_quote69_col3.csv,0.001222372055053711
row_extra_quote69_col4.csv,0.0012407302856445312
row_extra_quote69_col5.csv,0.0017044544219970703
row_extra_quote69_col6.csv,0.0013728141784667969
row_extra_quote69_col7.csv,0.0022878646850585938
row_extra_quote69_col8.csv,0.0011205673217773438
row_extra_quote6_col0.csv,0.0015194416046142578
row_extra_quote6_col1.csv,0.00136566162109375
row_extra_quote6_col2.csv,0.0010907649993896484
row_extra_quote6_col3.csv,0.0014758110046386719
row_extra_quote6_col4.csv,0.0011861324310302734
row_extra_quote6_col5.csv,0.0010406970977783203
row_extra_quote6_col6.csv,0.0018045902252197266
row_extra_quote6_col7.csv,0.0014884471893310547
row_extra_quote6_col8.csv,0.0015265941619873047
row_extra_quote70_col0.csv,0.001138925552368164
row_extra_quote70_col1.csv,0.0010654926300048828
row_extra_quote70_col2.csv,0.001119852066040039
row_extra_quote70_col3.csv,0.0010187625885009766
row_extra_quote70_col4.csv,0.0010538101196289062
row_extra_quote70_col5.csv,0.001323699951171875
row_extra_quote70_col6.csv,0.001222848892211914
row_extra_quote70_col7.csv,0.0013854503631591797
row_extra_quote70_col8.csv,0.0013196468353271484
row_extra_quote71_col0.csv,0.0011272430419921875
row_extra_quote71_col1.csv,0.0009448528289794922
row_extra_quote71_col2.csv,0.0013403892517089844
row_extra_quote71_col3.csv,0.0012331008911132812
row_extra_quote71_col4.csv,0.0010690689086914062
row_extra_quote71_col5.csv,0.0011909008026123047
row_extra_quote71_col6.csv,0.0012884140014648438
row_extra_quote71_col7.csv,0.0013456344604492188
row_extra_quote71_col8.csv,0.001123189926147461
row_extra_quote72_col0.csv,0.0011799335479736328
row_extra_quote72_col1.csv,0.0010919570922851562
row_extra_quote72_col2.csv,0.0008955001831054688
row_extra_quote72_col3.csv,0.001230478286743164
row_extra_quote72_col4.csv,0.0016269683837890625
row_extra_quote72_col5.csv,0.0012645721435546875
row_extra_quote72_col6.csv,0.0008792877197265625
row_extra_quote72_col7.csv,0.0012135505676269531
row_extra_quote72_col8.csv,0.0011935234069824219
row_extra_quote73_col0.csv,0.0012989044189453125
row_extra_quote73_col1.csv,0.0013747215270996094
row_extra_quote73_col2.csv,0.0013713836669921875
row_extra_quote73_col3.csv,0.00113677978515625
row_extra_quote73_col4.csv,0.001188516616821289
row_extra_quote73_col5.csv,0.0012753009796142578
row_extra_quote73_col6.csv,0.0015604496002197266
row_extra_quote73_col7.csv,0.0011794567108154297
row_extra_quote73_col8.csv,0.001340627670288086
row_extra_quote74_col0.csv,0.001032114028930664
row_extra_quote74_col1.csv,0.0014297962188720703
row_extra_quote74_col2.csv,0.0014543533325195312
row_extra_quote74_col3.csv,0.0011703968048095703
row_extra_quote74_col4.csv,0.0011034011840820312
row_extra_quote74_col5.csv,0.0013039112091064453
row_extra_quote74_col6.csv,0.0014204978942871094
row_extra_quote74_col7.csv,0.0011916160583496094
row_extra_quote74_col8.csv,0.001140594482421875
row_extra_quote75_col0.csv,0.0010535717010498047
row_extra_quote75_col1.csv,0.0014948844909667969
row_extra_quote75_col2.csv,0.00153350830078125
row_extra_quote75_col3.csv,0.0010139942169189453
row_extra_quote75_col4.csv,0.0013873577117919922
row_extra_quote75_col5.csv,0.001135110855102539
row_extra_quote75_col6.csv,0.0010559558868408203
row_extra_quote75_col7.csv,0.001241922378540039
row_extra_quote75_col8.csv,0.0011601448059082031
row_extra_quote76_col0.csv,0.001065969467163086
row_extra_quote76_col1.csv,0.0010883808135986328
row_extra_quote76_col2.csv,0.001230478286743164
row_extra_quote76_col3.csv,0.0011262893676757812
row_extra_quote76_col4.csv,0.0011904239654541016
row_extra_quote76_col5.csv,0.001016855239868164
row_extra_quote76_col6.csv,0.0013709068298339844
row_extra_quote76_col7.csv,0.0009243488311767578
row_extra_quote76_col8.csv,0.0012717247009277344
row_extra_quote77_col0.csv,0.001155853271484375
row_extra_quote77_col1.csv,0.001600503921508789
row_extra_quote77_col2.csv,0.0011928081512451172
row_extra_quote77_col3.csv,0.0014269351959228516
row_extra_quote77_col4.csv,0.0011546611785888672
row_extra_quote77_col5.csv,0.0010161399841308594
row_extra_quote77_col6.csv,0.0012209415435791016
row_extra_quote77_col7.csv,0.002149343490600586
row_extra_quote77_col8.csv,0.0013637542724609375
row_extra_quote78_col0.csv,0.0011131763458251953
row_extra_quote78_col1.csv,0.0010628700256347656
row_extra_quote78_col2.csv,0.0011105537414550781
row_extra_quote78_col3.csv,0.0010864734649658203
row_extra_quote78_col4.csv,0.001171112060546875
row_extra_quote78_col5.csv,0.0010547637939453125
row_extra_quote78_col6.csv,0.0012454986572265625
row_extra_quote78_col7.csv,0.0010364055633544922
row_extra_quote78_col8.csv,0.0010650157928466797
row_extra_quote79_col0.csv,0.001050710678100586
row_extra_quote79_col1.csv,0.0011799335479736328
row_extra_quote79_col2.csv,0.001283884048461914
row_extra_quote79_col3.csv,0.00128936767578125
row_extra_quote79_col4.csv,0.0012052059173583984
row_extra_quote79_col5.csv,0.001157522201538086
row_extra_quote79_col6.csv,0.0013127326965332031
row_extra_quote79_col7.csv,0.0011687278747558594
row_extra_quote79_col8.csv,0.001280069351196289
row_extra_quote7_col0.csv,0.0010488033294677734
row_extra_quote7_col1.csv,0.0011057853698730469
row_extra_quote7_col2.csv,0.0018367767333984375
row_extra_quote7_col3.csv,0.0010797977447509766
row_extra_quote7_col4.csv,0.0019085407257080078
row_extra_quote7_col5.csv,0.0011320114135742188
row_extra_quote7_col6.csv,0.001642465591430664
row_extra_quote7_col7.csv,0.0010297298431396484
row_extra_quote7_col8.csv,0.0011217594146728516
row_extra_quote80_col0.csv,0.001241445541381836
row_extra_quote80_col1.csv,0.0018553733825683594
row_extra_quote80_col2.csv,0.0015501976013183594
row_extra_quote80_col3.csv,0.0011425018310546875
row_extra_quote80_col4.csv,0.0011639595031738281
row_extra_quote80_col5.csv,0.001100778579711914
row_extra_quote80_col6.csv,0.0011720657348632812
row_extra_quote80_col7.csv,0.0010166168212890625
row_extra_quote80_col8.csv,0.0013451576232910156
row_extra_quote81_col0.csv,0.0013284683227539062
row_extra_quote81_col1.csv,0.0012385845184326172
row_extra_quote81_col2.csv,0.0010724067687988281
row_extra_quote81_col3.csv,0.0010323524475097656
row_extra_quote81_col4.csv,0.0012264251708984375
row_extra_quote81_col5.csv,0.0010478496551513672
row_extra_quote81_col6.csv,0.001344442367553711
row_extra_quote81_col7.csv,0.0013453960418701172
row_extra_quote81_col8.csv,0.0014216899871826172
row_extra_quote82_col0.csv,0.001171112060546875
row_extra_quote82_col1.csv,0.0012619495391845703
row_extra_quote82_col2.csv,0.00106048583984375
row_extra_quote82_col3.csv,0.001064300537109375
row_extra_quote82_col4.csv,0.0014677047729492188
row_extra_quote82_col5.csv,0.0012269020080566406
row_extra_quote82_col6.csv,0.0010402202606201172
row_extra_quote82_col7.csv,0.0013897418975830078
row_extra_quote82_col8.csv,0.0012881755828857422
row_extra_quote83_col0.csv,0.0010528564453125
row_extra_quote83_col1.csv,0.0010409355163574219
row_extra_quote83_col2.csv,0.00131988525390625
row_extra_quote83_col3.csv,0.0012357234954833984
row_extra_quote83_col4.csv,0.0009922981262207031
row_extra_quote83_col5.csv,0.0012552738189697266
row_extra_quote83_col6.csv,0.0009071826934814453
row_extra_quote83_col7.csv,0.0014526844024658203
row_extra_quote83_col8.csv,0.000583648681640625
row_extra_quote8_col0.csv,0.0012819766998291016
row_extra_quote8_col1.csv,0.001287221908569336
row_extra_quote8_col2.csv,0.0013415813446044922
row_extra_quote8_col3.csv,0.0017483234405517578
row_extra_quote8_col4.csv,0.0012369155883789062
row_extra_quote8_col5.csv,0.001039743423461914
row_extra_quote8_col6.csv,0.0009436607360839844
row_extra_quote8_col7.csv,0.0011205673217773438
row_extra_quote8_col8.csv,0.001300811767578125
row_extra_quote9_col0.csv,0.0010597705841064453
row_extra_quote9_col1.csv,0.0012090206146240234
row_extra_quote9_col2.csv,0.0011019706726074219
row_extra_quote9_col3.csv,0.0011301040649414062
row_extra_quote9_col4.csv,0.0012359619140625
row_extra_quote9_col5.csv,0.0016603469848632812
row_extra_quote9_col6.csv,0.001209259033203125
row_extra_quote9_col7.csv,0.0013189315795898438
row_extra_quote9_col8.csv,0.0017592906951904297
row_field_delimiter_0_0x20.csv,0.0011780261993408203
row_field_delimiter_10_0x20.csv,0.0012137889862060547
row_field_delimiter_11_0x20.csv,0.0011897087097167969
row_field_delimiter_12_0x20.csv,0.0010883808135986328
row_field_delimiter_13_0x20.csv,0.0014111995697021484
row_field_delimiter_14_0x20.csv,0.0011572837829589844
row_field_delimiter_15_0x20.csv,0.0014903545379638672
row_field_delimiter_16_0x20.csv,0.0010616779327392578
row_field_delimiter_17_0x20.csv,0.0014257431030273438
row_field_delimiter_18_0x20.csv,0.0010073184967041016
row_field_delimiter_19_0x20.csv,0.0010356903076171875
row_field_delimiter_1_0x20.csv,0.0011470317840576172
row_field_delimiter_20_0x20.csv,0.0017282962799072266
row_field_delimiter_21_0x20.csv,0.0015900135040283203
row_field_delimiter_22_0x20.csv,0.0014100074768066406
row_field_delimiter_23_0x20.csv,0.0030629634857177734
row_field_delimiter_24_0x20.csv,0.0010612010955810547
row_field_delimiter_25_0x20.csv,0.0012006759643554688
row_field_delimiter_26_0x20.csv,0.0010921955108642578
row_field_delimiter_27_0x20.csv,0.0012853145599365234
row_field_delimiter_28_0x20.csv,0.0014541149139404297
row_field_delimiter_29_0x20.csv,0.0011284351348876953
row_field_delimiter_2_0x20.csv,0.0011973381042480469
row_field_delimiter_30_0x20.csv,0.0014009475708007812
row_field_delimiter_31_0x20.csv,0.0013422966003417969
row_field_delimiter_32_0x20.csv,0.001329183578491211
row_field_delimiter_33_0x20.csv,0.0013191699981689453
row_field_delimiter_34_0x20.csv,0.0010609626770019531
row_field_delimiter_35_0x20.csv,0.0012354850769042969
row_field_delimiter_36_0x20.csv,0.0012090206146240234
row_field_delimiter_37_0x20.csv,0.0012497901916503906
row_field_delimiter_38_0x20.csv,0.00128173828125
row_field_delimiter_39_0x20.csv,0.0011756420135498047
row_field_delimiter_3_0x20.csv,0.0012938976287841797
row_field_delimiter_40_0x20.csv,0.0011670589447021484
row_field_delimiter_41_0x20.csv,0.00144195556640625
row_field_delimiter_42_0x20.csv,0.0009579658508300781
row_field_delimiter_43_0x20.csv,0.0011019706726074219
row_field_delimiter_44_0x20.csv,0.0011396408081054688
row_field_delimiter_45_0x20.csv,0.0010938644409179688
row_field_delimiter_46_0x20.csv,0.0013680458068847656
row_field_delimiter_47_0x20.csv,0.0013339519500732422
row_field_delimiter_48_0x20.csv,0.0010118484497070312
row_field_delimiter_49_0x20.csv,0.0010144710540771484
row_field_delimiter_4_0x20.csv,0.0011806488037109375
row_field_delimiter_50_0x20.csv,0.0011739730834960938
row_field_delimiter_51_0x20.csv,0.0012693405151367188
row_field_delimiter_52_0x20.csv,0.0010647773742675781
row_field_delimiter_53_0x20.csv,0.0017406940460205078
row_field_delimiter_54_0x20.csv,0.001291036605834961
row_field_delimiter_55_0x20.csv,0.0016963481903076172
row_field_delimiter_56_0x20.csv,0.001039266586303711
row_field_delimiter_57_0x20.csv,0.0011196136474609375
row_field_delimiter_58_0x20.csv,0.0013816356658935547
row_field_delimiter_59_0x20.csv,0.0010678768157958984
row_field_delimiter_5_0x20.csv,0.0014278888702392578
row_field_delimiter_60_0x20.csv,0.001255035400390625
row_field_delimiter_61_0x20.csv,0.0010857582092285156
row_field_delimiter_62_0x20.csv,0.001149892807006836
row_field_delimiter_63_0x20.csv,0.0012202262878417969
row_field_delimiter_64_0x20.csv,0.0012540817260742188
row_field_delimiter_65_0x20.csv,0.001310110092163086
row_field_delimiter_66_0x20.csv,0.0011496543884277344
row_field_delimiter_67_0x20.csv,0.001054525375366211
row_field_delimiter_68_0x20.csv,0.0013442039489746094
row_field_delimiter_69_0x20.csv,0.0012691020965576172
row_field_delimiter_6_0x20.csv,0.0010228157043457031
row_field_delimiter_70_0x20.csv,0.0011930465698242188
row_field_delimiter_71_0x20.csv,0.0011496543884277344
row_field_delimiter_72_0x20.csv,0.001068115234375
row_field_delimiter_73_0x20.csv,0.0009853839874267578
row_field_delimiter_74_0x20.csv,0.001744985580444336
row_field_delimiter_75_0x20.csv,0.0010235309600830078
row_field_delimiter_76_0x20.csv,0.0010993480682373047
row_field_delimiter_77_0x20.csv,0.0015943050384521484
row_field_delimiter_78_0x20.csv,0.0008826255798339844
row_field_delimiter_79_0x20.csv,0.0010993480682373047
row_field_delimiter_7_0x20.csv,0.00099945068359375
row_field_delimiter_80_0x20.csv,0.0011720657348632812
row_field_delimiter_81_0x20.csv,0.0014901161193847656
row_field_delimiter_82_0x20.csv,0.0017633438110351562
row_field_delimiter_83_0x20.csv,0.0015971660614013672
row_field_delimiter_8_0x20.csv,0.0012984275817871094
row_field_delimiter_9_0x20.csv,0.0013179779052734375
row_less_sep_row0_col1.csv,0.0014102458953857422
row_less_sep_row0_col2.csv,0.0012099742889404297
row_less_sep_row0_col3.csv,0.0012845993041992188
row_less_sep_row0_col4.csv,0.0017788410186767578
row_less_sep_row0_col5.csv,0.0010762214660644531
row_less_sep_row0_col6.csv,0.0015439987182617188
row_less_sep_row0_col7.csv,0.0010857582092285156
row_less_sep_row0_col8.csv,0.00086212158203125
row_less_sep_row10_col1.csv,0.0012929439544677734
row_less_sep_row10_col2.csv,0.0012788772583007812
row_less_sep_row10_col3.csv,0.0009212493896484375
row_less_sep_row10_col4.csv,0.0012171268463134766
row_less_sep_row10_col5.csv,0.00107574462890625
row_less_sep_row10_col6.csv,0.0011265277862548828
row_less_sep_row10_col7.csv,0.001065969467163086
row_less_sep_row10_col8.csv,0.0009119510650634766
row_less_sep_row11_col1.csv,0.0018265247344970703
row_less_sep_row11_col2.csv,0.001726388931274414
row_less_sep_row11_col3.csv,0.0012264251708984375
row_less_sep_row11_col4.csv,0.0014796257019042969
row_less_sep_row11_col5.csv,0.0009403228759765625
row_less_sep_row11_col6.csv,0.0012807846069335938
row_less_sep_row11_col7.csv,0.0012416839599609375
row_less_sep_row11_col8.csv,0.0011191368103027344
row_less_sep_row12_col1.csv,0.0010328292846679688
row_less_sep_row12_col2.csv,0.0018017292022705078
row_less_sep_row12_col3.csv,0.0009953975677490234
row_less_sep_row12_col4.csv,0.0010421276092529297
row_less_sep_row12_col5.csv,0.0012729167938232422
row_less_sep_row12_col6.csv,0.0009679794311523438
row_less_sep_row12_col7.csv,0.001546621322631836
row_less_sep_row12_col8.csv,0.0012962818145751953
row_less_sep_row13_col1.csv,0.0014874935150146484
row_less_sep_row13_col2.csv,0.0015711784362792969
row_less_sep_row13_col3.csv,0.001873016357421875
row_less_sep_row13_col4.csv,0.0014500617980957031
row_less_sep_row13_col5.csv,0.0012691020965576172
row_less_sep_row13_col6.csv,0.0012764930725097656
row_less_sep_row13_col7.csv,0.001177072525024414
row_less_sep_row13_col8.csv,0.0013055801391601562
row_less_sep_row14_col1.csv,0.0013155937194824219
row_less_sep_row14_col2.csv,0.0009114742279052734
row_less_sep_row14_col3.csv,0.001224517822265625
row_less_sep_row14_col4.csv,0.001255035400390625
row_less_sep_row14_col5.csv,0.0012085437774658203
row_less_sep_row14_col6.csv,0.0011069774627685547
row_less_sep_row14_col7.csv,0.0014634132385253906
row_less_sep_row14_col8.csv,0.0011272430419921875
row_less_sep_row15_col1.csv,0.0012958049774169922
row_less_sep_row15_col2.csv,0.0015668869018554688
row_less_sep_row15_col3.csv,0.0017285346984863281
row_less_sep_row15_col4.csv,0.0010759830474853516
row_less_sep_row15_col5.csv,0.001035928726196289
row_less_sep_row15_col6.csv,0.0010554790496826172
row_less_sep_row15_col7.csv,0.0013241767883300781
row_less_sep_row15_col8.csv,0.0013422966003417969
row_less_sep_row16_col1.csv,0.0012569427490234375
row_less_sep_row16_col2.csv,0.001049041748046875
row_less_sep_row16_col3.csv,0.0011038780212402344
row_less_sep_row16_col4.csv,0.0009829998016357422
row_less_sep_row16_col5.csv,0.0014274120330810547
row_less_sep_row16_col6.csv,0.0013928413391113281
row_less_sep_row16_col7.csv,0.0010302066802978516
row_less_sep_row16_col8.csv,0.0013315677642822266
row_less_sep_row17_col1.csv,0.0015981197357177734
row_less_sep_row17_col2.csv,0.001115560531616211
row_less_sep_row17_col3.csv,0.0015769004821777344
row_less_sep_row17_col4.csv,0.0011749267578125
row_less_sep_row17_col5.csv,0.0014760494232177734
row_less_sep_row17_col6.csv,0.0013816356658935547
row_less_sep_row17_col7.csv,0.0011403560638427734
row_less_sep_row17_col8.csv,0.00151824951171875
row_less_sep_row18_col1.csv,0.0013453960418701172
row_less_sep_row18_col2.csv,0.001116037368774414
row_less_sep_row18_col3.csv,0.0011172294616699219
row_less_sep_row18_col4.csv,0.0013136863708496094
row_less_sep_row18_col5.csv,0.001100778579711914
row_less_sep_row18_col6.csv,0.0010859966278076172
row_less_sep_row18_col7.csv,0.001978635787963867
row_less_sep_row18_col8.csv,0.0011668205261230469
row_less_sep_row19_col1.csv,0.0015978813171386719
row_less_sep_row19_col2.csv,0.001100301742553711
row_less_sep_row19_col3.csv,0.0009660720825195312
row_less_sep_row19_col4.csv,0.0009663105010986328
row_less_sep_row19_col5.csv,0.001233816146850586
row_less_sep_row19_col6.csv,0.001519918441772461
row_less_sep_row19_col7.csv,0.0010802745819091797
row_less_sep_row19_col8.csv,0.0012183189392089844
row_less_sep_row1_col1.csv,0.0014719963073730469
row_less_sep_row1_col2.csv,0.001161813735961914
row_less_sep_row1_col3.csv,0.0011706352233886719
row_less_sep_row1_col4.csv,0.0010881423950195312
row_less_sep_row1_col5.csv,0.001232147216796875
row_less_sep_row1_col6.csv,0.001270294189453125
row_less_sep_row1_col7.csv,0.0009872913360595703
row_less_sep_row1_col8.csv,0.0017213821411132812
row_less_sep_row20_col1.csv,0.0013194084167480469
row_less_sep_row20_col2.csv,0.0010924339294433594
row_less_sep_row20_col3.csv,0.0011034011840820312
row_less_sep_row20_col4.csv,0.0010521411895751953
row_less_sep_row20_col5.csv,0.0010972023010253906
row_less_sep_row20_col6.csv,0.0013396739959716797
row_less_sep_row20_col7.csv,0.0014162063598632812
row_less_sep_row20_col8.csv,0.0010411739349365234
row_less_sep_row21_col1.csv,0.0012025833129882812
row_less_sep_row21_col2.csv,0.0018308162689208984
row_less_sep_row21_col3.csv,0.0012660026550292969
row_less_sep_row21_col4.csv,0.0011448860168457031
row_less_sep_row21_col5.csv,0.0010819435119628906
row_less_sep_row21_col6.csv,0.0011899471282958984
row_less_sep_row21_col7.csv,0.0013227462768554688
row_less_sep_row21_col8.csv,0.0009517669677734375
row_less_sep_row22_col1.csv,0.0010073184967041016
row_less_sep_row22_col2.csv,0.001577615737915039
row_less_sep_row22_col3.csv,0.0011029243469238281
row_less_sep_row22_col4.csv,0.001127481460571289
row_less_sep_row22_col5.csv,0.0009851455688476562
row_less_sep_row22_col6.csv,0.0009453296661376953
row_less_sep_row22_col7.csv,0.0016973018646240234
row_less_sep_row22_col8.csv,0.0013034343719482422
row_less_sep_row23_col1.csv,0.0011510848999023438
row_less_sep_row23_col2.csv,0.0011363029479980469
row_less_sep_row23_col3.csv,0.0012869834899902344
row_less_sep_row23_col4.csv,0.0015811920166015625
row_less_sep_row23_col5.csv,0.0011138916015625
row_less_sep_row23_col6.csv,0.0009715557098388672
row_less_sep_row23_col7.csv,0.001434326171875
row_less_sep_row23_col8.csv,0.0016639232635498047
row_less_sep_row24_col1.csv,0.0013303756713867188
row_less_sep_row24_col2.csv,0.0010113716125488281
row_less_sep_row24_col3.csv,0.0016515254974365234
row_less_sep_row24_col4.csv,0.0012366771697998047
row_less_sep_row24_col5.csv,0.0018684864044189453
row_less_sep_row24_col6.csv,0.0011684894561767578
row_less_sep_row24_col7.csv,0.0010676383972167969
row_less_sep_row24_col8.csv,0.001585245132446289
row_less_sep_row25_col1.csv,0.0013039112091064453
row_less_sep_row25_col2.csv,0.0010983943939208984
row_less_sep_row25_col3.csv,0.0012786388397216797
row_less_sep_row25_col4.csv,0.001226663589477539
row_less_sep_row25_col5.csv,0.0014185905456542969
row_less_sep_row25_col6.csv,0.0017211437225341797
row_less_sep_row25_col7.csv,0.001249074935913086
row_less_sep_row25_col8.csv,0.0018007755279541016
row_less_sep_row26_col1.csv,0.0016827583312988281
row_less_sep_row26_col2.csv,0.001827239990234375
row_less_sep_row26_col3.csv,0.0012204647064208984
row_less_sep_row26_col4.csv,0.001043081283569336
row_less_sep_row26_col5.csv,0.0011823177337646484
row_less_sep_row26_col6.csv,0.00127410888671875
row_less_sep_row26_col7.csv,0.000985860824584961
row_less_sep_row26_col8.csv,0.0011363029479980469
row_less_sep_row27_col1.csv,0.0013246536254882812
row_less_sep_row27_col2.csv,0.0011780261993408203
row_less_sep_row27_col3.csv,0.0009877681732177734
row_less_sep_row27_col4.csv,0.0011670589447021484
row_less_sep_row27_col5.csv,0.0013053417205810547
row_less_sep_row27_col6.csv,0.0011720657348632812
row_less_sep_row27_col7.csv,0.0014448165893554688
row_less_sep_row27_col8.csv,0.0014653205871582031
row_less_sep_row28_col1.csv,0.0016131401062011719
row_less_sep_row28_col2.csv,0.0016901493072509766
row_less_sep_row28_col3.csv,0.001428365707397461
row_less_sep_row28_col4.csv,0.0010962486267089844
row_less_sep_row28_col5.csv,0.0011429786682128906
row_less_sep_row28_col6.csv,0.0011868476867675781
row_less_sep_row28_col7.csv,0.0010006427764892578
row_less_sep_row28_col8.csv,0.0012061595916748047
row_less_sep_row29_col1.csv,0.0012478828430175781
row_less_sep_row29_col2.csv,0.0011262893676757812
row_less_sep_row29_col3.csv,0.001653909683227539
row_less_sep_row29_col4.csv,0.001129150390625
row_less_sep_row29_col5.csv,0.0012769699096679688
row_less_sep_row29_col6.csv,0.0014615058898925781
row_less_sep_row29_col7.csv,0.0013234615325927734
row_less_sep_row29_col8.csv,0.0013637542724609375
row_less_sep_row2_col1.csv,0.0013663768768310547
row_less_sep_row2_col2.csv,0.0010063648223876953
row_less_sep_row2_col3.csv,0.0016486644744873047
row_less_sep_row2_col4.csv,0.0012216567993164062
row_less_sep_row2_col5.csv,0.0011181831359863281
row_less_sep_row2_col6.csv,0.0014352798461914062
row_less_sep_row2_col7.csv,0.001176595687866211
row_less_sep_row2_col8.csv,0.0010383129119873047
row_less_sep_row30_col1.csv,0.0026521682739257812
row_less_sep_row30_col2.csv,0.001390695571899414
row_less_sep_row30_col3.csv,0.0012745857238769531
row_less_sep_row30_col4.csv,0.0012688636779785156
row_less_sep_row30_col5.csv,0.0010645389556884766
row_less_sep_row30_col6.csv,0.0012145042419433594
row_less_sep_row30_col7.csv,0.0010249614715576172
row_less_sep_row30_col8.csv,0.0012307167053222656
row_less_sep_row31_col1.csv,0.0010831356048583984
row_less_sep_row31_col2.csv,0.0013134479522705078
row_less_sep_row31_col3.csv,0.00107574462890625
row_less_sep_row31_col4.csv,0.0011959075927734375
row_less_sep_row31_col5.csv,0.0009322166442871094
row_less_sep_row31_col6.csv,0.0014171600341796875
row_less_sep_row31_col7.csv,0.0012392997741699219
row_less_sep_row31_col8.csv,0.001234292984008789
row_less_sep_row32_col1.csv,0.0010955333709716797
row_less_sep_row32_col2.csv,0.0010747909545898438
row_less_sep_row32_col3.csv,0.0013728141784667969
row_less_sep_row32_col4.csv,0.0013470649719238281
row_less_sep_row32_col5.csv,0.0014674663543701172
row_less_sep_row32_col6.csv,0.0011703968048095703
row_less_sep_row32_col7.csv,0.0016846656799316406
row_less_sep_row32_col8.csv,0.001043558120727539
row_less_sep_row33_col1.csv,0.0010461807250976562
row_less_sep_row33_col2.csv,0.0010943412780761719
row_less_sep_row33_col3.csv,0.0011425018310546875
row_less_sep_row33_col4.csv,0.0011668205261230469
row_less_sep_row33_col5.csv,0.001176595687866211
row_less_sep_row33_col6.csv,0.0011661052703857422
row_less_sep_row33_col7.csv,0.001111745834350586
row_less_sep_row33_col8.csv,0.0012159347534179688
row_less_sep_row34_col1.csv,0.0012388229370117188
row_less_sep_row34_col2.csv,0.0020945072174072266
row_less_sep_row34_col3.csv,0.0015480518341064453
row_less_sep_row34_col4.csv,0.001529693603515625
row_less_sep_row34_col5.csv,0.0010378360748291016
row_less_sep_row34_col6.csv,0.0011687278747558594
row_less_sep_row34_col7.csv,0.0012774467468261719
row_less_sep_row34_col8.csv,0.0013720989227294922
row_less_sep_row35_col1.csv,0.0010612010955810547
row_less_sep_row35_col2.csv,0.001546621322631836
row_less_sep_row35_col3.csv,0.0013883113861083984
row_less_sep_row35_col4.csv,0.0010442733764648438
row_less_sep_row35_col5.csv,0.001359701156616211
row_less_sep_row35_col6.csv,0.0014307498931884766
row_less_sep_row35_col7.csv,0.0012493133544921875
row_less_sep_row35_col8.csv,0.001001119613647461
row_less_sep_row36_col1.csv,0.0013267993927001953
row_less_sep_row36_col2.csv,0.0012607574462890625
row_less_sep_row36_col3.csv,0.0010683536529541016
row_less_sep_row36_col4.csv,0.0014426708221435547
row_less_sep_row36_col5.csv,0.0013306140899658203
row_less_sep_row36_col6.csv,0.0012803077697753906
row_less_sep_row36_col7.csv,0.001421213150024414
row_less_sep_row36_col8.csv,0.0013651847839355469
row_less_sep_row37_col1.csv,0.0013217926025390625
row_less_sep_row37_col2.csv,0.0015189647674560547
row_less_sep_row37_col3.csv,0.0011975765228271484
row_less_sep_row37_col4.csv,0.0010612010955810547
row_less_sep_row37_col5.csv,0.0015590190887451172
row_less_sep_row37_col6.csv,0.0012996196746826172
row_less_sep_row37_col7.csv,0.001374959945678711
row_less_sep_row37_col8.csv,0.0017075538635253906
row_less_sep_row38_col1.csv,0.0010039806365966797
row_less_sep_row38_col2.csv,0.0010480880737304688
row_less_sep_row38_col3.csv,0.0011603832244873047
row_less_sep_row38_col4.csv,0.0012509822845458984
row_less_sep_row38_col5.csv,0.0011603832244873047
row_less_sep_row38_col6.csv,0.0014560222625732422
row_less_sep_row38_col7.csv,0.0011608600616455078
row_less_sep_row38_col8.csv,0.0011854171752929688
row_less_sep_row39_col1.csv,0.0011115074157714844
row_less_sep_row39_col2.csv,0.0011556148529052734
row_less_sep_row39_col3.csv,0.0012221336364746094
row_less_sep_row39_col4.csv,0.001336812973022461
row_less_sep_row39_col5.csv,0.0011620521545410156
row_less_sep_row39_col6.csv,0.001134634017944336
row_less_sep_row39_col7.csv,0.0010325908660888672
row_less_sep_row39_col8.csv,0.0010797977447509766
row_less_sep_row3_col1.csv,0.0012936592102050781
row_less_sep_row3_col2.csv,0.0015730857849121094
row_less_sep_row3_col3.csv,0.0010037422180175781
row_less_sep_row3_col4.csv,0.0014190673828125
row_less_sep_row3_col5.csv,0.0018551349639892578
row_less_sep_row3_col6.csv,0.0011248588562011719
row_less_sep_row3_col7.csv,0.0017337799072265625
row_less_sep_row3_col8.csv,0.0011129379272460938
row_less_sep_row40_col1.csv,0.0012798309326171875
row_less_sep_row40_col2.csv,0.0009822845458984375
row_less_sep_row40_col3.csv,0.001585245132446289
row_less_sep_row40_col4.csv,0.0012104511260986328
row_less_sep_row40_col5.csv,0.0011990070343017578
row_less_sep_row40_col6.csv,0.001392364501953125
row_less_sep_row40_col7.csv,0.0011343955993652344
row_less_sep_row40_col8.csv,0.0010614395141601562
row_less_sep_row41_col1.csv,0.0012378692626953125
row_less_sep_row41_col2.csv,0.001558542251586914
row_less_sep_row41_col3.csv,0.0013086795806884766
row_less_sep_row41_col4.csv,0.0015478134155273438
row_less_sep_row41_col5.csv,0.0014102458953857422
row_less_sep_row41_col6.csv,0.0018024444580078125
row_less_sep_row41_col7.csv,0.0012023448944091797
row_less_sep_row41_col8.csv,0.0010616779327392578
row_less_sep_row42_col1.csv,0.001116037368774414
row_less_sep_row42_col2.csv,0.0018987655639648438
row_less_sep_row42_col3.csv,0.0013086795806884766
row_less_sep_row42_col4.csv,0.0012998580932617188
row_less_sep_row42_col5.csv,0.0012390613555908203
row_less_sep_row42_col6.csv,0.0012047290802001953
row_less_sep_row42_col7.csv,0.0009634494781494141
row_less_sep_row42_col8.csv,0.0014827251434326172
row_less_sep_row43_col1.csv,0.0010867118835449219
row_less_sep_row43_col2.csv,0.0012707710266113281
row_less_sep_row43_col3.csv,0.0013785362243652344
row_less_sep_row43_col4.csv,0.001104116439819336
row_less_sep_row43_col5.csv,0.0012664794921875
row_less_sep_row43_col6.csv,0.001184701919555664
row_less_sep_row43_col7.csv,0.0012013912200927734
row_less_sep_row43_col8.csv,0.001394510269165039
row_less_sep_row44_col1.csv,0.0016789436340332031
row_less_sep_row44_col2.csv,0.0010089874267578125
row_less_sep_row44_col3.csv,0.0010936260223388672
row_less_sep_row44_col4.csv,0.0013306140899658203
row_less_sep_row44_col5.csv,0.0012516975402832031
row_less_sep_row44_col6.csv,0.0011706352233886719
row_less_sep_row44_col7.csv,0.00115966796875
row_less_sep_row44_col8.csv,0.001077890396118164
row_less_sep_row45_col1.csv,0.0013051033020019531
row_less_sep_row45_col2.csv,0.001583099365234375
row_less_sep_row45_col3.csv,0.0014848709106445312
row_less_sep_row45_col4.csv,0.0019104480743408203
row_less_sep_row45_col5.csv,0.002142667770385742
row_less_sep_row45_col6.csv,0.0014963150024414062
row_less_sep_row45_col7.csv,0.0011715888977050781
row_less_sep_row45_col8.csv,0.0010981559753417969
row_less_sep_row46_col1.csv,0.0010762214660644531
row_less_sep_row46_col2.csv,0.001537322998046875
row_less_sep_row46_col3.csv,0.0011954307556152344
row_less_sep_row46_col4.csv,0.0011982917785644531
row_less_sep_row46_col5.csv,0.0011258125305175781
row_less_sep_row46_col6.csv,0.0012328624725341797
row_less_sep_row46_col7.csv,0.0012617111206054688
row_less_sep_row46_col8.csv,0.0010569095611572266
row_less_sep_row47_col1.csv,0.0011792182922363281
row_less_sep_row47_col2.csv,0.0011174678802490234
row_less_sep_row47_col3.csv,0.0011224746704101562
row_less_sep_row47_col4.csv,0.0011451244354248047
row_less_sep_row47_col5.csv,0.0012421607971191406
row_less_sep_row47_col6.csv,0.0011813640594482422
row_less_sep_row47_col7.csv,0.0014905929565429688
row_less_sep_row47_col8.csv,0.0012102127075195312
row_less_sep_row48_col1.csv,0.0015652179718017578
row_less_sep_row48_col2.csv,0.0012650489807128906
row_less_sep_row48_col3.csv,0.0013077259063720703
row_less_sep_row48_col4.csv,0.0011889934539794922
row_less_sep_row48_col5.csv,0.0012061595916748047
row_less_sep_row48_col6.csv,0.0012230873107910156
row_less_sep_row48_col7.csv,0.0012159347534179688
row_less_sep_row48_col8.csv,0.0011227130889892578
row_less_sep_row49_col1.csv,0.001421213150024414
row_less_sep_row49_col2.csv,0.0011212825775146484
row_less_sep_row49_col3.csv,0.0013387203216552734
row_less_sep_row49_col4.csv,0.0012960433959960938
row_less_sep_row49_col5.csv,0.0013959407806396484
row_less_sep_row49_col6.csv,0.00124359130859375
row_less_sep_row49_col7.csv,0.0012090206146240234
row_less_sep_row49_col8.csv,0.001138925552368164
row_less_sep_row4_col1.csv,0.0012426376342773438
row_less_sep_row4_col2.csv,0.0010104179382324219
row_less_sep_row4_col3.csv,0.0016405582427978516
row_less_sep_row4_col4.csv,0.0010328292846679688
row_less_sep_row4_col5.csv,0.0014786720275878906
row_less_sep_row4_col6.csv,0.0013332366943359375
row_less_sep_row4_col7.csv,0.001890420913696289
row_less_sep_row4_col8.csv,0.0013113021850585938
row_less_sep_row50_col1.csv,0.001032114028930664
row_less_sep_row50_col2.csv,0.0010333061218261719
row_less_sep_row50_col3.csv,0.001096487045288086
row_less_sep_row50_col4.csv,0.0011548995971679688
row_less_sep_row50_col5.csv,0.0009510517120361328
row_less_sep_row50_col6.csv,0.0018429756164550781
row_less_sep_row50_col7.csv,0.0010249614715576172
row_less_sep_row50_col8.csv,0.0016121864318847656
row_less_sep_row51_col1.csv,0.0010509490966796875
row_less_sep_row51_col2.csv,0.001117706298828125
row_less_sep_row51_col3.csv,0.0012793540954589844
row_less_sep_row51_col4.csv,0.0013766288757324219
row_less_sep_row51_col5.csv,0.001203775405883789
row_less_sep_row51_col6.csv,0.0016503334045410156
row_less_sep_row51_col7.csv,0.0010645389556884766
row_less_sep_row51_col8.csv,0.0010991096496582031
row_less_sep_row52_col1.csv,0.001129150390625
row_less_sep_row52_col2.csv,0.0011222362518310547
row_less_sep_row52_col3.csv,0.0015857219696044922
row_less_sep_row52_col4.csv,0.0011491775512695312
row_less_sep_row52_col5.csv,0.0012354850769042969
row_less_sep_row52_col6.csv,0.001123189926147461
row_less_sep_row52_col7.csv,0.0011506080627441406
row_less_sep_row52_col8.csv,0.0011515617370605469
row_less_sep_row53_col1.csv,0.00107574462890625
row_less_sep_row53_col2.csv,0.001142740249633789
row_less_sep_row53_col3.csv,0.0010683536529541016
row_less_sep_row53_col4.csv,0.0017638206481933594
row_less_sep_row53_col5.csv,0.0018634796142578125
row_less_sep_row53_col6.csv,0.001355886459350586
row_less_sep_row53_col7.csv,0.0011284351348876953
row_less_sep_row53_col8.csv,0.000985860824584961
row_less_sep_row54_col1.csv,0.0011830329895019531
row_less_sep_row54_col2.csv,0.0011022090911865234
row_less_sep_row54_col3.csv,0.0015099048614501953
row_less_sep_row54_col4.csv,0.0011777877807617188
row_less_sep_row54_col5.csv,0.0010557174682617188
row_less_sep_row54_col6.csv,0.0010380744934082031
row_less_sep_row54_col7.csv,0.0013661384582519531
row_less_sep_row54_col8.csv,0.0011913776397705078
row_less_sep_row55_col1.csv,0.0010967254638671875
row_less_sep_row55_col2.csv,0.001214742660522461
row_less_sep_row55_col3.csv,0.0017642974853515625
row_less_sep_row55_col4.csv,0.001226186752319336
row_less_sep_row55_col5.csv,0.0016396045684814453
row_less_sep_row55_col6.csv,0.0011320114135742188
row_less_sep_row55_col7.csv,0.0010721683502197266
row_less_sep_row55_col8.csv,0.0013086795806884766
row_less_sep_row56_col1.csv,0.0015811920166015625
row_less_sep_row56_col2.csv,0.0015590190887451172
row_less_sep_row56_col3.csv,0.0018372535705566406
row_less_sep_row56_col4.csv,0.0014281272888183594
row_less_sep_row56_col5.csv,0.0012023448944091797
row_less_sep_row56_col6.csv,0.0013735294342041016
row_less_sep_row56_col7.csv,0.001323699951171875
row_less_sep_row56_col8.csv,0.0012407302856445312
row_less_sep_row57_col1.csv,0.0012359619140625
row_less_sep_row57_col2.csv,0.001268148422241211
row_less_sep_row57_col3.csv,0.0011436939239501953
row_less_sep_row57_col4.csv,0.001325368881225586
row_less_sep_row57_col5.csv,0.0017819404602050781
row_less_sep_row57_col6.csv,0.0011606216430664062
row_less_sep_row57_col7.csv,0.0011739730834960938
row_less_sep_row57_col8.csv,0.0009548664093017578
row_less_sep_row58_col1.csv,0.001149892807006836
row_less_sep_row58_col2.csv,0.0014331340789794922
row_less_sep_row58_col3.csv,0.0011713504791259766
row_less_sep_row58_col4.csv,0.0013163089752197266
row_less_sep_row58_col5.csv,0.0010597705841064453
row_less_sep_row58_col6.csv,0.001199960708618164
row_less_sep_row58_col7.csv,0.0011730194091796875
row_less_sep_row58_col8.csv,0.0012459754943847656
row_less_sep_row59_col1.csv,0.0010676383972167969
row_less_sep_row59_col2.csv,0.0012481212615966797
row_less_sep_row59_col3.csv,0.0010275840759277344
row_less_sep_row59_col4.csv,0.0014412403106689453
row_less_sep_row59_col5.csv,0.0010712146759033203
row_less_sep_row59_col6.csv,0.0012006759643554688
row_less_sep_row59_col7.csv,0.0010051727294921875
row_less_sep_row59_col8.csv,0.0010769367218017578
row_less_sep_row5_col1.csv,0.0011029243469238281
row_less_sep_row5_col2.csv,0.0012423992156982422
row_less_sep_row5_col3.csv,0.0009555816650390625
row_less_sep_row5_col4.csv,0.0010170936584472656
row_less_sep_row5_col5.csv,0.0012536048889160156
row_less_sep_row5_col6.csv,0.0012404918670654297
row_less_sep_row5_col7.csv,0.0010221004486083984
row_less_sep_row5_col8.csv,0.0011892318725585938
row_less_sep_row60_col1.csv,0.0014107227325439453
row_less_sep_row60_col2.csv,0.0014951229095458984
row_less_sep_row60_col3.csv,0.0013136863708496094
row_less_sep_row60_col4.csv,0.0010178089141845703
row_less_sep_row60_col5.csv,0.0012319087982177734
row_less_sep_row60_col6.csv,0.0010576248168945312
row_less_sep_row60_col7.csv,0.0009324550628662109
row_less_sep_row60_col8.csv,0.0012526512145996094
row_less_sep_row61_col1.csv,0.0012035369873046875
row_less_sep_row61_col2.csv,0.0013015270233154297
row_less_sep_row61_col3.csv,0.0018839836120605469
row_less_sep_row61_col4.csv,0.0012438297271728516
row_less_sep_row61_col5.csv,0.001012563705444336
row_less_sep_row61_col6.csv,0.0012898445129394531
row_less_sep_row61_col7.csv,0.0012900829315185547
row_less_sep_row61_col8.csv,0.0014002323150634766
row_less_sep_row62_col1.csv,0.0010161399841308594
row_less_sep_row62_col2.csv,0.001642465591430664
row_less_sep_row62_col3.csv,0.0012874603271484375
row_less_sep_row62_col4.csv,0.0014121532440185547
row_less_sep_row62_col5.csv,0.001661539077758789
row_less_sep_row62_col6.csv,0.0011279582977294922
row_less_sep_row62_col7.csv,0.0009200572967529297
row_less_sep_row62_col8.csv,0.0011172294616699219
row_less_sep_row63_col1.csv,0.0012202262878417969
row_less_sep_row63_col2.csv,0.0015375614166259766
row_less_sep_row63_col3.csv,0.0011484622955322266
row_less_sep_row63_col4.csv,0.0018322467803955078
row_less_sep_row63_col5.csv,0.0011560916900634766
row_less_sep_row63_col6.csv,0.0009777545928955078
row_less_sep_row63_col7.csv,0.0011920928955078125
row_less_sep_row63_col8.csv,0.0011322498321533203
row_less_sep_row64_col1.csv,0.0010762214660644531
row_less_sep_row64_col2.csv,0.0010943412780761719
row_less_sep_row64_col3.csv,0.0011801719665527344
row_less_sep_row64_col4.csv,0.001371145248413086
row_less_sep_row64_col5.csv,0.002002716064453125
row_less_sep_row64_col6.csv,0.0011563301086425781
row_less_sep_row64_col7.csv,0.0017414093017578125
row_less_sep_row64_col8.csv,0.0013566017150878906
row_less_sep_row65_col1.csv,0.0013594627380371094
row_less_sep_row65_col2.csv,0.0013973712921142578
row_less_sep_row65_col3.csv,0.0010929107666015625
row_less_sep_row65_col4.csv,0.0012216567993164062
row_less_sep_row65_col5.csv,0.0009958744049072266
row_less_sep_row65_col6.csv,0.0021038055419921875
row_less_sep_row65_col7.csv,0.0009989738464355469
row_less_sep_row65_col8.csv,0.0012123584747314453
row_less_sep_row66_col1.csv,0.0018684864044189453
row_less_sep_row66_col2.csv,0.0011644363403320312
row_less_sep_row66_col3.csv,0.0011873245239257812
row_less_sep_row66_col4.csv,0.001138925552368164
row_less_sep_row66_col5.csv,0.001802682876586914
row_less_sep_row66_col6.csv,0.0012862682342529297
row_less_sep_row66_col7.csv,0.0013823509216308594
row_less_sep_row66_col8.csv,0.0013248920440673828
row_less_sep_row67_col1.csv,0.0017533302307128906
row_less_sep_row67_col2.csv,0.0009510517120361328
row_less_sep_row67_col3.csv,0.0012309551239013672
row_less_sep_row67_col4.csv,0.0010662078857421875
row_less_sep_row67_col5.csv,0.0012118816375732422
row_less_sep_row67_col6.csv,0.00107574462890625
row_less_sep_row67_col7.csv,0.0014090538024902344
row_less_sep_row67_col8.csv,0.001506805419921875
row_less_sep_row68_col1.csv,0.0011301040649414062
row_less_sep_row68_col2.csv,0.0011796951293945312
row_less_sep_row68_col3.csv,0.001115560531616211
row_less_sep_row68_col4.csv,0.001232147216796875
row_less_sep_row68_col5.csv,0.0016090869903564453
row_less_sep_row68_col6.csv,0.0012137889862060547
row_less_sep_row68_col7.csv,0.0012440681457519531
row_less_sep_row68_col8.csv,0.0014503002166748047
row_less_sep_row69_col1.csv,0.0009903907775878906
row_less_sep_row69_col2.csv,0.0010325908660888672
row_less_sep_row69_col3.csv,0.001377105712890625
row_less_sep_row69_col4.csv,0.001322031021118164
row_less_sep_row69_col5.csv,0.0012662410736083984
row_less_sep_row69_col6.csv,0.0016491413116455078
row_less_sep_row69_col7.csv,0.0011532306671142578
row_less_sep_row69_col8.csv,0.0011050701141357422
row_less_sep_row6_col1.csv,0.0013232231140136719
row_less_sep_row6_col2.csv,0.0011630058288574219
row_less_sep_row6_col3.csv,0.0013341903686523438
row_less_sep_row6_col4.csv,0.0009789466857910156
row_less_sep_row6_col5.csv,0.0012738704681396484
row_less_sep_row6_col6.csv,0.0010857582092285156
row_less_sep_row6_col7.csv,0.0011789798736572266
row_less_sep_row6_col8.csv,0.001272439956665039
row_less_sep_row70_col1.csv,0.001270294189453125
row_less_sep_row70_col2.csv,0.0010929107666015625
row_less_sep_row70_col3.csv,0.0012903213500976562
row_less_sep_row70_col4.csv,0.0012607574462890625
row_less_sep_row70_col5.csv,0.0012772083282470703
row_less_sep_row70_col6.csv,0.0014567375183105469
row_less_sep_row70_col7.csv,0.0011284351348876953
row_less_sep_row70_col8.csv,0.0014595985412597656
row_less_sep_row71_col1.csv,0.0013599395751953125
row_less_sep_row71_col2.csv,0.0013921260833740234
row_less_sep_row71_col3.csv,0.0013878345489501953
row_less_sep_row71_col4.csv,0.001287698745727539
row_less_sep_row71_col5.csv,0.0013744831085205078
row_less_sep_row71_col6.csv,0.0014603137969970703
row_less_sep_row71_col7.csv,0.0011456012725830078
row_less_sep_row71_col8.csv,0.0010495185852050781
row_less_sep_row72_col1.csv,0.0011091232299804688
row_less_sep_row72_col2.csv,0.0013701915740966797
row_less_sep_row72_col3.csv,0.0010457038879394531
row_less_sep_row72_col4.csv,0.0011172294616699219
row_less_sep_row72_col5.csv,0.0009412765502929688
row_less_sep_row72_col6.csv,0.0016698837280273438
row_less_sep_row72_col7.csv,0.001207113265991211
row_less_sep_row72_col8.csv,0.0011746883392333984
row_less_sep_row73_col1.csv,0.0015261173248291016
row_less_sep_row73_col2.csv,0.0012774467468261719
row_less_sep_row73_col3.csv,0.0011165142059326172
row_less_sep_row73_col4.csv,0.001071929931640625
row_less_sep_row73_col5.csv,0.0018548965454101562
row_less_sep_row73_col6.csv,0.001111745834350586
row_less_sep_row73_col7.csv,0.0015304088592529297
row_less_sep_row73_col8.csv,0.0009980201721191406
row_less_sep_row74_col1.csv,0.0009942054748535156
row_less_sep_row74_col2.csv,0.0012555122375488281
row_less_sep_row74_col3.csv,0.0013747215270996094
row_less_sep_row74_col4.csv,0.0010228157043457031
row_less_sep_row74_col5.csv,0.0010287761688232422
row_less_sep_row74_col6.csv,0.0012619495391845703
row_less_sep_row74_col7.csv,0.0012180805206298828
row_less_sep_row74_col8.csv,0.001073598861694336
row_less_sep_row75_col1.csv,0.00168609619140625
row_less_sep_row75_col2.csv,0.001642465591430664
row_less_sep_row75_col3.csv,0.0013318061828613281
row_less_sep_row75_col4.csv,0.0011050701141357422
row_less_sep_row75_col5.csv,0.0016736984252929688
row_less_sep_row75_col6.csv,0.0014560222625732422
row_less_sep_row75_col7.csv,0.0014047622680664062
row_less_sep_row75_col8.csv,0.0013086795806884766
row_less_sep_row76_col1.csv,0.0010180473327636719
row_less_sep_row76_col2.csv,0.0011093616485595703
row_less_sep_row76_col3.csv,0.0012652873992919922
row_less_sep_row76_col4.csv,0.0011820793151855469
row_less_sep_row76_col5.csv,0.0012543201446533203
row_less_sep_row76_col6.csv,0.0010845661163330078
row_less_sep_row76_col7.csv,0.0011873245239257812
row_less_sep_row76_col8.csv,0.0010979175567626953
row_less_sep_row77_col1.csv,0.0012021064758300781
row_less_sep_row77_col2.csv,0.0015485286712646484
row_less_sep_row77_col3.csv,0.0011553764343261719
row_less_sep_row77_col4.csv,0.0009875297546386719
row_less_sep_row77_col5.csv,0.0009319782257080078
row_less_sep_row77_col6.csv,0.0016598701477050781
row_less_sep_row77_col7.csv,0.0012428760528564453
row_less_sep_row77_col8.csv,0.0013680458068847656
row_less_sep_row78_col1.csv,0.000993967056274414
row_less_sep_row78_col2.csv,0.0013637542724609375
row_less_sep_row78_col3.csv,0.0009484291076660156
row_less_sep_row78_col4.csv,0.0009579658508300781
row_less_sep_row78_col5.csv,0.0014853477478027344
row_less_sep_row78_col6.csv,0.0012297630310058594
row_less_sep_row78_col7.csv,0.0015757083892822266
row_less_sep_row78_col8.csv,0.0011501312255859375
row_less_sep_row79_col1.csv,0.0013270378112792969
row_less_sep_row79_col2.csv,0.0014755725860595703
row_less_sep_row79_col3.csv,0.0010151863098144531
row_less_sep_row79_col4.csv,0.0015075206756591797
row_less_sep_row79_col5.csv,0.0010886192321777344
row_less_sep_row79_col6.csv,0.0013971328735351562
row_less_sep_row79_col7.csv,0.0010669231414794922
row_less_sep_row79_col8.csv,0.001416921615600586
row_less_sep_row7_col1.csv,0.0013489723205566406
row_less_sep_row7_col2.csv,0.0013804435729980469
row_less_sep_row7_col3.csv,0.0010406970977783203
row_less_sep_row7_col4.csv,0.0011005401611328125
row_less_sep_row7_col5.csv,0.0011138916015625
row_less_sep_row7_col6.csv,0.0016026496887207031
row_less_sep_row7_col7.csv,0.0014882087707519531
row_less_sep_row7_col8.csv,0.0012583732604980469
row_less_sep_row80_col1.csv,0.0009884834289550781
row_less_sep_row80_col2.csv,0.001352548599243164
row_less_sep_row80_col3.csv,0.0011608600616455078
row_less_sep_row80_col4.csv,0.0013556480407714844
row_less_sep_row80_col5.csv,0.001119852066040039
row_less_sep_row80_col6.csv,0.0016303062438964844
row_less_sep_row80_col7.csv,0.0010590553283691406
row_less_sep_row80_col8.csv,0.0013899803161621094
row_less_sep_row81_col1.csv,0.0013828277587890625
row_less_sep_row81_col2.csv,0.001177072525024414
row_less_sep_row81_col3.csv,0.0011739730834960938
row_less_sep_row81_col4.csv,0.001264810562133789
row_less_sep_row81_col5.csv,0.0018601417541503906
row_less_sep_row81_col6.csv,0.0011975765228271484
row_less_sep_row81_col7.csv,0.0011196136474609375
row_less_sep_row81_col8.csv,0.0014798641204833984
row_less_sep_row82_col1.csv,0.0010743141174316406
row_less_sep_row82_col2.csv,0.0015714168548583984
row_less_sep_row82_col3.csv,0.0009708404541015625
row_less_sep_row82_col4.csv,0.0009601116180419922
row_less_sep_row82_col5.csv,0.0011191368103027344
row_less_sep_row82_col6.csv,0.0012240409851074219
row_less_sep_row82_col7.csv,0.0010259151458740234
row_less_sep_row82_col8.csv,0.001115560531616211
row_less_sep_row83_col1.csv,0.0017611980438232422
row_less_sep_row83_col2.csv,0.0011577606201171875
row_less_sep_row83_col3.csv,0.0011246204376220703
row_less_sep_row83_col4.csv,0.0011706352233886719
row_less_sep_row83_col5.csv,0.001295328140258789
row_less_sep_row83_col6.csv,0.0017762184143066406
row_less_sep_row83_col7.csv,0.0011751651763916016
row_less_sep_row83_col8.csv,0.0012309551239013672
row_less_sep_row8_col1.csv,0.0010256767272949219
row_less_sep_row8_col2.csv,0.0012407302856445312
row_less_sep_row8_col3.csv,0.0015654563903808594
row_less_sep_row8_col4.csv,0.001178741455078125
row_less_sep_row8_col5.csv,0.0010325908660888672
row_less_sep_row8_col6.csv,0.0012023448944091797
row_less_sep_row8_col7.csv,0.0013382434844970703
row_less_sep_row8_col8.csv,0.001963376998901367
row_less_sep_row9_col1.csv,0.0014405250549316406
row_less_sep_row9_col2.csv,0.0011277198791503906
row_less_sep_row9_col3.csv,0.0010106563568115234
row_less_sep_row9_col4.csv,0.001168966293334961
row_less_sep_row9_col5.csv,0.00131988525390625
row_less_sep_row9_col6.csv,0.0011754035949707031
row_less_sep_row9_col7.csv,0.0010793209075927734
row_less_sep_row9_col8.csv,0.0009768009185791016
row_more_sep_row0_col0.csv,0.0012438297271728516
row_more_sep_row0_col1.csv,0.0012385845184326172
row_more_sep_row0_col2.csv,0.0013804435729980469
row_more_sep_row0_col3.csv,0.0016658306121826172
row_more_sep_row0_col4.csv,0.0015916824340820312
row_more_sep_row0_col5.csv,0.0012726783752441406
row_more_sep_row0_col6.csv,0.0014879703521728516
row_more_sep_row0_col7.csv,0.010915994644165039
row_more_sep_row0_col8.csv,0.0011603832244873047
row_more_sep_row10_col0.csv,0.0013611316680908203
row_more_sep_row10_col1.csv,0.0013492107391357422
row_more_sep_row10_col2.csv,0.0014955997467041016
row_more_sep_row10_col3.csv,0.0010638236999511719
row_more_sep_row10_col4.csv,0.0012249946594238281
row_more_sep_row10_col5.csv,0.0011777877807617188
row_more_sep_row10_col6.csv,0.0012128353118896484
row_more_sep_row10_col7.csv,0.0011224746704101562
row_more_sep_row10_col8.csv,0.0010428428649902344
row_more_sep_row11_col0.csv,0.0010590553283691406
row_more_sep_row11_col1.csv,0.001360177993774414
row_more_sep_row11_col2.csv,0.0011017322540283203
row_more_sep_row11_col3.csv,0.0010526180267333984
row_more_sep_row11_col4.csv,0.001108407974243164
row_more_sep_row11_col5.csv,0.0011076927185058594
row_more_sep_row11_col6.csv,0.0011868476867675781
row_more_sep_row11_col7.csv,0.0010933876037597656
row_more_sep_row11_col8.csv,0.0015530586242675781
row_more_sep_row12_col0.csv,0.0011565685272216797
row_more_sep_row12_col1.csv,0.0012044906616210938
row_more_sep_row12_col2.csv,0.0018684864044189453
row_more_sep_row12_col3.csv,0.0010251998901367188
row_more_sep_row12_col4.csv,0.0009188652038574219
row_more_sep_row12_col5.csv,0.0012903213500976562
row_more_sep_row12_col6.csv,0.0012989044189453125
row_more_sep_row12_col7.csv,0.0012857913970947266
row_more_sep_row12_col8.csv,0.001165151596069336
row_more_sep_row13_col0.csv,0.001194000244140625
row_more_sep_row13_col1.csv,0.0011458396911621094
row_more_sep_row13_col2.csv,0.0012671947479248047
row_more_sep_row13_col3.csv,0.001310110092163086
row_more_sep_row13_col4.csv,0.001094818115234375
row_more_sep_row13_col5.csv,0.0013685226440429688
row_more_sep_row13_col6.csv,0.0010306835174560547
row_more_sep_row13_col7.csv,0.0012383460998535156
row_more_sep_row13_col8.csv,0.0014247894287109375
row_more_sep_row14_col0.csv,0.0010538101196289062
row_more_sep_row14_col1.csv,0.001155853271484375
row_more_sep_row14_col2.csv,0.0014832019805908203
row_more_sep_row14_col3.csv,0.00167083740234375
row_more_sep_row14_col4.csv,0.001998424530029297
row_more_sep_row14_col5.csv,0.0010809898376464844
row_more_sep_row14_col6.csv,0.001199960708618164
row_more_sep_row14_col7.csv,0.0012309551239013672
row_more_sep_row14_col8.csv,0.0014243125915527344
row_more_sep_row15_col0.csv,0.0015184879302978516
row_more_sep_row15_col1.csv,0.0010919570922851562
row_more_sep_row15_col2.csv,0.0013921260833740234
row_more_sep_row15_col3.csv,0.0013332366943359375
row_more_sep_row15_col4.csv,0.0010828971862792969
row_more_sep_row15_col5.csv,0.0011398792266845703
row_more_sep_row15_col6.csv,0.0013785362243652344
row_more_sep_row15_col7.csv,0.0013957023620605469
row_more_sep_row15_col8.csv,0.0012254714965820312
row_more_sep_row16_col0.csv,0.0012755393981933594
row_more_sep_row16_col1.csv,0.002252340316772461
row_more_sep_row16_col2.csv,0.0009169578552246094
row_more_sep_row16_col3.csv,0.0008997917175292969
row_more_sep_row16_col4.csv,0.0010187625885009766
row_more_sep_row16_col5.csv,0.001689910888671875
row_more_sep_row16_col6.csv,0.0011472702026367188
row_more_sep_row16_col7.csv,0.001277923583984375
row_more_sep_row16_col8.csv,0.0010454654693603516
row_more_sep_row17_col0.csv,0.0011992454528808594
row_more_sep_row17_col1.csv,0.0014476776123046875
row_more_sep_row17_col2.csv,0.0010936260223388672
row_more_sep_row17_col3.csv,0.001314401626586914
row_more_sep_row17_col4.csv,0.0010523796081542969
row_more_sep_row17_col5.csv,0.0013196468353271484
row_more_sep_row17_col6.csv,0.0015425682067871094
row_more_sep_row17_col7.csv,0.0010824203491210938
row_more_sep_row17_col8.csv,0.0014584064483642578
row_more_sep_row18_col0.csv,0.0010685920715332031
row_more_sep_row18_col1.csv,0.0012121200561523438
row_more_sep_row18_col2.csv,0.0013751983642578125
row_more_sep_row18_col3.csv,0.001340627670288086
row_more_sep_row18_col4.csv,0.0013751983642578125
row_more_sep_row18_col5.csv,0.001081705093383789
row_more_sep_row18_col6.csv,0.001190185546875
row_more_sep_row18_col7.csv,0.001199960708618164
row_more_sep_row18_col8.csv,0.0010874271392822266
row_more_sep_row19_col0.csv,0.0012195110321044922
row_more_sep_row19_col1.csv,0.0012698173522949219
row_more_sep_row19_col2.csv,0.0012984275817871094
row_more_sep_row19_col3.csv,0.0012993812561035156
row_more_sep_row19_col4.csv,0.001741647720336914
row_more_sep_row19_col5.csv,0.0010688304901123047
row_more_sep_row19_col6.csv,0.0011212825775146484
row_more_sep_row19_col7.csv,0.0016160011291503906
row_more_sep_row19_col8.csv,0.0015919208526611328
row_more_sep_row1_col0.csv,0.0012955665588378906
row_more_sep_row1_col1.csv,0.0011739730834960938
row_more_sep_row1_col2.csv,0.0010368824005126953
row_more_sep_row1_col3.csv,0.0011668205261230469
row_more_sep_row1_col4.csv,0.0013637542724609375
row_more_sep_row1_col5.csv,0.001018524169921875
row_more_sep_row1_col6.csv,0.0011212825775146484
row_more_sep_row1_col7.csv,0.0016245841979980469
row_more_sep_row1_col8.csv,0.0009226799011230469
row_more_sep_row20_col0.csv,0.001041412353515625
row_more_sep_row20_col1.csv,0.0010457038879394531
row_more_sep_row20_col2.csv,0.0014884471893310547
row_more_sep_row20_col3.csv,0.0011789798736572266
row_more_sep_row20_col4.csv,0.001299142837524414
row_more_sep_row20_col5.csv,0.0012471675872802734
row_more_sep_row20_col6.csv,0.0012927055358886719
row_more_sep_row20_col7.csv,0.0011031627655029297
row_more_sep_row20_col8.csv,0.0012135505676269531
row_more_sep_row21_col0.csv,0.0016567707061767578
row_more_sep_row21_col1.csv,0.0010571479797363281
row_more_sep_row21_col2.csv,0.0013222694396972656
row_more_sep_row21_col3.csv,0.0012612342834472656
row_more_sep_row21_col4.csv,0.0012650489807128906
row_more_sep_row21_col5.csv,0.0010113716125488281
row_more_sep_row21_col6.csv,0.0012333393096923828
row_more_sep_row21_col7.csv,0.001558542251586914
row_more_sep_row21_col8.csv,0.0008656978607177734
row_more_sep_row22_col0.csv,0.0012798309326171875
row_more_sep_row22_col1.csv,0.0014090538024902344
row_more_sep_row22_col2.csv,0.0010437965393066406
row_more_sep_row22_col3.csv,0.0011210441589355469
row_more_sep_row22_col4.csv,0.0010666847229003906
row_more_sep_row22_col5.csv,0.0012629032135009766
row_more_sep_row22_col6.csv,0.001531362533569336
row_more_sep_row22_col7.csv,0.0011038780212402344
row_more_sep_row22_col8.csv,0.00140380859375
row_more_sep_row23_col0.csv,0.0010843276977539062
row_more_sep_row23_col1.csv,0.0012009143829345703
row_more_sep_row23_col2.csv,0.0015027523040771484
row_more_sep_row23_col3.csv,0.0013349056243896484
row_more_sep_row23_col4.csv,0.0012888908386230469
row_more_sep_row23_col5.csv,0.0012440681457519531
row_more_sep_row23_col6.csv,0.0010535717010498047
row_more_sep_row23_col7.csv,0.0011429786682128906
row_more_sep_row23_col8.csv,0.0009715557098388672
row_more_sep_row24_col0.csv,0.0014679431915283203
row_more_sep_row24_col1.csv,0.0011818408966064453
row_more_sep_row24_col2.csv,0.0012316703796386719
row_more_sep_row24_col3.csv,0.0014126300811767578
row_more_sep_row24_col4.csv,0.0009508132934570312
row_more_sep_row24_col5.csv,0.0019011497497558594
row_more_sep_row24_col6.csv,0.001043081283569336
row_more_sep_row24_col7.csv,0.001409769058227539
row_more_sep_row24_col8.csv,0.0012998580932617188
row_more_sep_row25_col0.csv,0.0012674331665039062
row_more_sep_row25_col1.csv,0.0011570453643798828
row_more_sep_row25_col2.csv,0.001478433609008789
row_more_sep_row25_col3.csv,0.0009377002716064453
row_more_sep_row25_col4.csv,0.0029549598693847656
row_more_sep_row25_col5.csv,0.0011897087097167969
row_more_sep_row25_col6.csv,0.0011339187622070312
row_more_sep_row25_col7.csv,0.0011050701141357422
row_more_sep_row25_col8.csv,0.0011868476867675781
row_more_sep_row26_col0.csv,0.0011031627655029297
row_more_sep_row26_col1.csv,0.001711130142211914
row_more_sep_row26_col2.csv,0.0016641616821289062
row_more_sep_row26_col3.csv,0.0011365413665771484
row_more_sep_row26_col4.csv,0.0016198158264160156
row_more_sep_row26_col5.csv,0.0011036396026611328
row_more_sep_row26_col6.csv,0.0016930103302001953
row_more_sep_row26_col7.csv,0.0014295578002929688
row_more_sep_row26_col8.csv,0.001012563705444336
row_more_sep_row27_col0.csv,0.0014636516571044922
row_more_sep_row27_col1.csv,0.001528024673461914
row_more_sep_row27_col2.csv,0.0012106895446777344
row_more_sep_row27_col3.csv,0.0014760494232177734
row_more_sep_row27_col4.csv,0.0011186599731445312
row_more_sep_row27_col5.csv,0.0011281967163085938
row_more_sep_row27_col6.csv,0.0016202926635742188
row_more_sep_row27_col7.csv,0.0010938644409179688
row_more_sep_row27_col8.csv,0.001260519027709961
row_more_sep_row28_col0.csv,0.0011870861053466797
row_more_sep_row28_col1.csv,0.0011053085327148438
row_more_sep_row28_col2.csv,0.0015366077423095703
row_more_sep_row28_col3.csv,0.0012547969818115234
row_more_sep_row28_col4.csv,0.002149343490600586
row_more_sep_row28_col5.csv,0.0009963512420654297
row_more_sep_row28_col6.csv,0.0012400150299072266
row_more_sep_row28_col7.csv,0.0011353492736816406
row_more_sep_row28_col8.csv,0.0014171600341796875
row_more_sep_row29_col0.csv,0.00106048583984375
row_more_sep_row29_col1.csv,0.0011429786682128906
row_more_sep_row29_col2.csv,0.0013463497161865234
row_more_sep_row29_col3.csv,0.0010232925415039062
row_more_sep_row29_col4.csv,0.0012955665588378906
row_more_sep_row29_col5.csv,0.001066446304321289
row_more_sep_row29_col6.csv,0.0011250972747802734
row_more_sep_row29_col7.csv,0.0010712146759033203
row_more_sep_row29_col8.csv,0.001277923583984375
row_more_sep_row2_col0.csv,0.0011322498321533203
row_more_sep_row2_col1.csv,0.0013248920440673828
row_more_sep_row2_col2.csv,0.001401662826538086
row_more_sep_row2_col3.csv,0.0011606216430664062
row_more_sep_row2_col4.csv,0.0010426044464111328
row_more_sep_row2_col5.csv,0.0011892318725585938
row_more_sep_row2_col6.csv,0.001129150390625
row_more_sep_row2_col7.csv,0.0011591911315917969
row_more_sep_row2_col8.csv,0.0012900829315185547
row_more_sep_row30_col0.csv,0.0008754730224609375
row_more_sep_row30_col1.csv,0.001295328140258789
row_more_sep_row30_col2.csv,0.0014040470123291016
row_more_sep_row30_col3.csv,0.0010538101196289062
row_more_sep_row30_col4.csv,0.0010099411010742188
row_more_sep_row30_col5.csv,0.0010457038879394531
row_more_sep_row30_col6.csv,0.0012421607971191406
row_more_sep_row30_col7.csv,0.0011298656463623047
row_more_sep_row30_col8.csv,0.0013356208801269531
row_more_sep_row31_col0.csv,0.001967191696166992
row_more_sep_row31_col1.csv,0.0011696815490722656
row_more_sep_row31_col2.csv,0.0019414424896240234
row_more_sep_row31_col3.csv,0.0016663074493408203
row_more_sep_row31_col4.csv,0.001505136489868164
row_more_sep_row31_col5.csv,0.0011768341064453125
row_more_sep_row31_col6.csv,0.0010921955108642578
row_more_sep_row31_col7.csv,0.0010728836059570312
row_more_sep_row31_col8.csv,0.001583099365234375
row_more_sep_row32_col0.csv,0.0013403892517089844
row_more_sep_row32_col1.csv,0.0011973381042480469
row_more_sep_row32_col2.csv,0.0012445449829101562
row_more_sep_row32_col3.csv,0.0012278556823730469
row_more_sep_row32_col4.csv,0.001188516616821289
row_more_sep_row32_col5.csv,0.0013256072998046875
row_more_sep_row32_col6.csv,0.0010266304016113281
row_more_sep_row32_col7.csv,0.0013077259063720703
row_more_sep_row32_col8.csv,0.0015072822570800781
row_more_sep_row33_col0.csv,0.0011353492736816406
row_more_sep_row33_col1.csv,0.0013740062713623047
row_more_sep_row33_col2.csv,0.0016021728515625
row_more_sep_row33_col3.csv,0.0012278556823730469
row_more_sep_row33_col4.csv,0.0011544227600097656
row_more_sep_row33_col5.csv,0.001241445541381836
row_more_sep_row33_col6.csv,0.0013380050659179688
row_more_sep_row33_col7.csv,0.001657724380493164
row_more_sep_row33_col8.csv,0.0011920928955078125
row_more_sep_row34_col0.csv,0.0012154579162597656
row_more_sep_row34_col1.csv,0.0013000965118408203
row_more_sep_row34_col2.csv,0.0014662742614746094
row_more_sep_row34_col3.csv,0.0013720989227294922
row_more_sep_row34_col4.csv,0.0010986328125
row_more_sep_row34_col5.csv,0.0011487007141113281
row_more_sep_row34_col6.csv,0.0009186267852783203
row_more_sep_row34_col7.csv,0.0010387897491455078
row_more_sep_row34_col8.csv,0.0010056495666503906
row_more_sep_row35_col0.csv,0.001119852066040039
row_more_sep_row35_col1.csv,0.0014083385467529297
row_more_sep_row35_col2.csv,0.0013337135314941406
row_more_sep_row35_col3.csv,0.0011029243469238281
row_more_sep_row35_col4.csv,0.0012547969818115234
row_more_sep_row35_col5.csv,0.0012123584747314453
row_more_sep_row35_col6.csv,0.0011959075927734375
row_more_sep_row35_col7.csv,0.0013086795806884766
row_more_sep_row35_col8.csv,0.001279592514038086
row_more_sep_row36_col0.csv,0.0012714862823486328
row_more_sep_row36_col1.csv,0.0010654926300048828
row_more_sep_row36_col2.csv,0.0010454654693603516
row_more_sep_row36_col3.csv,0.0010952949523925781
row_more_sep_row36_col4.csv,0.0012145042419433594
row_more_sep_row36_col5.csv,0.0011830329895019531
row_more_sep_row36_col6.csv,0.0013027191162109375
row_more_sep_row36_col7.csv,0.0010960102081298828
row_more_sep_row36_col8.csv,0.0011973381042480469
row_more_sep_row37_col0.csv,0.0013375282287597656
row_more_sep_row37_col1.csv,0.0016224384307861328
row_more_sep_row37_col2.csv,0.0013391971588134766
row_more_sep_row37_col3.csv,0.0013382434844970703
row_more_sep_row37_col4.csv,0.0013077259063720703
row_more_sep_row37_col5.csv,0.0011944770812988281
row_more_sep_row37_col6.csv,0.0011239051818847656
row_more_sep_row37_col7.csv,0.0016407966613769531
row_more_sep_row37_col8.csv,0.0014789104461669922
row_more_sep_row38_col0.csv,0.0012347698211669922
row_more_sep_row38_col1.csv,0.0011281967163085938
row_more_sep_row38_col2.csv,0.0013103485107421875
row_more_sep_row38_col3.csv,0.0013010501861572266
row_more_sep_row38_col4.csv,0.0012035369873046875
row_more_sep_row38_col5.csv,0.0011162757873535156
row_more_sep_row38_col6.csv,0.0014028549194335938
row_more_sep_row38_col7.csv,0.0011322498321533203
row_more_sep_row38_col8.csv,0.0009937286376953125
row_more_sep_row39_col0.csv,0.0022461414337158203
row_more_sep_row39_col1.csv,0.0014564990997314453
row_more_sep_row39_col2.csv,0.001165628433227539
row_more_sep_row39_col3.csv,0.001210927963256836
row_more_sep_row39_col4.csv,0.0013272762298583984
row_more_sep_row39_col5.csv,0.0011665821075439453
row_more_sep_row39_col6.csv,0.0013477802276611328
row_more_sep_row39_col7.csv,0.0014467239379882812
row_more_sep_row39_col8.csv,0.0011506080627441406
row_more_sep_row3_col0.csv,0.0011761188507080078
row_more_sep_row3_col1.csv,0.0014078617095947266
row_more_sep_row3_col2.csv,0.0011391639709472656
row_more_sep_row3_col3.csv,0.0010366439819335938
row_more_sep_row3_col4.csv,0.001302480697631836
row_more_sep_row3_col5.csv,0.0009706020355224609
row_more_sep_row3_col6.csv,0.0010063648223876953
row_more_sep_row3_col7.csv,0.0010416507720947266
row_more_sep_row3_col8.csv,0.0012171268463134766
row_more_sep_row40_col0.csv,0.0014066696166992188
row_more_sep_row40_col1.csv,0.0013091564178466797
row_more_sep_row40_col2.csv,0.001323699951171875
row_more_sep_row40_col3.csv,0.0011012554168701172
row_more_sep_row40_col4.csv,0.0016694068908691406
row_more_sep_row40_col5.csv,0.0010788440704345703
row_more_sep_row40_col6.csv,0.0012590885162353516
row_more_sep_row40_col7.csv,0.0011250972747802734
row_more_sep_row40_col8.csv,0.001377105712890625
row_more_sep_row41_col0.csv,0.0012328624725341797
row_more_sep_row41_col1.csv,0.00153350830078125
row_more_sep_row41_col2.csv,0.0016601085662841797
row_more_sep_row41_col3.csv,0.0010540485382080078
row_more_sep_row41_col4.csv,0.0011789798736572266
row_more_sep_row41_col5.csv,0.0010542869567871094
row_more_sep_row41_col6.csv,0.0012209415435791016
row_more_sep_row41_col7.csv,0.0011034011840820312
row_more_sep_row41_col8.csv,0.0012142658233642578
row_more_sep_row42_col0.csv,0.0012793540954589844
row_more_sep_row42_col1.csv,0.0011179447174072266
row_more_sep_row42_col2.csv,0.0015797615051269531
row_more_sep_row42_col3.csv,0.0013573169708251953
row_more_sep_row42_col4.csv,0.0011887550354003906
row_more_sep_row42_col5.csv,0.0012521743774414062
row_more_sep_row42_col6.csv,0.0011432170867919922
row_more_sep_row42_col7.csv,0.0012886524200439453
row_more_sep_row42_col8.csv,0.0009975433349609375
row_more_sep_row43_col0.csv,0.0011506080627441406
row_more_sep_row43_col1.csv,0.0011856555938720703
row_more_sep_row43_col2.csv,0.0014123916625976562
row_more_sep_row43_col3.csv,0.001142263412475586
row_more_sep_row43_col4.csv,0.0010042190551757812
row_more_sep_row43_col5.csv,0.0013217926025390625
row_more_sep_row43_col6.csv,0.0017600059509277344
row_more_sep_row43_col7.csv,0.0015180110931396484
row_more_sep_row43_col8.csv,0.0016090869903564453
row_more_sep_row44_col0.csv,0.0011734962463378906
row_more_sep_row44_col1.csv,0.0010538101196289062
row_more_sep_row44_col2.csv,0.0011043548583984375
row_more_sep_row44_col3.csv,0.0010807514190673828
row_more_sep_row44_col4.csv,0.0009207725524902344
row_more_sep_row44_col5.csv,0.0012516975402832031
row_more_sep_row44_col6.csv,0.0011296272277832031
row_more_sep_row44_col7.csv,0.0010724067687988281
row_more_sep_row44_col8.csv,0.0010440349578857422
row_more_sep_row45_col0.csv,0.001573801040649414
row_more_sep_row45_col1.csv,0.0014657974243164062
row_more_sep_row45_col2.csv,0.0011935234069824219
row_more_sep_row45_col3.csv,0.0015552043914794922
row_more_sep_row45_col4.csv,0.0010311603546142578
row_more_sep_row45_col5.csv,0.0015437602996826172
row_more_sep_row45_col6.csv,0.0011138916015625
row_more_sep_row45_col7.csv,0.0015270709991455078
row_more_sep_row45_col8.csv,0.0011641979217529297
row_more_sep_row46_col0.csv,0.0013394355773925781
row_more_sep_row46_col1.csv,0.0009510517120361328
row_more_sep_row46_col2.csv,0.0011699199676513672
row_more_sep_row46_col3.csv,0.0010464191436767578
row_more_sep_row46_col4.csv,0.0009596347808837891
row_more_sep_row46_col5.csv,0.0013434886932373047
row_more_sep_row46_col6.csv,0.0013966560363769531
row_more_sep_row46_col7.csv,0.0009279251098632812
row_more_sep_row46_col8.csv,0.0011539459228515625
row_more_sep_row47_col0.csv,0.0011453628540039062
row_more_sep_row47_col1.csv,0.0016407966613769531
row_more_sep_row47_col2.csv,0.001829385757446289
row_more_sep_row47_col3.csv,0.0016269683837890625
row_more_sep_row47_col4.csv,0.0010800361633300781
row_more_sep_row47_col5.csv,0.0009915828704833984
row_more_sep_row47_col6.csv,0.001069784164428711
row_more_sep_row47_col7.csv,0.001226186752319336
row_more_sep_row47_col8.csv,0.0014219284057617188
row_more_sep_row48_col0.csv,0.0010542869567871094
row_more_sep_row48_col1.csv,0.0009284019470214844
row_more_sep_row48_col2.csv,0.001004934310913086
row_more_sep_row48_col3.csv,0.0013687610626220703
row_more_sep_row48_col4.csv,0.0011081695556640625
row_more_sep_row48_col5.csv,0.0010297298431396484
row_more_sep_row48_col6.csv,0.0011680126190185547
row_more_sep_row48_col7.csv,0.0011706352233886719
row_more_sep_row48_col8.csv,0.0010066032409667969
row_more_sep_row49_col0.csv,0.0012810230255126953
row_more_sep_row49_col1.csv,0.0009202957153320312
row_more_sep_row49_col2.csv,0.0009248256683349609
row_more_sep_row49_col3.csv,0.0012357234954833984
row_more_sep_row49_col4.csv,0.0012488365173339844
row_more_sep_row49_col5.csv,0.001279592514038086
row_more_sep_row49_col6.csv,0.0009119510650634766
row_more_sep_row49_col7.csv,0.0016357898712158203
row_more_sep_row49_col8.csv,0.001295328140258789
row_more_sep_row4_col0.csv,0.001027822494506836
row_more_sep_row4_col1.csv,0.0014503002166748047
row_more_sep_row4_col2.csv,0.0010814666748046875
row_more_sep_row4_col3.csv,0.001434326171875
row_more_sep_row4_col4.csv,0.0009143352508544922
row_more_sep_row4_col5.csv,0.0011179447174072266
row_more_sep_row4_col6.csv,0.0010979175567626953
row_more_sep_row4_col7.csv,0.0012273788452148438
row_more_sep_row4_col8.csv,0.0009477138519287109
row_more_sep_row50_col0.csv,0.0010685920715332031
row_more_sep_row50_col1.csv,0.0012221336364746094
row_more_sep_row50_col2.csv,0.0011188983917236328
row_more_sep_row50_col3.csv,0.0009984970092773438
row_more_sep_row50_col4.csv,0.0015082359313964844
row_more_sep_row50_col5.csv,0.0009527206420898438
row_more_sep_row50_col6.csv,0.001222372055053711
row_more_sep_row50_col7.csv,0.0012216567993164062
row_more_sep_row50_col8.csv,0.0012636184692382812
row_more_sep_row51_col0.csv,0.0011401176452636719
row_more_sep_row51_col1.csv,0.001377105712890625
row_more_sep_row51_col2.csv,0.0011382102966308594
row_more_sep_row51_col3.csv,0.0017592906951904297
row_more_sep_row51_col4.csv,0.0011670589447021484
row_more_sep_row51_col5.csv,0.0013108253479003906
row_more_sep_row51_col6.csv,0.0011501312255859375
row_more_sep_row51_col7.csv,0.0011065006256103516
row_more_sep_row51_col8.csv,0.0011646747589111328
row_more_sep_row52_col0.csv,0.0012214183807373047
row_more_sep_row52_col1.csv,0.0012402534484863281
row_more_sep_row52_col2.csv,0.0009918212890625
row_more_sep_row52_col3.csv,0.0011980533599853516
row_more_sep_row52_col4.csv,0.0014262199401855469
row_more_sep_row52_col5.csv,0.0013203620910644531
row_more_sep_row52_col6.csv,0.0009624958038330078
row_more_sep_row52_col7.csv,0.001110076904296875
row_more_sep_row52_col8.csv,0.0012750625610351562
row_more_sep_row53_col0.csv,0.0015108585357666016
row_more_sep_row53_col1.csv,0.0010437965393066406
row_more_sep_row53_col2.csv,0.001224517822265625
row_more_sep_row53_col3.csv,0.0011029243469238281
row_more_sep_row53_col4.csv,0.0011157989501953125
row_more_sep_row53_col5.csv,0.0015578269958496094
row_more_sep_row53_col6.csv,0.001111745834350586
row_more_sep_row53_col7.csv,0.001005411148071289
row_more_sep_row53_col8.csv,0.0013082027435302734
row_more_sep_row54_col0.csv,0.00107574462890625
row_more_sep_row54_col1.csv,0.0015125274658203125
row_more_sep_row54_col2.csv,0.0012557506561279297
row_more_sep_row54_col3.csv,0.0013086795806884766
row_more_sep_row54_col4.csv,0.001257181167602539
row_more_sep_row54_col5.csv,0.0016009807586669922
row_more_sep_row54_col6.csv,0.0016145706176757812
row_more_sep_row54_col7.csv,0.0011124610900878906
row_more_sep_row54_col8.csv,0.0010986328125
row_more_sep_row55_col0.csv,0.0011255741119384766
row_more_sep_row55_col1.csv,0.001360177993774414
row_more_sep_row55_col2.csv,0.00141143798828125
row_more_sep_row55_col3.csv,0.0009980201721191406
row_more_sep_row55_col4.csv,0.0013141632080078125
row_more_sep_row55_col5.csv,0.0011098384857177734
row_more_sep_row55_col6.csv,0.0013229846954345703
row_more_sep_row55_col7.csv,0.0011157989501953125
row_more_sep_row55_col8.csv,0.0013697147369384766
row_more_sep_row56_col0.csv,0.0019140243530273438
row_more_sep_row56_col1.csv,0.0012042522430419922
row_more_sep_row56_col2.csv,0.0010273456573486328
row_more_sep_row56_col3.csv,0.0015037059783935547
row_more_sep_row56_col4.csv,0.0013415813446044922
row_more_sep_row56_col5.csv,0.0013997554779052734
row_more_sep_row56_col6.csv,0.001378774642944336
row_more_sep_row56_col7.csv,0.0009713172912597656
row_more_sep_row56_col8.csv,0.0010123252868652344
row_more_sep_row57_col0.csv,0.001232147216796875
row_more_sep_row57_col1.csv,0.0010046958923339844
row_more_sep_row57_col2.csv,0.0011892318725585938
row_more_sep_row57_col3.csv,0.0017709732055664062
row_more_sep_row57_col4.csv,0.0026161670684814453
row_more_sep_row57_col5.csv,0.0010645389556884766
row_more_sep_row57_col6.csv,0.001371622085571289
row_more_sep_row57_col7.csv,0.00104522705078125
row_more_sep_row57_col8.csv,0.0012540817260742188
row_more_sep_row58_col0.csv,0.0010714530944824219
row_more_sep_row58_col1.csv,0.0011413097381591797
row_more_sep_row58_col2.csv,0.0018794536590576172
row_more_sep_row58_col3.csv,0.0010483264923095703
row_more_sep_row58_col4.csv,0.0013206005096435547
row_more_sep_row58_col5.csv,0.0015490055084228516
row_more_sep_row58_col6.csv,0.0014698505401611328
row_more_sep_row58_col7.csv,0.001146554946899414
row_more_sep_row58_col8.csv,0.001486063003540039
row_more_sep_row59_col0.csv,0.001176595687866211
row_more_sep_row59_col1.csv,0.0011925697326660156
row_more_sep_row59_col2.csv,0.0016188621520996094
row_more_sep_row59_col3.csv,0.0011115074157714844
row_more_sep_row59_col4.csv,0.0010547637939453125
row_more_sep_row59_col5.csv,0.0012364387512207031
row_more_sep_row59_col6.csv,0.0016286373138427734
row_more_sep_row59_col7.csv,0.0010912418365478516
row_more_sep_row59_col8.csv,0.0017879009246826172
row_more_sep_row5_col0.csv,0.001165628433227539
row_more_sep_row5_col1.csv,0.0011255741119384766
row_more_sep_row5_col2.csv,0.0019392967224121094
row_more_sep_row5_col3.csv,0.0013628005981445312
row_more_sep_row5_col4.csv,0.0014448165893554688
row_more_sep_row5_col5.csv,0.0011382102966308594
row_more_sep_row5_col6.csv,0.0012969970703125
row_more_sep_row5_col7.csv,0.0011091232299804688
row_more_sep_row5_col8.csv,0.0011370182037353516
row_more_sep_row60_col0.csv,0.0010752677917480469
row_more_sep_row60_col1.csv,0.0009622573852539062
row_more_sep_row60_col2.csv,0.0009765625
row_more_sep_row60_col3.csv,0.001317739486694336
row_more_sep_row60_col4.csv,0.001567840576171875
row_more_sep_row60_col5.csv,0.0014955997467041016
row_more_sep_row60_col6.csv,0.0012695789337158203
row_more_sep_row60_col7.csv,0.001470804214477539
row_more_sep_row60_col8.csv,0.0017254352569580078
row_more_sep_row61_col0.csv,0.0022475719451904297
row_more_sep_row61_col1.csv,0.0010838508605957031
row_more_sep_row61_col2.csv,0.0013210773468017578
row_more_sep_row61_col3.csv,0.0012598037719726562
row_more_sep_row61_col4.csv,0.001085042953491211
row_more_sep_row61_col5.csv,0.0012824535369873047
row_more_sep_row61_col6.csv,0.0012867450714111328
row_more_sep_row61_col7.csv,0.0016751289367675781
row_more_sep_row61_col8.csv,0.0011186599731445312
row_more_sep_row62_col0.csv,0.0013523101806640625
row_more_sep_row62_col1.csv,0.0012581348419189453
row_more_sep_row62_col2.csv,0.0010557174682617188
row_more_sep_row62_col3.csv,0.000949859619140625
row_more_sep_row62_col4.csv,0.001308441162109375
row_more_sep_row62_col5.csv,0.0010302066802978516
row_more_sep_row62_col6.csv,0.001241922378540039
row_more_sep_row62_col7.csv,0.0009579658508300781
row_more_sep_row62_col8.csv,0.0013015270233154297
row_more_sep_row63_col0.csv,0.000982522964477539
row_more_sep_row63_col1.csv,0.0012257099151611328
row_more_sep_row63_col2.csv,0.0013048648834228516
row_more_sep_row63_col3.csv,0.001115560531616211
row_more_sep_row63_col4.csv,0.0009167194366455078
row_more_sep_row63_col5.csv,0.0018506050109863281
row_more_sep_row63_col6.csv,0.0013012886047363281
row_more_sep_row63_col7.csv,0.0016176700592041016
row_more_sep_row63_col8.csv,0.0010554790496826172
row_more_sep_row64_col0.csv,0.001003265380859375
row_more_sep_row64_col1.csv,0.001497507095336914
row_more_sep_row64_col2.csv,0.0021233558654785156
row_more_sep_row64_col3.csv,0.0009834766387939453
row_more_sep_row64_col4.csv,0.0011401176452636719
row_more_sep_row64_col5.csv,0.0011010169982910156
row_more_sep_row64_col6.csv,0.0012369155883789062
row_more_sep_row64_col7.csv,0.0012218952178955078
row_more_sep_row64_col8.csv,0.0017542839050292969
row_more_sep_row65_col0.csv,0.0014033317565917969
row_more_sep_row65_col1.csv,0.0012116432189941406
row_more_sep_row65_col2.csv,0.0012259483337402344
row_more_sep_row65_col3.csv,0.0011644363403320312
row_more_sep_row65_col4.csv,0.001405954360961914
row_more_sep_row65_col5.csv,0.0011012554168701172
row_more_sep_row65_col6.csv,0.0011715888977050781
row_more_sep_row65_col7.csv,0.0009641647338867188
row_more_sep_row65_col8.csv,0.0012462139129638672
row_more_sep_row66_col0.csv,0.0012793540954589844
row_more_sep_row66_col1.csv,0.0012390613555908203
row_more_sep_row66_col2.csv,0.0011951923370361328
row_more_sep_row66_col3.csv,0.0011475086212158203
row_more_sep_row66_col4.csv,0.0013022422790527344
row_more_sep_row66_col5.csv,0.0010104179382324219
row_more_sep_row66_col6.csv,0.0014493465423583984
row_more_sep_row66_col7.csv,0.0010826587677001953
row_more_sep_row66_col8.csv,0.0011718273162841797
row_more_sep_row67_col0.csv,0.0011501312255859375
row_more_sep_row67_col1.csv,0.001127481460571289
row_more_sep_row67_col2.csv,0.0010085105895996094
row_more_sep_row67_col3.csv,0.0013141632080078125
row_more_sep_row67_col4.csv,0.0016741752624511719
row_more_sep_row67_col5.csv,0.0011432170867919922
row_more_sep_row67_col6.csv,0.001241445541381836
row_more_sep_row67_col7.csv,0.0011792182922363281
row_more_sep_row67_col8.csv,0.001390695571899414
row_more_sep_row68_col0.csv,0.001580953598022461
row_more_sep_row68_col1.csv,0.0010213851928710938
row_more_sep_row68_col2.csv,0.0012025833129882812
row_more_sep_row68_col3.csv,0.0013172626495361328
row_more_sep_row68_col4.csv,0.0012691020965576172
row_more_sep_row68_col5.csv,0.0011982917785644531
row_more_sep_row68_col6.csv,0.0010673999786376953
row_more_sep_row68_col7.csv,0.0012629032135009766
row_more_sep_row68_col8.csv,0.0012865066528320312
row_more_sep_row69_col0.csv,0.0011143684387207031
row_more_sep_row69_col1.csv,0.0013580322265625
row_more_sep_row69_col2.csv,0.001016855239868164
row_more_sep_row69_col3.csv,0.001207590103149414
row_more_sep_row69_col4.csv,0.0011219978332519531
row_more_sep_row69_col5.csv,0.001291036605834961
row_more_sep_row69_col6.csv,0.0011508464813232422
row_more_sep_row69_col7.csv,0.0013573169708251953
row_more_sep_row69_col8.csv,0.0021996498107910156
row_more_sep_row6_col0.csv,0.001001596450805664
row_more_sep_row6_col1.csv,0.0014209747314453125
row_more_sep_row6_col2.csv,0.0009524822235107422
row_more_sep_row6_col3.csv,0.0010139942169189453
row_more_sep_row6_col4.csv,0.0013799667358398438
row_more_sep_row6_col5.csv,0.0009992122650146484
row_more_sep_row6_col6.csv,0.0011701583862304688
row_more_sep_row6_col7.csv,0.0015170574188232422
row_more_sep_row6_col8.csv,0.0012192726135253906
row_more_sep_row70_col0.csv,0.0011632442474365234
row_more_sep_row70_col1.csv,0.0013747215270996094
row_more_sep_row70_col2.csv,0.001226663589477539
row_more_sep_row70_col3.csv,0.0009200572967529297
row_more_sep_row70_col4.csv,0.0012671947479248047
row_more_sep_row70_col5.csv,0.0016257762908935547
row_more_sep_row70_col6.csv,0.0013992786407470703
row_more_sep_row70_col7.csv,0.0012183189392089844
row_more_sep_row70_col8.csv,0.0013048648834228516
row_more_sep_row71_col0.csv,0.0012226104736328125
row_more_sep_row71_col1.csv,0.0014660358428955078
row_more_sep_row71_col2.csv,0.0011334419250488281
row_more_sep_row71_col3.csv,0.0012392997741699219
row_more_sep_row71_col4.csv,0.001180410385131836
row_more_sep_row71_col5.csv,0.0008924007415771484
row_more_sep_row71_col6.csv,0.0010852813720703125
row_more_sep_row71_col7.csv,0.0012421607971191406
row_more_sep_row71_col8.csv,0.0011560916900634766
row_more_sep_row72_col0.csv,0.001409769058227539
row_more_sep_row72_col1.csv,0.0011255741119384766
row_more_sep_row72_col2.csv,0.0009324550628662109
row_more_sep_row72_col3.csv,0.001245737075805664
row_more_sep_row72_col4.csv,0.0009379386901855469
row_more_sep_row72_col5.csv,0.0015702247619628906
row_more_sep_row72_col6.csv,0.0013365745544433594
row_more_sep_row72_col7.csv,0.0010879039764404297
row_more_sep_row72_col8.csv,0.001651763916015625
row_more_sep_row73_col0.csv,0.0010499954223632812
row_more_sep_row73_col1.csv,0.00130462646484375
row_more_sep_row73_col2.csv,0.0014100074768066406
row_more_sep_row73_col3.csv,0.0011754035949707031
row_more_sep_row73_col4.csv,0.0011320114135742188
row_more_sep_row73_col5.csv,0.0011684894561767578
row_more_sep_row73_col6.csv,0.0010111331939697266
row_more_sep_row73_col7.csv,0.0012197494506835938
row_more_sep_row73_col8.csv,0.0009770393371582031
row_more_sep_row74_col0.csv,0.0010476112365722656
row_more_sep_row74_col1.csv,0.001180887222290039
row_more_sep_row74_col2.csv,0.001194000244140625
row_more_sep_row74_col3.csv,0.001346588134765625
row_more_sep_row74_col4.csv,0.001268148422241211
row_more_sep_row74_col5.csv,0.0012767314910888672
row_more_sep_row74_col6.csv,0.0011582374572753906
row_more_sep_row74_col7.csv,0.0012133121490478516
row_more_sep_row74_col8.csv,0.0010805130004882812
row_more_sep_row75_col0.csv,0.0016684532165527344
row_more_sep_row75_col1.csv,0.0010890960693359375
row_more_sep_row75_col2.csv,0.0014026165008544922
row_more_sep_row75_col3.csv,0.0009341239929199219
row_more_sep_row75_col4.csv,0.0010268688201904297
row_more_sep_row75_col5.csv,0.0011217594146728516
row_more_sep_row75_col6.csv,0.0015976428985595703
row_more_sep_row75_col7.csv,0.00116729736328125
row_more_sep_row75_col8.csv,0.0012297630310058594
row_more_sep_row76_col0.csv,0.001390695571899414
row_more_sep_row76_col1.csv,0.0012440681457519531
row_more_sep_row76_col2.csv,0.0010592937469482422
row_more_sep_row76_col3.csv,0.0011992454528808594
row_more_sep_row76_col4.csv,0.0010213851928710938
row_more_sep_row76_col5.csv,0.0015234947204589844
row_more_sep_row76_col6.csv,0.0012824535369873047
row_more_sep_row76_col7.csv,0.0011441707611083984
row_more_sep_row76_col8.csv,0.0013096332550048828
row_more_sep_row77_col0.csv,0.0011892318725585938
row_more_sep_row77_col1.csv,0.0011272430419921875
row_more_sep_row77_col2.csv,0.0011119842529296875
row_more_sep_row77_col3.csv,0.0012710094451904297
row_more_sep_row77_col4.csv,0.001295328140258789
row_more_sep_row77_col5.csv,0.001180410385131836
row_more_sep_row77_col6.csv,0.001047372817993164
row_more_sep_row77_col7.csv,0.0016322135925292969
row_more_sep_row77_col8.csv,0.0010869503021240234
row_more_sep_row78_col0.csv,0.001125335693359375
row_more_sep_row78_col1.csv,0.0011723041534423828
row_more_sep_row78_col2.csv,0.0015676021575927734
row_more_sep_row78_col3.csv,0.0011875629425048828
row_more_sep_row78_col4.csv,0.001104593276977539
row_more_sep_row78_col5.csv,0.0014064311981201172
row_more_sep_row78_col6.csv,0.001371622085571289
row_more_sep_row78_col7.csv,0.0010540485382080078
row_more_sep_row78_col8.csv,0.0010640621185302734
row_more_sep_row79_col0.csv,0.0016946792602539062
row_more_sep_row79_col1.csv,0.0013232231140136719
row_more_sep_row79_col2.csv,0.001340627670288086
row_more_sep_row79_col3.csv,0.0011365413665771484
row_more_sep_row79_col4.csv,0.001277923583984375
row_more_sep_row79_col5.csv,0.0012314319610595703
row_more_sep_row79_col6.csv,0.001355886459350586
row_more_sep_row79_col7.csv,0.0010921955108642578
row_more_sep_row79_col8.csv,0.0016455650329589844
row_more_sep_row7_col0.csv,0.0011396408081054688
row_more_sep_row7_col1.csv,0.0013337135314941406
row_more_sep_row7_col2.csv,0.0013685226440429688
row_more_sep_row7_col3.csv,0.0012748241424560547
row_more_sep_row7_col4.csv,0.0012199878692626953
row_more_sep_row7_col5.csv,0.0009887218475341797
row_more_sep_row7_col6.csv,0.0015194416046142578
row_more_sep_row7_col7.csv,0.0015995502471923828
row_more_sep_row7_col8.csv,0.0012524127960205078
row_more_sep_row80_col0.csv,0.0014946460723876953
row_more_sep_row80_col1.csv,0.0017375946044921875
row_more_sep_row80_col2.csv,0.0011892318725585938
row_more_sep_row80_col3.csv,0.001077413558959961
row_more_sep_row80_col4.csv,0.0012772083282470703
row_more_sep_row80_col5.csv,0.0010688304901123047
row_more_sep_row80_col6.csv,0.0011937618255615234
row_more_sep_row80_col7.csv,0.002122640609741211
row_more_sep_row80_col8.csv,0.0011563301086425781
row_more_sep_row81_col0.csv,0.0010788440704345703
row_more_sep_row81_col1.csv,0.0014853477478027344
row_more_sep_row81_col2.csv,0.001711130142211914
row_more_sep_row81_col3.csv,0.001300811767578125
row_more_sep_row81_col4.csv,0.001123666763305664
row_more_sep_row81_col5.csv,0.0011811256408691406
row_more_sep_row81_col6.csv,0.0012660026550292969
row_more_sep_row81_col7.csv,0.0009834766387939453
row_more_sep_row81_col8.csv,0.0009922981262207031
row_more_sep_row82_col0.csv,0.000997304916381836
row_more_sep_row82_col1.csv,0.0015799999237060547
row_more_sep_row82_col2.csv,0.0007810592651367188
row_more_sep_row82_col3.csv,0.0009770393371582031
row_more_sep_row82_col4.csv,0.0014452934265136719
row_more_sep_row82_col5.csv,0.0012357234954833984
row_more_sep_row82_col6.csv,0.0012772083282470703
row_more_sep_row82_col7.csv,0.0013720989227294922
row_more_sep_row82_col8.csv,0.0012545585632324219
row_more_sep_row83_col0.csv,0.0010266304016113281
row_more_sep_row83_col1.csv,0.0012717247009277344
row_more_sep_row83_col2.csv,0.0019216537475585938
row_more_sep_row83_col3.csv,0.0013136863708496094
row_more_sep_row83_col4.csv,0.0010068416595458984
row_more_sep_row83_col5.csv,0.0013256072998046875
row_more_sep_row83_col6.csv,0.0010480880737304688
row_more_sep_row83_col7.csv,0.0009772777557373047
row_more_sep_row83_col8.csv,0.001215219497680664
row_more_sep_row8_col0.csv,0.0016508102416992188
row_more_sep_row8_col1.csv,0.00112152099609375
row_more_sep_row8_col2.csv,0.001081705093383789
row_more_sep_row8_col3.csv,0.00102996826171875
row_more_sep_row8_col4.csv,0.0014319419860839844
row_more_sep_row8_col5.csv,0.0010406970977783203
row_more_sep_row8_col6.csv,0.0013055801391601562
row_more_sep_row8_col7.csv,0.0013408660888671875
row_more_sep_row8_col8.csv,0.0010421276092529297
row_more_sep_row9_col0.csv,0.0011553764343261719
row_more_sep_row9_col1.csv,0.0011615753173828125
row_more_sep_row9_col2.csv,0.0017194747924804688
row_more_sep_row9_col3.csv,0.0011658668518066406
row_more_sep_row9_col4.csv,0.0011131763458251953
row_more_sep_row9_col5.csv,0.0016307830810546875
row_more_sep_row9_col6.csv,0.0013422966003417969
row_more_sep_row9_col7.csv,0.0011227130889892578
row_more_sep_row9_col8.csv,0.0013930797576904297
source.csv,0.0010986328125
